[682827.614965] AA_thread:134  AA_thread START  is_left=1  distance=10620  t=682827.591768
[682827.616583] AA_thread:220  AA_thread adding AA_freq to AA_left_IR_to_Map
[682827.616604] AA_thread:234  AA_thread adding AA_map to multi_to_Map channel 2
[682827.616612] AA_thread:236  AA_thread DONE
[682827.625158] createImageRepresentationAtTime:367  LEFT: adding TS_left to Track ch0 and Map ch0  t=682827.591768
[682827.633536] AA_thread:134  AA_thread START  is_left=1  distance=42951  t=682827.604180
[682827.638247] AA_thread:220  AA_thread adding AA_freq to AA_left_IR_to_Map
[682827.638291] AA_thread:234  AA_thread adding AA_map to multi_to_Map channel 2
[682827.638301] AA_thread:236  AA_thread DONE
[682827.641369] createImageRepresentationAtTime:367  LEFT: adding TS_left to Track ch0 and Map ch0  t=682827.604180
[682827.642189] AA_thread:134  AA_thread START  is_left=1  distance=0  t=682827.604180
[682827.643894] AA_thread:220  AA_thread adding AA_freq to AA_left_IR_to_Map
[682827.644044] AA_thread:234  AA_thread adding AA_map to multi_to_Map channel 2
[682827.644068] AA_thread:236  AA_thread DONE
[682827.649275] createImageRepresentationAtTime:367  LEFT: adding TS_left to Track ch0 and Map ch0  t=682827.604180
[682827.652282] AA_thread:134  AA_thread START  is_left=1  distance=14865  t=682827.610734
[682827.656628] AA_thread:220  AA_thread adding AA_freq to AA_left_IR_to_Map
[682827.656701] AA_thread:234  AA_thread adding AA_map to multi_to_Map channel 2
[682827.656713] AA_thread:236  AA_thread DONE
[682827.660575] createImageRepresentationAtTime:434  RIGHT: adding TS_right to Map ch1  t=682827.597433
[682827.661541] process_mapping_thread:442  multi_to_Map fired -> calling timeSurfaceCallback
[682827.661592] timeSurfaceCallback:989  timeSurfaceCallback  TS_history.size=0  t=682827.591768
[682827.662604] createImageRepresentationAtTime:367  LEFT: adding TS_left to Track ch0 and Map ch0  t=682827.610734
[682827.678630] createImageRepresentationAtTime:434  RIGHT: adding TS_right to Map ch1  t=682827.610734
[682827.679188] process_mapping_thread:442  multi_to_Map fired -> calling timeSurfaceCallback
[682827.679206] timeSurfaceCallback:989  timeSurfaceCallback  TS_history.size=1  t=682827.610734
[682827.692880] AA_thread:134  AA_thread START  is_left=1  distance=395  t=682827.610759
[682827.695246] AA_thread:220  AA_thread adding AA_freq to AA_left_IR_to_Map
[682827.695314] AA_thread:234  AA_thread adding AA_map to multi_to_Map channel 2
[682827.695332] AA_thread:236  AA_thread DONE
[682827.706860] createImageRepresentationAtTime:367  LEFT: adding TS_left to Track ch0 and Map ch0  t=682827.610759
[682827.707090] createImageRepresentationAtTime:434  RIGHT: adding TS_right to Map ch1  t=682827.613360
[682827.712237] AA_thread:134  AA_thread START  is_left=1  distance=15094  t=682827.613360
[682827.715870] AA_thread:220  AA_thread adding AA_freq to AA_left_IR_to_Map
[682827.715946] AA_thread:234  AA_thread adding AA_map to multi_to_Map channel 2
[682827.715961] AA_thread:236  AA_thread DONE
[682827.725559] createImageRepresentationAtTime:367  LEFT: adding TS_left to Track ch0 and Map ch0  t=682827.613360
[682827.726263] process_mapping_thread:442  multi_to_Map fired -> calling timeSurfaceCallback
[682827.726286] timeSurfaceCallback:989  timeSurfaceCallback  TS_history.size=2  t=682827.613360
[682827.733390] AA_thread:134  AA_thread START  is_left=1  distance=30396  t=682827.615350
[682827.739805] AA_thread:220  AA_thread adding AA_freq to AA_left_IR_to_Map
[682827.739849] AA_thread:234  AA_thread adding AA_map to multi_to_Map channel 2
[682827.739862] AA_thread:236  AA_thread DONE
[682827.745564] createImageRepresentationAtTime:367  LEFT: adding TS_left to Track ch0 and Map ch0  t=682827.615350
[682827.748956] createImageRepresentationAtTime:434  RIGHT: adding TS_right to Map ch1  t=682827.615984
[682827.751959] AA_thread:134  AA_thread START  is_left=1  distance=9822  t=682827.615984
[682827.754586] AA_thread:220  AA_thread adding AA_freq to AA_left_IR_to_Map
[682827.754636] AA_thread:234  AA_thread adding AA_map to multi_to_Map channel 2
[682827.754703] AA_thread:236  AA_thread DONE
[682827.762631] createImageRepresentationAtTime:367  LEFT: adding TS_left to Track ch0 and Map ch0  t=682827.615984
[682827.763675] process_mapping_thread:442  multi_to_Map fired -> calling timeSurfaceCallback
[682827.763699] timeSurfaceCallback:989  timeSurfaceCallback  TS_history.size=3  t=682827.615984
[682827.774412] AA_thread:134  AA_thread START  is_left=1  distance=15443  t=682827.618610
[682827.780210] AA_thread:220  AA_thread adding AA_freq to AA_left_IR_to_Map
[682827.780262] AA_thread:234  AA_thread adding AA_map to multi_to_Map channel 2
[682827.780275] AA_thread:236  AA_thread DONE
[682827.783736] createImageRepresentationAtTime:434  RIGHT: adding TS_right to Map ch1  t=682827.618067
[682827.788640] createImageRepresentationAtTime:367  LEFT: adding TS_left to Track ch0 and Map ch0  t=682827.618610
[682827.803839] createImageRepresentationAtTime:434  RIGHT: adding TS_right to Map ch1  t=682827.618610
[682827.803941] process_mapping_thread:442  multi_to_Map fired -> calling timeSurfaceCallback
[682827.803984] timeSurfaceCallback:989  timeSurfaceCallback  TS_history.size=4  t=682827.618610
[682827.804327] AA_thread:134  AA_thread START  is_left=1  distance=18161  t=682827.621234
[682827.807968] AA_thread:220  AA_thread adding AA_freq to AA_left_IR_to_Map
[682827.808249] AA_thread:234  AA_thread adding AA_map to multi_to_Map channel 2
[682827.808267] AA_thread:236  AA_thread DONE
[682827.825045] createImageRepresentationAtTime:367  LEFT: adding TS_left to Track ch0 and Map ch0  t=682827.621234
[682827.825177] createImageRepresentationAtTime:434  RIGHT: adding TS_right to Map ch1  t=682827.621234
[682827.826046] process_mapping_thread:442  multi_to_Map fired -> calling timeSurfaceCallback
[682827.826074] timeSurfaceCallback:989  timeSurfaceCallback  TS_history.size=5  t=682827.621234
[682827.852684] AA_thread:134  AA_thread START  is_left=1  distance=29380  t=682827.623860
[682827.864179] createImageRepresentationAtTime:434  RIGHT: adding TS_right to Map ch1  t=682827.623860
[682827.865796] AA_thread:220  AA_thread adding AA_freq to AA_left_IR_to_Map
[682827.865860] AA_thread:234  AA_thread adding AA_map to multi_to_Map channel 2
[682827.865875] AA_thread:236  AA_thread DONE
[682827.873844] createImageRepresentationAtTime:367  LEFT: adding TS_left to Track ch0 and Map ch0  t=682827.623860
[682827.874476] createImageRepresentationAtTime:268  createImageRepresentation early-return: vEvents_ empty  is_left=1
[682827.879791] process_mapping_thread:442  multi_to_Map fired -> calling timeSurfaceCallback
[682827.879864] timeSurfaceCallback:989  timeSurfaceCallback  TS_history.size=6  t=682827.623860
[682827.922828] AA_thread:134  AA_thread START  is_left=1  distance=18132  t=682827.626484
[682827.940421] AA_thread:220  AA_thread adding AA_freq to AA_left_IR_to_Map
[682827.940509] AA_thread:234  AA_thread adding AA_map to multi_to_Map channel 2
[682827.940541] AA_thread:236  AA_thread DONE
[682827.944413] createImageRepresentationAtTime:367  LEFT: adding TS_left to Track ch0 and Map ch0  t=682827.626484
[682827.957877] createImageRepresentationAtTime:434  RIGHT: adding TS_right to Map ch1  t=682827.626484
[682827.959010] process_mapping_thread:442  multi_to_Map fired -> calling timeSurfaceCallback
[682827.959075] timeSurfaceCallback:989  timeSurfaceCallback  TS_history.size=7  t=682827.626484
[682827.992704] AA_thread:134  AA_thread START  is_left=1  distance=23761  t=682827.629109
[682827.995817] createImageRepresentationAtTime:434  RIGHT: adding TS_right to Map ch1  t=682827.626996
[682827.997374] AA_thread:220  AA_thread adding AA_freq to AA_left_IR_to_Map
[682827.997440] AA_thread:234  AA_thread adding AA_map to multi_to_Map channel 2
[682827.997452] AA_thread:236  AA_thread DONE
[682828.003423] createImageRepresentationAtTime:367  LEFT: adding TS_left to Track ch0 and Map ch0  t=682827.629109
[682828.010463] createImageRepresentationAtTime:434  RIGHT: adding TS_right to Map ch1  t=682827.629109
[682828.012064] process_mapping_thread:442  multi_to_Map fired -> calling timeSurfaceCallback
[682828.012416] timeSurfaceCallback:989  timeSurfaceCallback  TS_history.size=8  t=682827.629109
[682828.025502] AA_thread:134  AA_thread START  is_left=1  distance=28768  t=682827.631735
[682828.040016] createImageRepresentationAtTime:434  RIGHT: adding TS_right to Map ch1  t=682827.629880
[682828.040176] createImageRepresentationAtTime:367  LEFT: adding TS_left to Track ch0 and Map ch0  t=682827.631735
[682828.040677] AA_thread:220  AA_thread adding AA_freq to AA_left_IR_to_Map
[682828.040711] AA_thread:234  AA_thread adding AA_map to multi_to_Map channel 2
[682828.040722] AA_thread:236  AA_thread DONE
[682828.057956] createImageRepresentationAtTime:434  RIGHT: adding TS_right to Map ch1  t=682827.631735
[682828.058368] process_mapping_thread:442  multi_to_Map fired -> calling timeSurfaceCallback
[682828.058407] timeSurfaceCallback:989  timeSurfaceCallback  TS_history.size=9  t=682827.631735
[682828.073498] AA_thread:134  AA_thread START  is_left=1  distance=15669  t=682827.634359
[682828.080196] AA_thread:220  AA_thread adding AA_freq to AA_left_IR_to_Map
[682828.080247] AA_thread:234  AA_thread adding AA_map to multi_to_Map channel 2
[682828.080260] AA_thread:236  AA_thread DONE
[682828.080412] createImageRepresentationAtTime:434  RIGHT: adding TS_right to Map ch1  t=682827.633221
[682828.083632] createImageRepresentationAtTime:367  LEFT: adding TS_left to Track ch0 and Map ch0  t=682827.634359
[682828.099467] createImageRepresentationAtTime:434  RIGHT: adding TS_right to Map ch1  t=682827.634359
[682828.099555] process_mapping_thread:442  multi_to_Map fired -> calling timeSurfaceCallback
[682828.099573] timeSurfaceCallback:989  timeSurfaceCallback  TS_history.size=10  t=682827.634359
[682828.113108] AA_thread:134  AA_thread START  is_left=1  distance=36273  t=682827.636985
[682828.118523] AA_thread:220  AA_thread adding AA_freq to AA_left_IR_to_Map
[682828.118571] AA_thread:234  AA_thread adding AA_map to multi_to_Map channel 2
[682828.118583] AA_thread:236  AA_thread DONE
[682828.131296] createImageRepresentationAtTime:367  LEFT: adding TS_left to Track ch0 and Map ch0  t=682827.636985
[682828.137166] createImageRepresentationAtTime:434  RIGHT: adding TS_right to Map ch1  t=682827.636985
[682828.138415] MappingLoop:348  Calling InitializationAtTime  TS_history.size=11
[682828.139129] process_mapping_thread:442  multi_to_Map fired -> calling timeSurfaceCallback
[682828.139152] timeSurfaceCallback:989  timeSurfaceCallback  TS_history.size=11  t=682827.636985
[682828.164039] AA_thread:134  AA_thread START  is_left=1  distance=23344  t=682827.639609
[682828.169249] AA_thread:220  AA_thread adding AA_freq to AA_left_IR_to_Map
[682828.169402] AA_thread:234  AA_thread adding AA_map to multi_to_Map channel 2
[682828.169415] AA_thread:236  AA_thread DONE
[682828.174178] createImageRepresentationAtTime:367  LEFT: adding TS_left to Track ch0 and Map ch0  t=682827.639609
[682828.190566] createImageRepresentationAtTime:434  RIGHT: adding TS_right to Map ch1  t=682827.639609
[682828.190620] process_mapping_thread:442  multi_to_Map fired -> calling timeSurfaceCallback
[682828.190664] timeSurfaceCallback:989  timeSurfaceCallback  TS_history.size=12  t=682827.639609
[682828.212551] AA_thread:134  AA_thread START  is_left=1  distance=16327  t=682827.642235
[682828.216626] AA_thread:220  AA_thread adding AA_freq to AA_left_IR_to_Map
[682828.216688] AA_thread:234  AA_thread adding AA_map to multi_to_Map channel 2
[682828.216699] AA_thread:236  AA_thread DONE
[682828.222342] createImageRepresentationAtTime:434  RIGHT: adding TS_right to Map ch1  t=682827.640853
[682828.240478] createImageRepresentationAtTime:367  LEFT: adding TS_left to Track ch0 and Map ch0  t=682827.642235
[682828.243987] createImageRepresentationAtTime:434  RIGHT: adding TS_right to Map ch1  t=682827.642235
[682828.244194] process_mapping_thread:442  multi_to_Map fired -> calling timeSurfaceCallback
[682828.244276] timeSurfaceCallback:989  timeSurfaceCallback  TS_history.size=13  t=682827.642235
[682828.274687] AA_thread:134  AA_thread START  is_left=1  distance=4088  t=682827.642515
[682828.279623] AA_thread:220  AA_thread adding AA_freq to AA_left_IR_to_Map
[682828.279664] AA_thread:234  AA_thread adding AA_map to multi_to_Map channel 2
[682828.279676] AA_thread:236  AA_thread DONE
[682828.292648] createImageRepresentationAtTime:367  LEFT: adding TS_left to Track ch0 and Map ch0  t=682827.642515
[682828.303766] createImageRepresentationAtTime:434  RIGHT: adding TS_right to Map ch1  t=682827.644859
[682828.312467] AA_thread:134  AA_thread START  is_left=1  distance=15181  t=682827.644859
[682828.315341] AA_thread:220  AA_thread adding AA_freq to AA_left_IR_to_Map
[682828.315404] AA_thread:234  AA_thread adding AA_map to multi_to_Map channel 2
[682828.315415] AA_thread:236  AA_thread DONE
[682828.323690] createImageRepresentationAtTime:367  LEFT: adding TS_left to Track ch0 and Map ch0  t=682827.644859
[682828.325221] process_mapping_thread:442  multi_to_Map fired -> calling timeSurfaceCallback
[682828.325275] timeSurfaceCallback:989  timeSurfaceCallback  TS_history.size=14  t=682827.644859
[682828.334026] AA_thread:134  AA_thread START  is_left=1  distance=15485  t=682827.647485
[682828.339911] AA_thread:220  AA_thread adding AA_freq to AA_left_IR_to_Map
[682828.340095] AA_thread:234  AA_thread adding AA_map to multi_to_Map channel 2
[682828.340115] AA_thread:236  AA_thread DONE
[682828.341443] createImageRepresentationAtTime:434  RIGHT: adding TS_right to Map ch1  t=682827.647485
[682828.370978] createImageRepresentationAtTime:367  LEFT: adding TS_left to Track ch0 and Map ch0  t=682827.647485
[682828.382607] process_mapping_thread:442  multi_to_Map fired -> calling timeSurfaceCallback
[682828.382646] timeSurfaceCallback:989  timeSurfaceCallback  TS_history.size=15  t=682827.647485
[682828.425636] createImageRepresentationAtTime:434  RIGHT: adding TS_right to Map ch1  t=682827.648492
[682828.440839] createImageRepresentationAtTime:367  LEFT: adding TS_left to Track ch0 and Map ch0  t=682827.650109
[682828.440893] AA_thread:134  AA_thread START  is_left=1  distance=15513  t=682827.650109
[682828.448896] AA_thread:220  AA_thread adding AA_freq to AA_left_IR_to_Map
[682828.448984] AA_thread:234  AA_thread adding AA_map to multi_to_Map channel 2
[682828.449005] AA_thread:236  AA_thread DONE
[682828.462653] createImageRepresentationAtTime:434  RIGHT: adding TS_right to Map ch1  t=682827.650109
[682828.463011] AA_thread:134  AA_thread START  is_left=1  distance=15797  t=682827.652735
[682828.463868] process_mapping_thread:442  multi_to_Map fired -> calling timeSurfaceCallback
[682828.463938] timeSurfaceCallback:989  timeSurfaceCallback  TS_history.size=16  t=682827.650109
[682828.468158] AA_thread:220  AA_thread adding AA_freq to AA_left_IR_to_Map
[682828.468455] AA_thread:234  AA_thread adding AA_map to multi_to_Map channel 2
[682828.468674] AA_thread:236  AA_thread DONE
[682828.479651] createImageRepresentationAtTime:367  LEFT: adding TS_left to Track ch0 and Map ch0  t=682827.652735
[682828.484534] createImageRepresentationAtTime:434  RIGHT: adding TS_right to Map ch1  t=682827.652735
[682828.484640] process_mapping_thread:442  multi_to_Map fired -> calling timeSurfaceCallback
[682828.484661] timeSurfaceCallback:989  timeSurfaceCallback  TS_history.size=17  t=682827.652735
[682828.503934] AA_thread:134  AA_thread START  is_left=1  distance=23326  t=682827.654257
[682828.507207] AA_thread:220  AA_thread adding AA_freq to AA_left_IR_to_Map
[682828.507701] AA_thread:234  AA_thread adding AA_map to multi_to_Map channel 2
[682828.507838] AA_thread:236  AA_thread DONE
[682828.515958] createImageRepresentationAtTime:367  LEFT: adding TS_left to Track ch0 and Map ch0  t=682827.654257
[682828.522309] createImageRepresentationAtTime:434  RIGHT: adding TS_right to Map ch1  t=682827.652761
[682828.522977] AA_thread:134  AA_thread START  is_left=1  distance=15396  t=682827.655359
[682828.529358] AA_thread:220  AA_thread adding AA_freq to AA_left_IR_to_Map
[682828.529416] AA_thread:234  AA_thread adding AA_map to multi_to_Map channel 2
[682828.529428] AA_thread:236  AA_thread DONE
[682828.544179] createImageRepresentationAtTime:367  LEFT: adding TS_left to Track ch0 and Map ch0  t=682827.655359
[682828.547102] createImageRepresentationAtTime:434  RIGHT: adding TS_right to Map ch1  t=682827.655359
[682828.547406] process_mapping_thread:442  multi_to_Map fired -> calling timeSurfaceCallback
[682828.547436] timeSurfaceCallback:989  timeSurfaceCallback  TS_history.size=18  t=682827.654257
[682828.554971] AA_thread:134  AA_thread START  is_left=1  distance=18895  t=682827.657985
[682828.564529] AA_thread:220  AA_thread adding AA_freq to AA_left_IR_to_Map
[682828.564731] AA_thread:234  AA_thread adding AA_map to multi_to_Map channel 2
[682828.564765] AA_thread:236  AA_thread DONE
[682828.568959] createImageRepresentationAtTime:367  LEFT: adding TS_left to Track ch0 and Map ch0  t=682827.657985
[682828.577641] createImageRepresentationAtTime:434  RIGHT: adding TS_right to Map ch1  t=682827.657985
[682828.578914] process_mapping_thread:442  multi_to_Map fired -> calling timeSurfaceCallback
[682828.579003] timeSurfaceCallback:989  timeSurfaceCallback  TS_history.size=19  t=682827.657985
[682828.605443] AA_thread:134  AA_thread START  is_left=1  distance=18661  t=682827.660609
[682828.627644] AA_thread:220  AA_thread adding AA_freq to AA_left_IR_to_Map
[682828.627791] AA_thread:234  AA_thread adding AA_map to multi_to_Map channel 2
[682828.627809] AA_thread:236  AA_thread DONE
[682828.633494] createImageRepresentationAtTime:367  LEFT: adding TS_left to Track ch0 and Map ch0  t=682827.660609
[682828.655675] createImageRepresentationAtTime:434  RIGHT: adding TS_right to Map ch1  t=682827.660609
[682828.657932] process_mapping_thread:442  multi_to_Map fired -> calling timeSurfaceCallback
[682828.657972] timeSurfaceCallback:989  timeSurfaceCallback  TS_history.size=20  t=682827.660609
[682828.683857] AA_thread:134  AA_thread START  is_left=1  distance=16044  t=682827.663235
[682828.688106] AA_thread:220  AA_thread adding AA_freq to AA_left_IR_to_Map
[682828.688192] AA_thread:234  AA_thread adding AA_map to multi_to_Map channel 2
[682828.688205] AA_thread:236  AA_thread DONE
[682828.713520] createImageRepresentationAtTime:367  LEFT: adding TS_left to Track ch0 and Map ch0  t=682827.663235
[682828.753129] createImageRepresentationAtTime:434  RIGHT: adding TS_right to Map ch1  t=682827.662549
[682828.759246] AA_thread:134  AA_thread START  is_left=1  distance=19140  t=682827.665859
[682828.778460] createImageRepresentationAtTime:367  LEFT: adding TS_left to Track ch0 and Map ch0  t=682827.665859
[682828.781605] createImageRepresentationAtTime:434  RIGHT: adding TS_right to Map ch1  t=682827.665859
[682828.785396] process_mapping_thread:442  multi_to_Map fired -> calling timeSurfaceCallback
[682828.785461] timeSurfaceCallback:989  timeSurfaceCallback  TS_history.size=21  t=682827.663235
[682828.791348] AA_thread:220  AA_thread adding AA_freq to AA_left_IR_to_Map
[682828.791404] AA_thread:234  AA_thread adding AA_map to multi_to_Map channel 2
[682828.791421] AA_thread:236  AA_thread DONE
[682828.803781] process_mapping_thread:442  multi_to_Map fired -> calling timeSurfaceCallback
[682828.803836] timeSurfaceCallback:989  timeSurfaceCallback  TS_history.size=22  t=682827.665859
[682828.824211] AA_thread:134  AA_thread START  is_left=1  distance=10727  t=682827.666528
[682828.843258] AA_thread:220  AA_thread adding AA_freq to AA_left_IR_to_Map
[682828.843324] AA_thread:234  AA_thread adding AA_map to multi_to_Map channel 2
[682828.843336] AA_thread:236  AA_thread DONE
[682828.860932] createImageRepresentationAtTime:434  RIGHT: adding TS_right to Map ch1  t=682827.668485
[682828.861160] createImageRepresentationAtTime:268  createImageRepresentation early-return: vEvents_ empty  is_left=0
[682828.868289] createImageRepresentationAtTime:367  LEFT: adding TS_left to Track ch0 and Map ch0  t=682827.666528
[682828.883178] AA_thread:134  AA_thread START  is_left=1  distance=15908  t=682827.668485
[682828.890847] createImageRepresentationAtTime:367  LEFT: adding TS_left to Track ch0 and Map ch0  t=682827.668485
[682828.895664] AA_thread:220  AA_thread adding AA_freq to AA_left_IR_to_Map
[682828.895743] AA_thread:234  AA_thread adding AA_map to multi_to_Map channel 2
[682828.895769] AA_thread:236  AA_thread DONE
[682828.895951] process_mapping_thread:442  multi_to_Map fired -> calling timeSurfaceCallback
[682828.895980] timeSurfaceCallback:989  timeSurfaceCallback  TS_history.size=23  t=682827.668485
[682828.917458] AA_thread:134  AA_thread START  is_left=1  distance=15922  t=682827.671109
[682828.922457] createImageRepresentationAtTime:434  RIGHT: adding TS_right to Map ch1  t=682827.668802
[682828.923518] AA_thread:220  AA_thread adding AA_freq to AA_left_IR_to_Map
[682828.923593] AA_thread:234  AA_thread adding AA_map to multi_to_Map channel 2
[682828.923604] AA_thread:236  AA_thread DONE
[682828.925920] createImageRepresentationAtTime:367  LEFT: adding TS_left to Track ch0 and Map ch0  t=682827.671109
[682828.937455] createImageRepresentationAtTime:434  RIGHT: adding TS_right to Map ch1  t=682827.671109
[682828.937564] process_mapping_thread:442  multi_to_Map fired -> calling timeSurfaceCallback
[682828.937578] timeSurfaceCallback:989  timeSurfaceCallback  TS_history.size=24  t=682827.671109
[682828.957188] AA_thread:134  AA_thread START  is_left=1  distance=5179  t=682827.671444
[682828.959691] AA_thread:220  AA_thread adding AA_freq to AA_left_IR_to_Map
[682828.959741] AA_thread:234  AA_thread adding AA_map to multi_to_Map channel 2
[682828.959755] AA_thread:236  AA_thread DONE
[682828.968456] createImageRepresentationAtTime:367  LEFT: adding TS_left to Track ch0 and Map ch0  t=682827.671444
[682828.981673] AA_thread:134  AA_thread START  is_left=1  distance=0  t=682827.671444
[682828.990104] createImageRepresentationAtTime:367  LEFT: adding TS_left to Track ch0 and Map ch0  t=682827.671444
[682828.995478] createImageRepresentationAtTime:434  RIGHT: adding TS_right to Map ch1  t=682827.672539
[682828.998918] AA_thread:220  AA_thread adding AA_freq to AA_left_IR_to_Map
[682828.999801] AA_thread:234  AA_thread adding AA_map to multi_to_Map channel 2
[682828.999853] AA_thread:236  AA_thread DONE
[682829.012486] AA_thread:134  AA_thread START  is_left=1  distance=15968  t=682827.673735
[682829.017505] AA_thread:220  AA_thread adding AA_freq to AA_left_IR_to_Map
[682829.017558] AA_thread:234  AA_thread adding AA_map to multi_to_Map channel 2
[682829.017569] AA_thread:236  AA_thread DONE
[682829.022247] createImageRepresentationAtTime:434  RIGHT: adding TS_right to Map ch1  t=682827.673221
[682829.024084] createImageRepresentationAtTime:367  LEFT: adding TS_left to Track ch0 and Map ch0  t=682827.673735
[682829.032588] process_mapping_thread:442  multi_to_Map fired -> calling timeSurfaceCallback
[682829.032916] timeSurfaceCallback:989  timeSurfaceCallback  TS_history.size=25  t=682827.671444
[682829.039202] createImageRepresentationAtTime:434  RIGHT: adding TS_right to Map ch1  t=682827.673735
[682829.054243] AA_thread:134  AA_thread START  is_left=1  distance=15855  t=682827.676359
[682829.057867] process_mapping_thread:442  multi_to_Map fired -> calling timeSurfaceCallback
[682829.057933] timeSurfaceCallback:989  timeSurfaceCallback  TS_history.size=26  t=682827.673735
[682829.059365] AA_thread:220  AA_thread adding AA_freq to AA_left_IR_to_Map
[682829.059434] AA_thread:234  AA_thread adding AA_map to multi_to_Map channel 2
[682829.059444] AA_thread:236  AA_thread DONE
[682829.071616] InitializationAtTime:666  InitializationAtTime  SGM_events=5001  SGM_points=2367  threshold=500
[682829.073400] createImageRepresentationAtTime:367  LEFT: adding TS_left to Track ch0 and Map ch0  t=682827.676359
[682829.074414] createImageRepresentationAtTime:434  RIGHT: adding TS_right to Map ch1  t=682827.676358
[682829.095299] AA_thread:134  AA_thread START  is_left=1  distance=17799  t=682827.677775
[682829.098012] MappingLoop:352  Initialization SUCCESS
[682829.098329] MappingLoop:348  Calling InitializationAtTime  TS_history.size=27
[682829.101974] AA_thread:220  AA_thread adding AA_freq to AA_left_IR_to_Map
[682829.102017] AA_thread:234  AA_thread adding AA_map to multi_to_Map channel 2
[682829.102075] AA_thread:236  AA_thread DONE
[682829.103363] createImageRepresentationAtTime:434  RIGHT: adding TS_right to Map ch1  t=682827.676358
[682829.103869] publishMappingResults:1195  publishMappingResults  status=0  dqvDepthPoints.size=1
[682829.113585] createImageRepresentationAtTime:367  LEFT: adding TS_left to Track ch0 and Map ch0  t=682827.677775
[682829.117059] publishPointCloud:1287  publishPointCloud  pc_color.size=7968  pc_filtered.size=7968  depthMap.size=7968
[682829.138442] AA_thread:134  AA_thread START  is_left=1  distance=16394  t=682827.678985
[682829.145285] createImageRepresentationAtTime:434  RIGHT: adding TS_right to Map ch1  t=682827.678985
[682829.150315] process_mapping_thread:442  multi_to_Map fired -> calling timeSurfaceCallback
[682829.150365] timeSurfaceCallback:989  timeSurfaceCallback  TS_history.size=27  t=682827.676359
[682829.152320] AA_thread:220  AA_thread adding AA_freq to AA_left_IR_to_Map
[682829.152379] AA_thread:234  AA_thread adding AA_map to multi_to_Map channel 2
[682829.152393] AA_thread:236  AA_thread DONE
[682829.155673] createImageRepresentationAtTime:367  LEFT: adding TS_left to Track ch0 and Map ch0  t=682827.678985
[682829.179551] AA_thread:134  AA_thread START  is_left=1  distance=7504  t=682827.681069
[682829.190609] AA_thread:220  AA_thread adding AA_freq to AA_left_IR_to_Map
[682829.190668] AA_thread:234  AA_thread adding AA_map to multi_to_Map channel 2
[682829.190681] AA_thread:236  AA_thread DONE
[682829.199144] process_mapping_thread:442  multi_to_Map fired -> calling timeSurfaceCallback
[682829.199206] timeSurfaceCallback:989  timeSurfaceCallback  TS_history.size=28  t=682827.677775
[682829.216069] createImageRepresentationAtTime:367  LEFT: adding TS_left to Track ch0 and Map ch0  t=682827.681069
[682829.216309] AA_thread:134  AA_thread START  is_left=1  distance=0  t=682827.681069
[682829.224256] createImageRepresentationAtTime:434  RIGHT: adding TS_right to Map ch1  t=682827.681609
[682829.224600] AA_thread:220  AA_thread adding AA_freq to AA_left_IR_to_Map
[682829.224627] AA_thread:234  AA_thread adding AA_map to multi_to_Map channel 2
[682829.224642] AA_thread:236  AA_thread DONE
[682829.247663] createImageRepresentationAtTime:367  LEFT: adding TS_left to Track ch0 and Map ch0  t=682827.681069
[682829.252618] AA_thread:134  AA_thread START  is_left=1  distance=8588  t=682827.681609
[682829.273496] AA_thread:220  AA_thread adding AA_freq to AA_left_IR_to_Map
[682829.273560] AA_thread:234  AA_thread adding AA_map to multi_to_Map channel 2
[682829.273573] AA_thread:236  AA_thread DONE
[682829.277894] createImageRepresentationAtTime:367  LEFT: adding TS_left to Track ch0 and Map ch0  t=682827.681609
[682829.278511] process_mapping_thread:442  multi_to_Map fired -> calling timeSurfaceCallback
[682829.278567] timeSurfaceCallback:989  timeSurfaceCallback  TS_history.size=29  t=682827.681609
[682829.291487] AA_thread:134  AA_thread START  is_left=1  distance=15824  t=682827.684235
[682829.298080] createImageRepresentationAtTime:434  RIGHT: adding TS_right to Map ch1  t=682827.684235
[682829.298734] AA_thread:220  AA_thread adding AA_freq to AA_left_IR_to_Map
[682829.298779] AA_thread:234  AA_thread adding AA_map to multi_to_Map channel 2
[682829.298789] AA_thread:236  AA_thread DONE
[682829.303981] createImageRepresentationAtTime:367  LEFT: adding TS_left to Track ch0 and Map ch0  t=682827.684235
[682829.319600] process_mapping_thread:442  multi_to_Map fired -> calling timeSurfaceCallback
[682829.319784] timeSurfaceCallback:989  timeSurfaceCallback  TS_history.size=30  t=682827.684235
[682829.353816] AA_thread:134  AA_thread START  is_left=1  distance=21004  t=682827.685600
[682829.361076] AA_thread:220  AA_thread adding AA_freq to AA_left_IR_to_Map
[682829.369962] AA_thread:234  AA_thread adding AA_map to multi_to_Map channel 2
[682829.370030] AA_thread:236  AA_thread DONE
[682829.377441] createImageRepresentationAtTime:434  RIGHT: adding TS_right to Map ch1  t=682827.686373
[682829.382461] createImageRepresentationAtTime:367  LEFT: adding TS_left to Track ch0 and Map ch0  t=682827.685600
[682829.392627] createImageRepresentationAtTime:434  RIGHT: adding TS_right to Map ch1  t=682827.686860
[682829.393860] AA_thread:134  AA_thread START  is_left=1  distance=31326  t=682827.689484
[682829.399663] AA_thread:220  AA_thread adding AA_freq to AA_left_IR_to_Map
[682829.399721] AA_thread:234  AA_thread adding AA_map to multi_to_Map channel 2
[682829.399732] AA_thread:236  AA_thread DONE
[682829.405976] createImageRepresentationAtTime:367  LEFT: adding TS_left to Track ch0 and Map ch0  t=682827.689484
[682829.408687] createImageRepresentationAtTime:434  RIGHT: adding TS_right to Map ch1  t=682827.688261
[682829.411492] process_mapping_thread:442  multi_to_Map fired -> calling timeSurfaceCallback
[682829.411552] timeSurfaceCallback:989  timeSurfaceCallback  TS_history.size=31  t=682827.685600
[682829.450831] createImageRepresentationAtTime:434  RIGHT: adding TS_right to Map ch1  t=682827.689484
[682829.451123] process_mapping_thread:442  multi_to_Map fired -> calling timeSurfaceCallback
[682829.451140] timeSurfaceCallback:989  timeSurfaceCallback  TS_history.size=32  t=682827.689484
[682829.482956] AA_thread:134  AA_thread START  is_left=1  distance=11849  t=682827.690228
[682829.492043] AA_thread:220  AA_thread adding AA_freq to AA_left_IR_to_Map
[682829.492114] AA_thread:234  AA_thread adding AA_map to multi_to_Map channel 2
[682829.492128] AA_thread:236  AA_thread DONE
[682829.493712] createImageRepresentationAtTime:367  LEFT: adding TS_left to Track ch0 and Map ch0  t=682827.690228
[682829.510332] AA_thread:134  AA_thread START  is_left=1  distance=16096  t=682827.692110
[682829.526029] createImageRepresentationAtTime:434  RIGHT: adding TS_right to Map ch1  t=682827.692110
[682829.528627] createImageRepresentationAtTime:367  LEFT: adding TS_left to Track ch0 and Map ch0  t=682827.692110
[682829.528743] AA_thread:220  AA_thread adding AA_freq to AA_left_IR_to_Map
[682829.528760] AA_thread:234  AA_thread adding AA_map to multi_to_Map channel 2
[682829.528782] AA_thread:236  AA_thread DONE
[682829.533341] process_mapping_thread:442  multi_to_Map fired -> calling timeSurfaceCallback
[682829.533414] timeSurfaceCallback:989  timeSurfaceCallback  TS_history.size=33  t=682827.692110
[682829.558844] AA_thread:134  AA_thread START  is_left=1  distance=16495  t=682827.694734
[682829.566980] AA_thread:220  AA_thread adding AA_freq to AA_left_IR_to_Map
[682829.567049] AA_thread:234  AA_thread adding AA_map to multi_to_Map channel 2
[682829.567071] AA_thread:236  AA_thread DONE
[682829.569125] createImageRepresentationAtTime:367  LEFT: adding TS_left to Track ch0 and Map ch0  t=682827.694734
[682829.572335] createImageRepresentationAtTime:434  RIGHT: adding TS_right to Map ch1  t=682827.694441
[682829.602589] createImageRepresentationAtTime:434  RIGHT: adding TS_right to Map ch1  t=682827.694734
[682829.605312] AA_thread:134  AA_thread START  is_left=1  distance=3636  t=682827.696503
[682829.611400] process_mapping_thread:442  multi_to_Map fired -> calling timeSurfaceCallback
[682829.617157] timeSurfaceCallback:989  timeSurfaceCallback  TS_history.size=34  t=682827.694734
[682829.622798] AA_thread:220  AA_thread adding AA_freq to AA_left_IR_to_Map
[682829.623003] AA_thread:234  AA_thread adding AA_map to multi_to_Map channel 2
[682829.623022] AA_thread:236  AA_thread DONE
[682829.623334] createImageRepresentationAtTime:367  LEFT: adding TS_left to Track ch0 and Map ch0  t=682827.696503
[682829.632768] AA_thread:134  AA_thread START  is_left=1  distance=0  t=682827.696503
[682829.637301] createImageRepresentationAtTime:434  RIGHT: adding TS_right to Map ch1  t=682827.696442
[682829.649091] AA_thread:220  AA_thread adding AA_freq to AA_left_IR_to_Map
[682829.649243] AA_thread:234  AA_thread adding AA_map to multi_to_Map channel 2
[682829.649254] AA_thread:236  AA_thread DONE
[682829.666599] createImageRepresentationAtTime:367  LEFT: adding TS_left to Track ch0 and Map ch0  t=682827.696503
[682829.670950] createImageRepresentationAtTime:434  RIGHT: adding TS_right to Map ch1  t=682827.696442
[682829.672782] AA_thread:134  AA_thread START  is_left=1  distance=16560  t=682827.699984
[682829.685505] AA_thread:220  AA_thread adding AA_freq to AA_left_IR_to_Map
[682829.685569] AA_thread:234  AA_thread adding AA_map to multi_to_Map channel 2
[682829.685580] AA_thread:236  AA_thread DONE
[682829.695022] createImageRepresentationAtTime:367  LEFT: adding TS_left to Track ch0 and Map ch0  t=682827.699984
[682829.710766] AA_thread:134  AA_thread START  is_left=1  distance=17373  t=682827.701655
[682829.721553] createImageRepresentationAtTime:434  RIGHT: adding TS_right to Map ch1  t=682827.699984
[682829.728561] AA_thread:220  AA_thread adding AA_freq to AA_left_IR_to_Map
[682829.728618] AA_thread:234  AA_thread adding AA_map to multi_to_Map channel 2
[682829.728629] AA_thread:236  AA_thread DONE
[682829.729195] process_mapping_thread:442  multi_to_Map fired -> calling timeSurfaceCallback
[682829.729249] timeSurfaceCallback:989  timeSurfaceCallback  TS_history.size=35  t=682827.696503
[682829.733377] createImageRepresentationAtTime:367  LEFT: adding TS_left to Track ch0 and Map ch0  t=682827.701655
[682829.747491] createImageRepresentationAtTime:434  RIGHT: adding TS_right to Map ch1  t=682827.702610
[682829.749563] process_mapping_thread:442  multi_to_Map fired -> calling timeSurfaceCallback
[682829.749621] timeSurfaceCallback:989  timeSurfaceCallback  TS_history.size=36  t=682827.696503
[682829.761928] AA_thread:134  AA_thread START  is_left=1  distance=15578  t=682827.702610
[682829.767935] AA_thread:220  AA_thread adding AA_freq to AA_left_IR_to_Map
[682829.768017] AA_thread:234  AA_thread adding AA_map to multi_to_Map channel 2
[682829.768029] AA_thread:236  AA_thread DONE
[682829.777856] process_mapping_thread:442  multi_to_Map fired -> calling timeSurfaceCallback
[682829.777935] timeSurfaceCallback:989  timeSurfaceCallback  TS_history.size=36  t=682827.699984
[682829.783737] createImageRepresentationAtTime:367  LEFT: adding TS_left to Track ch0 and Map ch0  t=682827.702610
[682829.787819] process_mapping_thread:442  multi_to_Map fired -> calling timeSurfaceCallback
[682829.787977] timeSurfaceCallback:989  timeSurfaceCallback  TS_history.size=37  t=682827.702610
[682829.808506] AA_thread:134  AA_thread START  is_left=1  distance=16494  t=682827.705234
[682829.822334] AA_thread:220  AA_thread adding AA_freq to AA_left_IR_to_Map
[682829.822405] AA_thread:234  AA_thread adding AA_map to multi_to_Map channel 2
[682829.822419] AA_thread:236  AA_thread DONE
[682829.824386] createImageRepresentationAtTime:434  RIGHT: adding TS_right to Map ch1  t=682827.705234
[682829.830254] createImageRepresentationAtTime:367  LEFT: adding TS_left to Track ch0 and Map ch0  t=682827.705234
[682829.830801] process_mapping_thread:442  multi_to_Map fired -> calling timeSurfaceCallback
[682829.830870] timeSurfaceCallback:989  timeSurfaceCallback  TS_history.size=38  t=682827.705234
[682829.879530] AA_thread:134  AA_thread START  is_left=1  distance=2108  t=682827.706052
[682829.890167] AA_thread:220  AA_thread adding AA_freq to AA_left_IR_to_Map
[682829.890324] AA_thread:234  AA_thread adding AA_map to multi_to_Map channel 2
[682829.890345] AA_thread:236  AA_thread DONE
[682829.894472] createImageRepresentationAtTime:434  RIGHT: adding TS_right to Map ch1  t=682827.705556
[682829.926305] createImageRepresentationAtTime:367  LEFT: adding TS_left to Track ch0 and Map ch0  t=682827.706052
[682829.942903] createImageRepresentationAtTime:434  RIGHT: adding TS_right to Map ch1  t=682827.706941
[682829.943006] process_mapping_thread:442  multi_to_Map fired -> calling timeSurfaceCallback
[682829.943026] timeSurfaceCallback:989  timeSurfaceCallback  TS_history.size=39  t=682827.706052
[682829.949981] AA_thread:134  AA_thread START  is_left=1  distance=17100  t=682827.710484
[682829.958741] InitializationAtTime:666  InitializationAtTime  SGM_events=5001  SGM_points=2133  threshold=500
[682829.959290] AA_thread:220  AA_thread adding AA_freq to AA_left_IR_to_Map
[682829.961213] AA_thread:234  AA_thread adding AA_map to multi_to_Map channel 2
[682829.961497] AA_thread:236  AA_thread DONE
[682829.969789] createImageRepresentationAtTime:367  LEFT: adding TS_left to Track ch0 and Map ch0  t=682827.710484
[682829.973093] MappingLoop:352  Initialization SUCCESS
[682829.973150] publishMappingResults:1195  publishMappingResults  status=1  dqvDepthPoints.size=2
[682830.003546] createImageRepresentationAtTime:434  RIGHT: adding TS_right to Map ch1  t=682827.708724
[682830.027618] createImageRepresentationAtTime:434  RIGHT: adding TS_right to Map ch1  t=682827.709641
[682830.030611] AA_thread:134  AA_thread START  is_left=1  distance=7145  t=682827.711079
[682830.039900] AA_thread:220  AA_thread adding AA_freq to AA_left_IR_to_Map
[682830.039982] AA_thread:234  AA_thread adding AA_map to multi_to_Map channel 2
[682830.039999] AA_thread:236  AA_thread DONE
[682830.057095] createImageRepresentationAtTime:434  RIGHT: adding TS_right to Map ch1  t=682827.713110
[682830.057197] process_mapping_thread:442  multi_to_Map fired -> calling timeSurfaceCallback
[682830.057217] timeSurfaceCallback:989  timeSurfaceCallback  TS_history.size=40  t=682827.710484
[682830.058082] createImageRepresentationAtTime:367  LEFT: adding TS_left to Track ch0 and Map ch0  t=682827.711079
[682830.064536] AA_thread:134  AA_thread START  is_left=1  distance=16270  t=682827.713110
[682830.090911] publishMappingResults:1195  publishMappingResults  status=1  dqvDepthPoints.size=3
[682830.092118] AA_thread:220  AA_thread adding AA_freq to AA_left_IR_to_Map
[682830.092163] AA_thread:234  AA_thread adding AA_map to multi_to_Map channel 2
[682830.092172] AA_thread:236  AA_thread DONE
[682830.102997] createImageRepresentationAtTime:367  LEFT: adding TS_left to Track ch0 and Map ch0  t=682827.713110
[682830.122222] createImageRepresentationAtTime:434  RIGHT: adding TS_right to Map ch1  t=682827.715734
[682830.125474] AA_thread:134  AA_thread START  is_left=1  distance=16438  t=682827.715734
[682830.133085] AA_thread:220  AA_thread adding AA_freq to AA_left_IR_to_Map
[682830.133120] AA_thread:234  AA_thread adding AA_map to multi_to_Map channel 2
[682830.133131] AA_thread:236  AA_thread DONE
[682830.143007] createImageRepresentationAtTime:367  LEFT: adding TS_left to Track ch0 and Map ch0  t=682827.715734
[682830.160137] process_mapping_thread:442  multi_to_Map fired -> calling timeSurfaceCallback
[682830.160186] timeSurfaceCallback:989  timeSurfaceCallback  TS_history.size=41  t=682827.713110
[682830.169106] AA_thread:134  AA_thread START  is_left=1  distance=16559  t=682827.718360
[682830.172995] AA_thread:220  AA_thread adding AA_freq to AA_left_IR_to_Map
[682830.173055] AA_thread:234  AA_thread adding AA_map to multi_to_Map channel 2
[682830.173065] AA_thread:236  AA_thread DONE
[682830.176548] createImageRepresentationAtTime:434  RIGHT: adding TS_right to Map ch1  t=682827.718360
[682830.180931] createImageRepresentationAtTime:367  LEFT: adding TS_left to Track ch0 and Map ch0  t=682827.718360
[682830.209943] process_mapping_thread:442  multi_to_Map fired -> calling timeSurfaceCallback
[682830.209994] timeSurfaceCallback:989  timeSurfaceCallback  TS_history.size=42  t=682827.715734
[682830.213626] AA_thread:134  AA_thread START  is_left=1  distance=205  t=682827.718377
[682830.231279] AA_thread:220  AA_thread adding AA_freq to AA_left_IR_to_Map
[682830.231343] AA_thread:234  AA_thread adding AA_map to multi_to_Map channel 2
[682830.231354] AA_thread:236  AA_thread DONE
[682830.286503] process_mapping_thread:442  multi_to_Map fired -> calling timeSurfaceCallback
[682830.286589] timeSurfaceCallback:989  timeSurfaceCallback  TS_history.size=43  t=682827.718360
[682830.342301] createImageRepresentationAtTime:434  RIGHT: adding TS_right to Map ch1  t=682827.720984
[682830.342397] createImageRepresentationAtTime:367  LEFT: adding TS_left to Track ch0 and Map ch0  t=682827.718377
[682830.370455] createImageRepresentationAtTime:367  LEFT: adding TS_left to Track ch0 and Map ch0  t=682827.723610
[682830.370575] AA_thread:134  AA_thread START  is_left=1  distance=16536  t=682827.723610
[682830.371789] process_mapping_thread:442  multi_to_Map fired -> calling timeSurfaceCallback
[682830.371855] timeSurfaceCallback:989  timeSurfaceCallback  TS_history.size=44  t=682827.718377
[682830.384523] createImageRepresentationAtTime:434  RIGHT: adding TS_right to Map ch1  t=682827.723610
[682830.392099] AA_thread:220  AA_thread adding AA_freq to AA_left_IR_to_Map
[682830.392159] AA_thread:234  AA_thread adding AA_map to multi_to_Map channel 2
[682830.392178] AA_thread:236  AA_thread DONE
[682830.404520] AA_thread:134  AA_thread START  is_left=1  distance=16850  t=682827.726234
[682830.409038] process_mapping_thread:442  multi_to_Map fired -> calling timeSurfaceCallback
[682830.409082] timeSurfaceCallback:989  timeSurfaceCallback  TS_history.size=45  t=682827.723610
[682830.409123] AA_thread:220  AA_thread adding AA_freq to AA_left_IR_to_Map
[682830.409198] AA_thread:234  AA_thread adding AA_map to multi_to_Map channel 2
[682830.409254] AA_thread:236  AA_thread DONE
[682830.423694] createImageRepresentationAtTime:434  RIGHT: adding TS_right to Map ch1  t=682827.726234
[682830.424469] createImageRepresentationAtTime:268  createImageRepresentation early-return: vEvents_ empty  is_left=0
[682830.436863] createImageRepresentationAtTime:367  LEFT: adding TS_left to Track ch0 and Map ch0  t=682827.726234
[682830.441998] AA_thread:134  AA_thread START  is_left=1  distance=16880  t=682827.728860
[682830.454787] AA_thread:220  AA_thread adding AA_freq to AA_left_IR_to_Map
[682830.455380] AA_thread:234  AA_thread adding AA_map to multi_to_Map channel 2
[682830.455415] AA_thread:236  AA_thread DONE
[682830.463063] createImageRepresentationAtTime:367  LEFT: adding TS_left to Track ch0 and Map ch0  t=682827.728860
[682830.464976] process_mapping_thread:442  multi_to_Map fired -> calling timeSurfaceCallback
[682830.465026] timeSurfaceCallback:989  timeSurfaceCallback  TS_history.size=46  t=682827.726234
[682830.466425] createImageRepresentationAtTime:434  RIGHT: adding TS_right to Map ch1  t=682827.727996
[682830.474819] AA_thread:134  AA_thread START  is_left=1  distance=9042  t=682827.729406
[682830.483296] AA_thread:220  AA_thread adding AA_freq to AA_left_IR_to_Map
[682830.483361] AA_thread:234  AA_thread adding AA_map to multi_to_Map channel 2
[682830.483372] AA_thread:236  AA_thread DONE
[682830.488608] createImageRepresentationAtTime:367  LEFT: adding TS_left to Track ch0 and Map ch0  t=682827.729406
[682830.491757] createImageRepresentationAtTime:434  RIGHT: adding TS_right to Map ch1  t=682827.731484
[682830.491862] process_mapping_thread:442  multi_to_Map fired -> calling timeSurfaceCallback
[682830.491899] timeSurfaceCallback:989  timeSurfaceCallback  TS_history.size=47  t=682827.728860
[682830.492797] AA_thread:134  AA_thread START  is_left=1  distance=2355  t=682827.730613
[682830.495267] AA_thread:220  AA_thread adding AA_freq to AA_left_IR_to_Map
[682830.495352] AA_thread:234  AA_thread adding AA_map to multi_to_Map channel 2
[682830.495365] AA_thread:236  AA_thread DONE
[682830.515360] createImageRepresentationAtTime:367  LEFT: adding TS_left to Track ch0 and Map ch0  t=682827.730613
[682830.531327] createImageRepresentationAtTime:434  RIGHT: adding TS_right to Map ch1  t=682827.733663
[682830.538883] AA_thread:134  AA_thread START  is_left=1  distance=16493  t=682827.734110
[682830.546756] AA_thread:220  AA_thread adding AA_freq to AA_left_IR_to_Map
[682830.547149] AA_thread:234  AA_thread adding AA_map to multi_to_Map channel 2
[682830.547185] AA_thread:236  AA_thread DONE
[682830.547268] createImageRepresentationAtTime:367  LEFT: adding TS_left to Track ch0 and Map ch0  t=682827.734110
[682830.548047] process_mapping_thread:442  multi_to_Map fired -> calling timeSurfaceCallback
[682830.548199] timeSurfaceCallback:989  timeSurfaceCallback  TS_history.size=48  t=682827.730613
[682830.552346] createImageRepresentationAtTime:434  RIGHT: adding TS_right to Map ch1  t=682827.734110
[682830.569077] process_mapping_thread:442  multi_to_Map fired -> calling timeSurfaceCallback
[682830.569156] timeSurfaceCallback:989  timeSurfaceCallback  TS_history.size=49  t=682827.734110
[682830.569659] publishMappingResults:1195  publishMappingResults  status=1  dqvDepthPoints.size=4
[682830.575991] AA_thread:134  AA_thread START  is_left=1  distance=112  t=682827.734120
[682830.585446] AA_thread:220  AA_thread adding AA_freq to AA_left_IR_to_Map
[682830.585492] AA_thread:234  AA_thread adding AA_map to multi_to_Map channel 2
[682830.585502] AA_thread:236  AA_thread DONE
[682830.594351] createImageRepresentationAtTime:434  RIGHT: adding TS_right to Map ch1  t=682827.736093
[682830.599114] createImageRepresentationAtTime:367  LEFT: adding TS_left to Track ch0 and Map ch0  t=682827.734120
[682830.636245] createImageRepresentationAtTime:434  RIGHT: adding TS_right to Map ch1  t=682827.736734
[682830.648579] AA_thread:134  AA_thread START  is_left=1  distance=32938  t=682827.739360
[682830.652955] AA_thread:220  AA_thread adding AA_freq to AA_left_IR_to_Map
[682830.653034] AA_thread:234  AA_thread adding AA_map to multi_to_Map channel 2
[682830.653047] AA_thread:236  AA_thread DONE
[682830.660060] createImageRepresentationAtTime:367  LEFT: adding TS_left to Track ch0 and Map ch0  t=682827.739360
[682830.660396] createImageRepresentationAtTime:268  createImageRepresentation early-return: vEvents_ empty  is_left=1
[682830.674870] createImageRepresentationAtTime:434  RIGHT: adding TS_right to Map ch1  t=682827.738774
[682830.688061] process_mapping_thread:442  multi_to_Map fired -> calling timeSurfaceCallback
[682830.688132] timeSurfaceCallback:989  timeSurfaceCallback  TS_history.size=50  t=682827.734120
[682830.696976] createImageRepresentationAtTime:434  RIGHT: adding TS_right to Map ch1  t=682827.738814
[682830.715293] createImageRepresentationAtTime:434  RIGHT: adding TS_right to Map ch1  t=682827.740157
[682830.724538] AA_thread:134  AA_thread START  is_left=1  distance=13135  t=682827.740148
[682830.736708] AA_thread:220  AA_thread adding AA_freq to AA_left_IR_to_Map
[682830.736774] AA_thread:234  AA_thread adding AA_map to multi_to_Map channel 2
[682830.736785] AA_thread:236  AA_thread DONE
[682830.744531] createImageRepresentationAtTime:367  LEFT: adding TS_left to Track ch0 and Map ch0  t=682827.740148
[682830.774207] process_mapping_thread:442  multi_to_Map fired -> calling timeSurfaceCallback
[682830.774453] timeSurfaceCallback:989  timeSurfaceCallback  TS_history.size=51  t=682827.739360
[682830.829004] AA_thread:134  AA_thread START  is_left=1  distance=32950  t=682827.744609
[682830.859616] createImageRepresentationAtTime:434  RIGHT: adding TS_right to Map ch1  t=682827.741985
[682830.873416] AA_thread:220  AA_thread adding AA_freq to AA_left_IR_to_Map
[682830.876037] AA_thread:234  AA_thread adding AA_map to multi_to_Map channel 2
[682830.876099] AA_thread:236  AA_thread DONE
[682830.883586] createImageRepresentationAtTime:367  LEFT: adding TS_left to Track ch0 and Map ch0  t=682827.744609
[682830.908699] process_mapping_thread:442  multi_to_Map fired -> calling timeSurfaceCallback
[682830.913012] timeSurfaceCallback:989  timeSurfaceCallback  TS_history.size=52  t=682827.740148
[682830.918060] AA_thread:134  AA_thread START  is_left=1  distance=16694  t=682827.749859
[682830.920461] createImageRepresentationAtTime:434  RIGHT: adding TS_right to Map ch1  t=682827.747235
[682830.933666] process_mapping_thread:442  multi_to_Map fired -> calling timeSurfaceCallback
[682830.933745] timeSurfaceCallback:989  timeSurfaceCallback  TS_history.size=53  t=682827.744609
[682830.943805] AA_thread:220  AA_thread adding AA_freq to AA_left_IR_to_Map
[682830.943879] AA_thread:234  AA_thread adding AA_map to multi_to_Map channel 2
[682830.943893] AA_thread:236  AA_thread DONE
[682830.969693] createImageRepresentationAtTime:367  LEFT: adding TS_left to Track ch0 and Map ch0  t=682827.749859
[682830.985048] createImageRepresentationAtTime:434  RIGHT: adding TS_right to Map ch1  t=682827.749085
[682830.988069] AA_thread:134  AA_thread START  is_left=1  distance=17169  t=682827.752485
[682830.995593] AA_thread:220  AA_thread adding AA_freq to AA_left_IR_to_Map
[682830.995714] AA_thread:234  AA_thread adding AA_map to multi_to_Map channel 2
[682830.995728] AA_thread:236  AA_thread DONE
[682831.014334] createImageRepresentationAtTime:367  LEFT: adding TS_left to Track ch0 and Map ch0  t=682827.752485
[682831.024023] createImageRepresentationAtTime:434  RIGHT: adding TS_right to Map ch1  t=682827.749085
[682831.027706] AA_thread:134  AA_thread START  is_left=1  distance=17356  t=682827.755109
[682831.034169] AA_thread:220  AA_thread adding AA_freq to AA_left_IR_to_Map
[682831.034208] AA_thread:234  AA_thread adding AA_map to multi_to_Map channel 2
[682831.034221] AA_thread:236  AA_thread DONE
[682831.051489] createImageRepresentationAtTime:367  LEFT: adding TS_left to Track ch0 and Map ch0  t=682827.755109
[682831.055528] createImageRepresentationAtTime:434  RIGHT: adding TS_right to Map ch1  t=682827.755109
[682831.055822] process_mapping_thread:442  multi_to_Map fired -> calling timeSurfaceCallback
[682831.055841] timeSurfaceCallback:989  timeSurfaceCallback  TS_history.size=54  t=682827.749859
[682831.065122] AA_thread:134  AA_thread START  is_left=1  distance=18786  t=682827.757735
[682831.077222] AA_thread:220  AA_thread adding AA_freq to AA_left_IR_to_Map
[682831.077273] AA_thread:234  AA_thread adding AA_map to multi_to_Map channel 2
[682831.077284] AA_thread:236  AA_thread DONE
[682831.085610] createImageRepresentationAtTime:367  LEFT: adding TS_left to Track ch0 and Map ch0  t=682827.757735
[682831.105008] process_mapping_thread:442  multi_to_Map fired -> calling timeSurfaceCallback
[682831.105060] timeSurfaceCallback:989  timeSurfaceCallback  TS_history.size=55  t=682827.752485
[682831.109478] createImageRepresentationAtTime:434  RIGHT: adding TS_right to Map ch1  t=682827.757735
[682831.113499] process_mapping_thread:442  multi_to_Map fired -> calling timeSurfaceCallback
[682831.113545] timeSurfaceCallback:989  timeSurfaceCallback  TS_history.size=56  t=682827.757735
[682831.136555] publishMappingResults:1195  publishMappingResults  status=1  dqvDepthPoints.size=5
[682831.151180] AA_thread:134  AA_thread START  is_left=1  distance=23407  t=682827.760311
[682831.176458] publishPointCloud:1287  publishPointCloud  pc_color.size=17271  pc_filtered.size=17271  depthMap.size=17271
[682831.178374] AA_thread:220  AA_thread adding AA_freq to AA_left_IR_to_Map
[682831.178423] AA_thread:234  AA_thread adding AA_map to multi_to_Map channel 2
[682831.178436] AA_thread:236  AA_thread DONE
[682831.184771] createImageRepresentationAtTime:434  RIGHT: adding TS_right to Map ch1  t=682827.760251
[682831.189586] createImageRepresentationAtTime:367  LEFT: adding TS_left to Track ch0 and Map ch0  t=682827.760311
[682831.217612] createImageRepresentationAtTime:434  RIGHT: adding TS_right to Map ch1  t=682827.760359
[682831.218351] AA_thread:134  AA_thread START  is_left=1  distance=697  t=682827.760359
[682831.233305] AA_thread:220  AA_thread adding AA_freq to AA_left_IR_to_Map
[682831.233369] AA_thread:234  AA_thread adding AA_map to multi_to_Map channel 2
[682831.233385] AA_thread:236  AA_thread DONE
[682831.233942] process_mapping_thread:442  multi_to_Map fired -> calling timeSurfaceCallback
[682831.234061] timeSurfaceCallback:989  timeSurfaceCallback  TS_history.size=57  t=682827.760311
[682831.253433] createImageRepresentationAtTime:367  LEFT: adding TS_left to Track ch0 and Map ch0  t=682827.760359
[682831.278121] AA_thread:134  AA_thread START  is_left=1  distance=16976  t=682827.762985
[682831.304231] AA_thread:220  AA_thread adding AA_freq to AA_left_IR_to_Map
[682831.304310] AA_thread:234  AA_thread adding AA_map to multi_to_Map channel 2
[682831.304322] AA_thread:236  AA_thread DONE
[682831.311834] createImageRepresentationAtTime:434  RIGHT: adding TS_right to Map ch1  t=682827.762985
[682831.333712] createImageRepresentationAtTime:367  LEFT: adding TS_left to Track ch0 and Map ch0  t=682827.762985
[682831.337539] process_mapping_thread:442  multi_to_Map fired -> calling timeSurfaceCallback
[682831.337615] timeSurfaceCallback:989  timeSurfaceCallback  TS_history.size=58  t=682827.762985
[682831.365357] AA_thread:134  AA_thread START  is_left=1  distance=478  t=682827.764023
[682831.369211] AA_thread:220  AA_thread adding AA_freq to AA_left_IR_to_Map
[682831.372921] AA_thread:234  AA_thread adding AA_map to multi_to_Map channel 2
[682831.372971] AA_thread:236  AA_thread DONE
[682831.377015] createImageRepresentationAtTime:367  LEFT: adding TS_left to Track ch0 and Map ch0  t=682827.764023
[682831.378747] createImageRepresentationAtTime:434  RIGHT: adding TS_right to Map ch1  t=682827.765609
[682831.394032] AA_thread:134  AA_thread START  is_left=1  distance=16870  t=682827.765609
[682831.403534] AA_thread:220  AA_thread adding AA_freq to AA_left_IR_to_Map
[682831.403600] AA_thread:234  AA_thread adding AA_map to multi_to_Map channel 2
[682831.403614] AA_thread:236  AA_thread DONE
[682831.407967] createImageRepresentationAtTime:367  LEFT: adding TS_left to Track ch0 and Map ch0  t=682827.765609
[682831.409276] process_mapping_thread:442  multi_to_Map fired -> calling timeSurfaceCallback
[682831.409408] timeSurfaceCallback:989  timeSurfaceCallback  TS_history.size=59  t=682827.765609
[682831.435732] publishMappingResults:1195  publishMappingResults  status=1  dqvDepthPoints.size=5
[682831.445258] publishPointCloud:1287  publishPointCloud  pc_color.size=17475  pc_filtered.size=17475  depthMap.size=17475
[682831.475492] AA_thread:134  AA_thread START  is_left=1  distance=6306  t=682827.765985
[682831.478540] createImageRepresentationAtTime:367  LEFT: adding TS_left to Track ch0 and Map ch0  t=682827.765985
[682831.480552] AA_thread:220  AA_thread adding AA_freq to AA_left_IR_to_Map
[682831.480612] AA_thread:234  AA_thread adding AA_map to multi_to_Map channel 2
[682831.480622] AA_thread:236  AA_thread DONE
[682831.485743] createImageRepresentationAtTime:434  RIGHT: adding TS_right to Map ch1  t=682827.768235
[682831.510126] AA_thread:134  AA_thread START  is_left=1  distance=16661  t=682827.768235
[682831.514088] AA_thread:220  AA_thread adding AA_freq to AA_left_IR_to_Map
[682831.514205] AA_thread:234  AA_thread adding AA_map to multi_to_Map channel 2
[682831.514225] AA_thread:236  AA_thread DONE
[682831.522793] createImageRepresentationAtTime:367  LEFT: adding TS_left to Track ch0 and Map ch0  t=682827.768235
[682831.523398] process_mapping_thread:442  multi_to_Map fired -> calling timeSurfaceCallback
[682831.523427] timeSurfaceCallback:989  timeSurfaceCallback  TS_history.size=60  t=682827.768235
[682831.540053] AA_thread:134  AA_thread START  is_left=1  distance=16932  t=682827.770859
[682831.553218] AA_thread:220  AA_thread adding AA_freq to AA_left_IR_to_Map
[682831.553289] AA_thread:234  AA_thread adding AA_map to multi_to_Map channel 2
[682831.553303] AA_thread:236  AA_thread DONE
[682831.560344] createImageRepresentationAtTime:367  LEFT: adding TS_left to Track ch0 and Map ch0  t=682827.770859
[682831.573270] createImageRepresentationAtTime:434  RIGHT: adding TS_right to Map ch1  t=682827.770859
[682831.573453] process_mapping_thread:442  multi_to_Map fired -> calling timeSurfaceCallback
[682831.573471] timeSurfaceCallback:989  timeSurfaceCallback  TS_history.size=61  t=682827.770859
[682831.602514] AA_thread:134  AA_thread START  is_left=1  distance=1534  t=682827.770944
[682831.605915] AA_thread:220  AA_thread adding AA_freq to AA_left_IR_to_Map
[682831.605975] AA_thread:234  AA_thread adding AA_map to multi_to_Map channel 2
[682831.605985] AA_thread:236  AA_thread DONE
[682831.609067] createImageRepresentationAtTime:367  LEFT: adding TS_left to Track ch0 and Map ch0  t=682827.770944
[682831.611677] AA_thread:134  AA_thread START  is_left=1  distance=17036  t=682827.773485
[682831.633123] createImageRepresentationAtTime:434  RIGHT: adding TS_right to Map ch1  t=682827.772556
[682831.634469] AA_thread:220  AA_thread adding AA_freq to AA_left_IR_to_Map
[682831.634508] AA_thread:234  AA_thread adding AA_map to multi_to_Map channel 2
[682831.634518] AA_thread:236  AA_thread DONE
[682831.637323] createImageRepresentationAtTime:367  LEFT: adding TS_left to Track ch0 and Map ch0  t=682827.773485
[682831.644414] process_mapping_thread:442  multi_to_Map fired -> calling timeSurfaceCallback
[682831.644450] timeSurfaceCallback:989  timeSurfaceCallback  TS_history.size=62  t=682827.773485
[682831.659332] createImageRepresentationAtTime:434  RIGHT: adding TS_right to Map ch1  t=682827.772998
[682831.677656] createImageRepresentationAtTime:434  RIGHT: adding TS_right to Map ch1  t=682827.775758
[682831.678169] AA_thread:134  AA_thread START  is_left=1  distance=20684  t=682827.776109
[682831.681810] AA_thread:220  AA_thread adding AA_freq to AA_left_IR_to_Map
[682831.681882] AA_thread:234  AA_thread adding AA_map to multi_to_Map channel 2
[682831.681895] AA_thread:236  AA_thread DONE
[682831.695660] createImageRepresentationAtTime:434  RIGHT: adding TS_right to Map ch1  t=682827.776109
[682831.700985] createImageRepresentationAtTime:367  LEFT: adding TS_left to Track ch0 and Map ch0  t=682827.776109
[682831.702463] publishMappingResults:1195  publishMappingResults  status=1  dqvDepthPoints.size=5
[682831.702858] process_mapping_thread:442  multi_to_Map fired -> calling timeSurfaceCallback
[682831.712310] publishPointCloud:1287  publishPointCloud  pc_color.size=3255  pc_filtered.size=3255  depthMap.size=3255
[682831.715243] timeSurfaceCallback:989  timeSurfaceCallback  TS_history.size=63  t=682827.776109
[682831.715330] AA_thread:134  AA_thread START  is_left=1  distance=28526  t=682827.778735
[682831.725447] AA_thread:220  AA_thread adding AA_freq to AA_left_IR_to_Map
[682831.725584] AA_thread:234  AA_thread adding AA_map to multi_to_Map channel 2
[682831.725595] AA_thread:236  AA_thread DONE
[682831.729642] createImageRepresentationAtTime:434  RIGHT: adding TS_right to Map ch1  t=682827.776424
[682831.744615] createImageRepresentationAtTime:367  LEFT: adding TS_left to Track ch0 and Map ch0  t=682827.778735
[682831.757548] createImageRepresentationAtTime:434  RIGHT: adding TS_right to Map ch1  t=682827.778735
[682831.757614] process_mapping_thread:442  multi_to_Map fired -> calling timeSurfaceCallback
[682831.757634] timeSurfaceCallback:989  timeSurfaceCallback  TS_history.size=64  t=682827.778735
[682831.764121] AA_thread:134  AA_thread START  is_left=1  distance=30858  t=682827.781359
[682831.771763] AA_thread:220  AA_thread adding AA_freq to AA_left_IR_to_Map
[682831.771836] AA_thread:234  AA_thread adding AA_map to multi_to_Map channel 2
[682831.771847] AA_thread:236  AA_thread DONE
[682831.773620] createImageRepresentationAtTime:367  LEFT: adding TS_left to Track ch0 and Map ch0  t=682827.781359
[682831.789287] createImageRepresentationAtTime:434  RIGHT: adding TS_right to Map ch1  t=682827.778837
[682831.807941] createImageRepresentationAtTime:434  RIGHT: adding TS_right to Map ch1  t=682827.781359
[682831.808518] process_mapping_thread:442  multi_to_Map fired -> calling timeSurfaceCallback
[682831.808555] timeSurfaceCallback:989  timeSurfaceCallback  TS_history.size=65  t=682827.781359
[682831.833143] AA_thread:134  AA_thread START  is_left=1  distance=17579  t=682827.783985
[682831.846162] AA_thread:220  AA_thread adding AA_freq to AA_left_IR_to_Map
[682831.846219] AA_thread:234  AA_thread adding AA_map to multi_to_Map channel 2
[682831.846231] AA_thread:236  AA_thread DONE
[682831.852949] createImageRepresentationAtTime:367  LEFT: adding TS_left to Track ch0 and Map ch0  t=682827.783985
[682831.862885] AA_thread:134  AA_thread START  is_left=1  distance=17608  t=682827.786414
[682831.864632] createImageRepresentationAtTime:434  RIGHT: adding TS_right to Map ch1  t=682827.783011
[682831.869046] AA_thread:220  AA_thread adding AA_freq to AA_left_IR_to_Map
[682831.869118] AA_thread:234  AA_thread adding AA_map to multi_to_Map channel 2
[682831.869130] AA_thread:236  AA_thread DONE
[682831.877209] createImageRepresentationAtTime:367  LEFT: adding TS_left to Track ch0 and Map ch0  t=682827.786414
[682831.890340] AA_thread:134  AA_thread START  is_left=1  distance=3217  t=682827.786609
[682831.893898] AA_thread:220  AA_thread adding AA_freq to AA_left_IR_to_Map
[682831.894604] AA_thread:234  AA_thread adding AA_map to multi_to_Map channel 2
[682831.896772] AA_thread:236  AA_thread DONE
[682831.926879] createImageRepresentationAtTime:367  LEFT: adding TS_left to Track ch0 and Map ch0  t=682827.786609
[682831.936258] AA_thread:134  AA_thread START  is_left=1  distance=16611  t=682827.789235
[682831.941228] AA_thread:220  AA_thread adding AA_freq to AA_left_IR_to_Map
[682831.941275] AA_thread:234  AA_thread adding AA_map to multi_to_Map channel 2
[682831.941285] AA_thread:236  AA_thread DONE
[682831.945198] createImageRepresentationAtTime:367  LEFT: adding TS_left to Track ch0 and Map ch0  t=682827.789235
[682831.963984] createImageRepresentationAtTime:434  RIGHT: adding TS_right to Map ch1  t=682827.786609
[682831.965830] process_mapping_thread:442  multi_to_Map fired -> calling timeSurfaceCallback
[682831.965892] timeSurfaceCallback:989  timeSurfaceCallback  TS_history.size=66  t=682827.783985
[682831.976359] process_mapping_thread:442  multi_to_Map fired -> calling timeSurfaceCallback
[682831.976415] timeSurfaceCallback:989  timeSurfaceCallback  TS_history.size=67  t=682827.786609
[682832.013568] AA_thread:134  AA_thread START  is_left=1  distance=17020  t=682827.791859
[682832.019833] createImageRepresentationAtTime:367  LEFT: adding TS_left to Track ch0 and Map ch0  t=682827.791859
[682832.021138] createImageRepresentationAtTime:434  RIGHT: adding TS_right to Map ch1  t=682827.789235
[682832.021560] process_mapping_thread:442  multi_to_Map fired -> calling timeSurfaceCallback
[682832.021600] timeSurfaceCallback:989  timeSurfaceCallback  TS_history.size=68  t=682827.789235
[682832.024771] AA_thread:220  AA_thread adding AA_freq to AA_left_IR_to_Map
[682832.024804] AA_thread:234  AA_thread adding AA_map to multi_to_Map channel 2
[682832.024816] AA_thread:236  AA_thread DONE
[682832.061790] AA_thread:134  AA_thread START  is_left=1  distance=18692  t=682827.794485
[682832.061984] createImageRepresentationAtTime:434  RIGHT: adding TS_right to Map ch1  t=682827.791859
[682832.062312] process_mapping_thread:442  multi_to_Map fired -> calling timeSurfaceCallback
[682832.062332] timeSurfaceCallback:989  timeSurfaceCallback  TS_history.size=69  t=682827.791859
[682832.068714] createImageRepresentationAtTime:367  LEFT: adding TS_left to Track ch0 and Map ch0  t=682827.794485
[682832.069268] AA_thread:220  AA_thread adding AA_freq to AA_left_IR_to_Map
[682832.069918] AA_thread:234  AA_thread adding AA_map to multi_to_Map channel 2
[682832.070279] AA_thread:236  AA_thread DONE
[682832.082802] createImageRepresentationAtTime:434  RIGHT: adding TS_right to Map ch1  t=682827.794485
[682832.083464] process_mapping_thread:442  multi_to_Map fired -> calling timeSurfaceCallback
[682832.083496] timeSurfaceCallback:989  timeSurfaceCallback  TS_history.size=70  t=682827.794485
[682832.115738] AA_thread:134  AA_thread START  is_left=1  distance=7436  t=682827.796105
[682832.120649] AA_thread:220  AA_thread adding AA_freq to AA_left_IR_to_Map
[682832.120711] AA_thread:234  AA_thread adding AA_map to multi_to_Map channel 2
[682832.120722] AA_thread:236  AA_thread DONE
[682832.134784] publishMappingResults:1195  publishMappingResults  status=1  dqvDepthPoints.size=5
[682832.145022] createImageRepresentationAtTime:434  RIGHT: adding TS_right to Map ch1  t=682827.797110
[682832.147297] createImageRepresentationAtTime:367  LEFT: adding TS_left to Track ch0 and Map ch0  t=682827.796105
[682832.148139] publishPointCloud:1287  publishPointCloud  pc_color.size=7798  pc_filtered.size=7798  depthMap.size=7798
[682832.152466] AA_thread:134  AA_thread START  is_left=1  distance=17114  t=682827.797110
[682832.158051] AA_thread:220  AA_thread adding AA_freq to AA_left_IR_to_Map
[682832.158113] AA_thread:234  AA_thread adding AA_map to multi_to_Map channel 2
[682832.158124] AA_thread:236  AA_thread DONE
[682832.167320] createImageRepresentationAtTime:367  LEFT: adding TS_left to Track ch0 and Map ch0  t=682827.797110
[682832.169138] process_mapping_thread:442  multi_to_Map fired -> calling timeSurfaceCallback
[682832.169195] timeSurfaceCallback:989  timeSurfaceCallback  TS_history.size=71  t=682827.797110
[682832.180113] AA_thread:134  AA_thread START  is_left=1  distance=13866  t=682827.798999
[682832.193983] createImageRepresentationAtTime:367  LEFT: adding TS_left to Track ch0 and Map ch0  t=682827.798999
[682832.194135] AA_thread:220  AA_thread adding AA_freq to AA_left_IR_to_Map
[682832.194159] AA_thread:234  AA_thread adding AA_map to multi_to_Map channel 2
[682832.194169] AA_thread:236  AA_thread DONE
[682832.208074] createImageRepresentationAtTime:434  RIGHT: adding TS_right to Map ch1  t=682827.799734
[682832.231137] AA_thread:134  AA_thread START  is_left=1  distance=12795  t=682827.799734
[682832.233992] AA_thread:220  AA_thread adding AA_freq to AA_left_IR_to_Map
[682832.234057] AA_thread:234  AA_thread adding AA_map to multi_to_Map channel 2
[682832.234069] AA_thread:236  AA_thread DONE
[682832.260685] createImageRepresentationAtTime:434  RIGHT: adding TS_right to Map ch1  t=682827.802360
[682832.263664] createImageRepresentationAtTime:367  LEFT: adding TS_left to Track ch0 and Map ch0  t=682827.799734
[682832.264376] process_mapping_thread:442  multi_to_Map fired -> calling timeSurfaceCallback
[682832.264395] timeSurfaceCallback:989  timeSurfaceCallback  TS_history.size=72  t=682827.799734
[682832.280099] AA_thread:134  AA_thread START  is_left=1  distance=17060  t=682827.802360
[682832.284640] AA_thread:220  AA_thread adding AA_freq to AA_left_IR_to_Map
[682832.285457] AA_thread:234  AA_thread adding AA_map to multi_to_Map channel 2
[682832.285539] AA_thread:236  AA_thread DONE
[682832.298615] createImageRepresentationAtTime:367  LEFT: adding TS_left to Track ch0 and Map ch0  t=682827.802360
[682832.299732] process_mapping_thread:442  multi_to_Map fired -> calling timeSurfaceCallback
[682832.299791] timeSurfaceCallback:989  timeSurfaceCallback  TS_history.size=73  t=682827.802360
[682832.313268] createImageRepresentationAtTime:434  RIGHT: adding TS_right to Map ch1  t=682827.804015
[682832.313673] AA_thread:134  AA_thread START  is_left=1  distance=17156  t=682827.804984
[682832.318844] AA_thread:220  AA_thread adding AA_freq to AA_left_IR_to_Map
[682832.318930] AA_thread:234  AA_thread adding AA_map to multi_to_Map channel 2
[682832.318942] AA_thread:236  AA_thread DONE
[682832.323774] createImageRepresentationAtTime:367  LEFT: adding TS_left to Track ch0 and Map ch0  t=682827.804984
[682832.339181] createImageRepresentationAtTime:434  RIGHT: adding TS_right to Map ch1  t=682827.804984
[682832.339417] process_mapping_thread:442  multi_to_Map fired -> calling timeSurfaceCallback
[682832.339437] timeSurfaceCallback:989  timeSurfaceCallback  TS_history.size=74  t=682827.804984
[682832.363476] AA_thread:134  AA_thread START  is_left=1  distance=20131  t=682827.807610
[682832.372506] AA_thread:220  AA_thread adding AA_freq to AA_left_IR_to_Map
[682832.372565] AA_thread:234  AA_thread adding AA_map to multi_to_Map channel 2
[682832.372576] AA_thread:236  AA_thread DONE
[682832.376179] createImageRepresentationAtTime:367  LEFT: adding TS_left to Track ch0 and Map ch0  t=682827.807610
[682832.379643] createImageRepresentationAtTime:434  RIGHT: adding TS_right to Map ch1  t=682827.807610
[682832.383546] process_mapping_thread:442  multi_to_Map fired -> calling timeSurfaceCallback
[682832.384336] timeSurfaceCallback:989  timeSurfaceCallback  TS_history.size=75  t=682827.807610
[682832.406798] publishMappingResults:1195  publishMappingResults  status=1  dqvDepthPoints.size=5
[682832.415326] publishPointCloud:1287  publishPointCloud  pc_color.size=8181  pc_filtered.size=8181  depthMap.size=8181
[682832.416030] AA_thread:134  AA_thread START  is_left=1  distance=10643  t=682827.808773
[682832.425728] AA_thread:220  AA_thread adding AA_freq to AA_left_IR_to_Map
[682832.425843] AA_thread:234  AA_thread adding AA_map to multi_to_Map channel 2
[682832.425875] AA_thread:236  AA_thread DONE
[682832.435709] createImageRepresentationAtTime:367  LEFT: adding TS_left to Track ch0 and Map ch0  t=682827.808773
[682832.449551] AA_thread:134  AA_thread START  is_left=1  distance=9572  t=682827.809793
[682832.455877] createImageRepresentationAtTime:434  RIGHT: adding TS_right to Map ch1  t=682827.808784
[682832.457040] AA_thread:220  AA_thread adding AA_freq to AA_left_IR_to_Map
[682832.457102] AA_thread:234  AA_thread adding AA_map to multi_to_Map channel 2
[682832.457115] AA_thread:236  AA_thread DONE
[682832.467239] createImageRepresentationAtTime:367  LEFT: adding TS_left to Track ch0 and Map ch0  t=682827.809793
[682832.472408] process_mapping_thread:442  multi_to_Map fired -> calling timeSurfaceCallback
[682832.472471] timeSurfaceCallback:989  timeSurfaceCallback  TS_history.size=76  t=682827.808773
[682832.500026] createImageRepresentationAtTime:434  RIGHT: adding TS_right to Map ch1  t=682827.810234
[682832.515756] AA_thread:134  AA_thread START  is_left=1  distance=16759  t=682827.812860
[682832.519712] AA_thread:220  AA_thread adding AA_freq to AA_left_IR_to_Map
[682832.519797] AA_thread:234  AA_thread adding AA_map to multi_to_Map channel 2
[682832.519809] AA_thread:236  AA_thread DONE
[682832.529788] createImageRepresentationAtTime:434  RIGHT: adding TS_right to Map ch1  t=682827.815484
[682832.536052] createImageRepresentationAtTime:367  LEFT: adding TS_left to Track ch0 and Map ch0  t=682827.812860
[682832.536221] process_mapping_thread:442  multi_to_Map fired -> calling timeSurfaceCallback
[682832.536270] timeSurfaceCallback:989  timeSurfaceCallback  TS_history.size=77  t=682827.809793
[682832.552538] AA_thread:134  AA_thread START  is_left=1  distance=17158  t=682827.815484
[682832.556282] AA_thread:220  AA_thread adding AA_freq to AA_left_IR_to_Map
[682832.556336] AA_thread:234  AA_thread adding AA_map to multi_to_Map channel 2
[682832.556347] AA_thread:236  AA_thread DONE
[682832.569651] createImageRepresentationAtTime:367  LEFT: adding TS_left to Track ch0 and Map ch0  t=682827.815484
[682832.571347] AA_thread:134  AA_thread START  is_left=1  distance=13037  t=682827.817879
[682832.572151] process_mapping_thread:442  multi_to_Map fired -> calling timeSurfaceCallback
[682832.573460] timeSurfaceCallback:989  timeSurfaceCallback  TS_history.size=78  t=682827.815484
[682832.574002] AA_thread:220  AA_thread adding AA_freq to AA_left_IR_to_Map
[682832.574073] AA_thread:234  AA_thread adding AA_map to multi_to_Map channel 2
[682832.574085] AA_thread:236  AA_thread DONE
[682832.582761] createImageRepresentationAtTime:434  RIGHT: adding TS_right to Map ch1  t=682827.818110
[682832.591972] createImageRepresentationAtTime:367  LEFT: adding TS_left to Track ch0 and Map ch0  t=682827.817879
[682832.597808] AA_thread:134  AA_thread START  is_left=1  distance=4135  t=682827.818110
[682832.602611] AA_thread:220  AA_thread adding AA_freq to AA_left_IR_to_Map
[682832.602975] AA_thread:234  AA_thread adding AA_map to multi_to_Map channel 2
[682832.603151] AA_thread:236  AA_thread DONE
[682832.614634] createImageRepresentationAtTime:367  LEFT: adding TS_left to Track ch0 and Map ch0  t=682827.818110
[682832.619230] process_mapping_thread:442  multi_to_Map fired -> calling timeSurfaceCallback
[682832.619305] timeSurfaceCallback:989  timeSurfaceCallback  TS_history.size=79  t=682827.818110
[682832.626308] AA_thread:134  AA_thread START  is_left=1  distance=17405  t=682827.820734
[682832.637873] AA_thread:220  AA_thread adding AA_freq to AA_left_IR_to_Map
[682832.637934] AA_thread:234  AA_thread adding AA_map to multi_to_Map channel 2
[682832.637944] AA_thread:236  AA_thread DONE
[682832.647412] createImageRepresentationAtTime:434  RIGHT: adding TS_right to Map ch1  t=682827.820734
[682832.653367] createImageRepresentationAtTime:367  LEFT: adding TS_left to Track ch0 and Map ch0  t=682827.820734
[682832.655528] process_mapping_thread:442  multi_to_Map fired -> calling timeSurfaceCallback
[682832.655587] timeSurfaceCallback:989  timeSurfaceCallback  TS_history.size=80  t=682827.820734
[682832.675993] AA_thread:134  AA_thread START  is_left=1  distance=5709  t=682827.822006
[682832.682330] AA_thread:220  AA_thread adding AA_freq to AA_left_IR_to_Map
[682832.682436] AA_thread:234  AA_thread adding AA_map to multi_to_Map channel 2
[682832.682447] AA_thread:236  AA_thread DONE
[682832.703492] createImageRepresentationAtTime:434  RIGHT: adding TS_right to Map ch1  t=682827.823360
[682832.703654] createImageRepresentationAtTime:367  LEFT: adding TS_left to Track ch0 and Map ch0  t=682827.822006
[682832.706178] AA_thread:134  AA_thread START  is_left=1  distance=0  t=682827.822006
[682832.713814] AA_thread:220  AA_thread adding AA_freq to AA_left_IR_to_Map
[682832.713867] AA_thread:234  AA_thread adding AA_map to multi_to_Map channel 2
[682832.715255] AA_thread:236  AA_thread DONE
[682832.718145] createImageRepresentationAtTime:367  LEFT: adding TS_left to Track ch0 and Map ch0  t=682827.822006
[682832.723781] AA_thread:134  AA_thread START  is_left=1  distance=11134  t=682827.823556
[682832.736105] AA_thread:220  AA_thread adding AA_freq to AA_left_IR_to_Map
[682832.738104] AA_thread:234  AA_thread adding AA_map to multi_to_Map channel 2
[682832.738139] AA_thread:236  AA_thread DONE
[682832.752302] createImageRepresentationAtTime:367  LEFT: adding TS_left to Track ch0 and Map ch0  t=682827.823556
[682832.753540] process_mapping_thread:442  multi_to_Map fired -> calling timeSurfaceCallback
[682832.753597] timeSurfaceCallback:989  timeSurfaceCallback  TS_history.size=81  t=682827.823556
[682832.768398] AA_thread:134  AA_thread START  is_left=1  distance=17644  t=682827.825984
[682832.769089] createImageRepresentationAtTime:434  RIGHT: adding TS_right to Map ch1  t=682827.823826
[682832.776097] AA_thread:220  AA_thread adding AA_freq to AA_left_IR_to_Map
[682832.776151] AA_thread:234  AA_thread adding AA_map to multi_to_Map channel 2
[682832.776162] AA_thread:236  AA_thread DONE
[682832.787666] publishMappingResults:1195  publishMappingResults  status=1  dqvDepthPoints.size=5
[682832.789172] createImageRepresentationAtTime:434  RIGHT: adding TS_right to Map ch1  t=682827.825984
[682832.793582] createImageRepresentationAtTime:367  LEFT: adding TS_left to Track ch0 and Map ch0  t=682827.825984
[682832.797841] process_mapping_thread:442  multi_to_Map fired -> calling timeSurfaceCallback
[682832.802011] publishPointCloud:1287  publishPointCloud  pc_color.size=8362  pc_filtered.size=8362  depthMap.size=8362
[682832.810726] AA_thread:134  AA_thread START  is_left=1  distance=17451  t=682827.828610
[682832.819386] createImageRepresentationAtTime:434  RIGHT: adding TS_right to Map ch1  t=682827.828610
[682832.822965] createImageRepresentationAtTime:367  LEFT: adding TS_left to Track ch0 and Map ch0  t=682827.828610
[682832.824197] AA_thread:220  AA_thread adding AA_freq to AA_left_IR_to_Map
[682832.824261] AA_thread:234  AA_thread adding AA_map to multi_to_Map channel 2
[682832.825426] AA_thread:236  AA_thread DONE
[682832.845434] AA_thread:134  AA_thread START  is_left=1  distance=2676  t=682827.828772
[682832.852253] AA_thread:220  AA_thread adding AA_freq to AA_left_IR_to_Map
[682832.852307] AA_thread:234  AA_thread adding AA_map to multi_to_Map channel 2
[682832.852325] AA_thread:236  AA_thread DONE
[682832.863904] createImageRepresentationAtTime:367  LEFT: adding TS_left to Track ch0 and Map ch0  t=682827.828772
[682832.865359] createImageRepresentationAtTime:434  RIGHT: adding TS_right to Map ch1  t=682827.829894
[682832.868618] timeSurfaceCallback:989  timeSurfaceCallback  TS_history.size=82  t=682827.825984
[682832.882002] AA_thread:134  AA_thread START  is_left=1  distance=17577  t=682827.831234
[682832.889224] AA_thread:220  AA_thread adding AA_freq to AA_left_IR_to_Map
[682832.889312] AA_thread:234  AA_thread adding AA_map to multi_to_Map channel 2
[682832.889327] AA_thread:236  AA_thread DONE
[682832.904049] createImageRepresentationAtTime:367  LEFT: adding TS_left to Track ch0 and Map ch0  t=682827.831234
[682832.908822] createImageRepresentationAtTime:434  RIGHT: adding TS_right to Map ch1  t=682827.831234
[682832.916109] process_mapping_thread:442  multi_to_Map fired -> calling timeSurfaceCallback
[682832.916148] timeSurfaceCallback:989  timeSurfaceCallback  TS_history.size=83  t=682827.828610
[682832.926030] AA_thread:134  AA_thread START  is_left=1  distance=2719  t=682827.832533
[682832.930804] AA_thread:220  AA_thread adding AA_freq to AA_left_IR_to_Map
[682832.930919] AA_thread:234  AA_thread adding AA_map to multi_to_Map channel 2
[682832.930929] AA_thread:236  AA_thread DONE
[682832.937634] createImageRepresentationAtTime:367  LEFT: adding TS_left to Track ch0 and Map ch0  t=682827.832533
[682833.031729] AA_thread:134  AA_thread START  is_left=1  distance=17471  t=682827.833860
[682833.129807] AA_thread:220  AA_thread adding AA_freq to AA_left_IR_to_Map
[682833.129859] AA_thread:234  AA_thread adding AA_map to multi_to_Map channel 2
[682833.129972] AA_thread:236  AA_thread DONE
[682833.130534] createImageRepresentationAtTime:367  LEFT: adding TS_left to Track ch0 and Map ch0  t=682827.833860
[682833.132691] process_mapping_thread:442  multi_to_Map fired -> calling timeSurfaceCallback
[682833.132739] timeSurfaceCallback:989  timeSurfaceCallback  TS_history.size=84  t=682827.828772
[682833.139290] createImageRepresentationAtTime:434  RIGHT: adding TS_right to Map ch1  t=682827.831449
[682833.139616] AA_thread:134  AA_thread START  is_left=1  distance=17635  t=682827.836484
[682833.154317] AA_thread:220  AA_thread adding AA_freq to AA_left_IR_to_Map
[682833.154376] AA_thread:234  AA_thread adding AA_map to multi_to_Map channel 2
[682833.154386] AA_thread:236  AA_thread DONE
[682833.163118] createImageRepresentationAtTime:367  LEFT: adding TS_left to Track ch0 and Map ch0  t=682827.836484
[682833.163427] createImageRepresentationAtTime:268  createImageRepresentation early-return: vEvents_ empty  is_left=1
[682833.183263] AA_thread:134  AA_thread START  is_left=1  distance=17928  t=682827.839110
[682833.194944] process_mapping_thread:442  multi_to_Map fired -> calling timeSurfaceCallback
[682833.195008] timeSurfaceCallback:989  timeSurfaceCallback  TS_history.size=85  t=682827.831234
[682833.195509] AA_thread:220  AA_thread adding AA_freq to AA_left_IR_to_Map
[682833.195553] AA_thread:234  AA_thread adding AA_map to multi_to_Map channel 2
[682833.195564] AA_thread:236  AA_thread DONE
[682833.205879] createImageRepresentationAtTime:367  LEFT: adding TS_left to Track ch0 and Map ch0  t=682827.839110
[682833.233123] createImageRepresentationAtTime:434  RIGHT: adding TS_right to Map ch1  t=682827.836920
[682833.249093] createImageRepresentationAtTime:434  RIGHT: adding TS_right to Map ch1  t=682827.836920
[682833.264497] process_mapping_thread:442  multi_to_Map fired -> calling timeSurfaceCallback
[682833.266355] timeSurfaceCallback:989  timeSurfaceCallback  TS_history.size=86  t=682827.832533
[682833.272707] createImageRepresentationAtTime:434  RIGHT: adding TS_right to Map ch1  t=682827.841734
[682833.280357] AA_thread:134  AA_thread START  is_left=1  distance=18747  t=682827.841734
[682833.283447] AA_thread:220  AA_thread adding AA_freq to AA_left_IR_to_Map
[682833.283525] AA_thread:234  AA_thread adding AA_map to multi_to_Map channel 2
[682833.283535] AA_thread:236  AA_thread DONE
[682833.293671] process_mapping_thread:442  multi_to_Map fired -> calling timeSurfaceCallback
[682833.293720] timeSurfaceCallback:989  timeSurfaceCallback  TS_history.size=87  t=682827.836484
[682833.296090] createImageRepresentationAtTime:367  LEFT: adding TS_left to Track ch0 and Map ch0  t=682827.841734
[682833.304685] process_mapping_thread:442  multi_to_Map fired -> calling timeSurfaceCallback
[682833.304761] timeSurfaceCallback:989  timeSurfaceCallback  TS_history.size=88  t=682827.839110
[682833.338733] process_mapping_thread:442  multi_to_Map fired -> calling timeSurfaceCallback
[682833.338784] timeSurfaceCallback:989  timeSurfaceCallback  TS_history.size=89  t=682827.841734
[682833.339377] AA_thread:134  AA_thread START  is_left=1  distance=17736  t=682827.842935
[682833.341992] AA_thread:220  AA_thread adding AA_freq to AA_left_IR_to_Map
[682833.342046] AA_thread:234  AA_thread adding AA_map to multi_to_Map channel 2
[682833.342056] AA_thread:236  AA_thread DONE
[682833.365484] createImageRepresentationAtTime:367  LEFT: adding TS_left to Track ch0 and Map ch0  t=682827.842935
[682833.383894] AA_thread:134  AA_thread START  is_left=1  distance=17548  t=682827.844360
[682833.392347] AA_thread:220  AA_thread adding AA_freq to AA_left_IR_to_Map
[682833.392410] AA_thread:234  AA_thread adding AA_map to multi_to_Map channel 2
[682833.392421] AA_thread:236  AA_thread DONE
[682833.410558] createImageRepresentationAtTime:367  LEFT: adding TS_left to Track ch0 and Map ch0  t=682827.844360
[682833.423694] createImageRepresentationAtTime:434  RIGHT: adding TS_right to Map ch1  t=682827.844360
[682833.424217] process_mapping_thread:442  multi_to_Map fired -> calling timeSurfaceCallback
[682833.424253] timeSurfaceCallback:989  timeSurfaceCallback  TS_history.size=90  t=682827.844360
[682833.459169] AA_thread:134  AA_thread START  is_left=1  distance=33853  t=682827.846984
[682833.471450] AA_thread:220  AA_thread adding AA_freq to AA_left_IR_to_Map
[682833.471514] AA_thread:234  AA_thread adding AA_map to multi_to_Map channel 2
[682833.471527] AA_thread:236  AA_thread DONE
[682833.475268] createImageRepresentationAtTime:434  RIGHT: adding TS_right to Map ch1  t=682827.846984
[682833.483487] createImageRepresentationAtTime:367  LEFT: adding TS_left to Track ch0 and Map ch0  t=682827.846984
[682833.509170] AA_thread:134  AA_thread START  is_left=1  distance=9817  t=682827.847544
[682833.514938] AA_thread:220  AA_thread adding AA_freq to AA_left_IR_to_Map
[682833.514984] AA_thread:234  AA_thread adding AA_map to multi_to_Map channel 2
[682833.514997] AA_thread:236  AA_thread DONE
[682833.524307] createImageRepresentationAtTime:367  LEFT: adding TS_left to Track ch0 and Map ch0  t=682827.847544
[682833.531368] process_mapping_thread:442  multi_to_Map fired -> calling timeSurfaceCallback
[682833.531424] timeSurfaceCallback:989  timeSurfaceCallback  TS_history.size=91  t=682827.846984
[682833.536365] createImageRepresentationAtTime:434  RIGHT: adding TS_right to Map ch1  t=682827.849610
[682833.540049] AA_thread:134  AA_thread START  is_left=1  distance=17728  t=682827.849610
[682833.543636] AA_thread:220  AA_thread adding AA_freq to AA_left_IR_to_Map
[682833.543709] AA_thread:234  AA_thread adding AA_map to multi_to_Map channel 2
[682833.543722] AA_thread:236  AA_thread DONE
[682833.548597] createImageRepresentationAtTime:367  LEFT: adding TS_left to Track ch0 and Map ch0  t=682827.849610
[682833.554636] publishMappingResults:1195  publishMappingResults  status=1  dqvDepthPoints.size=5
[682833.576953] AA_thread:134  AA_thread START  is_left=1  distance=37851  t=682827.852234
[682833.583680] publishPointCloud:1287  publishPointCloud  pc_color.size=7730  pc_filtered.size=7730  depthMap.size=7730
[682833.598452] AA_thread:220  AA_thread adding AA_freq to AA_left_IR_to_Map
[682833.609705] AA_thread:234  AA_thread adding AA_map to multi_to_Map channel 2
[682833.609966] AA_thread:236  AA_thread DONE
[682833.610029] createImageRepresentationAtTime:367  LEFT: adding TS_left to Track ch0 and Map ch0  t=682827.852234
[682833.610405] createImageRepresentationAtTime:434  RIGHT: adding TS_right to Map ch1  t=682827.852234
[682833.621202] AA_thread:134  AA_thread START  is_left=1  distance=20746  t=682827.853394
[682833.630662] AA_thread:220  AA_thread adding AA_freq to AA_left_IR_to_Map
[682833.644124] AA_thread:234  AA_thread adding AA_map to multi_to_Map channel 2
[682833.644168] AA_thread:236  AA_thread DONE
[682833.647978] process_mapping_thread:442  multi_to_Map fired -> calling timeSurfaceCallback
[682833.648029] timeSurfaceCallback:989  timeSurfaceCallback  TS_history.size=92  t=682827.849610
[682833.649352] createImageRepresentationAtTime:434  RIGHT: adding TS_right to Map ch1  t=682827.854859
[682833.661295] createImageRepresentationAtTime:367  LEFT: adding TS_left to Track ch0 and Map ch0  t=682827.853394
[682833.663779] AA_thread:134  AA_thread START  is_left=1  distance=17905  t=682827.854859
[682833.667753] AA_thread:220  AA_thread adding AA_freq to AA_left_IR_to_Map
[682833.667821] AA_thread:234  AA_thread adding AA_map to multi_to_Map channel 2
[682833.667840] AA_thread:236  AA_thread DONE
[682833.674099] createImageRepresentationAtTime:367  LEFT: adding TS_left to Track ch0 and Map ch0  t=682827.854859
[682833.699320] AA_thread:134  AA_thread START  is_left=1  distance=23886  t=682827.856302
[682833.708921] AA_thread:220  AA_thread adding AA_freq to AA_left_IR_to_Map
[682833.708965] AA_thread:234  AA_thread adding AA_map to multi_to_Map channel 2
[682833.708975] AA_thread:236  AA_thread DONE
[682833.710837] process_mapping_thread:442  multi_to_Map fired -> calling timeSurfaceCallback
[682833.712039] timeSurfaceCallback:989  timeSurfaceCallback  TS_history.size=93  t=682827.852234
[682833.737986] createImageRepresentationAtTime:367  LEFT: adding TS_left to Track ch0 and Map ch0  t=682827.856302
[682833.746525] createImageRepresentationAtTime:434  RIGHT: adding TS_right to Map ch1  t=682827.857485
[682833.751703] AA_thread:134  AA_thread START  is_left=1  distance=17826  t=682827.857485
[682833.761172] process_mapping_thread:442  multi_to_Map fired -> calling timeSurfaceCallback
[682833.761229] timeSurfaceCallback:989  timeSurfaceCallback  TS_history.size=94  t=682827.854859
[682833.762552] AA_thread:220  AA_thread adding AA_freq to AA_left_IR_to_Map
[682833.762599] AA_thread:234  AA_thread adding AA_map to multi_to_Map channel 2
[682833.762609] AA_thread:236  AA_thread DONE
[682833.792929] createImageRepresentationAtTime:367  LEFT: adding TS_left to Track ch0 and Map ch0  t=682827.857485
[682833.811837] AA_thread:134  AA_thread START  is_left=1  distance=17931  t=682827.860109
[682833.822776] createImageRepresentationAtTime:434  RIGHT: adding TS_right to Map ch1  t=682827.860109
[682833.827538] AA_thread:220  AA_thread adding AA_freq to AA_left_IR_to_Map
[682833.827587] AA_thread:234  AA_thread adding AA_map to multi_to_Map channel 2
[682833.827597] AA_thread:236  AA_thread DONE
[682833.841482] createImageRepresentationAtTime:367  LEFT: adding TS_left to Track ch0 and Map ch0  t=682827.860109
[682833.864813] AA_thread:134  AA_thread START  is_left=1  distance=18055  t=682827.862735
[682833.875111] AA_thread:220  AA_thread adding AA_freq to AA_left_IR_to_Map
[682833.876401] AA_thread:234  AA_thread adding AA_map to multi_to_Map channel 2
[682833.876452] AA_thread:236  AA_thread DONE
[682833.883933] createImageRepresentationAtTime:434  RIGHT: adding TS_right to Map ch1  t=682827.862735
[682833.927661] createImageRepresentationAtTime:434  RIGHT: adding TS_right to Map ch1  t=682827.865359
[682833.941813] process_mapping_thread:442  multi_to_Map fired -> calling timeSurfaceCallback
[682833.941870] timeSurfaceCallback:989  timeSurfaceCallback  TS_history.size=95  t=682827.857485
[682833.942151] createImageRepresentationAtTime:367  LEFT: adding TS_left to Track ch0 and Map ch0  t=682827.862735
[682833.967814] AA_thread:134  AA_thread START  is_left=1  distance=17999  t=682827.867985
[682833.971055] AA_thread:220  AA_thread adding AA_freq to AA_left_IR_to_Map
[682833.971124] AA_thread:234  AA_thread adding AA_map to multi_to_Map channel 2
[682833.971135] AA_thread:236  AA_thread DONE
[682833.987762] process_mapping_thread:442  multi_to_Map fired -> calling timeSurfaceCallback
[682833.988020] timeSurfaceCallback:989  timeSurfaceCallback  TS_history.size=96  t=682827.860109
[682834.012393] createImageRepresentationAtTime:434  RIGHT: adding TS_right to Map ch1  t=682827.867566
[682834.019751] createImageRepresentationAtTime:367  LEFT: adding TS_left to Track ch0 and Map ch0  t=682827.867985
[682834.028088] AA_thread:134  AA_thread START  is_left=1  distance=17962  t=682827.870609
[682834.044177] AA_thread:220  AA_thread adding AA_freq to AA_left_IR_to_Map
[682834.044220] AA_thread:234  AA_thread adding AA_map to multi_to_Map channel 2
[682834.044231] AA_thread:236  AA_thread DONE
[682834.069918] createImageRepresentationAtTime:434  RIGHT: adding TS_right to Map ch1  t=682827.870609
[682834.075937] createImageRepresentationAtTime:367  LEFT: adding TS_left to Track ch0 and Map ch0  t=682827.870609
[682834.085177] process_mapping_thread:442  multi_to_Map fired -> calling timeSurfaceCallback
[682834.085244] timeSurfaceCallback:989  timeSurfaceCallback  TS_history.size=97  t=682827.862735
[682834.116900] createImageRepresentationAtTime:434  RIGHT: adding TS_right to Map ch1  t=682827.873235
[682834.129773] AA_thread:134  AA_thread START  is_left=1  distance=17956  t=682827.873235
[682834.133670] process_mapping_thread:442  multi_to_Map fired -> calling timeSurfaceCallback
[682834.137976] timeSurfaceCallback:989  timeSurfaceCallback  TS_history.size=98  t=682827.867985
[682834.142736] AA_thread:220  AA_thread adding AA_freq to AA_left_IR_to_Map
[682834.142812] AA_thread:234  AA_thread adding AA_map to multi_to_Map channel 2
[682834.142826] AA_thread:236  AA_thread DONE
[682834.167179] createImageRepresentationAtTime:434  RIGHT: adding TS_right to Map ch1  t=682827.873617
[682834.186486] process_mapping_thread:442  multi_to_Map fired -> calling timeSurfaceCallback
[682834.186560] timeSurfaceCallback:989  timeSurfaceCallback  TS_history.size=99  t=682827.870609
[682834.193848] createImageRepresentationAtTime:434  RIGHT: adding TS_right to Map ch1  t=682827.874929
[682834.219701] createImageRepresentationAtTime:434  RIGHT: adding TS_right to Map ch1  t=682827.878099
[682834.226917] createImageRepresentationAtTime:367  LEFT: adding TS_left to Track ch0 and Map ch0  t=682827.873235
[682834.236383] process_mapping_thread:442  multi_to_Map fired -> calling timeSurfaceCallback
[682834.236590] timeSurfaceCallback:989  timeSurfaceCallback  TS_history.size=100  t=682827.873235
[682834.237485] createImageRepresentationAtTime:434  RIGHT: adding TS_right to Map ch1  t=682827.878099
[682834.254477] createImageRepresentationAtTime:434  RIGHT: adding TS_right to Map ch1  t=682827.878485
[682834.258887] AA_thread:134  AA_thread START  is_left=1  distance=18517  t=682827.878485
[682834.264179] AA_thread:220  AA_thread adding AA_freq to AA_left_IR_to_Map
[682834.264238] AA_thread:234  AA_thread adding AA_map to multi_to_Map channel 2
[682834.264248] AA_thread:236  AA_thread DONE
[682834.270193] createImageRepresentationAtTime:367  LEFT: adding TS_left to Track ch0 and Map ch0  t=682827.878485
[682834.275925] process_mapping_thread:442  multi_to_Map fired -> calling timeSurfaceCallback
[682834.276088] timeSurfaceCallback:989  timeSurfaceCallback  TS_history.size=100  t=682827.878485
[682834.284222] AA_thread:134  AA_thread START  is_left=1  distance=18104  t=682827.881109
[682834.289254] createImageRepresentationAtTime:434  RIGHT: adding TS_right to Map ch1  t=682827.881109
[682834.291834] AA_thread:220  AA_thread adding AA_freq to AA_left_IR_to_Map
[682834.291900] AA_thread:234  AA_thread adding AA_map to multi_to_Map channel 2
[682834.291910] AA_thread:236  AA_thread DONE
[682834.315387] createImageRepresentationAtTime:367  LEFT: adding TS_left to Track ch0 and Map ch0  t=682827.881109
[682834.334101] createImageRepresentationAtTime:434  RIGHT: adding TS_right to Map ch1  t=682827.883029
[682834.348195] createImageRepresentationAtTime:434  RIGHT: adding TS_right to Map ch1  t=682827.883735
[682834.351490] AA_thread:134  AA_thread START  is_left=1  distance=18108  t=682827.883735
[682834.351691] process_mapping_thread:442  multi_to_Map fired -> calling timeSurfaceCallback
[682834.351736] timeSurfaceCallback:989  timeSurfaceCallback  TS_history.size=100  t=682827.881109
[682834.365629] AA_thread:220  AA_thread adding AA_freq to AA_left_IR_to_Map
[682834.365687] AA_thread:234  AA_thread adding AA_map to multi_to_Map channel 2
[682834.365698] AA_thread:236  AA_thread DONE
[682834.372787] createImageRepresentationAtTime:367  LEFT: adding TS_left to Track ch0 and Map ch0  t=682827.883735
[682834.385208] createImageRepresentationAtTime:434  RIGHT: adding TS_right to Map ch1  t=682827.886359
[682834.385432] AA_thread:134  AA_thread START  is_left=1  distance=18225  t=682827.886359
[682834.393952] AA_thread:220  AA_thread adding AA_freq to AA_left_IR_to_Map
[682834.394013] AA_thread:234  AA_thread adding AA_map to multi_to_Map channel 2
[682834.394024] AA_thread:236  AA_thread DONE
[682834.395874] process_mapping_thread:442  multi_to_Map fired -> calling timeSurfaceCallback
[682834.396100] timeSurfaceCallback:989  timeSurfaceCallback  TS_history.size=100  t=682827.883735
[682834.439628] createImageRepresentationAtTime:367  LEFT: adding TS_left to Track ch0 and Map ch0  t=682827.886359
[682834.442594] process_mapping_thread:442  multi_to_Map fired -> calling timeSurfaceCallback
[682834.442622] timeSurfaceCallback:989  timeSurfaceCallback  TS_history.size=100  t=682827.886359
[682834.454914] createImageRepresentationAtTime:434  RIGHT: adding TS_right to Map ch1  t=682827.888985
[682834.456846] AA_thread:134  AA_thread START  is_left=1  distance=18093  t=682827.888985
[682834.468721] publishMappingResults:1195  publishMappingResults  status=1  dqvDepthPoints.size=5
[682834.471044] AA_thread:220  AA_thread adding AA_freq to AA_left_IR_to_Map
[682834.471078] AA_thread:234  AA_thread adding AA_map to multi_to_Map channel 2
[682834.471090] AA_thread:236  AA_thread DONE
[682834.476227] createImageRepresentationAtTime:367  LEFT: adding TS_left to Track ch0 and Map ch0  t=682827.888985
[682834.497530] publishPointCloud:1287  publishPointCloud  pc_color.size=8406  pc_filtered.size=8406  depthMap.size=8406
[682834.507598] AA_thread:134  AA_thread START  is_left=1  distance=18599  t=682827.891609
[682834.528846] AA_thread:220  AA_thread adding AA_freq to AA_left_IR_to_Map
[682834.529266] AA_thread:234  AA_thread adding AA_map to multi_to_Map channel 2
[682834.529279] AA_thread:236  AA_thread DONE
[682834.564892] process_mapping_thread:442  multi_to_Map fired -> calling timeSurfaceCallback
[682834.565149] timeSurfaceCallback:989  timeSurfaceCallback  TS_history.size=100  t=682827.888985
[682834.566910] createImageRepresentationAtTime:367  LEFT: adding TS_left to Track ch0 and Map ch0  t=682827.891609
[682834.571759] createImageRepresentationAtTime:434  RIGHT: adding TS_right to Map ch1  t=682827.891609
[682834.590932] AA_thread:134  AA_thread START  is_left=1  distance=10976  t=682827.892205
[682834.611324] AA_thread:220  AA_thread adding AA_freq to AA_left_IR_to_Map
[682834.611383] AA_thread:234  AA_thread adding AA_map to multi_to_Map channel 2
[682834.611393] AA_thread:236  AA_thread DONE
[682834.622821] process_mapping_thread:442  multi_to_Map fired -> calling timeSurfaceCallback
[682834.622885] timeSurfaceCallback:989  timeSurfaceCallback  TS_history.size=100  t=682827.891609
[682834.661566] createImageRepresentationAtTime:367  LEFT: adding TS_left to Track ch0 and Map ch0  t=682827.892205
[682834.673104] AA_thread:134  AA_thread START  is_left=1  distance=18731  t=682827.894235
[682834.685297] AA_thread:220  AA_thread adding AA_freq to AA_left_IR_to_Map
[682834.685345] AA_thread:234  AA_thread adding AA_map to multi_to_Map channel 2
[682834.685412] AA_thread:236  AA_thread DONE
[682834.698803] createImageRepresentationAtTime:434  RIGHT: adding TS_right to Map ch1  t=682827.893639
[682834.704610] createImageRepresentationAtTime:367  LEFT: adding TS_left to Track ch0 and Map ch0  t=682827.894235
[682834.705871] process_mapping_thread:442  multi_to_Map fired -> calling timeSurfaceCallback
[682834.707511] timeSurfaceCallback:989  timeSurfaceCallback  TS_history.size=100  t=682827.894235
[682834.721318] AA_thread:134  AA_thread START  is_left=1  distance=18944  t=682827.896859
[682834.733123] AA_thread:220  AA_thread adding AA_freq to AA_left_IR_to_Map
[682834.733252] AA_thread:234  AA_thread adding AA_map to multi_to_Map channel 2
[682834.733334] AA_thread:236  AA_thread DONE
[682834.733789] createImageRepresentationAtTime:434  RIGHT: adding TS_right to Map ch1  t=682827.896859
[682834.762279] createImageRepresentationAtTime:367  LEFT: adding TS_left to Track ch0 and Map ch0  t=682827.896859
[682834.774294] process_mapping_thread:442  multi_to_Map fired -> calling timeSurfaceCallback
[682834.788380] timeSurfaceCallback:989  timeSurfaceCallback  TS_history.size=100  t=682827.896859
[682834.789375] AA_thread:134  AA_thread START  is_left=1  distance=18741  t=682827.899485
[682834.790169] createImageRepresentationAtTime:434  RIGHT: adding TS_right to Map ch1  t=682827.899485
[682834.823280] AA_thread:220  AA_thread adding AA_freq to AA_left_IR_to_Map
[682834.823337] AA_thread:234  AA_thread adding AA_map to multi_to_Map channel 2
[682834.823347] AA_thread:236  AA_thread DONE
[682834.880617] createImageRepresentationAtTime:434  RIGHT: adding TS_right to Map ch1  t=682827.902109
[682834.881721] createImageRepresentationAtTime:367  LEFT: adding TS_left to Track ch0 and Map ch0  t=682827.899485
[682834.925924] AA_thread:134  AA_thread START  is_left=1  distance=18691  t=682827.904735
[682834.941987] AA_thread:220  AA_thread adding AA_freq to AA_left_IR_to_Map
[682834.942044] AA_thread:234  AA_thread adding AA_map to multi_to_Map channel 2
[682834.942054] AA_thread:236  AA_thread DONE
[682834.945300] createImageRepresentationAtTime:367  LEFT: adding TS_left to Track ch0 and Map ch0  t=682827.904735
[682834.972572] createImageRepresentationAtTime:434  RIGHT: adding TS_right to Map ch1  t=682827.904735
[682834.976156] AA_thread:134  AA_thread START  is_left=1  distance=18518  t=682827.907359
[682834.978952] process_mapping_thread:442  multi_to_Map fired -> calling timeSurfaceCallback
[682834.979005] timeSurfaceCallback:989  timeSurfaceCallback  TS_history.size=100  t=682827.899485
[682835.004086] AA_thread:220  AA_thread adding AA_freq to AA_left_IR_to_Map
[682835.004150] AA_thread:234  AA_thread adding AA_map to multi_to_Map channel 2
[682835.004161] AA_thread:236  AA_thread DONE
[682835.023401] createImageRepresentationAtTime:367  LEFT: adding TS_left to Track ch0 and Map ch0  t=682827.907359
[682835.033458] process_mapping_thread:442  multi_to_Map fired -> calling timeSurfaceCallback
[682835.033586] timeSurfaceCallback:989  timeSurfaceCallback  TS_history.size=100  t=682827.904735
[682835.036130] AA_thread:134  AA_thread START  is_left=1  distance=18721  t=682827.909984
[682835.036612] createImageRepresentationAtTime:434  RIGHT: adding TS_right to Map ch1  t=682827.907359
[682835.051410] AA_thread:220  AA_thread adding AA_freq to AA_left_IR_to_Map
[682835.051485] AA_thread:234  AA_thread adding AA_map to multi_to_Map channel 2
[682835.051500] AA_thread:236  AA_thread DONE
[682835.067631] createImageRepresentationAtTime:434  RIGHT: adding TS_right to Map ch1  t=682827.909984
[682835.090451] createImageRepresentationAtTime:367  LEFT: adding TS_left to Track ch0 and Map ch0  t=682827.909984
[682835.091534] AA_thread:134  AA_thread START  is_left=1  distance=19012  t=682827.912610
[682835.093786] createImageRepresentationAtTime:434  RIGHT: adding TS_right to Map ch1  t=682827.912610
[682835.093891] createImageRepresentationAtTime:268  createImageRepresentation early-return: vEvents_ empty  is_left=0
[682835.095149] AA_thread:220  AA_thread adding AA_freq to AA_left_IR_to_Map
[682835.095225] AA_thread:234  AA_thread adding AA_map to multi_to_Map channel 2
[682835.096075] AA_thread:236  AA_thread DONE
[682835.099466] createImageRepresentationAtTime:367  LEFT: adding TS_left to Track ch0 and Map ch0  t=682827.912610
[682835.120553] process_mapping_thread:442  multi_to_Map fired -> calling timeSurfaceCallback
[682835.120743] timeSurfaceCallback:989  timeSurfaceCallback  TS_history.size=100  t=682827.907359
[682835.156092] AA_thread:134  AA_thread START  is_left=1  distance=4119  t=682827.913177
[682835.158051] process_mapping_thread:442  multi_to_Map fired -> calling timeSurfaceCallback
[682835.158108] timeSurfaceCallback:989  timeSurfaceCallback  TS_history.size=100  t=682827.909984
[682835.161320] AA_thread:220  AA_thread adding AA_freq to AA_left_IR_to_Map
[682835.161452] AA_thread:234  AA_thread adding AA_map to multi_to_Map channel 2
[682835.161491] AA_thread:236  AA_thread DONE
[682835.188776] createImageRepresentationAtTime:434  RIGHT: adding TS_right to Map ch1  t=682827.915234
[682835.190976] createImageRepresentationAtTime:367  LEFT: adding TS_left to Track ch0 and Map ch0  t=682827.913177
[682835.195765] publishMappingResults:1195  publishMappingResults  status=1  dqvDepthPoints.size=5
[682835.213415] AA_thread:134  AA_thread START  is_left=1  distance=18917  t=682827.915234
[682835.215505] publishPointCloud:1287  publishPointCloud  pc_color.size=8238  pc_filtered.size=8238  depthMap.size=8238
[682835.224045] AA_thread:220  AA_thread adding AA_freq to AA_left_IR_to_Map
[682835.224099] AA_thread:234  AA_thread adding AA_map to multi_to_Map channel 2
[682835.224109] AA_thread:236  AA_thread DONE
[682835.237984] createImageRepresentationAtTime:367  LEFT: adding TS_left to Track ch0 and Map ch0  t=682827.915234
[682835.259446] AA_thread:134  AA_thread START  is_left=1  distance=19020  t=682827.917860
[682835.269654] AA_thread:220  AA_thread adding AA_freq to AA_left_IR_to_Map
[682835.269735] AA_thread:234  AA_thread adding AA_map to multi_to_Map channel 2
[682835.269747] AA_thread:236  AA_thread DONE
[682835.274109] createImageRepresentationAtTime:367  LEFT: adding TS_left to Track ch0 and Map ch0  t=682827.917860
[682835.286187] AA_thread:134  AA_thread START  is_left=1  distance=19324  t=682827.920484
[682835.290541] AA_thread:220  AA_thread adding AA_freq to AA_left_IR_to_Map
[682835.290595] AA_thread:234  AA_thread adding AA_map to multi_to_Map channel 2
[682835.290606] AA_thread:236  AA_thread DONE
[682835.298568] createImageRepresentationAtTime:367  LEFT: adding TS_left to Track ch0 and Map ch0  t=682827.920484
[682835.301300] createImageRepresentationAtTime:434  RIGHT: adding TS_right to Map ch1  t=682827.915521
[682835.331997] AA_thread:134  AA_thread START  is_left=1  distance=32367  t=682827.922166
[682835.343516] createImageRepresentationAtTime:367  LEFT: adding TS_left to Track ch0 and Map ch0  t=682827.922166
[682835.344623] AA_thread:220  AA_thread adding AA_freq to AA_left_IR_to_Map
[682835.344678] AA_thread:234  AA_thread adding AA_map to multi_to_Map channel 2
[682835.344689] AA_thread:236  AA_thread DONE
[682835.359602] createImageRepresentationAtTime:434  RIGHT: adding TS_right to Map ch1  t=682827.920484
[682835.371807] AA_thread:134  AA_thread START  is_left=1  distance=0  t=682827.922166
[682835.373533] AA_thread:220  AA_thread adding AA_freq to AA_left_IR_to_Map
[682835.373631] AA_thread:234  AA_thread adding AA_map to multi_to_Map channel 2
[682835.373644] AA_thread:236  AA_thread DONE
[682835.387531] createImageRepresentationAtTime:367  LEFT: adding TS_left to Track ch0 and Map ch0  t=682827.922166
[682835.402547] AA_thread:134  AA_thread START  is_left=1  distance=19196  t=682827.925734
[682835.414606] createImageRepresentationAtTime:434  RIGHT: adding TS_right to Map ch1  t=682827.924826
[682835.419069] AA_thread:220  AA_thread adding AA_freq to AA_left_IR_to_Map
[682835.419126] AA_thread:234  AA_thread adding AA_map to multi_to_Map channel 2
[682835.419136] AA_thread:236  AA_thread DONE
[682835.442288] process_mapping_thread:442  multi_to_Map fired -> calling timeSurfaceCallback
[682835.442341] timeSurfaceCallback:989  timeSurfaceCallback  TS_history.size=100  t=682827.912610
[682835.473696] createImageRepresentationAtTime:367  LEFT: adding TS_left to Track ch0 and Map ch0  t=682827.925734
[682835.482962] createImageRepresentationAtTime:434  RIGHT: adding TS_right to Map ch1  t=682827.924826
[682835.499102] process_mapping_thread:442  multi_to_Map fired -> calling timeSurfaceCallback
[682835.499176] timeSurfaceCallback:989  timeSurfaceCallback  TS_history.size=100  t=682827.915234
[682835.584212] AA_thread:134  AA_thread START  is_left=1  distance=19623  t=682827.928360
[682835.587855] process_mapping_thread:442  multi_to_Map fired -> calling timeSurfaceCallback
[682835.587976] timeSurfaceCallback:989  timeSurfaceCallback  TS_history.size=100  t=682827.917860
[682835.595912] AA_thread:220  AA_thread adding AA_freq to AA_left_IR_to_Map
[682835.597363] AA_thread:234  AA_thread adding AA_map to multi_to_Map channel 2
[682835.599590] AA_thread:236  AA_thread DONE
[682835.630400] createImageRepresentationAtTime:367  LEFT: adding TS_left to Track ch0 and Map ch0  t=682827.928360
[682835.634823] AA_thread:134  AA_thread START  is_left=1  distance=16662  t=682827.930838
[682835.640465] AA_thread:220  AA_thread adding AA_freq to AA_left_IR_to_Map
[682835.640555] AA_thread:234  AA_thread adding AA_map to multi_to_Map channel 2
[682835.640570] AA_thread:236  AA_thread DONE
[682835.649703] createImageRepresentationAtTime:367  LEFT: adding TS_left to Track ch0 and Map ch0  t=682827.930838
[682835.652692] process_mapping_thread:442  multi_to_Map fired -> calling timeSurfaceCallback
[682835.652766] timeSurfaceCallback:989  timeSurfaceCallback  TS_history.size=100  t=682827.920484
[682835.654240] AA_thread:134  AA_thread START  is_left=1  distance=3066  t=682827.930984
[682835.661320] AA_thread:220  AA_thread adding AA_freq to AA_left_IR_to_Map
[682835.661770] AA_thread:234  AA_thread adding AA_map to multi_to_Map channel 2
[682835.661782] AA_thread:236  AA_thread DONE
[682835.673820] createImageRepresentationAtTime:434  RIGHT: adding TS_right to Map ch1  t=682827.928360
[682835.696476] process_mapping_thread:442  multi_to_Map fired -> calling timeSurfaceCallback
[682835.696554] timeSurfaceCallback:989  timeSurfaceCallback  TS_history.size=100  t=682827.925734
[682835.717388] createImageRepresentationAtTime:367  LEFT: adding TS_left to Track ch0 and Map ch0  t=682827.930984
[682835.735984] AA_thread:134  AA_thread START  is_left=1  distance=12543  t=682827.933248
[682835.738038] createImageRepresentationAtTime:434  RIGHT: adding TS_right to Map ch1  t=682827.933610
[682835.741242] AA_thread:220  AA_thread adding AA_freq to AA_left_IR_to_Map
[682835.741294] AA_thread:234  AA_thread adding AA_map to multi_to_Map channel 2
[682835.741308] AA_thread:236  AA_thread DONE
[682835.764019] createImageRepresentationAtTime:367  LEFT: adding TS_left to Track ch0 and Map ch0  t=682827.933248
[682835.771827] process_mapping_thread:442  multi_to_Map fired -> calling timeSurfaceCallback
[682835.772143] timeSurfaceCallback:989  timeSurfaceCallback  TS_history.size=100  t=682827.928360
[682835.780659] createImageRepresentationAtTime:434  RIGHT: adding TS_right to Map ch1  t=682827.936234
[682835.782897] AA_thread:134  AA_thread START  is_left=1  distance=20042  t=682827.936234
[682835.788435] AA_thread:220  AA_thread adding AA_freq to AA_left_IR_to_Map
[682835.788515] AA_thread:234  AA_thread adding AA_map to multi_to_Map channel 2
[682835.788530] AA_thread:236  AA_thread DONE
[682835.810530] createImageRepresentationAtTime:434  RIGHT: adding TS_right to Map ch1  t=682827.937947
[682835.853897] createImageRepresentationAtTime:367  LEFT: adding TS_left to Track ch0 and Map ch0  t=682827.936234
[682835.860963] AA_thread:134  AA_thread START  is_left=1  distance=20076  t=682827.941484
[682835.863389] process_mapping_thread:442  multi_to_Map fired -> calling timeSurfaceCallback
[682835.866589] timeSurfaceCallback:989  timeSurfaceCallback  TS_history.size=100  t=682827.933248
[682835.868127] AA_thread:220  AA_thread adding AA_freq to AA_left_IR_to_Map
[682835.868710] AA_thread:234  AA_thread adding AA_map to multi_to_Map channel 2
[682835.868962] AA_thread:236  AA_thread DONE
[682835.870267] createImageRepresentationAtTime:367  LEFT: adding TS_left to Track ch0 and Map ch0  t=682827.941484
[682835.895998] AA_thread:134  AA_thread START  is_left=1  distance=30429  t=682827.944110
[682835.905403] AA_thread:220  AA_thread adding AA_freq to AA_left_IR_to_Map
[682835.906145] AA_thread:234  AA_thread adding AA_map to multi_to_Map channel 2
[682835.906302] AA_thread:236  AA_thread DONE
[682835.919018] publishMappingResults:1195  publishMappingResults  status=1  dqvDepthPoints.size=5
[682835.931683] createImageRepresentationAtTime:434  RIGHT: adding TS_right to Map ch1  t=682827.937953
[682835.949783] createImageRepresentationAtTime:367  LEFT: adding TS_left to Track ch0 and Map ch0  t=682827.944110
[682835.955213] publishPointCloud:1287  publishPointCloud  pc_color.size=8519  pc_filtered.size=8519  depthMap.size=8519
[682835.958283] AA_thread:134  AA_thread START  is_left=1  distance=210  t=682827.945744
[682835.960884] AA_thread:220  AA_thread adding AA_freq to AA_left_IR_to_Map
[682835.960960] AA_thread:234  AA_thread adding AA_map to multi_to_Map channel 2
[682835.960973] AA_thread:236  AA_thread DONE
[682835.978144] createImageRepresentationAtTime:367  LEFT: adding TS_left to Track ch0 and Map ch0  t=682827.945744
[682835.987225] AA_thread:134  AA_thread START  is_left=1  distance=19434  t=682827.946734
[682836.000073] createImageRepresentationAtTime:434  RIGHT: adding TS_right to Map ch1  t=682827.945523
[682836.000632] AA_thread:220  AA_thread adding AA_freq to AA_left_IR_to_Map
[682836.000677] AA_thread:234  AA_thread adding AA_map to multi_to_Map channel 2
[682836.000688] AA_thread:236  AA_thread DONE
[682836.002604] process_mapping_thread:442  multi_to_Map fired -> calling timeSurfaceCallback
[682836.002663] timeSurfaceCallback:989  timeSurfaceCallback  TS_history.size=100  t=682827.936234
[682836.030290] createImageRepresentationAtTime:434  RIGHT: adding TS_right to Map ch1  t=682827.949078
[682836.040273] createImageRepresentationAtTime:367  LEFT: adding TS_left to Track ch0 and Map ch0  t=682827.946734
[682836.045027] process_mapping_thread:442  multi_to_Map fired -> calling timeSurfaceCallback
[682836.045114] timeSurfaceCallback:989  timeSurfaceCallback  TS_history.size=100  t=682827.941484
[682836.050484] createImageRepresentationAtTime:268  createImageRepresentation early-return: vEvents_ empty  is_left=1
[682836.056599] createImageRepresentationAtTime:434  RIGHT: adding TS_right to Map ch1  t=682827.949114
[682836.072810] AA_thread:134  AA_thread START  is_left=1  distance=23181  t=682827.951984
[682836.074656] process_mapping_thread:442  multi_to_Map fired -> calling timeSurfaceCallback
[682836.074733] timeSurfaceCallback:989  timeSurfaceCallback  TS_history.size=100  t=682827.945744
[682836.079449] AA_thread:220  AA_thread adding AA_freq to AA_left_IR_to_Map
[682836.079545] AA_thread:234  AA_thread adding AA_map to multi_to_Map channel 2
[682836.082821] AA_thread:236  AA_thread DONE
[682836.108056] createImageRepresentationAtTime:367  LEFT: adding TS_left to Track ch0 and Map ch0  t=682827.951984
[682836.113323] createImageRepresentationAtTime:434  RIGHT: adding TS_right to Map ch1  t=682827.949296
[682836.116798] AA_thread:134  AA_thread START  is_left=1  distance=19951  t=682827.954610
[682836.120879] AA_thread:220  AA_thread adding AA_freq to AA_left_IR_to_Map
[682836.120940] AA_thread:234  AA_thread adding AA_map to multi_to_Map channel 2
[682836.120955] AA_thread:236  AA_thread DONE
[682836.131272] createImageRepresentationAtTime:367  LEFT: adding TS_left to Track ch0 and Map ch0  t=682827.954610
[682836.140362] createImageRepresentationAtTime:434  RIGHT: adding TS_right to Map ch1  t=682827.954610
[682836.141410] createImageRepresentationAtTime:268  createImageRepresentation early-return: vEvents_ empty  is_left=1
[682836.150516] process_mapping_thread:442  multi_to_Map fired -> calling timeSurfaceCallback
[682836.150615] timeSurfaceCallback:989  timeSurfaceCallback  TS_history.size=100  t=682827.946734
[682836.182528] process_mapping_thread:442  multi_to_Map fired -> calling timeSurfaceCallback
[682836.182609] timeSurfaceCallback:989  timeSurfaceCallback  TS_history.size=100  t=682827.951984
[682836.188823] createImageRepresentationAtTime:367  LEFT: adding TS_left to Track ch0 and Map ch0  t=682827.957234
[682836.188909] AA_thread:134  AA_thread START  is_left=1  distance=25090  t=682827.957234
[682836.199462] AA_thread:220  AA_thread adding AA_freq to AA_left_IR_to_Map
[682836.199538] AA_thread:234  AA_thread adding AA_map to multi_to_Map channel 2
[682836.199551] AA_thread:236  AA_thread DONE
[682836.223834] createImageRepresentationAtTime:434  RIGHT: adding TS_right to Map ch1  t=682827.957234
[682836.248924] AA_thread:134  AA_thread START  is_left=1  distance=42281  t=682827.959860
[682836.253673] AA_thread:220  AA_thread adding AA_freq to AA_left_IR_to_Map
[682836.253756] AA_thread:234  AA_thread adding AA_map to multi_to_Map channel 2
[682836.253769] AA_thread:236  AA_thread DONE
[682836.256742] process_mapping_thread:442  multi_to_Map fired -> calling timeSurfaceCallback
[682836.256908] timeSurfaceCallback:989  timeSurfaceCallback  TS_history.size=100  t=682827.954610
[682836.265088] createImageRepresentationAtTime:434  RIGHT: adding TS_right to Map ch1  t=682827.959860
[682836.295991] process_mapping_thread:442  multi_to_Map fired -> calling timeSurfaceCallback
[682836.296099] timeSurfaceCallback:989  timeSurfaceCallback  TS_history.size=100  t=682827.957234
[682836.303519] createImageRepresentationAtTime:367  LEFT: adding TS_left to Track ch0 and Map ch0  t=682827.959860
[682836.309534] AA_thread:134  AA_thread START  is_left=1  distance=19941  t=682827.962484
[682836.315723] AA_thread:220  AA_thread adding AA_freq to AA_left_IR_to_Map
[682836.315804] AA_thread:234  AA_thread adding AA_map to multi_to_Map channel 2
[682836.315819] AA_thread:236  AA_thread DONE
[682836.333080] createImageRepresentationAtTime:367  LEFT: adding TS_left to Track ch0 and Map ch0  t=682827.962484
[682836.343943] AA_thread:134  AA_thread START  is_left=1  distance=1524  t=682827.962652
[682836.346361] AA_thread:220  AA_thread adding AA_freq to AA_left_IR_to_Map
[682836.346436] AA_thread:234  AA_thread adding AA_map to multi_to_Map channel 2
[682836.346451] AA_thread:236  AA_thread DONE
[682836.350743] createImageRepresentationAtTime:434  RIGHT: adding TS_right to Map ch1  t=682827.960649
[682836.354586] process_mapping_thread:442  multi_to_Map fired -> calling timeSurfaceCallback
[682836.354661] timeSurfaceCallback:989  timeSurfaceCallback  TS_history.size=100  t=682827.959860
[682836.369711] createImageRepresentationAtTime:367  LEFT: adding TS_left to Track ch0 and Map ch0  t=682827.962652
[682836.371206] AA_thread:134  AA_thread START  is_left=1  distance=2625  t=682827.964237
[682836.373686] AA_thread:220  AA_thread adding AA_freq to AA_left_IR_to_Map
[682836.373781] AA_thread:234  AA_thread adding AA_map to multi_to_Map channel 2
[682836.373802] AA_thread:236  AA_thread DONE
[682836.377707] createImageRepresentationAtTime:434  RIGHT: adding TS_right to Map ch1  t=682827.965109
[682836.384018] createImageRepresentationAtTime:367  LEFT: adding TS_left to Track ch0 and Map ch0  t=682827.964237
[682836.401619] publishMappingResults:1195  publishMappingResults  status=1  dqvDepthPoints.size=5
[682836.405114] process_mapping_thread:442  multi_to_Map fired -> calling timeSurfaceCallback
[682836.406157] AA_thread:134  AA_thread START  is_left=1  distance=51171  t=682827.967735
[682836.411379] publishPointCloud:1287  publishPointCloud  pc_color.size=8659  pc_filtered.size=8659  depthMap.size=8659
[682836.412586] AA_thread:220  AA_thread adding AA_freq to AA_left_IR_to_Map
[682836.412652] AA_thread:234  AA_thread adding AA_map to multi_to_Map channel 2
[682836.412665] AA_thread:236  AA_thread DONE
[682836.423192] createImageRepresentationAtTime:434  RIGHT: adding TS_right to Map ch1  t=682827.967735
[682836.423564] createImageRepresentationAtTime:268  createImageRepresentation early-return: vEvents_ empty  is_left=0
[682836.433746] timeSurfaceCallback:989  timeSurfaceCallback  TS_history.size=100  t=682827.962484
[682836.441327] createImageRepresentationAtTime:367  LEFT: adding TS_left to Track ch0 and Map ch0  t=682827.967735
[682836.451167] AA_thread:134  AA_thread START  is_left=1  distance=1768  t=682827.967822
[682836.453951] AA_thread:220  AA_thread adding AA_freq to AA_left_IR_to_Map
[682836.454061] AA_thread:234  AA_thread adding AA_map to multi_to_Map channel 2
[682836.454470] AA_thread:236  AA_thread DONE
[682836.463917] createImageRepresentationAtTime:434  RIGHT: adding TS_right to Map ch1  t=682827.968694
[682836.491107] createImageRepresentationAtTime:434  RIGHT: adding TS_right to Map ch1  t=682827.970359
[682836.500539] process_mapping_thread:442  multi_to_Map fired -> calling timeSurfaceCallback
[682836.500607] timeSurfaceCallback:989  timeSurfaceCallback  TS_history.size=100  t=682827.964237
[682836.515637] createImageRepresentationAtTime:367  LEFT: adding TS_left to Track ch0 and Map ch0  t=682827.967822
[682836.516251] AA_thread:134  AA_thread START  is_left=1  distance=20322  t=682827.972985
[682836.520379] AA_thread:220  AA_thread adding AA_freq to AA_left_IR_to_Map
[682836.520441] AA_thread:234  AA_thread adding AA_map to multi_to_Map channel 2
[682836.520454] AA_thread:236  AA_thread DONE
[682836.554030] createImageRepresentationAtTime:367  LEFT: adding TS_left to Track ch0 and Map ch0  t=682827.972985
[682836.573855] AA_thread:134  AA_thread START  is_left=1  distance=20481  t=682827.975609
[682836.576357] process_mapping_thread:442  multi_to_Map fired -> calling timeSurfaceCallback
[682836.576416] timeSurfaceCallback:989  timeSurfaceCallback  TS_history.size=100  t=682827.967735
[682836.589888] AA_thread:220  AA_thread adding AA_freq to AA_left_IR_to_Map
[682836.590348] AA_thread:234  AA_thread adding AA_map to multi_to_Map channel 2
[682836.591223] AA_thread:236  AA_thread DONE
[682836.624748] createImageRepresentationAtTime:434  RIGHT: adding TS_right to Map ch1  t=682827.972985
[682836.691741] createImageRepresentationAtTime:268  createImageRepresentation early-return: vEvents_ empty  is_left=0
[682836.719926] createImageRepresentationAtTime:367  LEFT: adding TS_left to Track ch0 and Map ch0  t=682827.975609
[682836.724212] AA_thread:134  AA_thread START  is_left=1  distance=15616  t=682827.980635
[682836.750227] AA_thread:220  AA_thread adding AA_freq to AA_left_IR_to_Map
[682836.750286] AA_thread:234  AA_thread adding AA_map to multi_to_Map channel 2
[682836.750299] AA_thread:236  AA_thread DONE
[682836.794261] process_mapping_thread:442  multi_to_Map fired -> calling timeSurfaceCallback
[682836.794371] timeSurfaceCallback:989  timeSurfaceCallback  TS_history.size=100  t=682827.967822
[682836.801192] createImageRepresentationAtTime:434  RIGHT: adding TS_right to Map ch1  t=682827.980859
[682836.813692] createImageRepresentationAtTime:367  LEFT: adding TS_left to Track ch0 and Map ch0  t=682827.980635
[682836.815453] AA_thread:134  AA_thread START  is_left=1  distance=0  t=682827.980635
[682836.818872] AA_thread:220  AA_thread adding AA_freq to AA_left_IR_to_Map
[682836.818937] AA_thread:234  AA_thread adding AA_map to multi_to_Map channel 2
[682836.818949] AA_thread:236  AA_thread DONE
[682836.842223] createImageRepresentationAtTime:367  LEFT: adding TS_left to Track ch0 and Map ch0  t=682827.980635
[682836.850927] process_mapping_thread:442  multi_to_Map fired -> calling timeSurfaceCallback
[682836.850997] timeSurfaceCallback:989  timeSurfaceCallback  TS_history.size=100  t=682827.972985
[682836.872259] createImageRepresentationAtTime:434  RIGHT: adding TS_right to Map ch1  t=682827.983485
[682836.888822] AA_thread:134  AA_thread START  is_left=1  distance=7786  t=682827.982872
[682836.898852] AA_thread:220  AA_thread adding AA_freq to AA_left_IR_to_Map
[682836.898921] AA_thread:234  AA_thread adding AA_map to multi_to_Map channel 2
[682836.898938] AA_thread:236  AA_thread DONE
[682836.939927] createImageRepresentationAtTime:434  RIGHT: adding TS_right to Map ch1  t=682827.986109
[682836.971638] createImageRepresentationAtTime:367  LEFT: adding TS_left to Track ch0 and Map ch0  t=682827.982872
[682836.971794] process_mapping_thread:442  multi_to_Map fired -> calling timeSurfaceCallback
[682836.971819] timeSurfaceCallback:989  timeSurfaceCallback  TS_history.size=100  t=682827.980635
[682836.991194] AA_thread:134  AA_thread START  is_left=1  distance=19920  t=682827.988735
[682836.992841] createImageRepresentationAtTime:434  RIGHT: adding TS_right to Map ch1  t=682827.986227
[682836.996397] AA_thread:220  AA_thread adding AA_freq to AA_left_IR_to_Map
[682836.996463] AA_thread:234  AA_thread adding AA_map to multi_to_Map channel 2
[682836.996489] AA_thread:236  AA_thread DONE
[682837.003255] publishMappingResults:1195  publishMappingResults  status=1  dqvDepthPoints.size=5
[682837.011086] createImageRepresentationAtTime:367  LEFT: adding TS_left to Track ch0 and Map ch0  t=682827.988735
[682837.012907] process_mapping_thread:442  multi_to_Map fired -> calling timeSurfaceCallback
[682837.022976] publishPointCloud:1287  publishPointCloud  pc_color.size=8425  pc_filtered.size=8425  depthMap.size=8425
[682837.028138] timeSurfaceCallback:989  timeSurfaceCallback  TS_history.size=100  t=682827.982872
[682837.032007] createImageRepresentationAtTime:434  RIGHT: adding TS_right to Map ch1  t=682827.988735
[682837.041114] process_mapping_thread:442  multi_to_Map fired -> calling timeSurfaceCallback
[682837.041467] timeSurfaceCallback:989  timeSurfaceCallback  TS_history.size=100  t=682827.988735
[682837.042197] AA_thread:134  AA_thread START  is_left=1  distance=1714  t=682827.988823
[682837.049992] AA_thread:220  AA_thread adding AA_freq to AA_left_IR_to_Map
[682837.050059] AA_thread:234  AA_thread adding AA_map to multi_to_Map channel 2
[682837.050072] AA_thread:236  AA_thread DONE
[682837.082235] createImageRepresentationAtTime:434  RIGHT: adding TS_right to Map ch1  t=682827.991359
[682837.088252] createImageRepresentationAtTime:367  LEFT: adding TS_left to Track ch0 and Map ch0  t=682827.988823
[682837.089454] AA_thread:134  AA_thread START  is_left=1  distance=19863  t=682827.993985
[682837.103337] AA_thread:220  AA_thread adding AA_freq to AA_left_IR_to_Map
[682837.103464] AA_thread:234  AA_thread adding AA_map to multi_to_Map channel 2
[682837.103487] AA_thread:236  AA_thread DONE
[682837.139756] createImageRepresentationAtTime:434  RIGHT: adding TS_right to Map ch1  t=682827.993109
[682837.140146] createImageRepresentationAtTime:367  LEFT: adding TS_left to Track ch0 and Map ch0  t=682827.993985
[682837.161627] AA_thread:134  AA_thread START  is_left=1  distance=20203  t=682827.996609
[682837.164024] AA_thread:220  AA_thread adding AA_freq to AA_left_IR_to_Map
[682837.164097] AA_thread:234  AA_thread adding AA_map to multi_to_Map channel 2
[682837.164111] AA_thread:236  AA_thread DONE
[682837.215442] createImageRepresentationAtTime:434  RIGHT: adding TS_right to Map ch1  t=682827.993109
[682837.216176] createImageRepresentationAtTime:367  LEFT: adding TS_left to Track ch0 and Map ch0  t=682827.996609
[682837.239931] process_mapping_thread:442  multi_to_Map fired -> calling timeSurfaceCallback
[682837.240017] timeSurfaceCallback:989  timeSurfaceCallback  TS_history.size=100  t=682827.988823
[682837.240326] createImageRepresentationAtTime:434  RIGHT: adding TS_right to Map ch1  t=682827.999235
[682837.244920] createImageRepresentationAtTime:268  createImageRepresentation early-return: vEvents_ empty  is_left=0
[682837.266941] process_mapping_thread:442  multi_to_Map fired -> calling timeSurfaceCallback
[682837.270865] timeSurfaceCallback:989  timeSurfaceCallback  TS_history.size=100  t=682827.993985
[682837.289405] AA_thread:134  AA_thread START  is_left=1  distance=65378  t=682828.001859
[682837.313832] AA_thread:220  AA_thread adding AA_freq to AA_left_IR_to_Map
[682837.313972] AA_thread:234  AA_thread adding AA_map to multi_to_Map channel 2
[682837.314015] AA_thread:236  AA_thread DONE
[682837.326370] process_mapping_thread:442  multi_to_Map fired -> calling timeSurfaceCallback
[682837.326499] timeSurfaceCallback:989  timeSurfaceCallback  TS_history.size=100  t=682827.996609
[682837.332372] createImageRepresentationAtTime:434  RIGHT: adding TS_right to Map ch1  t=682827.999572
[682837.361112] createImageRepresentationAtTime:367  LEFT: adding TS_left to Track ch0 and Map ch0  t=682828.001859
[682837.377444] createImageRepresentationAtTime:268  createImageRepresentation early-return: vEvents_ empty  is_left=1
[682837.382905] createImageRepresentationAtTime:434  RIGHT: adding TS_right to Map ch1  t=682828.004485
[682837.384421] AA_thread:134  AA_thread START  is_left=1  distance=20400  t=682828.007109
[682837.400512] AA_thread:220  AA_thread adding AA_freq to AA_left_IR_to_Map
[682837.400583] AA_thread:234  AA_thread adding AA_map to multi_to_Map channel 2
[682837.400600] AA_thread:236  AA_thread DONE
[682837.416405] createImageRepresentationAtTime:367  LEFT: adding TS_left to Track ch0 and Map ch0  t=682828.007109
[682837.437620] createImageRepresentationAtTime:434  RIGHT: adding TS_right to Map ch1  t=682828.007109
[682837.440580] process_mapping_thread:442  multi_to_Map fired -> calling timeSurfaceCallback
[682837.440654] timeSurfaceCallback:989  timeSurfaceCallback  TS_history.size=100  t=682828.001859
[682837.441839] AA_thread:134  AA_thread START  is_left=1  distance=20590  t=682828.009735
[682837.450367] AA_thread:220  AA_thread adding AA_freq to AA_left_IR_to_Map
[682837.450434] AA_thread:234  AA_thread adding AA_map to multi_to_Map channel 2
[682837.450447] AA_thread:236  AA_thread DONE
[682837.455644] createImageRepresentationAtTime:367  LEFT: adding TS_left to Track ch0 and Map ch0  t=682828.009735
[682837.478966] createImageRepresentationAtTime:434  RIGHT: adding TS_right to Map ch1  t=682828.009082
[682837.479060] process_mapping_thread:442  multi_to_Map fired -> calling timeSurfaceCallback
[682837.479107] timeSurfaceCallback:989  timeSurfaceCallback  TS_history.size=100  t=682828.007109
[682837.483464] AA_thread:134  AA_thread START  is_left=1  distance=20504  t=682828.012359
[682837.494377] AA_thread:220  AA_thread adding AA_freq to AA_left_IR_to_Map
[682837.494451] AA_thread:234  AA_thread adding AA_map to multi_to_Map channel 2
[682837.494465] AA_thread:236  AA_thread DONE
[682837.501100] createImageRepresentationAtTime:367  LEFT: adding TS_left to Track ch0 and Map ch0  t=682828.012359
[682837.551337] createImageRepresentationAtTime:434  RIGHT: adding TS_right to Map ch1  t=682828.012359
[682837.552705] process_mapping_thread:442  multi_to_Map fired -> calling timeSurfaceCallback
[682837.556464] timeSurfaceCallback:989  timeSurfaceCallback  TS_history.size=100  t=682828.009735
[682837.557694] AA_thread:134  AA_thread START  is_left=1  distance=19035  t=682828.014913
[682837.561658] AA_thread:220  AA_thread adding AA_freq to AA_left_IR_to_Map
[682837.561712] AA_thread:234  AA_thread adding AA_map to multi_to_Map channel 2
[682837.561774] AA_thread:236  AA_thread DONE
[682837.561956] publishMappingResults:1195  publishMappingResults  status=1  dqvDepthPoints.size=5
[682837.583586] publishPointCloud:1287  publishPointCloud  pc_color.size=8170  pc_filtered.size=8170  depthMap.size=8170
[682837.596596] createImageRepresentationAtTime:434  RIGHT: adding TS_right to Map ch1  t=682828.014684
[682837.597980] createImageRepresentationAtTime:367  LEFT: adding TS_left to Track ch0 and Map ch0  t=682828.014913
[682837.599938] process_mapping_thread:442  multi_to_Map fired -> calling timeSurfaceCallback
[682837.600033] timeSurfaceCallback:989  timeSurfaceCallback  TS_history.size=100  t=682828.012359
[682837.604337] AA_thread:134  AA_thread START  is_left=1  distance=1425  t=682828.014985
[682837.610984] AA_thread:220  AA_thread adding AA_freq to AA_left_IR_to_Map
[682837.611044] AA_thread:234  AA_thread adding AA_map to multi_to_Map channel 2
[682837.611310] AA_thread:236  AA_thread DONE
[682837.620443] createImageRepresentationAtTime:434  RIGHT: adding TS_right to Map ch1  t=682828.014985
[682837.620554] process_mapping_thread:442  multi_to_Map fired -> calling timeSurfaceCallback
[682837.620595] timeSurfaceCallback:989  timeSurfaceCallback  TS_history.size=100  t=682828.014913
[682837.623793] createImageRepresentationAtTime:367  LEFT: adding TS_left to Track ch0 and Map ch0  t=682828.014985
[682837.644228] AA_thread:134  AA_thread START  is_left=1  distance=20490  t=682828.017609
[682837.652738] AA_thread:220  AA_thread adding AA_freq to AA_left_IR_to_Map
[682837.652832] AA_thread:234  AA_thread adding AA_map to multi_to_Map channel 2
[682837.652848] AA_thread:236  AA_thread DONE
[682837.709944] createImageRepresentationAtTime:367  LEFT: adding TS_left to Track ch0 and Map ch0  t=682828.017609
[682837.723639] createImageRepresentationAtTime:434  RIGHT: adding TS_right to Map ch1  t=682828.017609
[682837.723744] AA_thread:134  AA_thread START  is_left=1  distance=20645  t=682828.020234
[682837.732834] AA_thread:220  AA_thread adding AA_freq to AA_left_IR_to_Map
[682837.732917] AA_thread:234  AA_thread adding AA_map to multi_to_Map channel 2
[682837.733334] AA_thread:236  AA_thread DONE
[682837.750220] createImageRepresentationAtTime:367  LEFT: adding TS_left to Track ch0 and Map ch0  t=682828.020234
[682837.773795] AA_thread:134  AA_thread START  is_left=1  distance=20404  t=682828.022860
[682837.785739] AA_thread:220  AA_thread adding AA_freq to AA_left_IR_to_Map
[682837.785826] AA_thread:234  AA_thread adding AA_map to multi_to_Map channel 2
[682837.785845] AA_thread:236  AA_thread DONE
[682837.795880] createImageRepresentationAtTime:434  RIGHT: adding TS_right to Map ch1  t=682828.020234
[682837.796731] createImageRepresentationAtTime:367  LEFT: adding TS_left to Track ch0 and Map ch0  t=682828.022860
[682837.847779] createImageRepresentationAtTime:434  RIGHT: adding TS_right to Map ch1  t=682828.022860
[682837.849765] process_mapping_thread:442  multi_to_Map fired -> calling timeSurfaceCallback
[682837.849827] timeSurfaceCallback:989  timeSurfaceCallback  TS_history.size=100  t=682828.017609
[682837.880134] AA_thread:134  AA_thread START  is_left=1  distance=20481  t=682828.025484
[682837.885590] AA_thread:220  AA_thread adding AA_freq to AA_left_IR_to_Map
[682837.885801] AA_thread:234  AA_thread adding AA_map to multi_to_Map channel 2
[682837.885822] AA_thread:236  AA_thread DONE
[682837.908146] createImageRepresentationAtTime:434  RIGHT: adding TS_right to Map ch1  t=682828.025484
[682837.909706] process_mapping_thread:442  multi_to_Map fired -> calling timeSurfaceCallback
[682837.909825] timeSurfaceCallback:989  timeSurfaceCallback  TS_history.size=100  t=682828.020234
[682837.911833] createImageRepresentationAtTime:367  LEFT: adding TS_left to Track ch0 and Map ch0  t=682828.025484
[682837.950976] AA_thread:134  AA_thread START  is_left=1  distance=20282  t=682828.028110
[682837.954739] AA_thread:220  AA_thread adding AA_freq to AA_left_IR_to_Map
[682837.955432] AA_thread:234  AA_thread adding AA_map to multi_to_Map channel 2
[682837.955500] AA_thread:236  AA_thread DONE
[682837.964797] createImageRepresentationAtTime:434  RIGHT: adding TS_right to Map ch1  t=682828.028110
[682837.967633] process_mapping_thread:442  multi_to_Map fired -> calling timeSurfaceCallback
[682837.967745] timeSurfaceCallback:989  timeSurfaceCallback  TS_history.size=100  t=682828.022860
[682837.969154] createImageRepresentationAtTime:367  LEFT: adding TS_left to Track ch0 and Map ch0  t=682828.028110
[682837.976956] process_mapping_thread:442  multi_to_Map fired -> calling timeSurfaceCallback
[682837.977055] timeSurfaceCallback:989  timeSurfaceCallback  TS_history.size=100  t=682828.025484
[682838.007466] AA_thread:134  AA_thread START  is_left=1  distance=20209  t=682828.030734
[682838.013594] AA_thread:220  AA_thread adding AA_freq to AA_left_IR_to_Map
[682838.013662] AA_thread:234  AA_thread adding AA_map to multi_to_Map channel 2
[682838.013675] AA_thread:236  AA_thread DONE
[682838.034100] process_mapping_thread:442  multi_to_Map fired -> calling timeSurfaceCallback
[682838.034167] timeSurfaceCallback:989  timeSurfaceCallback  TS_history.size=100  t=682828.028110
[682838.051054] createImageRepresentationAtTime:434  RIGHT: adding TS_right to Map ch1  t=682828.030734
[682838.075715] createImageRepresentationAtTime:367  LEFT: adding TS_left to Track ch0 and Map ch0  t=682828.030734
[682838.077666] process_mapping_thread:442  multi_to_Map fired -> calling timeSurfaceCallback
[682838.077733] timeSurfaceCallback:989  timeSurfaceCallback  TS_history.size=100  t=682828.030734
[682838.081987] AA_thread:134  AA_thread START  is_left=1  distance=20319  t=682828.035984
[682838.087096] AA_thread:220  AA_thread adding AA_freq to AA_left_IR_to_Map
[682838.087170] AA_thread:234  AA_thread adding AA_map to multi_to_Map channel 2
[682838.087184] AA_thread:236  AA_thread DONE
[682838.093776] createImageRepresentationAtTime:367  LEFT: adding TS_left to Track ch0 and Map ch0  t=682828.035984
[682838.159119] AA_thread:134  AA_thread START  is_left=1  distance=1274  t=682828.037678
[682838.165376] AA_thread:220  AA_thread adding AA_freq to AA_left_IR_to_Map
[682838.165455] AA_thread:234  AA_thread adding AA_map to multi_to_Map channel 2
[682838.165471] AA_thread:236  AA_thread DONE
[682838.170126] createImageRepresentationAtTime:367  LEFT: adding TS_left to Track ch0 and Map ch0  t=682828.037678
[682838.173265] createImageRepresentationAtTime:434  RIGHT: adding TS_right to Map ch1  t=682828.035984
[682838.174083] process_mapping_thread:442  multi_to_Map fired -> calling timeSurfaceCallback
[682838.174188] timeSurfaceCallback:989  timeSurfaceCallback  TS_history.size=100  t=682828.035984
[682838.188008] AA_thread:134  AA_thread START  is_left=1  distance=20671  t=682828.041234
[682838.191216] AA_thread:220  AA_thread adding AA_freq to AA_left_IR_to_Map
[682838.191274] AA_thread:234  AA_thread adding AA_map to multi_to_Map channel 2
[682838.191286] AA_thread:236  AA_thread DONE
[682838.199697] createImageRepresentationAtTime:367  LEFT: adding TS_left to Track ch0 and Map ch0  t=682828.041234
[682838.202749] createImageRepresentationAtTime:434  RIGHT: adding TS_right to Map ch1  t=682828.040610
[682838.203822] publishMappingResults:1195  publishMappingResults  status=1  dqvDepthPoints.size=5
[682838.211816] publishPointCloud:1287  publishPointCloud  pc_color.size=8400  pc_filtered.size=8400  depthMap.size=8400
[682838.223552] AA_thread:134  AA_thread START  is_left=1  distance=26158  t=682828.042526
[682838.231530] createImageRepresentationAtTime:434  RIGHT: adding TS_right to Map ch1  t=682828.041234
[682838.234382] AA_thread:220  AA_thread adding AA_freq to AA_left_IR_to_Map
[682838.234437] AA_thread:234  AA_thread adding AA_map to multi_to_Map channel 2
[682838.234448] AA_thread:236  AA_thread DONE
[682838.238043] createImageRepresentationAtTime:367  LEFT: adding TS_left to Track ch0 and Map ch0  t=682828.042526
[682838.251210] AA_thread:134  AA_thread START  is_left=1  distance=20623  t=682828.043860
[682838.254875] AA_thread:220  AA_thread adding AA_freq to AA_left_IR_to_Map
[682838.254981] AA_thread:234  AA_thread adding AA_map to multi_to_Map channel 2
[682838.254999] AA_thread:236  AA_thread DONE
[682838.255248] process_mapping_thread:442  multi_to_Map fired -> calling timeSurfaceCallback
[682838.255273] timeSurfaceCallback:989  timeSurfaceCallback  TS_history.size=100  t=682828.041234
[682838.269403] createImageRepresentationAtTime:434  RIGHT: adding TS_right to Map ch1  t=682828.043860
[682838.273770] createImageRepresentationAtTime:367  LEFT: adding TS_left to Track ch0 and Map ch0  t=682828.043860
[682838.292221] createImageRepresentationAtTime:434  RIGHT: adding TS_right to Map ch1  t=682828.044001
[682838.333930] AA_thread:134  AA_thread START  is_left=1  distance=20482  t=682828.046484
[682838.346903] AA_thread:220  AA_thread adding AA_freq to AA_left_IR_to_Map
[682838.346954] AA_thread:234  AA_thread adding AA_map to multi_to_Map channel 2
[682838.346968] AA_thread:236  AA_thread DONE
[682838.376999] process_mapping_thread:442  multi_to_Map fired -> calling timeSurfaceCallback
[682838.377058] timeSurfaceCallback:989  timeSurfaceCallback  TS_history.size=100  t=682828.042526
[682838.394091] createImageRepresentationAtTime:434  RIGHT: adding TS_right to Map ch1  t=682828.046484
[682838.414307] createImageRepresentationAtTime:367  LEFT: adding TS_left to Track ch0 and Map ch0  t=682828.046484
[682838.423052] process_mapping_thread:442  multi_to_Map fired -> calling timeSurfaceCallback
[682838.423106] timeSurfaceCallback:989  timeSurfaceCallback  TS_history.size=100  t=682828.043860
[682838.444800] AA_thread:134  AA_thread START  is_left=1  distance=20929  t=682828.051734
[682838.463926] createImageRepresentationAtTime:434  RIGHT: adding TS_right to Map ch1  t=682828.049110
[682838.464526] AA_thread:220  AA_thread adding AA_freq to AA_left_IR_to_Map
[682838.464578] AA_thread:234  AA_thread adding AA_map to multi_to_Map channel 2
[682838.464587] AA_thread:236  AA_thread DONE
[682838.471056] createImageRepresentationAtTime:367  LEFT: adding TS_left to Track ch0 and Map ch0  t=682828.051734
[682838.479313] createImageRepresentationAtTime:434  RIGHT: adding TS_right to Map ch1  t=682828.054360
[682838.479430] AA_thread:134  AA_thread START  is_left=1  distance=20936  t=682828.054360
[682838.489555] AA_thread:220  AA_thread adding AA_freq to AA_left_IR_to_Map
[682838.489618] AA_thread:234  AA_thread adding AA_map to multi_to_Map channel 2
[682838.489628] AA_thread:236  AA_thread DONE
[682838.504219] createImageRepresentationAtTime:367  LEFT: adding TS_left to Track ch0 and Map ch0  t=682828.054360
[682838.529818] AA_thread:134  AA_thread START  is_left=1  distance=16860  t=682828.055724
[682838.531487] process_mapping_thread:442  multi_to_Map fired -> calling timeSurfaceCallback
[682838.531557] timeSurfaceCallback:989  timeSurfaceCallback  TS_history.size=100  t=682828.046484
[682838.534675] AA_thread:220  AA_thread adding AA_freq to AA_left_IR_to_Map
[682838.534749] AA_thread:234  AA_thread adding AA_map to multi_to_Map channel 2
[682838.534760] AA_thread:236  AA_thread DONE
[682838.561386] createImageRepresentationAtTime:367  LEFT: adding TS_left to Track ch0 and Map ch0  t=682828.055724
[682838.574593] AA_thread:134  AA_thread START  is_left=1  distance=20474  t=682828.056984
[682838.582591] createImageRepresentationAtTime:434  RIGHT: adding TS_right to Map ch1  t=682828.056017
[682838.584101] AA_thread:220  AA_thread adding AA_freq to AA_left_IR_to_Map
[682838.584161] AA_thread:234  AA_thread adding AA_map to multi_to_Map channel 2
[682838.584173] AA_thread:236  AA_thread DONE
[682838.612172] createImageRepresentationAtTime:434  RIGHT: adding TS_right to Map ch1  t=682828.056017
[682838.617795] createImageRepresentationAtTime:367  LEFT: adding TS_left to Track ch0 and Map ch0  t=682828.056984
[682838.639754] AA_thread:134  AA_thread START  is_left=1  distance=33807  t=682828.062234
[682838.649638] AA_thread:220  AA_thread adding AA_freq to AA_left_IR_to_Map
[682838.649708] AA_thread:234  AA_thread adding AA_map to multi_to_Map channel 2
[682838.649718] AA_thread:236  AA_thread DONE
[682838.650051] process_mapping_thread:442  multi_to_Map fired -> calling timeSurfaceCallback
[682838.650075] timeSurfaceCallback:989  timeSurfaceCallback  TS_history.size=100  t=682828.051734
[682838.677346] publishMappingResults:1195  publishMappingResults  status=1  dqvDepthPoints.size=5
[682838.692575] createImageRepresentationAtTime:367  LEFT: adding TS_left to Track ch0 and Map ch0  t=682828.062234
[682838.698975] publishPointCloud:1287  publishPointCloud  pc_color.size=8725  pc_filtered.size=8725  depthMap.size=8725
[682838.715994] createImageRepresentationAtTime:434  RIGHT: adding TS_right to Map ch1  t=682828.062234
[682838.716149] createImageRepresentationAtTime:268  createImageRepresentation early-return: vEvents_ empty  is_left=0
[682838.720916] process_mapping_thread:442  multi_to_Map fired -> calling timeSurfaceCallback
[682838.720984] timeSurfaceCallback:989  timeSurfaceCallback  TS_history.size=100  t=682828.054360
[682838.742428] AA_thread:134  AA_thread START  is_left=1  distance=20382  t=682828.064860
[682838.744638] AA_thread:220  AA_thread adding AA_freq to AA_left_IR_to_Map
[682838.744737] AA_thread:234  AA_thread adding AA_map to multi_to_Map channel 2
[682838.744748] AA_thread:236  AA_thread DONE
[682838.750923] process_mapping_thread:442  multi_to_Map fired -> calling timeSurfaceCallback
[682838.751015] timeSurfaceCallback:989  timeSurfaceCallback  TS_history.size=100  t=682828.055724
[682838.773701] createImageRepresentationAtTime:367  LEFT: adding TS_left to Track ch0 and Map ch0  t=682828.064860
[682838.780256] createImageRepresentationAtTime:434  RIGHT: adding TS_right to Map ch1  t=682828.064860
[682838.783134] AA_thread:134  AA_thread START  is_left=1  distance=20585  t=682828.067484
[682838.786951] process_mapping_thread:442  multi_to_Map fired -> calling timeSurfaceCallback
[682838.787045] timeSurfaceCallback:989  timeSurfaceCallback  TS_history.size=100  t=682828.056984
[682838.793047] AA_thread:220  AA_thread adding AA_freq to AA_left_IR_to_Map
[682838.802121] AA_thread:234  AA_thread adding AA_map to multi_to_Map channel 2
[682838.802152] AA_thread:236  AA_thread DONE
[682838.818957] createImageRepresentationAtTime:367  LEFT: adding TS_left to Track ch0 and Map ch0  t=682828.067484
[682838.850229] AA_thread:134  AA_thread START  is_left=1  distance=20612  t=682828.070110
[682838.865660] createImageRepresentationAtTime:434  RIGHT: adding TS_right to Map ch1  t=682828.066776
[682838.865921] AA_thread:220  AA_thread adding AA_freq to AA_left_IR_to_Map
[682838.865977] AA_thread:234  AA_thread adding AA_map to multi_to_Map channel 2
[682838.865988] AA_thread:236  AA_thread DONE
[682838.883758] createImageRepresentationAtTime:367  LEFT: adding TS_left to Track ch0 and Map ch0  t=682828.070110
[682838.889784] process_mapping_thread:442  multi_to_Map fired -> calling timeSurfaceCallback
[682838.889884] timeSurfaceCallback:989  timeSurfaceCallback  TS_history.size=100  t=682828.062234
[682838.903780] createImageRepresentationAtTime:434  RIGHT: adding TS_right to Map ch1  t=682828.072185
[682838.905334] AA_thread:134  AA_thread START  is_left=1  distance=20438  t=682828.072734
[682838.908360] AA_thread:220  AA_thread adding AA_freq to AA_left_IR_to_Map
[682838.908424] AA_thread:234  AA_thread adding AA_map to multi_to_Map channel 2
[682838.908433] AA_thread:236  AA_thread DONE
[682838.950797] createImageRepresentationAtTime:434  RIGHT: adding TS_right to Map ch1  t=682828.075360
[682838.959013] process_mapping_thread:442  multi_to_Map fired -> calling timeSurfaceCallback
[682838.959068] timeSurfaceCallback:989  timeSurfaceCallback  TS_history.size=100  t=682828.064860
[682839.002606] createImageRepresentationAtTime:367  LEFT: adding TS_left to Track ch0 and Map ch0  t=682828.072734
[682839.018135] createImageRepresentationAtTime:434  RIGHT: adding TS_right to Map ch1  t=682828.077985
[682839.023629] AA_thread:134  AA_thread START  is_left=1  distance=22393  t=682828.080609
[682839.040529] AA_thread:220  AA_thread adding AA_freq to AA_left_IR_to_Map
[682839.040591] AA_thread:234  AA_thread adding AA_map to multi_to_Map channel 2
[682839.040603] AA_thread:236  AA_thread DONE
[682839.045568] createImageRepresentationAtTime:367  LEFT: adding TS_left to Track ch0 and Map ch0  t=682828.080609
[682839.046140] createImageRepresentationAtTime:434  RIGHT: adding TS_right to Map ch1  t=682828.080609
[682839.048863] process_mapping_thread:442  multi_to_Map fired -> calling timeSurfaceCallback
[682839.079754] AA_thread:134  AA_thread START  is_left=1  distance=28646  t=682828.083235
[682839.083228] AA_thread:220  AA_thread adding AA_freq to AA_left_IR_to_Map
[682839.084332] AA_thread:234  AA_thread adding AA_map to multi_to_Map channel 2
[682839.084427] AA_thread:236  AA_thread DONE
[682839.138555] timeSurfaceCallback:989  timeSurfaceCallback  TS_history.size=100  t=682828.067484
[682839.182103] createImageRepresentationAtTime:367  LEFT: adding TS_left to Track ch0 and Map ch0  t=682828.083235
[682839.183213] createImageRepresentationAtTime:434  RIGHT: adding TS_right to Map ch1  t=682828.080611
[682839.183822] AA_thread:134  AA_thread START  is_left=1  distance=20270  t=682828.085859
[682839.193927] AA_thread:220  AA_thread adding AA_freq to AA_left_IR_to_Map
[682839.193963] AA_thread:234  AA_thread adding AA_map to multi_to_Map channel 2
[682839.193976] AA_thread:236  AA_thread DONE
[682839.212313] createImageRepresentationAtTime:367  LEFT: adding TS_left to Track ch0 and Map ch0  t=682828.085859
[682839.212482] createImageRepresentationAtTime:268  createImageRepresentation early-return: vEvents_ empty  is_left=1
[682839.260935] AA_thread:134  AA_thread START  is_left=1  distance=20751  t=682828.088485
[682839.292303] createImageRepresentationAtTime:434  RIGHT: adding TS_right to Map ch1  t=682828.085859
[682839.305993] AA_thread:220  AA_thread adding AA_freq to AA_left_IR_to_Map
[682839.306052] AA_thread:234  AA_thread adding AA_map to multi_to_Map channel 2
[682839.306063] AA_thread:236  AA_thread DONE
[682839.330330] process_mapping_thread:442  multi_to_Map fired -> calling timeSurfaceCallback
[682839.330382] timeSurfaceCallback:989  timeSurfaceCallback  TS_history.size=100  t=682828.072734
[682839.344773] createImageRepresentationAtTime:367  LEFT: adding TS_left to Track ch0 and Map ch0  t=682828.088485
[682839.371231] createImageRepresentationAtTime:434  RIGHT: adding TS_right to Map ch1  t=682828.088614
[682839.378939] AA_thread:134  AA_thread START  is_left=1  distance=20803  t=682828.093735
[682839.383573] AA_thread:220  AA_thread adding AA_freq to AA_left_IR_to_Map
[682839.383625] AA_thread:234  AA_thread adding AA_map to multi_to_Map channel 2
[682839.383638] AA_thread:236  AA_thread DONE
[682839.400744] process_mapping_thread:442  multi_to_Map fired -> calling timeSurfaceCallback
[682839.400800] timeSurfaceCallback:989  timeSurfaceCallback  TS_history.size=100  t=682828.080609
[682839.443352] createImageRepresentationAtTime:434  RIGHT: adding TS_right to Map ch1  t=682828.093735
[682839.450162] createImageRepresentationAtTime:367  LEFT: adding TS_left to Track ch0 and Map ch0  t=682828.093735
[682839.456612] createImageRepresentationAtTime:434  RIGHT: adding TS_right to Map ch1  t=682828.095375
[682839.505890] AA_thread:134  AA_thread START  is_left=1  distance=36009  t=682828.097089
[682839.506094] createImageRepresentationAtTime:434  RIGHT: adding TS_right to Map ch1  t=682828.096352
[682839.531555] AA_thread:220  AA_thread adding AA_freq to AA_left_IR_to_Map
[682839.531613] AA_thread:234  AA_thread adding AA_map to multi_to_Map channel 2
[682839.531624] AA_thread:236  AA_thread DONE
[682839.543465] process_mapping_thread:442  multi_to_Map fired -> calling timeSurfaceCallback
[682839.543519] timeSurfaceCallback:989  timeSurfaceCallback  TS_history.size=100  t=682828.083235
[682839.560052] createImageRepresentationAtTime:434  RIGHT: adding TS_right to Map ch1  t=682828.100618
[682839.600982] createImageRepresentationAtTime:367  LEFT: adding TS_left to Track ch0 and Map ch0  t=682828.097089
[682839.614578] AA_thread:134  AA_thread START  is_left=1  distance=10752  t=682828.103759
[682839.622736] createImageRepresentationAtTime:434  RIGHT: adding TS_right to Map ch1  t=682828.100618
[682839.623628] AA_thread:220  AA_thread adding AA_freq to AA_left_IR_to_Map
[682839.623687] AA_thread:234  AA_thread adding AA_map to multi_to_Map channel 2
[682839.623698] AA_thread:236  AA_thread DONE
[682839.640325] createImageRepresentationAtTime:367  LEFT: adding TS_left to Track ch0 and Map ch0  t=682828.103759
[682839.645620] process_mapping_thread:442  multi_to_Map fired -> calling timeSurfaceCallback
[682839.645704] timeSurfaceCallback:989  timeSurfaceCallback  TS_history.size=100  t=682828.085859
[682839.648438] AA_thread:134  AA_thread START  is_left=1  distance=15658  t=682828.106621
[682839.655137] AA_thread:220  AA_thread adding AA_freq to AA_left_IR_to_Map
[682839.655233] AA_thread:234  AA_thread adding AA_map to multi_to_Map channel 2
[682839.655280] AA_thread:236  AA_thread DONE
[682839.681203] createImageRepresentationAtTime:367  LEFT: adding TS_left to Track ch0 and Map ch0  t=682828.106621
[682839.683662] createImageRepresentationAtTime:434  RIGHT: adding TS_right to Map ch1  t=682828.106859
[682839.704471] process_mapping_thread:442  multi_to_Map fired -> calling timeSurfaceCallback
[682839.704516] timeSurfaceCallback:989  timeSurfaceCallback  TS_history.size=100  t=682828.088485
[682839.706701] AA_thread:134  AA_thread START  is_left=1  distance=0  t=682828.106621
[682839.710557] AA_thread:220  AA_thread adding AA_freq to AA_left_IR_to_Map
[682839.711412] AA_thread:234  AA_thread adding AA_map to multi_to_Map channel 2
[682839.711449] AA_thread:236  AA_thread DONE
[682839.739844] createImageRepresentationAtTime:434  RIGHT: adding TS_right to Map ch1  t=682828.107370
[682839.761223] createImageRepresentationAtTime:434  RIGHT: adding TS_right to Map ch1  t=682828.108782
[682839.765635] createImageRepresentationAtTime:367  LEFT: adding TS_left to Track ch0 and Map ch0  t=682828.106621
[682839.769252] process_mapping_thread:442  multi_to_Map fired -> calling timeSurfaceCallback
[682839.769306] timeSurfaceCallback:989  timeSurfaceCallback  TS_history.size=100  t=682828.093735
[682839.774012] AA_thread:134  AA_thread START  is_left=1  distance=20643  t=682828.109485
[682839.791947] AA_thread:220  AA_thread adding AA_freq to AA_left_IR_to_Map
[682839.792049] AA_thread:234  AA_thread adding AA_map to multi_to_Map channel 2
[682839.792071] AA_thread:236  AA_thread DONE
[682839.816281] createImageRepresentationAtTime:367  LEFT: adding TS_left to Track ch0 and Map ch0  t=682828.109485
[682839.825180] process_mapping_thread:442  multi_to_Map fired -> calling timeSurfaceCallback
[682839.825234] timeSurfaceCallback:989  timeSurfaceCallback  TS_history.size=100  t=682828.097089
[682839.831994] createImageRepresentationAtTime:434  RIGHT: adding TS_right to Map ch1  t=682828.109485
[682839.832535] AA_thread:134  AA_thread START  is_left=1  distance=20646  t=682828.112109
[682839.846053] AA_thread:220  AA_thread adding AA_freq to AA_left_IR_to_Map
[682839.846330] AA_thread:234  AA_thread adding AA_map to multi_to_Map channel 2
[682839.846347] AA_thread:236  AA_thread DONE
[682839.858167] createImageRepresentationAtTime:434  RIGHT: adding TS_right to Map ch1  t=682828.111640
[682839.871822] process_mapping_thread:442  multi_to_Map fired -> calling timeSurfaceCallback
[682839.872474] timeSurfaceCallback:989  timeSurfaceCallback  TS_history.size=100  t=682828.103759
[682839.904098] createImageRepresentationAtTime:434  RIGHT: adding TS_right to Map ch1  t=682828.113963
[682839.934804] process_mapping_thread:442  multi_to_Map fired -> calling timeSurfaceCallback
[682839.935577] timeSurfaceCallback:989  timeSurfaceCallback  TS_history.size=100  t=682828.106621
[682839.974087] publishMappingResults:1195  publishMappingResults  status=1  dqvDepthPoints.size=5
[682839.983207] publishPointCloud:1287  publishPointCloud  pc_color.size=7748  pc_filtered.size=7748  depthMap.size=7748
[682840.000250] createImageRepresentationAtTime:367  LEFT: adding TS_left to Track ch0 and Map ch0  t=682828.112109
[682840.023442] createImageRepresentationAtTime:434  RIGHT: adding TS_right to Map ch1  t=682828.114001
[682840.044804] AA_thread:134  AA_thread START  is_left=1  distance=20727  t=682828.119985
[682840.053098] AA_thread:220  AA_thread adding AA_freq to AA_left_IR_to_Map
[682840.053184] AA_thread:234  AA_thread adding AA_map to multi_to_Map channel 2
[682840.053237] AA_thread:236  AA_thread DONE
[682840.067544] createImageRepresentationAtTime:434  RIGHT: adding TS_right to Map ch1  t=682828.119985
[682840.074428] process_mapping_thread:442  multi_to_Map fired -> calling timeSurfaceCallback
[682840.074479] timeSurfaceCallback:989  timeSurfaceCallback  TS_history.size=100  t=682828.106621
[682840.093886] createImageRepresentationAtTime:367  LEFT: adding TS_left to Track ch0 and Map ch0  t=682828.119985
[682840.098891] createImageRepresentationAtTime:434  RIGHT: adding TS_right to Map ch1  t=682828.122609
[682840.099687] AA_thread:134  AA_thread START  is_left=1  distance=20686  t=682828.122609
[682840.100730] process_mapping_thread:442  multi_to_Map fired -> calling timeSurfaceCallback
[682840.105873] AA_thread:220  AA_thread adding AA_freq to AA_left_IR_to_Map
[682840.106009] AA_thread:234  AA_thread adding AA_map to multi_to_Map channel 2
[682840.106020] AA_thread:236  AA_thread DONE
[682840.114872] createImageRepresentationAtTime:367  LEFT: adding TS_left to Track ch0 and Map ch0  t=682828.122609
[682840.141305] timeSurfaceCallback:989  timeSurfaceCallback  TS_history.size=100  t=682828.109485
[682840.165829] AA_thread:134  AA_thread START  is_left=1  distance=20222  t=682828.125235
[682840.177544] createImageRepresentationAtTime:434  RIGHT: adding TS_right to Map ch1  t=682828.122611
[682840.184784] AA_thread:220  AA_thread adding AA_freq to AA_left_IR_to_Map
[682840.187433] AA_thread:234  AA_thread adding AA_map to multi_to_Map channel 2
[682840.187469] AA_thread:236  AA_thread DONE
[682840.218776] createImageRepresentationAtTime:434  RIGHT: adding TS_right to Map ch1  t=682828.124626
[682840.222692] process_mapping_thread:442  multi_to_Map fired -> calling timeSurfaceCallback
[682840.222753] timeSurfaceCallback:989  timeSurfaceCallback  TS_history.size=100  t=682828.112109
[682840.223555] createImageRepresentationAtTime:367  LEFT: adding TS_left to Track ch0 and Map ch0  t=682828.125235
[682840.268417] AA_thread:134  AA_thread START  is_left=1  distance=20585  t=682828.127859
[682840.275322] AA_thread:220  AA_thread adding AA_freq to AA_left_IR_to_Map
[682840.275365] AA_thread:234  AA_thread adding AA_map to multi_to_Map channel 2
[682840.275376] AA_thread:236  AA_thread DONE
[682840.308815] createImageRepresentationAtTime:367  LEFT: adding TS_left to Track ch0 and Map ch0  t=682828.127859
[682840.319826] process_mapping_thread:442  multi_to_Map fired -> calling timeSurfaceCallback
[682840.319890] timeSurfaceCallback:989  timeSurfaceCallback  TS_history.size=100  t=682828.119985
[682840.320027] createImageRepresentationAtTime:434  RIGHT: adding TS_right to Map ch1  t=682828.127859
[682840.324438] AA_thread:134  AA_thread START  is_left=1  distance=20296  t=682828.133110
[682840.335587] AA_thread:220  AA_thread adding AA_freq to AA_left_IR_to_Map
[682840.335638] AA_thread:234  AA_thread adding AA_map to multi_to_Map channel 2
[682840.335739] AA_thread:236  AA_thread DONE
[682840.358619] createImageRepresentationAtTime:367  LEFT: adding TS_left to Track ch0 and Map ch0  t=682828.133110
[682840.358823] createImageRepresentationAtTime:268  createImageRepresentation early-return: vEvents_ empty  is_left=1
[682840.365654] createImageRepresentationAtTime:434  RIGHT: adding TS_right to Map ch1  t=682828.133110
[682840.366232] createImageRepresentationAtTime:268  createImageRepresentation early-return: vEvents_ empty  is_left=0
[682840.369579] AA_thread:134  AA_thread START  is_left=1  distance=20631  t=682828.135734
[682840.395870] createImageRepresentationAtTime:434  RIGHT: adding TS_right to Map ch1  t=682828.135734
[682840.399378] process_mapping_thread:442  multi_to_Map fired -> calling timeSurfaceCallback
[682840.399455] timeSurfaceCallback:989  timeSurfaceCallback  TS_history.size=100  t=682828.122609
[682840.400168] createImageRepresentationAtTime:367  LEFT: adding TS_left to Track ch0 and Map ch0  t=682828.135734
[682840.402959] AA_thread:220  AA_thread adding AA_freq to AA_left_IR_to_Map
[682840.403018] AA_thread:234  AA_thread adding AA_map to multi_to_Map channel 2
[682840.403028] AA_thread:236  AA_thread DONE
[682840.403162] createImageRepresentationAtTime:268  createImageRepresentation early-return: vEvents_ empty  is_left=1
[682840.496199] process_mapping_thread:442  multi_to_Map fired -> calling timeSurfaceCallback
[682840.498514] timeSurfaceCallback:989  timeSurfaceCallback  TS_history.size=100  t=682828.125235
[682840.502324] AA_thread:134  AA_thread START  is_left=1  distance=20291  t=682828.138360
[682840.505627] AA_thread:220  AA_thread adding AA_freq to AA_left_IR_to_Map
[682840.505697] AA_thread:234  AA_thread adding AA_map to multi_to_Map channel 2
[682840.505710] AA_thread:236  AA_thread DONE
[682840.513566] createImageRepresentationAtTime:434  RIGHT: adding TS_right to Map ch1  t=682828.138360
[682840.533696] createImageRepresentationAtTime:367  LEFT: adding TS_left to Track ch0 and Map ch0  t=682828.138360
[682840.536863] process_mapping_thread:442  multi_to_Map fired -> calling timeSurfaceCallback
[682840.549727] timeSurfaceCallback:989  timeSurfaceCallback  TS_history.size=100  t=682828.127859
[682840.570712] AA_thread:134  AA_thread START  is_left=1  distance=20120  t=682828.140984
[682840.571713] createImageRepresentationAtTime:434  RIGHT: adding TS_right to Map ch1  t=682828.140984
[682840.575758] AA_thread:220  AA_thread adding AA_freq to AA_left_IR_to_Map
[682840.575809] AA_thread:234  AA_thread adding AA_map to multi_to_Map channel 2
[682840.575822] AA_thread:236  AA_thread DONE
[682840.590662] createImageRepresentationAtTime:367  LEFT: adding TS_left to Track ch0 and Map ch0  t=682828.140984
[682840.611345] AA_thread:134  AA_thread START  is_left=1  distance=19938  t=682828.143610
[682840.624237] process_mapping_thread:442  multi_to_Map fired -> calling timeSurfaceCallback
[682840.624290] timeSurfaceCallback:989  timeSurfaceCallback  TS_history.size=100  t=682828.133110
[682840.630295] AA_thread:220  AA_thread adding AA_freq to AA_left_IR_to_Map
[682840.630340] AA_thread:234  AA_thread adding AA_map to multi_to_Map channel 2
[682840.630355] AA_thread:236  AA_thread DONE
[682840.646255] createImageRepresentationAtTime:434  RIGHT: adding TS_right to Map ch1  t=682828.142083
[682840.661152] publishMappingResults:1195  publishMappingResults  status=1  dqvDepthPoints.size=5
[682840.663412] process_mapping_thread:442  multi_to_Map fired -> calling timeSurfaceCallback
[682840.663670] createImageRepresentationAtTime:367  LEFT: adding TS_left to Track ch0 and Map ch0  t=682828.143610
[682840.675219] publishPointCloud:1287  publishPointCloud  pc_color.size=7569  pc_filtered.size=7569  depthMap.size=7569
[682840.691459] createImageRepresentationAtTime:434  RIGHT: adding TS_right to Map ch1  t=682828.146234
[682840.713845] AA_thread:134  AA_thread START  is_left=1  distance=5489  t=682828.145510
[682840.720043] AA_thread:220  AA_thread adding AA_freq to AA_left_IR_to_Map
[682840.720104] AA_thread:234  AA_thread adding AA_map to multi_to_Map channel 2
[682840.720117] AA_thread:236  AA_thread DONE
[682840.761918] createImageRepresentationAtTime:434  RIGHT: adding TS_right to Map ch1  t=682828.148860
[682840.817004] createImageRepresentationAtTime:367  LEFT: adding TS_left to Track ch0 and Map ch0  t=682828.145510
[682840.817552] AA_thread:134  AA_thread START  is_left=1  distance=15024  t=682828.151238
[682840.823335] AA_thread:220  AA_thread adding AA_freq to AA_left_IR_to_Map
[682840.823430] AA_thread:234  AA_thread adding AA_map to multi_to_Map channel 2
[682840.823525] AA_thread:236  AA_thread DONE
[682840.827502] timeSurfaceCallback:989  timeSurfaceCallback  TS_history.size=100  t=682828.135734
[682840.833864] createImageRepresentationAtTime:434  RIGHT: adding TS_right to Map ch1  t=682828.151484
[682840.835698] createImageRepresentationAtTime:367  LEFT: adding TS_left to Track ch0 and Map ch0  t=682828.151238
[682840.836324] AA_thread:134  AA_thread START  is_left=1  distance=0  t=682828.151238
[682840.841708] AA_thread:220  AA_thread adding AA_freq to AA_left_IR_to_Map
[682840.841779] AA_thread:234  AA_thread adding AA_map to multi_to_Map channel 2
[682840.841793] AA_thread:236  AA_thread DONE
[682840.924233] createImageRepresentationAtTime:367  LEFT: adding TS_left to Track ch0 and Map ch0  t=682828.151238
[682840.926548] createImageRepresentationAtTime:434  RIGHT: adding TS_right to Map ch1  t=682828.153114
[682840.952603] process_mapping_thread:442  multi_to_Map fired -> calling timeSurfaceCallback
[682840.952682] timeSurfaceCallback:989  timeSurfaceCallback  TS_history.size=100  t=682828.138360
[682840.961987] createImageRepresentationAtTime:434  RIGHT: adding TS_right to Map ch1  t=682828.154110
[682840.963400] AA_thread:134  AA_thread START  is_left=1  distance=19978  t=682828.154110
[682840.966916] AA_thread:220  AA_thread adding AA_freq to AA_left_IR_to_Map
[682840.966996] AA_thread:234  AA_thread adding AA_map to multi_to_Map channel 2
[682840.967010] AA_thread:236  AA_thread DONE
[682840.980712] process_mapping_thread:442  multi_to_Map fired -> calling timeSurfaceCallback
[682840.980781] timeSurfaceCallback:989  timeSurfaceCallback  TS_history.size=100  t=682828.140984
[682841.001057] createImageRepresentationAtTime:367  LEFT: adding TS_left to Track ch0 and Map ch0  t=682828.154110
[682841.013673] AA_thread:134  AA_thread START  is_left=1  distance=337  t=682828.158375
[682841.023622] process_mapping_thread:442  multi_to_Map fired -> calling timeSurfaceCallback
[682841.023717] timeSurfaceCallback:989  timeSurfaceCallback  TS_history.size=100  t=682828.143610
[682841.024762] AA_thread:220  AA_thread adding AA_freq to AA_left_IR_to_Map
[682841.024829] AA_thread:234  AA_thread adding AA_map to multi_to_Map channel 2
[682841.024846] AA_thread:236  AA_thread DONE
[682841.033875] createImageRepresentationAtTime:367  LEFT: adding TS_left to Track ch0 and Map ch0  t=682828.158375
[682841.035964] createImageRepresentationAtTime:434  RIGHT: adding TS_right to Map ch1  t=682828.156734
[682841.054452] AA_thread:134  AA_thread START  is_left=1  distance=0  t=682828.158375
[682841.062211] AA_thread:220  AA_thread adding AA_freq to AA_left_IR_to_Map
[682841.062292] AA_thread:234  AA_thread adding AA_map to multi_to_Map channel 2
[682841.062311] AA_thread:236  AA_thread DONE
[682841.065110] createImageRepresentationAtTime:434  RIGHT: adding TS_right to Map ch1  t=682828.158846
[682841.073356] createImageRepresentationAtTime:367  LEFT: adding TS_left to Track ch0 and Map ch0  t=682828.158375
[682841.086176] AA_thread:134  AA_thread START  is_left=1  distance=32333  t=682828.161984
[682841.090148] process_mapping_thread:442  multi_to_Map fired -> calling timeSurfaceCallback
[682841.090234] timeSurfaceCallback:989  timeSurfaceCallback  TS_history.size=100  t=682828.145510
[682841.098218] AA_thread:220  AA_thread adding AA_freq to AA_left_IR_to_Map
[682841.098301] AA_thread:234  AA_thread adding AA_map to multi_to_Map channel 2
[682841.098314] AA_thread:236  AA_thread DONE
[682841.130510] process_mapping_thread:442  multi_to_Map fired -> calling timeSurfaceCallback
[682841.131510] timeSurfaceCallback:989  timeSurfaceCallback  TS_history.size=100  t=682828.151238
[682841.138137] createImageRepresentationAtTime:367  LEFT: adding TS_left to Track ch0 and Map ch0  t=682828.161984
[682841.138650] createImageRepresentationAtTime:434  RIGHT: adding TS_right to Map ch1  t=682828.160873
[682841.140662] AA_thread:134  AA_thread START  is_left=1  distance=20271  t=682828.164610
[682841.148529] AA_thread:220  AA_thread adding AA_freq to AA_left_IR_to_Map
[682841.148582] AA_thread:234  AA_thread adding AA_map to multi_to_Map channel 2
[682841.148598] AA_thread:236  AA_thread DONE
[682841.163372] createImageRepresentationAtTime:434  RIGHT: adding TS_right to Map ch1  t=682828.164202
[682841.194828] createImageRepresentationAtTime:367  LEFT: adding TS_left to Track ch0 and Map ch0  t=682828.164610
[682841.210306] publishMappingResults:1195  publishMappingResults  status=1  dqvDepthPoints.size=5
[682841.219306] process_mapping_thread:442  multi_to_Map fired -> calling timeSurfaceCallback
[682841.219383] timeSurfaceCallback:989  timeSurfaceCallback  TS_history.size=100  t=682828.154110
[682841.221225] AA_thread:134  AA_thread START  is_left=1  distance=22065  t=682828.167234
[682841.222129] publishPointCloud:1287  publishPointCloud  pc_color.size=8286  pc_filtered.size=8286  depthMap.size=8286
[682841.226463] AA_thread:220  AA_thread adding AA_freq to AA_left_IR_to_Map
[682841.226536] AA_thread:234  AA_thread adding AA_map to multi_to_Map channel 2
[682841.226548] AA_thread:236  AA_thread DONE
[682841.229781] createImageRepresentationAtTime:434  RIGHT: adding TS_right to Map ch1  t=682828.164610
[682841.245845] createImageRepresentationAtTime:367  LEFT: adding TS_left to Track ch0 and Map ch0  t=682828.167234
[682841.246011] createImageRepresentationAtTime:268  createImageRepresentation early-return: vEvents_ empty  is_left=1
[682841.259320] createImageRepresentationAtTime:434  RIGHT: adding TS_right to Map ch1  t=682828.166343
[682841.263216] process_mapping_thread:442  multi_to_Map fired -> calling timeSurfaceCallback
[682841.320233] timeSurfaceCallback:989  timeSurfaceCallback  TS_history.size=100  t=682828.158375
[682841.322177] AA_thread:134  AA_thread START  is_left=1  distance=51487  t=682828.169860
[682841.344506] createImageRepresentationAtTime:434  RIGHT: adding TS_right to Map ch1  t=682828.167234
[682841.346841] AA_thread:220  AA_thread adding AA_freq to AA_left_IR_to_Map
[682841.346922] AA_thread:234  AA_thread adding AA_map to multi_to_Map channel 2
[682841.346936] AA_thread:236  AA_thread DONE
[682841.350493] createImageRepresentationAtTime:367  LEFT: adding TS_left to Track ch0 and Map ch0  t=682828.169860
[682841.356331] AA_thread:134  AA_thread START  is_left=1  distance=19724  t=682828.172484
[682841.372136] AA_thread:220  AA_thread adding AA_freq to AA_left_IR_to_Map
[682841.372203] AA_thread:234  AA_thread adding AA_map to multi_to_Map channel 2
[682841.372217] AA_thread:236  AA_thread DONE
[682841.377191] createImageRepresentationAtTime:434  RIGHT: adding TS_right to Map ch1  t=682828.172484
[682841.401530] process_mapping_thread:442  multi_to_Map fired -> calling timeSurfaceCallback
[682841.401621] timeSurfaceCallback:989  timeSurfaceCallback  TS_history.size=100  t=682828.161984
[682841.439194] createImageRepresentationAtTime:367  LEFT: adding TS_left to Track ch0 and Map ch0  t=682828.172484
[682841.472810] createImageRepresentationAtTime:268  createImageRepresentation early-return: vEvents_ empty  is_left=1
[682841.481335] createImageRepresentationAtTime:434  RIGHT: adding TS_right to Map ch1  t=682828.175110
[682841.516342] AA_thread:134  AA_thread START  is_left=1  distance=19828  t=682828.177734
[682841.524173] AA_thread:220  AA_thread adding AA_freq to AA_left_IR_to_Map
[682841.524247] AA_thread:234  AA_thread adding AA_map to multi_to_Map channel 2
[682841.524261] AA_thread:236  AA_thread DONE
[682841.533238] process_mapping_thread:442  multi_to_Map fired -> calling timeSurfaceCallback
[682841.533329] timeSurfaceCallback:989  timeSurfaceCallback  TS_history.size=100  t=682828.164610
[682841.536296] createImageRepresentationAtTime:434  RIGHT: adding TS_right to Map ch1  t=682828.177734
[682841.542658] createImageRepresentationAtTime:367  LEFT: adding TS_left to Track ch0 and Map ch0  t=682828.177734
[682841.550398] AA_thread:134  AA_thread START  is_left=1  distance=20177  t=682828.180360
[682841.557434] AA_thread:220  AA_thread adding AA_freq to AA_left_IR_to_Map
[682841.557490] AA_thread:234  AA_thread adding AA_map to multi_to_Map channel 2
[682841.557503] AA_thread:236  AA_thread DONE
[682841.616559] process_mapping_thread:442  multi_to_Map fired -> calling timeSurfaceCallback
[682841.616693] timeSurfaceCallback:989  timeSurfaceCallback  TS_history.size=100  t=682828.167234
[682841.619952] createImageRepresentationAtTime:434  RIGHT: adding TS_right to Map ch1  t=682828.180360
[682841.679655] process_mapping_thread:442  multi_to_Map fired -> calling timeSurfaceCallback
[682841.679817] timeSurfaceCallback:989  timeSurfaceCallback  TS_history.size=100  t=682828.172484
[682841.683000] createImageRepresentationAtTime:367  LEFT: adding TS_left to Track ch0 and Map ch0  t=682828.180360
[682841.690943] createImageRepresentationAtTime:434  RIGHT: adding TS_right to Map ch1  t=682828.182942
[682841.709907] AA_thread:134  AA_thread START  is_left=1  distance=20037  t=682828.188234
[682841.716237] AA_thread:220  AA_thread adding AA_freq to AA_left_IR_to_Map
[682841.716299] AA_thread:234  AA_thread adding AA_map to multi_to_Map channel 2
[682841.716313] AA_thread:236  AA_thread DONE
[682841.737882] createImageRepresentationAtTime:367  LEFT: adding TS_left to Track ch0 and Map ch0  t=682828.188234
[682841.759516] createImageRepresentationAtTime:367  LEFT: adding TS_left to Track ch0 and Map ch0  t=682828.190462
[682841.759601] AA_thread:134  AA_thread START  is_left=1  distance=12178  t=682828.190462
[682841.770323] createImageRepresentationAtTime:434  RIGHT: adding TS_right to Map ch1  t=682828.187302
[682841.786079] AA_thread:220  AA_thread adding AA_freq to AA_left_IR_to_Map
[682841.786136] AA_thread:234  AA_thread adding AA_map to multi_to_Map channel 2
[682841.786150] AA_thread:236  AA_thread DONE
[682841.799607] AA_thread:134  AA_thread START  is_left=1  distance=7988  t=682828.190859
[682841.809753] AA_thread:220  AA_thread adding AA_freq to AA_left_IR_to_Map
[682841.809822] AA_thread:234  AA_thread adding AA_map to multi_to_Map channel 2
[682841.809836] AA_thread:236  AA_thread DONE
[682841.811622] process_mapping_thread:442  multi_to_Map fired -> calling timeSurfaceCallback
[682841.811706] timeSurfaceCallback:989  timeSurfaceCallback  TS_history.size=100  t=682828.177734
[682841.822398] createImageRepresentationAtTime:434  RIGHT: adding TS_right to Map ch1  t=682828.190859
[682841.836885] createImageRepresentationAtTime:367  LEFT: adding TS_left to Track ch0 and Map ch0  t=682828.190859
[682841.860387] createImageRepresentationAtTime:434  RIGHT: adding TS_right to Map ch1  t=682828.193485
[682841.867396] AA_thread:134  AA_thread START  is_left=1  distance=20321  t=682828.193485
[682841.871126] AA_thread:220  AA_thread adding AA_freq to AA_left_IR_to_Map
[682841.871200] AA_thread:234  AA_thread adding AA_map to multi_to_Map channel 2
[682841.871214] AA_thread:236  AA_thread DONE
[682841.892311] publishMappingResults:1195  publishMappingResults  status=1  dqvDepthPoints.size=5
[682841.895209] createImageRepresentationAtTime:367  LEFT: adding TS_left to Track ch0 and Map ch0  t=682828.193485
[682841.901104] publishPointCloud:1287  publishPointCloud  pc_color.size=7882  pc_filtered.size=7882  depthMap.size=7882
[682841.922298] process_mapping_thread:442  multi_to_Map fired -> calling timeSurfaceCallback
[682841.925072] AA_thread:134  AA_thread START  is_left=1  distance=20384  t=682828.196109
[682841.929715] createImageRepresentationAtTime:434  RIGHT: adding TS_right to Map ch1  t=682828.194505
[682841.934155] AA_thread:220  AA_thread adding AA_freq to AA_left_IR_to_Map
[682841.934232] AA_thread:234  AA_thread adding AA_map to multi_to_Map channel 2
[682841.934245] AA_thread:236  AA_thread DONE
[682841.943556] createImageRepresentationAtTime:367  LEFT: adding TS_left to Track ch0 and Map ch0  t=682828.196109
[682841.953182] AA_thread:134  AA_thread START  is_left=1  distance=20304  t=682828.198735
[682841.958941] AA_thread:220  AA_thread adding AA_freq to AA_left_IR_to_Map
[682841.959011] AA_thread:234  AA_thread adding AA_map to multi_to_Map channel 2
[682841.959025] AA_thread:236  AA_thread DONE
[682842.023569] createImageRepresentationAtTime:367  LEFT: adding TS_left to Track ch0 and Map ch0  t=682828.198735
[682842.024056] timeSurfaceCallback:989  timeSurfaceCallback  TS_history.size=100  t=682828.180360
[682842.049567] createImageRepresentationAtTime:434  RIGHT: adding TS_right to Map ch1  t=682828.198735
[682842.067327] AA_thread:134  AA_thread START  is_left=1  distance=2392  t=682828.200482
[682842.074731] AA_thread:220  AA_thread adding AA_freq to AA_left_IR_to_Map
[682842.074794] AA_thread:234  AA_thread adding AA_map to multi_to_Map channel 2
[682842.075158] AA_thread:236  AA_thread DONE
[682842.135644] createImageRepresentationAtTime:434  RIGHT: adding TS_right to Map ch1  t=682828.203985
[682842.145632] createImageRepresentationAtTime:367  LEFT: adding TS_left to Track ch0 and Map ch0  t=682828.200482
[682842.149201] publishMappingResults:1195  publishMappingResults  status=1  dqvDepthPoints.size=5
[682842.184675] publishPointCloud:1287  publishPointCloud  pc_color.size=3440  pc_filtered.size=3440  depthMap.size=3440
[682842.186948] createImageRepresentationAtTime:434  RIGHT: adding TS_right to Map ch1  t=682828.205637
[682842.191643] AA_thread:134  AA_thread START  is_left=1  distance=20496  t=682828.206609
[682842.199508] AA_thread:220  AA_thread adding AA_freq to AA_left_IR_to_Map
[682842.199571] AA_thread:234  AA_thread adding AA_map to multi_to_Map channel 2
[682842.199587] AA_thread:236  AA_thread DONE
[682842.221986] process_mapping_thread:442  multi_to_Map fired -> calling timeSurfaceCallback
[682842.222057] timeSurfaceCallback:989  timeSurfaceCallback  TS_history.size=100  t=682828.188234
[682842.242639] createImageRepresentationAtTime:367  LEFT: adding TS_left to Track ch0 and Map ch0  t=682828.206609
[682842.259682] AA_thread:134  AA_thread START  is_left=1  distance=20739  t=682828.211859
[682842.285374] AA_thread:220  AA_thread adding AA_freq to AA_left_IR_to_Map
[682842.285565] AA_thread:234  AA_thread adding AA_map to multi_to_Map channel 2
[682842.285592] AA_thread:236  AA_thread DONE
[682842.297863] createImageRepresentationAtTime:367  LEFT: adding TS_left to Track ch0 and Map ch0  t=682828.211859
[682842.302469] AA_thread:134  AA_thread START  is_left=1  distance=20775  t=682828.214485
[682842.305625] AA_thread:220  AA_thread adding AA_freq to AA_left_IR_to_Map
[682842.305684] AA_thread:234  AA_thread adding AA_map to multi_to_Map channel 2
[682842.305697] AA_thread:236  AA_thread DONE
[682842.310650] createImageRepresentationAtTime:367  LEFT: adding TS_left to Track ch0 and Map ch0  t=682828.214485
[682842.311925] AA_thread:134  AA_thread START  is_left=1  distance=620  t=682828.214512
[682842.316062] AA_thread:220  AA_thread adding AA_freq to AA_left_IR_to_Map
[682842.316157] AA_thread:234  AA_thread adding AA_map to multi_to_Map channel 2
[682842.316172] AA_thread:236  AA_thread DONE
[682842.329669] createImageRepresentationAtTime:367  LEFT: adding TS_left to Track ch0 and Map ch0  t=682828.214512
[682842.330870] createImageRepresentationAtTime:434  RIGHT: adding TS_right to Map ch1  t=682828.208583
[682842.341953] process_mapping_thread:442  multi_to_Map fired -> calling timeSurfaceCallback
[682842.345738] AA_thread:134  AA_thread START  is_left=1  distance=20937  t=682828.217109
[682842.350146] AA_thread:220  AA_thread adding AA_freq to AA_left_IR_to_Map
[682842.350195] AA_thread:234  AA_thread adding AA_map to multi_to_Map channel 2
[682842.350212] AA_thread:236  AA_thread DONE
[682842.370295] createImageRepresentationAtTime:434  RIGHT: adding TS_right to Map ch1  t=682828.217109
[682842.382764] createImageRepresentationAtTime:367  LEFT: adding TS_left to Track ch0 and Map ch0  t=682828.217109
[682842.384209] timeSurfaceCallback:989  timeSurfaceCallback  TS_history.size=100  t=682828.190859
[682842.394547] createImageRepresentationAtTime:434  RIGHT: adding TS_right to Map ch1  t=682828.219735
[682842.395571] AA_thread:134  AA_thread START  is_left=1  distance=20855  t=682828.219735
[682842.399382] AA_thread:220  AA_thread adding AA_freq to AA_left_IR_to_Map
[682842.399457] AA_thread:234  AA_thread adding AA_map to multi_to_Map channel 2
[682842.399472] AA_thread:236  AA_thread DONE
[682842.415927] createImageRepresentationAtTime:367  LEFT: adding TS_left to Track ch0 and Map ch0  t=682828.219735
[682842.441719] createImageRepresentationAtTime:434  RIGHT: adding TS_right to Map ch1  t=682828.221236
[682842.443884] process_mapping_thread:442  multi_to_Map fired -> calling timeSurfaceCallback
[682842.443951] timeSurfaceCallback:989  timeSurfaceCallback  TS_history.size=100  t=682828.193485
[682842.446456] AA_thread:134  AA_thread START  is_left=1  distance=21591  t=682828.221378
[682842.448928] publishMappingResults:1195  publishMappingResults  status=1  dqvDepthPoints.size=5
[682842.450708] AA_thread:220  AA_thread adding AA_freq to AA_left_IR_to_Map
[682842.450783] AA_thread:234  AA_thread adding AA_map to multi_to_Map channel 2
[682842.450797] AA_thread:236  AA_thread DONE
[682842.473563] publishPointCloud:1287  publishPointCloud  pc_color.size=3276  pc_filtered.size=3276  depthMap.size=3276
[682842.482950] createImageRepresentationAtTime:434  RIGHT: adding TS_right to Map ch1  t=682828.222359
[682842.520305] createImageRepresentationAtTime:367  LEFT: adding TS_left to Track ch0 and Map ch0  t=682828.221378
[682842.524610] AA_thread:134  AA_thread START  is_left=1  distance=3481  t=682828.224144
[682842.530563] AA_thread:220  AA_thread adding AA_freq to AA_left_IR_to_Map
[682842.530636] AA_thread:234  AA_thread adding AA_map to multi_to_Map channel 2
[682842.530649] AA_thread:236  AA_thread DONE
[682842.541289] createImageRepresentationAtTime:434  RIGHT: adding TS_right to Map ch1  t=682828.223420
[682842.543917] process_mapping_thread:442  multi_to_Map fired -> calling timeSurfaceCallback
[682842.546043] timeSurfaceCallback:989  timeSurfaceCallback  TS_history.size=100  t=682828.196109
[682842.566619] createImageRepresentationAtTime:367  LEFT: adding TS_left to Track ch0 and Map ch0  t=682828.224144
[682842.583658] createImageRepresentationAtTime:434  RIGHT: adding TS_right to Map ch1  t=682828.224985
[682842.596170] AA_thread:134  AA_thread START  is_left=1  distance=21327  t=682828.227609
[682842.605494] publishMappingResults:1195  publishMappingResults  status=1  dqvDepthPoints.size=5
[682842.607317] createImageRepresentationAtTime:434  RIGHT: adding TS_right to Map ch1  t=682828.226927
[682842.611048] createImageRepresentationAtTime:367  LEFT: adding TS_left to Track ch0 and Map ch0  t=682828.227609
[682842.611767] publishPointCloud:1287  publishPointCloud  pc_color.size=3950  pc_filtered.size=3950  depthMap.size=3950
[682842.613066] AA_thread:220  AA_thread adding AA_freq to AA_left_IR_to_Map
[682842.613132] AA_thread:234  AA_thread adding AA_map to multi_to_Map channel 2
[682842.613150] AA_thread:236  AA_thread DONE
[682842.617965] createImageRepresentationAtTime:268  createImageRepresentation early-return: vEvents_ empty  is_left=1
[682842.620388] createImageRepresentationAtTime:434  RIGHT: adding TS_right to Map ch1  t=682828.227609
[682842.622728] process_mapping_thread:442  multi_to_Map fired -> calling timeSurfaceCallback
[682842.629349] AA_thread:134  AA_thread START  is_left=1  distance=21636  t=682828.230235
[682842.634526] AA_thread:220  AA_thread adding AA_freq to AA_left_IR_to_Map
[682842.634583] AA_thread:234  AA_thread adding AA_map to multi_to_Map channel 2
[682842.634596] AA_thread:236  AA_thread DONE
[682842.641760] createImageRepresentationAtTime:434  RIGHT: adding TS_right to Map ch1  t=682828.230235
[682842.649436] createImageRepresentationAtTime:367  LEFT: adding TS_left to Track ch0 and Map ch0  t=682828.230235
[682842.666642] timeSurfaceCallback:989  timeSurfaceCallback  TS_history.size=100  t=682828.198735
[682842.679284] AA_thread:134  AA_thread START  is_left=1  distance=14013  t=682828.230881
[682842.690069] AA_thread:220  AA_thread adding AA_freq to AA_left_IR_to_Map
[682842.690140] AA_thread:234  AA_thread adding AA_map to multi_to_Map channel 2
[682842.690157] AA_thread:236  AA_thread DONE
[682842.704799] createImageRepresentationAtTime:367  LEFT: adding TS_left to Track ch0 and Map ch0  t=682828.230881
[682842.706232] createImageRepresentationAtTime:434  RIGHT: adding TS_right to Map ch1  t=682828.232859
[682842.707607] publishMappingResults:1195  publishMappingResults  status=1  dqvDepthPoints.size=5
[682842.715687] publishPointCloud:1287  publishPointCloud  pc_color.size=3471  pc_filtered.size=3471  depthMap.size=3471
[682842.749730] process_mapping_thread:442  multi_to_Map fired -> calling timeSurfaceCallback
[682842.749797] timeSurfaceCallback:989  timeSurfaceCallback  TS_history.size=100  t=682828.206609
[682842.754349] AA_thread:134  AA_thread START  is_left=1  distance=21523  t=682828.232859
[682842.757107] AA_thread:220  AA_thread adding AA_freq to AA_left_IR_to_Map
[682842.757163] AA_thread:234  AA_thread adding AA_map to multi_to_Map channel 2
[682842.757177] AA_thread:236  AA_thread DONE
[682842.773321] publishMappingResults:1195  publishMappingResults  status=1  dqvDepthPoints.size=5
[682842.774507] publishPointCloud:1287  publishPointCloud  pc_color.size=0  pc_filtered.size=0  depthMap.size=0
[682842.799386] createImageRepresentationAtTime:434  RIGHT: adding TS_right to Map ch1  t=682828.233184
[682842.799937] createImageRepresentationAtTime:367  LEFT: adding TS_left to Track ch0 and Map ch0  t=682828.232859
[682842.801852] AA_thread:134  AA_thread START  is_left=1  distance=21894  t=682828.238109
[682842.806374] AA_thread:220  AA_thread adding AA_freq to AA_left_IR_to_Map
[682842.806453] AA_thread:234  AA_thread adding AA_map to multi_to_Map channel 2
[682842.806468] AA_thread:236  AA_thread DONE
[682842.812958] createImageRepresentationAtTime:367  LEFT: adding TS_left to Track ch0 and Map ch0  t=682828.238109
[682842.820691] createImageRepresentationAtTime:434  RIGHT: adding TS_right to Map ch1  t=682828.238109
[682842.856366] AA_thread:134  AA_thread START  is_left=1  distance=810  t=682828.238144
[682842.869030] AA_thread:220  AA_thread adding AA_freq to AA_left_IR_to_Map
[682842.869117] AA_thread:234  AA_thread adding AA_map to multi_to_Map channel 2
[682842.869133] AA_thread:236  AA_thread DONE
[682842.872241] process_mapping_thread:442  multi_to_Map fired -> calling timeSurfaceCallback
[682842.872331] timeSurfaceCallback:989  timeSurfaceCallback  TS_history.size=100  t=682828.211859
[682842.878556] publishMappingResults:1195  publishMappingResults  status=1  dqvDepthPoints.size=5
[682842.890660] createImageRepresentationAtTime:367  LEFT: adding TS_left to Track ch0 and Map ch0  t=682828.238144
[682842.890934] publishPointCloud:1287  publishPointCloud  pc_color.size=0  pc_filtered.size=0  depthMap.size=0
[682842.890992] createImageRepresentationAtTime:434  RIGHT: adding TS_right to Map ch1  t=682828.239383
[682842.906766] AA_thread:134  AA_thread START  is_left=1  distance=22281  t=682828.240735
[682842.915416] AA_thread:220  AA_thread adding AA_freq to AA_left_IR_to_Map
[682842.915487] AA_thread:234  AA_thread adding AA_map to multi_to_Map channel 2
[682842.915500] AA_thread:236  AA_thread DONE
[682842.939520] createImageRepresentationAtTime:367  LEFT: adding TS_left to Track ch0 and Map ch0  t=682828.240735
[682842.943677] AA_thread:134  AA_thread START  is_left=1  distance=22119  t=682828.243359
[682842.944003] createImageRepresentationAtTime:434  RIGHT: adding TS_right to Map ch1  t=682828.240735
[682842.955322] AA_thread:220  AA_thread adding AA_freq to AA_left_IR_to_Map
[682842.955422] AA_thread:234  AA_thread adding AA_map to multi_to_Map channel 2
[682842.955442] AA_thread:236  AA_thread DONE
[682842.961012] createImageRepresentationAtTime:367  LEFT: adding TS_left to Track ch0 and Map ch0  t=682828.243359
[682842.971605] AA_thread:134  AA_thread START  is_left=1  distance=1400  t=682828.244744
[682842.978281] AA_thread:220  AA_thread adding AA_freq to AA_left_IR_to_Map
[682842.978357] AA_thread:234  AA_thread adding AA_map to multi_to_Map channel 2
[682842.978371] AA_thread:236  AA_thread DONE
[682842.981732] process_mapping_thread:442  multi_to_Map fired -> calling timeSurfaceCallback
[682842.981797] timeSurfaceCallback:989  timeSurfaceCallback  TS_history.size=100  t=682828.217109
[682842.992281] publishMappingResults:1195  publishMappingResults  status=1  dqvDepthPoints.size=5
[682842.992923] publishPointCloud:1287  publishPointCloud  pc_color.size=0  pc_filtered.size=0  depthMap.size=0
[682842.993593] createImageRepresentationAtTime:434  RIGHT: adding TS_right to Map ch1  t=682828.243359
[682843.008387] createImageRepresentationAtTime:367  LEFT: adding TS_left to Track ch0 and Map ch0  t=682828.244744
[682843.030655] createImageRepresentationAtTime:434  RIGHT: adding TS_right to Map ch1  t=682828.245984
[682843.032174] AA_thread:134  AA_thread START  is_left=1  distance=22014  t=682828.248610
[682843.039359] AA_thread:220  AA_thread adding AA_freq to AA_left_IR_to_Map
[682843.039801] AA_thread:234  AA_thread adding AA_map to multi_to_Map channel 2
[682843.039863] AA_thread:236  AA_thread DONE
[682843.054234] createImageRepresentationAtTime:367  LEFT: adding TS_left to Track ch0 and Map ch0  t=682828.248610
[682843.061678] createImageRepresentationAtTime:434  RIGHT: adding TS_right to Map ch1  t=682828.248610
[682843.073443] process_mapping_thread:442  multi_to_Map fired -> calling timeSurfaceCallback
[682843.073502] timeSurfaceCallback:989  timeSurfaceCallback  TS_history.size=100  t=682828.221378
[682843.082337] AA_thread:134  AA_thread START  is_left=1  distance=3202  t=682828.248762
[682843.087038] AA_thread:220  AA_thread adding AA_freq to AA_left_IR_to_Map
[682843.087098] AA_thread:234  AA_thread adding AA_map to multi_to_Map channel 2
[682843.087111] AA_thread:236  AA_thread DONE
[682843.089142] createImageRepresentationAtTime:434  RIGHT: adding TS_right to Map ch1  t=682828.248610
[682843.091375] createImageRepresentationAtTime:367  LEFT: adding TS_left to Track ch0 and Map ch0  t=682828.248762
[682843.104755] AA_thread:134  AA_thread START  is_left=1  distance=22159  t=682828.251234
[682843.112990] AA_thread:220  AA_thread adding AA_freq to AA_left_IR_to_Map
[682843.113710] AA_thread:234  AA_thread adding AA_map to multi_to_Map channel 2
[682843.113749] AA_thread:236  AA_thread DONE
[682843.125761] createImageRepresentationAtTime:367  LEFT: adding TS_left to Track ch0 and Map ch0  t=682828.251234
[682843.141772] AA_thread:134  AA_thread START  is_left=1  distance=27287  t=682828.253860
[682843.142472] createImageRepresentationAtTime:434  RIGHT: adding TS_right to Map ch1  t=682828.251234
[682843.153631] createImageRepresentationAtTime:367  LEFT: adding TS_left to Track ch0 and Map ch0  t=682828.253860
[682843.157008] AA_thread:220  AA_thread adding AA_freq to AA_left_IR_to_Map
[682843.162393] createImageRepresentationAtTime:434  RIGHT: adding TS_right to Map ch1  t=682828.253860
[682843.162527] createImageRepresentationAtTime:268  createImageRepresentation early-return: vEvents_ empty  is_left=0
[682843.162551] AA_thread:234  AA_thread adding AA_map to multi_to_Map channel 2
[682843.162591] AA_thread:236  AA_thread DONE
[682843.173977] process_mapping_thread:442  multi_to_Map fired -> calling timeSurfaceCallback
[682843.174088] timeSurfaceCallback:989  timeSurfaceCallback  TS_history.size=100  t=682828.230235
[682843.181813] publishMappingResults:1195  publishMappingResults  status=1  dqvDepthPoints.size=5
[682843.182076] publishPointCloud:1287  publishPointCloud  pc_color.size=0  pc_filtered.size=0  depthMap.size=0
[682843.215781] AA_thread:134  AA_thread START  is_left=1  distance=33928  t=682828.256484
[682843.230178] AA_thread:220  AA_thread adding AA_freq to AA_left_IR_to_Map
[682843.231408] AA_thread:234  AA_thread adding AA_map to multi_to_Map channel 2
[682843.231496] AA_thread:236  AA_thread DONE
[682843.245978] createImageRepresentationAtTime:434  RIGHT: adding TS_right to Map ch1  t=682828.256270
[682843.253424] process_mapping_thread:442  multi_to_Map fired -> calling timeSurfaceCallback
[682843.253510] timeSurfaceCallback:989  timeSurfaceCallback  TS_history.size=100  t=682828.232859
[682843.256022] createImageRepresentationAtTime:367  LEFT: adding TS_left to Track ch0 and Map ch0  t=682828.256484
[682843.263555] publishMappingResults:1195  publishMappingResults  status=1  dqvDepthPoints.size=5
[682843.272557] publishPointCloud:1287  publishPointCloud  pc_color.size=0  pc_filtered.size=0  depthMap.size=0
[682843.279942] createImageRepresentationAtTime:434  RIGHT: adding TS_right to Map ch1  t=682828.256484
[682843.281137] AA_thread:134  AA_thread START  is_left=1  distance=22311  t=682828.259110
[682843.285650] AA_thread:220  AA_thread adding AA_freq to AA_left_IR_to_Map
[682843.285724] AA_thread:234  AA_thread adding AA_map to multi_to_Map channel 2
[682843.285738] AA_thread:236  AA_thread DONE
[682843.308370] createImageRepresentationAtTime:367  LEFT: adding TS_left to Track ch0 and Map ch0  t=682828.259110
[682843.324825] createImageRepresentationAtTime:434  RIGHT: adding TS_right to Map ch1  t=682828.259110
[682843.330211] process_mapping_thread:442  multi_to_Map fired -> calling timeSurfaceCallback
[682843.330398] timeSurfaceCallback:989  timeSurfaceCallback  TS_history.size=100  t=682828.238109
[682843.339393] publishMappingResults:1195  publishMappingResults  status=1  dqvDepthPoints.size=5
[682843.339987] publishPointCloud:1287  publishPointCloud  pc_color.size=0  pc_filtered.size=0  depthMap.size=0
[682843.341724] AA_thread:134  AA_thread START  is_left=1  distance=22335  t=682828.261734
[682843.348381] AA_thread:220  AA_thread adding AA_freq to AA_left_IR_to_Map
[682843.348445] AA_thread:234  AA_thread adding AA_map to multi_to_Map channel 2
[682843.348459] AA_thread:236  AA_thread DONE
[682843.377505] createImageRepresentationAtTime:367  LEFT: adding TS_left to Track ch0 and Map ch0  t=682828.261734
[682843.382917] AA_thread:134  AA_thread START  is_left=1  distance=22079  t=682828.264360
[682843.383274] createImageRepresentationAtTime:434  RIGHT: adding TS_right to Map ch1  t=682828.261734
[682843.389193] AA_thread:220  AA_thread adding AA_freq to AA_left_IR_to_Map
[682843.389411] AA_thread:234  AA_thread adding AA_map to multi_to_Map channel 2
[682843.389440] AA_thread:236  AA_thread DONE
[682843.397008] createImageRepresentationAtTime:434  RIGHT: adding TS_right to Map ch1  t=682828.264360
[682843.416306] createImageRepresentationAtTime:367  LEFT: adding TS_left to Track ch0 and Map ch0  t=682828.264360
[682843.432836] process_mapping_thread:442  multi_to_Map fired -> calling timeSurfaceCallback
[682843.432917] timeSurfaceCallback:989  timeSurfaceCallback  TS_history.size=100  t=682828.240735
[682843.441381] publishMappingResults:1195  publishMappingResults  status=1  dqvDepthPoints.size=5
[682843.442330] publishPointCloud:1287  publishPointCloud  pc_color.size=0  pc_filtered.size=0  depthMap.size=0
[682843.443441] AA_thread:134  AA_thread START  is_left=1  distance=22228  t=682828.266984
[682843.454219] AA_thread:220  AA_thread adding AA_freq to AA_left_IR_to_Map
[682843.454421] AA_thread:234  AA_thread adding AA_map to multi_to_Map channel 2
[682843.454476] AA_thread:236  AA_thread DONE
[682843.467155] process_mapping_thread:442  multi_to_Map fired -> calling timeSurfaceCallback
[682843.471367] createImageRepresentationAtTime:367  LEFT: adding TS_left to Track ch0 and Map ch0  t=682828.266984
[682843.475705] createImageRepresentationAtTime:434  RIGHT: adding TS_right to Map ch1  t=682828.266984
[682843.486339] createImageRepresentationAtTime:434  RIGHT: adding TS_right to Map ch1  t=682828.269610
[682843.488094] AA_thread:134  AA_thread START  is_left=1  distance=22314  t=682828.269610
[682843.493511] AA_thread:220  AA_thread adding AA_freq to AA_left_IR_to_Map
[682843.493588] AA_thread:234  AA_thread adding AA_map to multi_to_Map channel 2
[682843.493602] AA_thread:236  AA_thread DONE
[682843.499288] timeSurfaceCallback:989  timeSurfaceCallback  TS_history.size=100  t=682828.243359
[682843.519694] publishMappingResults:1195  publishMappingResults  status=1  dqvDepthPoints.size=5
[682843.530713] publishPointCloud:1287  publishPointCloud  pc_color.size=0  pc_filtered.size=0  depthMap.size=0
[682843.541482] createImageRepresentationAtTime:367  LEFT: adding TS_left to Track ch0 and Map ch0  t=682828.269610
[682843.570022] AA_thread:134  AA_thread START  is_left=1  distance=22103  t=682828.272234
[682843.572381] createImageRepresentationAtTime:434  RIGHT: adding TS_right to Map ch1  t=682828.272234
[682843.576077] createImageRepresentationAtTime:367  LEFT: adding TS_left to Track ch0 and Map ch0  t=682828.272234
[682843.590217] AA_thread:220  AA_thread adding AA_freq to AA_left_IR_to_Map
[682843.590261] AA_thread:234  AA_thread adding AA_map to multi_to_Map channel 2
[682843.590288] AA_thread:236  AA_thread DONE
[682843.592865] process_mapping_thread:442  multi_to_Map fired -> calling timeSurfaceCallback
[682843.595535] AA_thread:134  AA_thread START  is_left=1  distance=22596  t=682828.274860
[682843.611362] AA_thread:220  AA_thread adding AA_freq to AA_left_IR_to_Map
[682843.611402] AA_thread:234  AA_thread adding AA_map to multi_to_Map channel 2
[682843.611422] AA_thread:236  AA_thread DONE
[682843.616216] timeSurfaceCallback:989  timeSurfaceCallback  TS_history.size=100  t=682828.248610
[682843.642349] publishMappingResults:1195  publishMappingResults  status=1  dqvDepthPoints.size=5
[682843.642785] publishPointCloud:1287  publishPointCloud  pc_color.size=0  pc_filtered.size=0  depthMap.size=0
[682843.653983] createImageRepresentationAtTime:367  LEFT: adding TS_left to Track ch0 and Map ch0  t=682828.274860
[682843.659029] AA_thread:134  AA_thread START  is_left=1  distance=22769  t=682828.277484
[682843.666425] AA_thread:220  AA_thread adding AA_freq to AA_left_IR_to_Map
[682843.666717] AA_thread:234  AA_thread adding AA_map to multi_to_Map channel 2
[682843.666742] AA_thread:236  AA_thread DONE
[682843.695235] createImageRepresentationAtTime:434  RIGHT: adding TS_right to Map ch1  t=682828.274860
[682843.716201] createImageRepresentationAtTime:367  LEFT: adding TS_left to Track ch0 and Map ch0  t=682828.277484
[682843.720941] process_mapping_thread:442  multi_to_Map fired -> calling timeSurfaceCallback
[682843.721045] timeSurfaceCallback:989  timeSurfaceCallback  TS_history.size=100  t=682828.248762
[682843.721599] AA_thread:134  AA_thread START  is_left=1  distance=8889  t=682828.281405
[682843.723917] AA_thread:220  AA_thread adding AA_freq to AA_left_IR_to_Map
[682843.723986] AA_thread:234  AA_thread adding AA_map to multi_to_Map channel 2
[682843.724000] AA_thread:236  AA_thread DONE
[682843.744366] createImageRepresentationAtTime:367  LEFT: adding TS_left to Track ch0 and Map ch0  t=682828.281405
[682843.760156] AA_thread:134  AA_thread START  is_left=1  distance=22406  t=682828.282734
[682843.864622] AA_thread:220  AA_thread adding AA_freq to AA_left_IR_to_Map
[682843.865783] AA_thread:234  AA_thread adding AA_map to multi_to_Map channel 2
[682843.865863] AA_thread:236  AA_thread DONE
[682843.902666] createImageRepresentationAtTime:434  RIGHT: adding TS_right to Map ch1  t=682828.280110
[682843.913170] publishMappingResults:1195  publishMappingResults  status=1  dqvDepthPoints.size=5
[682843.914151] publishPointCloud:1287  publishPointCloud  pc_color.size=0  pc_filtered.size=0  depthMap.size=0
[682843.915832] createImageRepresentationAtTime:367  LEFT: adding TS_left to Track ch0 and Map ch0  t=682828.282734
[682843.937834] AA_thread:134  AA_thread START  is_left=1  distance=31619  t=682828.287984
[682843.947654] createImageRepresentationAtTime:434  RIGHT: adding TS_right to Map ch1  t=682828.285360
[682843.950469] AA_thread:220  AA_thread adding AA_freq to AA_left_IR_to_Map
[682843.950543] AA_thread:234  AA_thread adding AA_map to multi_to_Map channel 2
[682843.950567] AA_thread:236  AA_thread DONE
[682843.950828] createImageRepresentationAtTime:268  createImageRepresentation early-return: vEvents_ empty  is_left=0
[682843.983906] process_mapping_thread:442  multi_to_Map fired -> calling timeSurfaceCallback
[682843.983971] timeSurfaceCallback:989  timeSurfaceCallback  TS_history.size=100  t=682828.251234
[682843.992589] createImageRepresentationAtTime:367  LEFT: adding TS_left to Track ch0 and Map ch0  t=682828.287984
[682844.036044] publishMappingResults:1195  publishMappingResults  status=1  dqvDepthPoints.size=5
[682844.036293] publishPointCloud:1287  publishPointCloud  pc_color.size=0  pc_filtered.size=0  depthMap.size=0
[682844.037254] AA_thread:134  AA_thread START  is_left=1  distance=22613  t=682828.290610
[682844.039232] createImageRepresentationAtTime:434  RIGHT: adding TS_right to Map ch1  t=682828.287984
[682844.042499] AA_thread:220  AA_thread adding AA_freq to AA_left_IR_to_Map
[682844.042607] AA_thread:234  AA_thread adding AA_map to multi_to_Map channel 2
[682844.042680] AA_thread:236  AA_thread DONE
[682844.051366] createImageRepresentationAtTime:367  LEFT: adding TS_left to Track ch0 and Map ch0  t=682828.290610
[682844.065722] AA_thread:134  AA_thread START  is_left=1  distance=22605  t=682828.293234
[682844.083800] AA_thread:220  AA_thread adding AA_freq to AA_left_IR_to_Map
[682844.083891] AA_thread:234  AA_thread adding AA_map to multi_to_Map channel 2
[682844.083940] AA_thread:236  AA_thread DONE
[682844.093439] createImageRepresentationAtTime:434  RIGHT: adding TS_right to Map ch1  t=682828.290610
[682844.108857] createImageRepresentationAtTime:367  LEFT: adding TS_left to Track ch0 and Map ch0  t=682828.293234
[682844.114414] createImageRepresentationAtTime:434  RIGHT: adding TS_right to Map ch1  t=682828.293234
[682844.119883] publishMappingResults:1195  publishMappingResults  status=1  dqvDepthPoints.size=5
[682844.120358] publishPointCloud:1287  publishPointCloud  pc_color.size=0  pc_filtered.size=0  depthMap.size=0
[682844.124101] AA_thread:134  AA_thread START  is_left=1  distance=2048  t=682828.293815
[682844.133236] AA_thread:220  AA_thread adding AA_freq to AA_left_IR_to_Map
[682844.133313] AA_thread:234  AA_thread adding AA_map to multi_to_Map channel 2
[682844.133345] AA_thread:236  AA_thread DONE
[682844.138271] process_mapping_thread:442  multi_to_Map fired -> calling timeSurfaceCallback
[682844.138351] timeSurfaceCallback:989  timeSurfaceCallback  TS_history.size=100  t=682828.261734
[682844.139305] createImageRepresentationAtTime:367  LEFT: adding TS_left to Track ch0 and Map ch0  t=682828.293815
[682844.160231] createImageRepresentationAtTime:434  RIGHT: adding TS_right to Map ch1  t=682828.295436
[682844.174031] AA_thread:134  AA_thread START  is_left=1  distance=22238  t=682828.295860
[682844.178871] AA_thread:220  AA_thread adding AA_freq to AA_left_IR_to_Map
[682844.179060] AA_thread:234  AA_thread adding AA_map to multi_to_Map channel 2
[682844.179075] AA_thread:236  AA_thread DONE
[682844.197564] createImageRepresentationAtTime:367  LEFT: adding TS_left to Track ch0 and Map ch0  t=682828.295860
[682844.202552] AA_thread:134  AA_thread START  is_left=1  distance=22904  t=682828.298484
[682844.205967] AA_thread:220  AA_thread adding AA_freq to AA_left_IR_to_Map
[682844.216446] AA_thread:234  AA_thread adding AA_map to multi_to_Map channel 2
[682844.223494] AA_thread:236  AA_thread DONE
[682844.239576] createImageRepresentationAtTime:367  LEFT: adding TS_left to Track ch0 and Map ch0  t=682828.298484
[682844.255300] createImageRepresentationAtTime:434  RIGHT: adding TS_right to Map ch1  t=682828.296265
[682844.258965] process_mapping_thread:442  multi_to_Map fired -> calling timeSurfaceCallback
[682844.259179] AA_thread:134  AA_thread START  is_left=1  distance=22962  t=682828.301109
[682844.264880] AA_thread:220  AA_thread adding AA_freq to AA_left_IR_to_Map
[682844.264927] AA_thread:234  AA_thread adding AA_map to multi_to_Map channel 2
[682844.264937] AA_thread:236  AA_thread DONE
[682844.267592] timeSurfaceCallback:989  timeSurfaceCallback  TS_history.size=100  t=682828.264360
[682844.291430] publishMappingResults:1195  publishMappingResults  status=1  dqvDepthPoints.size=5
[682844.291629] publishPointCloud:1287  publishPointCloud  pc_color.size=0  pc_filtered.size=0  depthMap.size=0
[682844.296216] createImageRepresentationAtTime:367  LEFT: adding TS_left to Track ch0 and Map ch0  t=682828.301109
[682844.298034] createImageRepresentationAtTime:434  RIGHT: adding TS_right to Map ch1  t=682828.301109
[682844.361023] AA_thread:134  AA_thread START  is_left=1  distance=23213  t=682828.303735
[682844.364107] AA_thread:220  AA_thread adding AA_freq to AA_left_IR_to_Map
[682844.364174] AA_thread:234  AA_thread adding AA_map to multi_to_Map channel 2
[682844.364189] AA_thread:236  AA_thread DONE
[682844.407154] createImageRepresentationAtTime:367  LEFT: adding TS_left to Track ch0 and Map ch0  t=682828.303735
[682844.414592] createImageRepresentationAtTime:434  RIGHT: adding TS_right to Map ch1  t=682828.303735
[682844.417796] process_mapping_thread:442  multi_to_Map fired -> calling timeSurfaceCallback
[682844.417860] timeSurfaceCallback:989  timeSurfaceCallback  TS_history.size=100  t=682828.272234
[682844.433172] publishMappingResults:1195  publishMappingResults  status=1  dqvDepthPoints.size=5
[682844.433439] publishPointCloud:1287  publishPointCloud  pc_color.size=0  pc_filtered.size=0  depthMap.size=0
[682844.439637] AA_thread:134  AA_thread START  is_left=1  distance=22687  t=682828.308985
[682844.442535] AA_thread:220  AA_thread adding AA_freq to AA_left_IR_to_Map
[682844.442595] AA_thread:234  AA_thread adding AA_map to multi_to_Map channel 2
[682844.442604] AA_thread:236  AA_thread DONE
[682844.454623] createImageRepresentationAtTime:367  LEFT: adding TS_left to Track ch0 and Map ch0  t=682828.308985
[682844.470573] createImageRepresentationAtTime:434  RIGHT: adding TS_right to Map ch1  t=682828.306640
[682844.473272] AA_thread:134  AA_thread START  is_left=1  distance=25428  t=682828.311609
[682844.489553] AA_thread:220  AA_thread adding AA_freq to AA_left_IR_to_Map
[682844.489627] AA_thread:234  AA_thread adding AA_map to multi_to_Map channel 2
[682844.489639] AA_thread:236  AA_thread DONE
[682844.495147] createImageRepresentationAtTime:367  LEFT: adding TS_left to Track ch0 and Map ch0  t=682828.311609
[682844.501504] createImageRepresentationAtTime:434  RIGHT: adding TS_right to Map ch1  t=682828.311609
[682844.522817] AA_thread:134  AA_thread START  is_left=1  distance=8690  t=682828.311988
[682844.532440] AA_thread:220  AA_thread adding AA_freq to AA_left_IR_to_Map
[682844.532508] AA_thread:234  AA_thread adding AA_map to multi_to_Map channel 2
[682844.532546] AA_thread:236  AA_thread DONE
[682844.547366] process_mapping_thread:442  multi_to_Map fired -> calling timeSurfaceCallback
[682844.547447] timeSurfaceCallback:989  timeSurfaceCallback  TS_history.size=100  t=682828.281405
[682844.549063] createImageRepresentationAtTime:367  LEFT: adding TS_left to Track ch0 and Map ch0  t=682828.311988
[682844.554360] publishMappingResults:1195  publishMappingResults  status=1  dqvDepthPoints.size=5
[682844.554602] publishPointCloud:1287  publishPointCloud  pc_color.size=0  pc_filtered.size=0  depthMap.size=0
[682844.560356] createImageRepresentationAtTime:434  RIGHT: adding TS_right to Map ch1  t=682828.314235
[682844.584524] AA_thread:134  AA_thread START  is_left=1  distance=22754  t=682828.314235
[682844.593748] AA_thread:220  AA_thread adding AA_freq to AA_left_IR_to_Map
[682844.593814] AA_thread:234  AA_thread adding AA_map to multi_to_Map channel 2
[682844.593830] AA_thread:236  AA_thread DONE
[682844.610306] createImageRepresentationAtTime:434  RIGHT: adding TS_right to Map ch1  t=682828.314956
[682844.621392] createImageRepresentationAtTime:367  LEFT: adding TS_left to Track ch0 and Map ch0  t=682828.314235
[682844.633903] AA_thread:134  AA_thread START  is_left=1  distance=22744  t=682828.319485
[682844.639252] process_mapping_thread:442  multi_to_Map fired -> calling timeSurfaceCallback
[682844.639328] timeSurfaceCallback:989  timeSurfaceCallback  TS_history.size=100  t=682828.282734
[682844.639390] AA_thread:220  AA_thread adding AA_freq to AA_left_IR_to_Map
[682844.639410] AA_thread:234  AA_thread adding AA_map to multi_to_Map channel 2
[682844.639422] AA_thread:236  AA_thread DONE
[682844.662800] createImageRepresentationAtTime:434  RIGHT: adding TS_right to Map ch1  t=682828.316859
[682844.663885] publishMappingResults:1195  publishMappingResults  status=1  dqvDepthPoints.size=5
[682844.664395] createImageRepresentationAtTime:367  LEFT: adding TS_left to Track ch0 and Map ch0  t=682828.319485
[682844.664539] publishPointCloud:1287  publishPointCloud  pc_color.size=0  pc_filtered.size=0  depthMap.size=0
[682844.684414] createImageRepresentationAtTime:434  RIGHT: adding TS_right to Map ch1  t=682828.319485
[682844.695439] AA_thread:134  AA_thread START  is_left=1  distance=44926  t=682828.322109
[682844.709233] AA_thread:220  AA_thread adding AA_freq to AA_left_IR_to_Map
[682844.709284] AA_thread:234  AA_thread adding AA_map to multi_to_Map channel 2
[682844.709293] AA_thread:236  AA_thread DONE
[682844.709764] process_mapping_thread:442  multi_to_Map fired -> calling timeSurfaceCallback
[682844.712549] publishMappingResults:1195  publishMappingResults  status=1  dqvDepthPoints.size=5
[682844.712650] createImageRepresentationAtTime:367  LEFT: adding TS_left to Track ch0 and Map ch0  t=682828.322109
[682844.712876] createImageRepresentationAtTime:268  createImageRepresentation early-return: vEvents_ empty  is_left=1
[682844.713716] createImageRepresentationAtTime:434  RIGHT: adding TS_right to Map ch1  t=682828.322109
[682844.722232] publishPointCloud:1287  publishPointCloud  pc_color.size=0  pc_filtered.size=0  depthMap.size=0
[682844.724833] timeSurfaceCallback:989  timeSurfaceCallback  TS_history.size=100  t=682828.287984
[682844.740881] AA_thread:134  AA_thread START  is_left=1  distance=41946  t=682828.324735
[682844.745801] AA_thread:220  AA_thread adding AA_freq to AA_left_IR_to_Map
[682844.745862] AA_thread:234  AA_thread adding AA_map to multi_to_Map channel 2
[682844.745872] AA_thread:236  AA_thread DONE
[682844.750143] publishMappingResults:1195  publishMappingResults  status=1  dqvDepthPoints.size=5
[682844.750413] publishPointCloud:1287  publishPointCloud  pc_color.size=0  pc_filtered.size=0  depthMap.size=0
[682844.751905] createImageRepresentationAtTime:367  LEFT: adding TS_left to Track ch0 and Map ch0  t=682828.324735
[682844.771581] createImageRepresentationAtTime:434  RIGHT: adding TS_right to Map ch1  t=682828.324735
[682844.782806] process_mapping_thread:442  multi_to_Map fired -> calling timeSurfaceCallback
[682844.782870] timeSurfaceCallback:989  timeSurfaceCallback  TS_history.size=100  t=682828.293234
[682844.792378] publishMappingResults:1195  publishMappingResults  status=1  dqvDepthPoints.size=5
[682844.793015] publishPointCloud:1287  publishPointCloud  pc_color.size=0  pc_filtered.size=0  depthMap.size=0
[682844.793177] AA_thread:134  AA_thread START  is_left=1  distance=6776  t=682828.325310
[682844.799934] AA_thread:220  AA_thread adding AA_freq to AA_left_IR_to_Map
[682844.799989] AA_thread:234  AA_thread adding AA_map to multi_to_Map channel 2
[682844.799999] AA_thread:236  AA_thread DONE
[682844.847700] createImageRepresentationAtTime:434  RIGHT: adding TS_right to Map ch1  t=682828.324967
[682844.851074] createImageRepresentationAtTime:367  LEFT: adding TS_left to Track ch0 and Map ch0  t=682828.325310
[682844.868808] AA_thread:134  AA_thread START  is_left=1  distance=22888  t=682828.329985
[682844.873351] createImageRepresentationAtTime:434  RIGHT: adding TS_right to Map ch1  t=682828.329049
[682844.878047] AA_thread:220  AA_thread adding AA_freq to AA_left_IR_to_Map
[682844.878172] AA_thread:234  AA_thread adding AA_map to multi_to_Map channel 2
[682844.878258] AA_thread:236  AA_thread DONE
[682844.883942] createImageRepresentationAtTime:367  LEFT: adding TS_left to Track ch0 and Map ch0  t=682828.329985
[682844.911857] createImageRepresentationAtTime:434  RIGHT: adding TS_right to Map ch1  t=682828.329985
[682844.919072] AA_thread:134  AA_thread START  is_left=1  distance=23078  t=682828.332609
[682844.941210] AA_thread:220  AA_thread adding AA_freq to AA_left_IR_to_Map
[682844.941292] AA_thread:234  AA_thread adding AA_map to multi_to_Map channel 2
[682844.941386] AA_thread:236  AA_thread DONE
[682844.990963] publishMappingResults:1195  publishMappingResults  status=1  dqvDepthPoints.size=5
[682844.991209] publishPointCloud:1287  publishPointCloud  pc_color.size=0  pc_filtered.size=0  depthMap.size=0
[682844.998358] process_mapping_thread:442  multi_to_Map fired -> calling timeSurfaceCallback
[682845.015117] timeSurfaceCallback:989  timeSurfaceCallback  TS_history.size=100  t=682828.298484
[682845.034878] createImageRepresentationAtTime:434  RIGHT: adding TS_right to Map ch1  t=682828.332609
[682845.037327] publishMappingResults:1195  publishMappingResults  status=1  dqvDepthPoints.size=5
[682845.037869] publishPointCloud:1287  publishPointCloud  pc_color.size=0  pc_filtered.size=0  depthMap.size=0
[682845.053173] createImageRepresentationAtTime:367  LEFT: adding TS_left to Track ch0 and Map ch0  t=682828.332609
[682845.064278] createImageRepresentationAtTime:434  RIGHT: adding TS_right to Map ch1  t=682828.337859
[682845.065974] AA_thread:134  AA_thread START  is_left=1  distance=23114  t=682828.337859
[682845.075640] AA_thread:220  AA_thread adding AA_freq to AA_left_IR_to_Map
[682845.075698] AA_thread:234  AA_thread adding AA_map to multi_to_Map channel 2
[682845.075709] AA_thread:236  AA_thread DONE
[682845.076094] process_mapping_thread:442  multi_to_Map fired -> calling timeSurfaceCallback
[682845.076115] timeSurfaceCallback:989  timeSurfaceCallback  TS_history.size=100  t=682828.301109
[682845.076503] publishMappingResults:1195  publishMappingResults  status=1  dqvDepthPoints.size=5
[682845.078819] publishPointCloud:1287  publishPointCloud  pc_color.size=0  pc_filtered.size=0  depthMap.size=0
[682845.081861] createImageRepresentationAtTime:367  LEFT: adding TS_left to Track ch0 and Map ch0  t=682828.337859
[682845.095245] AA_thread:134  AA_thread START  is_left=1  distance=23409  t=682828.339204
[682845.101935] AA_thread:220  AA_thread adding AA_freq to AA_left_IR_to_Map
[682845.102013] AA_thread:234  AA_thread adding AA_map to multi_to_Map channel 2
[682845.102033] AA_thread:236  AA_thread DONE
[682845.119917] createImageRepresentationAtTime:434  RIGHT: adding TS_right to Map ch1  t=682828.340485
[682845.125603] createImageRepresentationAtTime:367  LEFT: adding TS_left to Track ch0 and Map ch0  t=682828.339204
[682845.134079] AA_thread:134  AA_thread START  is_left=1  distance=19401  t=682828.340322
[682845.139760] AA_thread:220  AA_thread adding AA_freq to AA_left_IR_to_Map
[682845.139820] AA_thread:234  AA_thread adding AA_map to multi_to_Map channel 2
[682845.139831] AA_thread:236  AA_thread DONE
[682845.156320] process_mapping_thread:442  multi_to_Map fired -> calling timeSurfaceCallback
[682845.162743] createImageRepresentationAtTime:367  LEFT: adding TS_left to Track ch0 and Map ch0  t=682828.340322
[682845.174533] timeSurfaceCallback:989  timeSurfaceCallback  TS_history.size=100  t=682828.303735
[682845.190500] createImageRepresentationAtTime:434  RIGHT: adding TS_right to Map ch1  t=682828.341830
[682845.205662] AA_thread:134  AA_thread START  is_left=1  distance=23066  t=682828.343109
[682845.210283] AA_thread:220  AA_thread adding AA_freq to AA_left_IR_to_Map
[682845.210339] AA_thread:234  AA_thread adding AA_map to multi_to_Map channel 2
[682845.210349] AA_thread:236  AA_thread DONE
[682845.215877] publishMappingResults:1195  publishMappingResults  status=1  dqvDepthPoints.size=5
[682845.216248] publishPointCloud:1287  publishPointCloud  pc_color.size=0  pc_filtered.size=0  depthMap.size=0
[682845.224130] createImageRepresentationAtTime:434  RIGHT: adding TS_right to Map ch1  t=682828.343109
[682845.232822] createImageRepresentationAtTime:367  LEFT: adding TS_left to Track ch0 and Map ch0  t=682828.343109
[682845.252497] createImageRepresentationAtTime:434  RIGHT: adding TS_right to Map ch1  t=682828.345735
[682845.255852] process_mapping_thread:442  multi_to_Map fired -> calling timeSurfaceCallback
[682845.255925] timeSurfaceCallback:989  timeSurfaceCallback  TS_history.size=100  t=682828.311609
[682845.265956] AA_thread:134  AA_thread START  is_left=1  distance=23186  t=682828.345735
[682845.272904] AA_thread:220  AA_thread adding AA_freq to AA_left_IR_to_Map
[682845.272993] AA_thread:234  AA_thread adding AA_map to multi_to_Map channel 2
[682845.273012] AA_thread:236  AA_thread DONE
[682845.295573] createImageRepresentationAtTime:367  LEFT: adding TS_left to Track ch0 and Map ch0  t=682828.345735
[682845.299647] publishMappingResults:1195  publishMappingResults  status=1  dqvDepthPoints.size=5
[682845.299867] publishPointCloud:1287  publishPointCloud  pc_color.size=0  pc_filtered.size=0  depthMap.size=0
[682845.317973] createImageRepresentationAtTime:434  RIGHT: adding TS_right to Map ch1  t=682828.346980
[682845.332602] process_mapping_thread:442  multi_to_Map fired -> calling timeSurfaceCallback
[682845.332669] timeSurfaceCallback:989  timeSurfaceCallback  TS_history.size=100  t=682828.314235
[682845.334747] AA_thread:134  AA_thread START  is_left=1  distance=23365  t=682828.348359
[682845.344630] AA_thread:220  AA_thread adding AA_freq to AA_left_IR_to_Map
[682845.344700] AA_thread:234  AA_thread adding AA_map to multi_to_Map channel 2
[682845.344711] AA_thread:236  AA_thread DONE
[682845.363128] createImageRepresentationAtTime:434  RIGHT: adding TS_right to Map ch1  t=682828.348359
[682845.392266] process_mapping_thread:442  multi_to_Map fired -> calling timeSurfaceCallback
[682845.392329] timeSurfaceCallback:989  timeSurfaceCallback  TS_history.size=100  t=682828.319485
[682845.409419] createImageRepresentationAtTime:367  LEFT: adding TS_left to Track ch0 and Map ch0  t=682828.348359
[682845.416121] publishMappingResults:1195  publishMappingResults  status=1  dqvDepthPoints.size=5
[682845.459719] AA_thread:134  AA_thread START  is_left=1  distance=23223  t=682828.353609
[682845.463863] AA_thread:220  AA_thread adding AA_freq to AA_left_IR_to_Map
[682845.463919] AA_thread:234  AA_thread adding AA_map to multi_to_Map channel 2
[682845.463932] AA_thread:236  AA_thread DONE
[682845.478277] publishPointCloud:1287  publishPointCloud  pc_color.size=0  pc_filtered.size=0  depthMap.size=0
[682845.487274] process_mapping_thread:442  multi_to_Map fired -> calling timeSurfaceCallback
[682845.487353] timeSurfaceCallback:989  timeSurfaceCallback  TS_history.size=100  t=682828.322109
[682845.507606] createImageRepresentationAtTime:367  LEFT: adding TS_left to Track ch0 and Map ch0  t=682828.353609
[682845.512418] createImageRepresentationAtTime:434  RIGHT: adding TS_right to Map ch1  t=682828.350985
[682845.520429] AA_thread:134  AA_thread START  is_left=1  distance=23156  t=682828.356235
[682845.524923] AA_thread:220  AA_thread adding AA_freq to AA_left_IR_to_Map
[682845.525364] AA_thread:234  AA_thread adding AA_map to multi_to_Map channel 2
[682845.525377] AA_thread:236  AA_thread DONE
[682845.535821] process_mapping_thread:442  multi_to_Map fired -> calling timeSurfaceCallback
[682845.535889] timeSurfaceCallback:989  timeSurfaceCallback  TS_history.size=100  t=682828.324735
[682845.552333] createImageRepresentationAtTime:367  LEFT: adding TS_left to Track ch0 and Map ch0  t=682828.356235
[682845.568012] createImageRepresentationAtTime:434  RIGHT: adding TS_right to Map ch1  t=682828.356235
[682845.573140] AA_thread:134  AA_thread START  is_left=1  distance=422  t=682828.357881
[682845.575681] AA_thread:220  AA_thread adding AA_freq to AA_left_IR_to_Map
[682845.575752] AA_thread:234  AA_thread adding AA_map to multi_to_Map channel 2
[682845.575765] AA_thread:236  AA_thread DONE
[682845.592324] createImageRepresentationAtTime:367  LEFT: adding TS_left to Track ch0 and Map ch0  t=682828.357881
[682845.596115] createImageRepresentationAtTime:434  RIGHT: adding TS_right to Map ch1  t=682828.358444
[682845.603343] AA_thread:134  AA_thread START  is_left=1  distance=23619  t=682828.361484
[682845.607625] AA_thread:220  AA_thread adding AA_freq to AA_left_IR_to_Map
[682845.607696] AA_thread:234  AA_thread adding AA_map to multi_to_Map channel 2
[682845.607710] AA_thread:236  AA_thread DONE
[682845.609387] process_mapping_thread:442  multi_to_Map fired -> calling timeSurfaceCallback
[682845.612464] createImageRepresentationAtTime:434  RIGHT: adding TS_right to Map ch1  t=682828.361484
[682845.640957] timeSurfaceCallback:989  timeSurfaceCallback  TS_history.size=100  t=682828.325310
[682845.651511] createImageRepresentationAtTime:434  RIGHT: adding TS_right to Map ch1  t=682828.361885
[682845.671846] createImageRepresentationAtTime:367  LEFT: adding TS_left to Track ch0 and Map ch0  t=682828.361484
[682845.687245] AA_thread:134  AA_thread START  is_left=1  distance=2725  t=682828.363222
[682845.689915] AA_thread:220  AA_thread adding AA_freq to AA_left_IR_to_Map
[682845.689989] AA_thread:234  AA_thread adding AA_map to multi_to_Map channel 2
[682845.690003] AA_thread:236  AA_thread DONE
[682845.690360] publishMappingResults:1195  publishMappingResults  status=1  dqvDepthPoints.size=5
[682845.690597] publishPointCloud:1287  publishPointCloud  pc_color.size=0  pc_filtered.size=0  depthMap.size=0
[682845.702139] createImageRepresentationAtTime:434  RIGHT: adding TS_right to Map ch1  t=682828.364110
[682845.734020] createImageRepresentationAtTime:367  LEFT: adding TS_left to Track ch0 and Map ch0  t=682828.363222
[682845.752673] AA_thread:134  AA_thread START  is_left=1  distance=7568  t=682828.368667
[682845.760104] AA_thread:220  AA_thread adding AA_freq to AA_left_IR_to_Map
[682845.760143] AA_thread:234  AA_thread adding AA_map to multi_to_Map channel 2
[682845.760156] AA_thread:236  AA_thread DONE
[682845.782973] createImageRepresentationAtTime:367  LEFT: adding TS_left to Track ch0 and Map ch0  t=682828.368667
[682845.800395] createImageRepresentationAtTime:434  RIGHT: adding TS_right to Map ch1  t=682828.366702
[682845.802746] process_mapping_thread:442  multi_to_Map fired -> calling timeSurfaceCallback
[682845.802837] timeSurfaceCallback:989  timeSurfaceCallback  TS_history.size=100  t=682828.332609
[682845.824094] createImageRepresentationAtTime:434  RIGHT: adding TS_right to Map ch1  t=682828.371984
[682845.828528] publishMappingResults:1195  publishMappingResults  status=1  dqvDepthPoints.size=5
[682845.829062] publishPointCloud:1287  publishPointCloud  pc_color.size=0  pc_filtered.size=0  depthMap.size=0
[682845.830452] AA_thread:134  AA_thread START  is_left=1  distance=16367  t=682828.369360
[682845.842987] AA_thread:220  AA_thread adding AA_freq to AA_left_IR_to_Map
[682845.843063] AA_thread:234  AA_thread adding AA_map to multi_to_Map channel 2
[682845.843078] AA_thread:236  AA_thread DONE
[682845.862379] createImageRepresentationAtTime:367  LEFT: adding TS_left to Track ch0 and Map ch0  t=682828.369360
[682845.862538] createImageRepresentationAtTime:268  createImageRepresentation early-return: vEvents_ empty  is_left=1
[682845.881188] AA_thread:134  AA_thread START  is_left=1  distance=27387  t=682828.372972
[682845.899962] AA_thread:220  AA_thread adding AA_freq to AA_left_IR_to_Map
[682845.900027] AA_thread:234  AA_thread adding AA_map to multi_to_Map channel 2
[682845.900041] AA_thread:236  AA_thread DONE
[682845.905282] process_mapping_thread:442  multi_to_Map fired -> calling timeSurfaceCallback
[682845.917365] createImageRepresentationAtTime:367  LEFT: adding TS_left to Track ch0 and Map ch0  t=682828.372972
[682845.930080] createImageRepresentationAtTime:434  RIGHT: adding TS_right to Map ch1  t=682828.374012
[682845.939854] AA_thread:134  AA_thread START  is_left=1  distance=23776  t=682828.374610
[682845.949135] timeSurfaceCallback:989  timeSurfaceCallback  TS_history.size=100  t=682828.337859
[682845.952758] createImageRepresentationAtTime:367  LEFT: adding TS_left to Track ch0 and Map ch0  t=682828.374610
[682845.952918] AA_thread:220  AA_thread adding AA_freq to AA_left_IR_to_Map
[682845.952937] AA_thread:234  AA_thread adding AA_map to multi_to_Map channel 2
[682845.952951] AA_thread:236  AA_thread DONE
[682845.965812] AA_thread:134  AA_thread START  is_left=1  distance=23715  t=682828.377234
[682845.970319] createImageRepresentationAtTime:434  RIGHT: adding TS_right to Map ch1  t=682828.377234
[682845.974141] createImageRepresentationAtTime:367  LEFT: adding TS_left to Track ch0 and Map ch0  t=682828.377234
[682845.975199] AA_thread:220  AA_thread adding AA_freq to AA_left_IR_to_Map
[682845.975275] AA_thread:234  AA_thread adding AA_map to multi_to_Map channel 2
[682845.975289] AA_thread:236  AA_thread DONE
[682845.980031] publishMappingResults:1195  publishMappingResults  status=1  dqvDepthPoints.size=5
[682845.998917] createImageRepresentationAtTime:268  createImageRepresentation early-return: vEvents_ empty  is_left=1
[682845.999193] publishPointCloud:1287  publishPointCloud  pc_color.size=0  pc_filtered.size=0  depthMap.size=0
[682846.030447] AA_thread:134  AA_thread START  is_left=1  distance=6504  t=682828.378407
[682846.034345] AA_thread:220  AA_thread adding AA_freq to AA_left_IR_to_Map
[682846.034402] AA_thread:234  AA_thread adding AA_map to multi_to_Map channel 2
[682846.034415] AA_thread:236  AA_thread DONE
[682846.050156] createImageRepresentationAtTime:434  RIGHT: adding TS_right to Map ch1  t=682828.379860
[682846.056558] createImageRepresentationAtTime:367  LEFT: adding TS_left to Track ch0 and Map ch0  t=682828.378407
[682846.063973] process_mapping_thread:442  multi_to_Map fired -> calling timeSurfaceCallback
[682846.064034] publishMappingResults:1195  publishMappingResults  status=1  dqvDepthPoints.size=5
[682846.064858] publishPointCloud:1287  publishPointCloud  pc_color.size=0  pc_filtered.size=0  depthMap.size=0
[682846.066584] AA_thread:134  AA_thread START  is_left=1  distance=0  t=682828.378407
[682846.072119] createImageRepresentationAtTime:367  LEFT: adding TS_left to Track ch0 and Map ch0  t=682828.378407
[682846.072751] AA_thread:220  AA_thread adding AA_freq to AA_left_IR_to_Map
[682846.072794] AA_thread:234  AA_thread adding AA_map to multi_to_Map channel 2
[682846.072809] AA_thread:236  AA_thread DONE
[682846.087637] timeSurfaceCallback:989  timeSurfaceCallback  TS_history.size=100  t=682828.345735
[682846.101378] AA_thread:134  AA_thread START  is_left=1  distance=24075  t=682828.379860
[682846.104324] createImageRepresentationAtTime:367  LEFT: adding TS_left to Track ch0 and Map ch0  t=682828.379860
[682846.108258] AA_thread:220  AA_thread adding AA_freq to AA_left_IR_to_Map
[682846.108331] AA_thread:234  AA_thread adding AA_map to multi_to_Map channel 2
[682846.108361] AA_thread:236  AA_thread DONE
[682846.111320] AA_thread:134  AA_thread START  is_left=1  distance=6626  t=682828.381766
[682846.112327] publishMappingResults:1195  publishMappingResults  status=1  dqvDepthPoints.size=5
[682846.113273] publishPointCloud:1287  publishPointCloud  pc_color.size=0  pc_filtered.size=0  depthMap.size=0
[682846.116286] AA_thread:220  AA_thread adding AA_freq to AA_left_IR_to_Map
[682846.116321] AA_thread:234  AA_thread adding AA_map to multi_to_Map channel 2
[682846.116338] AA_thread:236  AA_thread DONE
[682846.148060] createImageRepresentationAtTime:434  RIGHT: adding TS_right to Map ch1  t=682828.382484
[682846.170415] createImageRepresentationAtTime:367  LEFT: adding TS_left to Track ch0 and Map ch0  t=682828.381766
[682846.180789] AA_thread:134  AA_thread START  is_left=1  distance=23938  t=682828.385110
[682846.193096] AA_thread:220  AA_thread adding AA_freq to AA_left_IR_to_Map
[682846.193253] AA_thread:234  AA_thread adding AA_map to multi_to_Map channel 2
[682846.194068] AA_thread:236  AA_thread DONE
[682846.206415] process_mapping_thread:442  multi_to_Map fired -> calling timeSurfaceCallback
[682846.206496] timeSurfaceCallback:989  timeSurfaceCallback  TS_history.size=100  t=682828.348359
[682846.207372] createImageRepresentationAtTime:367  LEFT: adding TS_left to Track ch0 and Map ch0  t=682828.385110
[682846.211514] createImageRepresentationAtTime:434  RIGHT: adding TS_right to Map ch1  t=682828.383106
[682846.234719] publishMappingResults:1195  publishMappingResults  status=1  dqvDepthPoints.size=5
[682846.235385] publishPointCloud:1287  publishPointCloud  pc_color.size=0  pc_filtered.size=0  depthMap.size=0
[682846.252069] createImageRepresentationAtTime:434  RIGHT: adding TS_right to Map ch1  t=682828.385110
[682846.255552] AA_thread:134  AA_thread START  is_left=1  distance=11564  t=682828.386115
[682846.261460] AA_thread:220  AA_thread adding AA_freq to AA_left_IR_to_Map
[682846.261544] AA_thread:234  AA_thread adding AA_map to multi_to_Map channel 2
[682846.261558] AA_thread:236  AA_thread DONE
[682846.271764] createImageRepresentationAtTime:367  LEFT: adding TS_left to Track ch0 and Map ch0  t=682828.386115
[682846.282527] process_mapping_thread:442  multi_to_Map fired -> calling timeSurfaceCallback
[682846.282608] timeSurfaceCallback:989  timeSurfaceCallback  TS_history.size=100  t=682828.356235
[682846.284645] createImageRepresentationAtTime:434  RIGHT: adding TS_right to Map ch1  t=682828.387734
[682846.290569] AA_thread:134  AA_thread START  is_left=1  distance=24245  t=682828.387734
[682846.294611] AA_thread:220  AA_thread adding AA_freq to AA_left_IR_to_Map
[682846.294686] AA_thread:234  AA_thread adding AA_map to multi_to_Map channel 2
[682846.294700] AA_thread:236  AA_thread DONE
[682846.307044] process_mapping_thread:442  multi_to_Map fired -> calling timeSurfaceCallback
[682846.307113] timeSurfaceCallback:989  timeSurfaceCallback  TS_history.size=100  t=682828.357881
[682846.315062] createImageRepresentationAtTime:367  LEFT: adding TS_left to Track ch0 and Map ch0  t=682828.387734
[682846.322050] AA_thread:134  AA_thread START  is_left=1  distance=24158  t=682828.390360
[682846.324822] process_mapping_thread:442  multi_to_Map fired -> calling timeSurfaceCallback
[682846.324888] timeSurfaceCallback:989  timeSurfaceCallback  TS_history.size=100  t=682828.361484
[682846.328887] AA_thread:220  AA_thread adding AA_freq to AA_left_IR_to_Map
[682846.329066] AA_thread:234  AA_thread adding AA_map to multi_to_Map channel 2
[682846.329244] AA_thread:236  AA_thread DONE
[682846.372513] createImageRepresentationAtTime:367  LEFT: adding TS_left to Track ch0 and Map ch0  t=682828.390360
[682846.374922] createImageRepresentationAtTime:434  RIGHT: adding TS_right to Map ch1  t=682828.389115
[682846.393167] AA_thread:134  AA_thread START  is_left=1  distance=1492  t=682828.390407
[682846.405699] AA_thread:220  AA_thread adding AA_freq to AA_left_IR_to_Map
[682846.405763] AA_thread:234  AA_thread adding AA_map to multi_to_Map channel 2
[682846.405807] AA_thread:236  AA_thread DONE
[682846.472776] createImageRepresentationAtTime:367  LEFT: adding TS_left to Track ch0 and Map ch0  t=682828.390407
[682846.482402] AA_thread:134  AA_thread START  is_left=1  distance=16444  t=682828.395267
[682846.482946] createImageRepresentationAtTime:434  RIGHT: adding TS_right to Map ch1  t=682828.391603
[682846.484738] AA_thread:220  AA_thread adding AA_freq to AA_left_IR_to_Map
[682846.484845] AA_thread:234  AA_thread adding AA_map to multi_to_Map channel 2
[682846.484894] AA_thread:236  AA_thread DONE
[682846.497930] createImageRepresentationAtTime:367  LEFT: adding TS_left to Track ch0 and Map ch0  t=682828.395267
[682846.533346] process_mapping_thread:442  multi_to_Map fired -> calling timeSurfaceCallback
[682846.533407] timeSurfaceCallback:989  timeSurfaceCallback  TS_history.size=100  t=682828.363222
[682846.541866] AA_thread:134  AA_thread START  is_left=1  distance=8073  t=682828.395610
[682846.546488] AA_thread:220  AA_thread adding AA_freq to AA_left_IR_to_Map
[682846.546557] AA_thread:234  AA_thread adding AA_map to multi_to_Map channel 2
[682846.546583] AA_thread:236  AA_thread DONE
[682846.566966] createImageRepresentationAtTime:434  RIGHT: adding TS_right to Map ch1  t=682828.395610
[682846.606111] process_mapping_thread:442  multi_to_Map fired -> calling timeSurfaceCallback
[682846.606180] timeSurfaceCallback:989  timeSurfaceCallback  TS_history.size=100  t=682828.368667
[682846.609306] createImageRepresentationAtTime:434  RIGHT: adding TS_right to Map ch1  t=682828.397699
[682846.610787] createImageRepresentationAtTime:367  LEFT: adding TS_left to Track ch0 and Map ch0  t=682828.395610
[682846.656184] AA_thread:134  AA_thread START  is_left=1  distance=24444  t=682828.400860
[682846.665031] AA_thread:220  AA_thread adding AA_freq to AA_left_IR_to_Map
[682846.665111] AA_thread:234  AA_thread adding AA_map to multi_to_Map channel 2
[682846.665126] AA_thread:236  AA_thread DONE
[682846.672026] createImageRepresentationAtTime:434  RIGHT: adding TS_right to Map ch1  t=682828.400860
[682846.674539] createImageRepresentationAtTime:367  LEFT: adding TS_left to Track ch0 and Map ch0  t=682828.400860
[682846.684119] AA_thread:134  AA_thread START  is_left=1  distance=24172  t=682828.403484
[682846.686566] process_mapping_thread:442  multi_to_Map fired -> calling timeSurfaceCallback
[682846.686645] timeSurfaceCallback:989  timeSurfaceCallback  TS_history.size=100  t=682828.372972
[682846.690646] AA_thread:220  AA_thread adding AA_freq to AA_left_IR_to_Map
[682846.690771] AA_thread:234  AA_thread adding AA_map to multi_to_Map channel 2
[682846.690786] AA_thread:236  AA_thread DONE
[682846.716671] createImageRepresentationAtTime:434  RIGHT: adding TS_right to Map ch1  t=682828.403484
[682846.747804] createImageRepresentationAtTime:367  LEFT: adding TS_left to Track ch0 and Map ch0  t=682828.403484
[682846.753787] createImageRepresentationAtTime:268  createImageRepresentation early-return: vEvents_ empty  is_left=1
[682846.767111] AA_thread:134  AA_thread START  is_left=1  distance=24248  t=682828.406110
[682846.773160] AA_thread:220  AA_thread adding AA_freq to AA_left_IR_to_Map
[682846.773281] AA_thread:234  AA_thread adding AA_map to multi_to_Map channel 2
[682846.773296] AA_thread:236  AA_thread DONE
[682846.778535] createImageRepresentationAtTime:434  RIGHT: adding TS_right to Map ch1  t=682828.405652
[682846.782361] createImageRepresentationAtTime:367  LEFT: adding TS_left to Track ch0 and Map ch0  t=682828.406110
[682846.801574] process_mapping_thread:442  multi_to_Map fired -> calling timeSurfaceCallback
[682846.801655] timeSurfaceCallback:989  timeSurfaceCallback  TS_history.size=100  t=682828.374610
[682846.811425] createImageRepresentationAtTime:434  RIGHT: adding TS_right to Map ch1  t=682828.406110
[682846.832195] publishMappingResults:1195  publishMappingResults  status=1  dqvDepthPoints.size=5
[682846.834506] publishPointCloud:1287  publishPointCloud  pc_color.size=0  pc_filtered.size=0  depthMap.size=0
[682846.845543] AA_thread:134  AA_thread START  is_left=1  distance=32377  t=682828.408314
[682846.848926] AA_thread:220  AA_thread adding AA_freq to AA_left_IR_to_Map
[682846.848991] AA_thread:234  AA_thread adding AA_map to multi_to_Map channel 2
[682846.849004] AA_thread:236  AA_thread DONE
[682846.882159] createImageRepresentationAtTime:367  LEFT: adding TS_left to Track ch0 and Map ch0  t=682828.408314
[682846.909200] createImageRepresentationAtTime:434  RIGHT: adding TS_right to Map ch1  t=682828.408734
[682846.910662] process_mapping_thread:442  multi_to_Map fired -> calling timeSurfaceCallback
[682846.913825] AA_thread:134  AA_thread START  is_left=1  distance=15423  t=682828.408948
[682846.921158] AA_thread:220  AA_thread adding AA_freq to AA_left_IR_to_Map
[682846.921222] AA_thread:234  AA_thread adding AA_map to multi_to_Map channel 2
[682846.921236] AA_thread:236  AA_thread DONE
[682846.932196] createImageRepresentationAtTime:367  LEFT: adding TS_left to Track ch0 and Map ch0  t=682828.408948
[682846.934010] createImageRepresentationAtTime:434  RIGHT: adding TS_right to Map ch1  t=682828.410631
[682846.935921] AA_thread:134  AA_thread START  is_left=1  distance=24689  t=682828.411360
[682846.952349] AA_thread:220  AA_thread adding AA_freq to AA_left_IR_to_Map
[682846.954487] AA_thread:234  AA_thread adding AA_map to multi_to_Map channel 2
[682846.954587] AA_thread:236  AA_thread DONE
[682846.970835] createImageRepresentationAtTime:367  LEFT: adding TS_left to Track ch0 and Map ch0  t=682828.411360
[682846.996479] timeSurfaceCallback:989  timeSurfaceCallback  TS_history.size=100  t=682828.377234
[682847.032215] createImageRepresentationAtTime:434  RIGHT: adding TS_right to Map ch1  t=682828.411360
[682847.034023] AA_thread:134  AA_thread START  is_left=1  distance=34442  t=682828.413895
[682847.054345] AA_thread:220  AA_thread adding AA_freq to AA_left_IR_to_Map
[682847.054430] AA_thread:234  AA_thread adding AA_map to multi_to_Map channel 2
[682847.054445] AA_thread:236  AA_thread DONE
[682847.058743] publishMappingResults:1195  publishMappingResults  status=1  dqvDepthPoints.size=5
[682847.069861] process_mapping_thread:442  multi_to_Map fired -> calling timeSurfaceCallback
[682847.079040] publishPointCloud:1287  publishPointCloud  pc_color.size=0  pc_filtered.size=0  depthMap.size=0
[682847.082377] createImageRepresentationAtTime:434  RIGHT: adding TS_right to Map ch1  t=682828.413442
[682847.091278] createImageRepresentationAtTime:367  LEFT: adding TS_left to Track ch0 and Map ch0  t=682828.413895
[682847.094837] createImageRepresentationAtTime:434  RIGHT: adding TS_right to Map ch1  t=682828.413442
[682847.100350] AA_thread:134  AA_thread START  is_left=1  distance=0  t=682828.413895
[682847.104665] AA_thread:220  AA_thread adding AA_freq to AA_left_IR_to_Map
[682847.107138] AA_thread:234  AA_thread adding AA_map to multi_to_Map channel 2
[682847.113206] AA_thread:236  AA_thread DONE
[682847.138095] timeSurfaceCallback:989  timeSurfaceCallback  TS_history.size=100  t=682828.381766
[682847.159003] createImageRepresentationAtTime:367  LEFT: adding TS_left to Track ch0 and Map ch0  t=682828.413895
[682847.175859] publishMappingResults:1195  publishMappingResults  status=1  dqvDepthPoints.size=5
[682847.176702] publishPointCloud:1287  publishPointCloud  pc_color.size=0  pc_filtered.size=0  depthMap.size=0
[682847.184116] createImageRepresentationAtTime:434  RIGHT: adding TS_right to Map ch1  t=682828.416609
[682847.201995] AA_thread:134  AA_thread START  is_left=1  distance=24528  t=682828.419235
[682847.208181] AA_thread:220  AA_thread adding AA_freq to AA_left_IR_to_Map
[682847.208267] AA_thread:234  AA_thread adding AA_map to multi_to_Map channel 2
[682847.208283] AA_thread:236  AA_thread DONE
[682847.217639] createImageRepresentationAtTime:367  LEFT: adding TS_left to Track ch0 and Map ch0  t=682828.419235
[682847.222823] AA_thread:134  AA_thread START  is_left=1  distance=24599  t=682828.421859
[682847.233321] createImageRepresentationAtTime:434  RIGHT: adding TS_right to Map ch1  t=682828.419235
[682847.236771] AA_thread:220  AA_thread adding AA_freq to AA_left_IR_to_Map
[682847.239984] AA_thread:234  AA_thread adding AA_map to multi_to_Map channel 2
[682847.240087] AA_thread:236  AA_thread DONE
[682847.250920] createImageRepresentationAtTime:434  RIGHT: adding TS_right to Map ch1  t=682828.421859
[682847.255055] createImageRepresentationAtTime:367  LEFT: adding TS_left to Track ch0 and Map ch0  t=682828.421859
[682847.263944] process_mapping_thread:442  multi_to_Map fired -> calling timeSurfaceCallback
[682847.264023] timeSurfaceCallback:989  timeSurfaceCallback  TS_history.size=100  t=682828.390407
[682847.269403] AA_thread:134  AA_thread START  is_left=1  distance=24610  t=682828.424485
[682847.273297] AA_thread:220  AA_thread adding AA_freq to AA_left_IR_to_Map
[682847.273378] AA_thread:234  AA_thread adding AA_map to multi_to_Map channel 2
[682847.273446] AA_thread:236  AA_thread DONE
[682847.277360] publishMappingResults:1195  publishMappingResults  status=1  dqvDepthPoints.size=5
[682847.277535] publishPointCloud:1287  publishPointCloud  pc_color.size=0  pc_filtered.size=0  depthMap.size=0
[682847.279651] createImageRepresentationAtTime:434  RIGHT: adding TS_right to Map ch1  t=682828.424485
[682847.290139] createImageRepresentationAtTime:367  LEFT: adding TS_left to Track ch0 and Map ch0  t=682828.424485
[682847.304393] AA_thread:134  AA_thread START  is_left=1  distance=40362  t=682828.427109
[682847.319416] AA_thread:220  AA_thread adding AA_freq to AA_left_IR_to_Map
[682847.319491] AA_thread:234  AA_thread adding AA_map to multi_to_Map channel 2
[682847.319507] AA_thread:236  AA_thread DONE
[682847.327047] createImageRepresentationAtTime:367  LEFT: adding TS_left to Track ch0 and Map ch0  t=682828.427109
[682847.356366] createImageRepresentationAtTime:434  RIGHT: adding TS_right to Map ch1  t=682828.424507
[682847.358123] process_mapping_thread:442  multi_to_Map fired -> calling timeSurfaceCallback
[682847.358190] timeSurfaceCallback:989  timeSurfaceCallback  TS_history.size=100  t=682828.395610
[682847.364880] AA_thread:134  AA_thread START  is_left=1  distance=25643  t=682828.429735
[682847.371908] publishMappingResults:1195  publishMappingResults  status=1  dqvDepthPoints.size=5
[682847.372163] publishPointCloud:1287  publishPointCloud  pc_color.size=0  pc_filtered.size=0  depthMap.size=0
[682847.376495] createImageRepresentationAtTime:434  RIGHT: adding TS_right to Map ch1  t=682828.426165
[682847.380283] AA_thread:220  AA_thread adding AA_freq to AA_left_IR_to_Map
[682847.380361] AA_thread:234  AA_thread adding AA_map to multi_to_Map channel 2
[682847.380375] AA_thread:236  AA_thread DONE
[682847.398509] createImageRepresentationAtTime:434  RIGHT: adding TS_right to Map ch1  t=682828.429735
[682847.411004] createImageRepresentationAtTime:367  LEFT: adding TS_left to Track ch0 and Map ch0  t=682828.429735
[682847.413103] AA_thread:134  AA_thread START  is_left=1  distance=433  t=682828.429749
[682847.416439] process_mapping_thread:442  multi_to_Map fired -> calling timeSurfaceCallback
[682847.416516] timeSurfaceCallback:989  timeSurfaceCallback  TS_history.size=100  t=682828.403484
[682847.417282] AA_thread:220  AA_thread adding AA_freq to AA_left_IR_to_Map
[682847.417356] AA_thread:234  AA_thread adding AA_map to multi_to_Map channel 2
[682847.417979] AA_thread:236  AA_thread DONE
[682847.442008] createImageRepresentationAtTime:367  LEFT: adding TS_left to Track ch0 and Map ch0  t=682828.429749
[682847.443404] AA_thread:134  AA_thread START  is_left=1  distance=25006  t=682828.432359
[682847.449363] AA_thread:220  AA_thread adding AA_freq to AA_left_IR_to_Map
[682847.449440] AA_thread:234  AA_thread adding AA_map to multi_to_Map channel 2
[682847.449454] AA_thread:236  AA_thread DONE
[682847.462906] publishMappingResults:1195  publishMappingResults  status=1  dqvDepthPoints.size=5
[682847.463215] publishPointCloud:1287  publishPointCloud  pc_color.size=0  pc_filtered.size=0  depthMap.size=0
[682847.465942] createImageRepresentationAtTime:367  LEFT: adding TS_left to Track ch0 and Map ch0  t=682828.432359
[682847.490071] AA_thread:134  AA_thread START  is_left=1  distance=81  t=682828.432362
[682847.494439] AA_thread:220  AA_thread adding AA_freq to AA_left_IR_to_Map
[682847.494844] AA_thread:234  AA_thread adding AA_map to multi_to_Map channel 2
[682847.494903] AA_thread:236  AA_thread DONE
[682847.516150] createImageRepresentationAtTime:367  LEFT: adding TS_left to Track ch0 and Map ch0  t=682828.432362
[682847.533446] createImageRepresentationAtTime:434  RIGHT: adding TS_right to Map ch1  t=682828.431050
[682847.538897] AA_thread:134  AA_thread START  is_left=1  distance=24309  t=682828.434985
[682847.542465] AA_thread:220  AA_thread adding AA_freq to AA_left_IR_to_Map
[682847.542527] AA_thread:234  AA_thread adding AA_map to multi_to_Map channel 2
[682847.542540] AA_thread:236  AA_thread DONE
[682847.554198] createImageRepresentationAtTime:367  LEFT: adding TS_left to Track ch0 and Map ch0  t=682828.434985
[682847.575872] createImageRepresentationAtTime:434  RIGHT: adding TS_right to Map ch1  t=682828.434985
[682847.592085] AA_thread:134  AA_thread START  is_left=1  distance=24879  t=682828.437609
[682847.611361] AA_thread:220  AA_thread adding AA_freq to AA_left_IR_to_Map
[682847.611438] AA_thread:234  AA_thread adding AA_map to multi_to_Map channel 2
[682847.611451] AA_thread:236  AA_thread DONE
[682847.622152] process_mapping_thread:442  multi_to_Map fired -> calling timeSurfaceCallback
[682847.622221] timeSurfaceCallback:989  timeSurfaceCallback  TS_history.size=100  t=682828.408948
[682847.628820] publishMappingResults:1195  publishMappingResults  status=1  dqvDepthPoints.size=5
[682847.633343] publishPointCloud:1287  publishPointCloud  pc_color.size=0  pc_filtered.size=0  depthMap.size=0
[682847.646939] createImageRepresentationAtTime:367  LEFT: adding TS_left to Track ch0 and Map ch0  t=682828.437609
[682847.649108] createImageRepresentationAtTime:434  RIGHT: adding TS_right to Map ch1  t=682828.437116
[682847.654101] AA_thread:134  AA_thread START  is_left=1  distance=24821  t=682828.440235
[682847.663346] AA_thread:220  AA_thread adding AA_freq to AA_left_IR_to_Map
[682847.669781] AA_thread:234  AA_thread adding AA_map to multi_to_Map channel 2
[682847.670256] AA_thread:236  AA_thread DONE
[682847.671751] createImageRepresentationAtTime:367  LEFT: adding TS_left to Track ch0 and Map ch0  t=682828.440235
[682847.674900] createImageRepresentationAtTime:434  RIGHT: adding TS_right to Map ch1  t=682828.440235
[682847.683736] process_mapping_thread:442  multi_to_Map fired -> calling timeSurfaceCallback
[682847.684589] timeSurfaceCallback:989  timeSurfaceCallback  TS_history.size=100  t=682828.413895
[682847.684846] AA_thread:134  AA_thread START  is_left=1  distance=24730  t=682828.442859
[682847.692582] AA_thread:220  AA_thread adding AA_freq to AA_left_IR_to_Map
[682847.692667] AA_thread:234  AA_thread adding AA_map to multi_to_Map channel 2
[682847.692682] AA_thread:236  AA_thread DONE
[682847.713497] createImageRepresentationAtTime:434  RIGHT: adding TS_right to Map ch1  t=682828.442859
[682847.723826] publishMappingResults:1195  publishMappingResults  status=1  dqvDepthPoints.size=5
[682847.724093] publishPointCloud:1287  publishPointCloud  pc_color.size=0  pc_filtered.size=0  depthMap.size=0
[682847.733032] createImageRepresentationAtTime:367  LEFT: adding TS_left to Track ch0 and Map ch0  t=682828.442859
[682847.747012] createImageRepresentationAtTime:434  RIGHT: adding TS_right to Map ch1  t=682828.444782
[682847.755550] AA_thread:134  AA_thread START  is_left=1  distance=24436  t=682828.445485
[682847.803918] AA_thread:220  AA_thread adding AA_freq to AA_left_IR_to_Map
[682847.804006] AA_thread:234  AA_thread adding AA_map to multi_to_Map channel 2
[682847.804021] AA_thread:236  AA_thread DONE
[682847.808848] createImageRepresentationAtTime:434  RIGHT: adding TS_right to Map ch1  t=682828.444813
[682847.821175] createImageRepresentationAtTime:367  LEFT: adding TS_left to Track ch0 and Map ch0  t=682828.445485
[682847.822237] process_mapping_thread:442  multi_to_Map fired -> calling timeSurfaceCallback
[682847.833571] AA_thread:134  AA_thread START  is_left=1  distance=28625  t=682828.448277
[682847.840932] createImageRepresentationAtTime:434  RIGHT: adding TS_right to Map ch1  t=682828.448109
[682847.844673] AA_thread:220  AA_thread adding AA_freq to AA_left_IR_to_Map
[682847.844739] AA_thread:234  AA_thread adding AA_map to multi_to_Map channel 2
[682847.844752] AA_thread:236  AA_thread DONE
[682847.845208] timeSurfaceCallback:989  timeSurfaceCallback  TS_history.size=100  t=682828.413895
[682847.846159] createImageRepresentationAtTime:367  LEFT: adding TS_left to Track ch0 and Map ch0  t=682828.448277
[682847.857157] AA_thread:134  AA_thread START  is_left=1  distance=24820  t=682828.450735
[682847.861372] AA_thread:220  AA_thread adding AA_freq to AA_left_IR_to_Map
[682847.861478] AA_thread:234  AA_thread adding AA_map to multi_to_Map channel 2
[682847.861500] AA_thread:236  AA_thread DONE
[682847.861681] publishMappingResults:1195  publishMappingResults  status=1  dqvDepthPoints.size=5
[682847.864556] publishPointCloud:1287  publishPointCloud  pc_color.size=0  pc_filtered.size=0  depthMap.size=0
[682847.868058] createImageRepresentationAtTime:434  RIGHT: adding TS_right to Map ch1  t=682828.450735
[682847.872894] createImageRepresentationAtTime:367  LEFT: adding TS_left to Track ch0 and Map ch0  t=682828.450735
[682847.877047] process_mapping_thread:442  multi_to_Map fired -> calling timeSurfaceCallback
[682847.877129] timeSurfaceCallback:989  timeSurfaceCallback  TS_history.size=100  t=682828.424485
[682847.880622] publishMappingResults:1195  publishMappingResults  status=1  dqvDepthPoints.size=5
[682847.880848] publishPointCloud:1287  publishPointCloud  pc_color.size=0  pc_filtered.size=0  depthMap.size=0
[682847.885675] AA_thread:134  AA_thread START  is_left=1  distance=17290  t=682828.451494
[682847.890090] AA_thread:220  AA_thread adding AA_freq to AA_left_IR_to_Map
[682847.890492] AA_thread:234  AA_thread adding AA_map to multi_to_Map channel 2
[682847.890511] AA_thread:236  AA_thread DONE
[682847.900773] createImageRepresentationAtTime:367  LEFT: adding TS_left to Track ch0 and Map ch0  t=682828.451494
[682847.902761] createImageRepresentationAtTime:434  RIGHT: adding TS_right to Map ch1  t=682828.450958
[682847.903352] AA_thread:134  AA_thread START  is_left=1  distance=0  t=682828.451494
[682847.906150] AA_thread:220  AA_thread adding AA_freq to AA_left_IR_to_Map
[682847.906229] AA_thread:234  AA_thread adding AA_map to multi_to_Map channel 2
[682847.906244] AA_thread:236  AA_thread DONE
[682847.908226] process_mapping_thread:442  multi_to_Map fired -> calling timeSurfaceCallback
[682847.908309] timeSurfaceCallback:989  timeSurfaceCallback  TS_history.size=100  t=682828.427109
[682847.913729] publishMappingResults:1195  publishMappingResults  status=1  dqvDepthPoints.size=5
[682847.913952] publishPointCloud:1287  publishPointCloud  pc_color.size=0  pc_filtered.size=0  depthMap.size=0
[682847.914293] createImageRepresentationAtTime:367  LEFT: adding TS_left to Track ch0 and Map ch0  t=682828.451494
[682847.921057] createImageRepresentationAtTime:434  RIGHT: adding TS_right to Map ch1  t=682828.453359
[682847.921727] AA_thread:134  AA_thread START  is_left=1  distance=24825  t=682828.453359
[682847.925013] AA_thread:220  AA_thread adding AA_freq to AA_left_IR_to_Map
[682847.925062] AA_thread:234  AA_thread adding AA_map to multi_to_Map channel 2
[682847.925077] AA_thread:236  AA_thread DONE
[682847.932126] createImageRepresentationAtTime:367  LEFT: adding TS_left to Track ch0 and Map ch0  t=682828.453359
[682847.940570] process_mapping_thread:442  multi_to_Map fired -> calling timeSurfaceCallback
[682847.940639] timeSurfaceCallback:989  timeSurfaceCallback  TS_history.size=100  t=682828.429735
[682847.942130] createImageRepresentationAtTime:434  RIGHT: adding TS_right to Map ch1  t=682828.453370
[682847.942855] publishMappingResults:1195  publishMappingResults  status=1  dqvDepthPoints.size=5
[682847.944660] publishPointCloud:1287  publishPointCloud  pc_color.size=0  pc_filtered.size=0  depthMap.size=0
[682847.945503] AA_thread:134  AA_thread START  is_left=1  distance=24488  t=682828.455985
[682847.949134] AA_thread:220  AA_thread adding AA_freq to AA_left_IR_to_Map
[682847.949199] AA_thread:234  AA_thread adding AA_map to multi_to_Map channel 2
[682847.949216] AA_thread:236  AA_thread DONE
[682847.953814] createImageRepresentationAtTime:367  LEFT: adding TS_left to Track ch0 and Map ch0  t=682828.455985
[682847.960857] createImageRepresentationAtTime:434  RIGHT: adding TS_right to Map ch1  t=682828.455985
[682847.965076] process_mapping_thread:442  multi_to_Map fired -> calling timeSurfaceCallback
[682847.965113] timeSurfaceCallback:989  timeSurfaceCallback  TS_history.size=100  t=682828.429749
[682847.967880] publishMappingResults:1195  publishMappingResults  status=1  dqvDepthPoints.size=5
[682847.968478] publishPointCloud:1287  publishPointCloud  pc_color.size=0  pc_filtered.size=0  depthMap.size=0
[682847.974752] AA_thread:134  AA_thread START  is_left=1  distance=42128  t=682828.457663
[682847.980853] AA_thread:220  AA_thread adding AA_freq to AA_left_IR_to_Map
[682847.980920] AA_thread:234  AA_thread adding AA_map to multi_to_Map channel 2
[682847.980938] AA_thread:236  AA_thread DONE
[682847.985710] createImageRepresentationAtTime:367  LEFT: adding TS_left to Track ch0 and Map ch0  t=682828.457663
[682847.992411] createImageRepresentationAtTime:434  RIGHT: adding TS_right to Map ch1  t=682828.457600
[682847.992741] process_mapping_thread:442  multi_to_Map fired -> calling timeSurfaceCallback
[682847.992964] timeSurfaceCallback:989  timeSurfaceCallback  TS_history.size=100  t=682828.434985
[682847.993014] AA_thread:134  AA_thread START  is_left=1  distance=22984  t=682828.458609
[682847.994245] publishMappingResults:1195  publishMappingResults  status=1  dqvDepthPoints.size=5
[682847.994508] publishPointCloud:1287  publishPointCloud  pc_color.size=0  pc_filtered.size=0  depthMap.size=0
[682847.996018] AA_thread:220  AA_thread adding AA_freq to AA_left_IR_to_Map
[682847.996086] AA_thread:234  AA_thread adding AA_map to multi_to_Map channel 2
[682847.996099] AA_thread:236  AA_thread DONE
[682848.004679] createImageRepresentationAtTime:367  LEFT: adding TS_left to Track ch0 and Map ch0  t=682828.458609
[682848.012355] createImageRepresentationAtTime:434  RIGHT: adding TS_right to Map ch1  t=682828.458609
[682848.024292] AA_thread:134  AA_thread START  is_left=1  distance=21991  t=682828.459478
[682848.031109] AA_thread:220  AA_thread adding AA_freq to AA_left_IR_to_Map
[682848.031184] AA_thread:234  AA_thread adding AA_map to multi_to_Map channel 2
[682848.031199] AA_thread:236  AA_thread DONE
[682848.038170] createImageRepresentationAtTime:434  RIGHT: adding TS_right to Map ch1  t=682828.459182
[682848.044406] createImageRepresentationAtTime:367  LEFT: adding TS_left to Track ch0 and Map ch0  t=682828.459478
[682848.050482] process_mapping_thread:442  multi_to_Map fired -> calling timeSurfaceCallback
[682848.050556] timeSurfaceCallback:989  timeSurfaceCallback  TS_history.size=100  t=682828.437609
[682848.056823] publishMappingResults:1195  publishMappingResults  status=1  dqvDepthPoints.size=5
[682848.057112] publishPointCloud:1287  publishPointCloud  pc_color.size=0  pc_filtered.size=0  depthMap.size=0
[682848.058366] AA_thread:134  AA_thread START  is_left=1  distance=24909  t=682828.461235
[682848.065371] AA_thread:220  AA_thread adding AA_freq to AA_left_IR_to_Map
[682848.065442] AA_thread:234  AA_thread adding AA_map to multi_to_Map channel 2
[682848.065456] AA_thread:236  AA_thread DONE
[682848.072029] createImageRepresentationAtTime:434  RIGHT: adding TS_right to Map ch1  t=682828.460420
[682848.082943] createImageRepresentationAtTime:434  RIGHT: adding TS_right to Map ch1  t=682828.460420
[682848.095540] createImageRepresentationAtTime:367  LEFT: adding TS_left to Track ch0 and Map ch0  t=682828.461235
[682848.104307] AA_thread:134  AA_thread START  is_left=1  distance=25184  t=682828.463859
[682848.110475] AA_thread:220  AA_thread adding AA_freq to AA_left_IR_to_Map
[682848.110552] AA_thread:234  AA_thread adding AA_map to multi_to_Map channel 2
[682848.110566] AA_thread:236  AA_thread DONE
[682848.118927] createImageRepresentationAtTime:367  LEFT: adding TS_left to Track ch0 and Map ch0  t=682828.463859
[682848.126036] createImageRepresentationAtTime:434  RIGHT: adding TS_right to Map ch1  t=682828.463859
[682848.127016] process_mapping_thread:442  multi_to_Map fired -> calling timeSurfaceCallback
[682848.127083] timeSurfaceCallback:989  timeSurfaceCallback  TS_history.size=100  t=682828.445485
[682848.141200] AA_thread:134  AA_thread START  is_left=1  distance=39290  t=682828.466485
[682848.141551] publishMappingResults:1195  publishMappingResults  status=1  dqvDepthPoints.size=5
[682848.142394] publishPointCloud:1287  publishPointCloud  pc_color.size=0  pc_filtered.size=0  depthMap.size=0
[682848.144919] AA_thread:220  AA_thread adding AA_freq to AA_left_IR_to_Map
[682848.145108] AA_thread:234  AA_thread adding AA_map to multi_to_Map channel 2
[682848.145151] AA_thread:236  AA_thread DONE
[682848.163191] createImageRepresentationAtTime:367  LEFT: adding TS_left to Track ch0 and Map ch0  t=682828.466485
[682848.176808] process_mapping_thread:442  multi_to_Map fired -> calling timeSurfaceCallback
[682848.176901] timeSurfaceCallback:989  timeSurfaceCallback  TS_history.size=100  t=682828.448277
[682848.180728] createImageRepresentationAtTime:434  RIGHT: adding TS_right to Map ch1  t=682828.466315
[682848.187723] publishMappingResults:1195  publishMappingResults  status=1  dqvDepthPoints.size=5
[682848.188469] publishPointCloud:1287  publishPointCloud  pc_color.size=0  pc_filtered.size=0  depthMap.size=0
[682848.200311] createImageRepresentationAtTime:434  RIGHT: adding TS_right to Map ch1  t=682828.466315
[682848.210599] AA_thread:134  AA_thread START  is_left=1  distance=26244  t=682828.467529
[682848.216372] AA_thread:220  AA_thread adding AA_freq to AA_left_IR_to_Map
[682848.216422] AA_thread:234  AA_thread adding AA_map to multi_to_Map channel 2
[682848.216441] AA_thread:236  AA_thread DONE
[682848.227810] createImageRepresentationAtTime:367  LEFT: adding TS_left to Track ch0 and Map ch0  t=682828.467529
[682848.234198] createImageRepresentationAtTime:434  RIGHT: adding TS_right to Map ch1  t=682828.469110
[682848.234361] AA_thread:134  AA_thread START  is_left=1  distance=546  t=682828.468917
[682848.241281] AA_thread:220  AA_thread adding AA_freq to AA_left_IR_to_Map
[682848.241343] AA_thread:234  AA_thread adding AA_map to multi_to_Map channel 2
[682848.241361] AA_thread:236  AA_thread DONE
[682848.260866] createImageRepresentationAtTime:367  LEFT: adding TS_left to Track ch0 and Map ch0  t=682828.468917
[682848.263910] process_mapping_thread:442  multi_to_Map fired -> calling timeSurfaceCallback
[682848.263959] timeSurfaceCallback:989  timeSurfaceCallback  TS_history.size=100  t=682828.450735
[682848.265336] AA_thread:134  AA_thread START  is_left=1  distance=24836  t=682828.471734
[682848.271190] createImageRepresentationAtTime:434  RIGHT: adding TS_right to Map ch1  t=682828.470820
[682848.271491] publishMappingResults:1195  publishMappingResults  status=1  dqvDepthPoints.size=5
[682848.273824] AA_thread:220  AA_thread adding AA_freq to AA_left_IR_to_Map
[682848.273892] AA_thread:234  AA_thread adding AA_map to multi_to_Map channel 2
[682848.273906] AA_thread:236  AA_thread DONE
[682848.279559] publishPointCloud:1287  publishPointCloud  pc_color.size=0  pc_filtered.size=0  depthMap.size=0
[682848.286232] createImageRepresentationAtTime:367  LEFT: adding TS_left to Track ch0 and Map ch0  t=682828.471734
[682848.287341] createImageRepresentationAtTime:268  createImageRepresentation early-return: vEvents_ empty  is_left=1
[682848.290634] process_mapping_thread:442  multi_to_Map fired -> calling timeSurfaceCallback
[682848.290695] timeSurfaceCallback:989  timeSurfaceCallback  TS_history.size=100  t=682828.451494
[682848.303361] AA_thread:134  AA_thread START  is_left=1  distance=24757  t=682828.474360
[682848.313147] AA_thread:220  AA_thread adding AA_freq to AA_left_IR_to_Map
[682848.313211] AA_thread:234  AA_thread adding AA_map to multi_to_Map channel 2
[682848.313230] AA_thread:236  AA_thread DONE
[682848.328650] createImageRepresentationAtTime:434  RIGHT: adding TS_right to Map ch1  t=682828.471734
[682848.332194] createImageRepresentationAtTime:367  LEFT: adding TS_left to Track ch0 and Map ch0  t=682828.474360
[682848.346020] AA_thread:134  AA_thread START  is_left=1  distance=32966  t=682828.476984
[682848.350136] AA_thread:220  AA_thread adding AA_freq to AA_left_IR_to_Map
[682848.350224] AA_thread:234  AA_thread adding AA_map to multi_to_Map channel 2
[682848.350240] AA_thread:236  AA_thread DONE
[682848.353406] createImageRepresentationAtTime:434  RIGHT: adding TS_right to Map ch1  t=682828.474360
[682848.378356] createImageRepresentationAtTime:434  RIGHT: adding TS_right to Map ch1  t=682828.476984
[682848.378845] createImageRepresentationAtTime:367  LEFT: adding TS_left to Track ch0 and Map ch0  t=682828.476984
[682848.401901] AA_thread:134  AA_thread START  is_left=1  distance=10417  t=682828.477402
[682848.403445] process_mapping_thread:442  multi_to_Map fired -> calling timeSurfaceCallback
[682848.403598] timeSurfaceCallback:989  timeSurfaceCallback  TS_history.size=100  t=682828.457663
[682848.406303] AA_thread:220  AA_thread adding AA_freq to AA_left_IR_to_Map
[682848.406331] AA_thread:234  AA_thread adding AA_map to multi_to_Map channel 2
[682848.406346] AA_thread:236  AA_thread DONE
[682848.414431] publishMappingResults:1195  publishMappingResults  status=1  dqvDepthPoints.size=5
[682848.414715] publishPointCloud:1287  publishPointCloud  pc_color.size=0  pc_filtered.size=0  depthMap.size=0
[682848.425989] createImageRepresentationAtTime:367  LEFT: adding TS_left to Track ch0 and Map ch0  t=682828.477402
[682848.429740] createImageRepresentationAtTime:434  RIGHT: adding TS_right to Map ch1  t=682828.478006
[682848.432154] AA_thread:134  AA_thread START  is_left=1  distance=25430  t=682828.479610
[682848.440233] AA_thread:220  AA_thread adding AA_freq to AA_left_IR_to_Map
[682848.440308] AA_thread:234  AA_thread adding AA_map to multi_to_Map channel 2
[682848.440322] AA_thread:236  AA_thread DONE
[682848.453328] createImageRepresentationAtTime:434  RIGHT: adding TS_right to Map ch1  t=682828.479610
[682848.453861] createImageRepresentationAtTime:367  LEFT: adding TS_left to Track ch0 and Map ch0  t=682828.479610
[682848.457814] process_mapping_thread:442  multi_to_Map fired -> calling timeSurfaceCallback
[682848.457903] timeSurfaceCallback:989  timeSurfaceCallback  TS_history.size=100  t=682828.459478
[682848.463506] AA_thread:134  AA_thread START  is_left=1  distance=25131  t=682828.482234
[682848.471417] AA_thread:220  AA_thread adding AA_freq to AA_left_IR_to_Map
[682848.471600] AA_thread:234  AA_thread adding AA_map to multi_to_Map channel 2
[682848.471619] AA_thread:236  AA_thread DONE
[682848.498743] createImageRepresentationAtTime:367  LEFT: adding TS_left to Track ch0 and Map ch0  t=682828.482234
[682848.503262] createImageRepresentationAtTime:434  RIGHT: adding TS_right to Map ch1  t=682828.482234
[682848.510973] AA_thread:134  AA_thread START  is_left=1  distance=35418  t=682828.484860
[682848.513411] process_mapping_thread:442  multi_to_Map fired -> calling timeSurfaceCallback
[682848.513468] timeSurfaceCallback:989  timeSurfaceCallback  TS_history.size=100  t=682828.461235
[682848.516605] AA_thread:220  AA_thread adding AA_freq to AA_left_IR_to_Map
[682848.516696] AA_thread:234  AA_thread adding AA_map to multi_to_Map channel 2
[682848.518217] AA_thread:236  AA_thread DONE
[682848.528620] createImageRepresentationAtTime:367  LEFT: adding TS_left to Track ch0 and Map ch0  t=682828.484860
[682848.534556] createImageRepresentationAtTime:434  RIGHT: adding TS_right to Map ch1  t=682828.482234
[682848.551618] process_mapping_thread:442  multi_to_Map fired -> calling timeSurfaceCallback
[682848.551701] timeSurfaceCallback:989  timeSurfaceCallback  TS_history.size=100  t=682828.463859
[682848.560289] AA_thread:134  AA_thread START  is_left=1  distance=50002  t=682828.487484
[682848.567009] AA_thread:220  AA_thread adding AA_freq to AA_left_IR_to_Map
[682848.567081] AA_thread:234  AA_thread adding AA_map to multi_to_Map channel 2
[682848.567095] AA_thread:236  AA_thread DONE
[682848.573471] createImageRepresentationAtTime:434  RIGHT: adding TS_right to Map ch1  t=682828.484860
[682848.574301] createImageRepresentationAtTime:367  LEFT: adding TS_left to Track ch0 and Map ch0  t=682828.487484
[682848.592936] createImageRepresentationAtTime:434  RIGHT: adding TS_right to Map ch1  t=682828.487484
[682848.613860] AA_thread:134  AA_thread START  is_left=1  distance=38539  t=682828.490110
[682848.619367] AA_thread:220  AA_thread adding AA_freq to AA_left_IR_to_Map
[682848.619455] AA_thread:234  AA_thread adding AA_map to multi_to_Map channel 2
[682848.619469] AA_thread:236  AA_thread DONE
[682848.622607] createImageRepresentationAtTime:434  RIGHT: adding TS_right to Map ch1  t=682828.490110
[682848.631318] createImageRepresentationAtTime:367  LEFT: adding TS_left to Track ch0 and Map ch0  t=682828.490110
[682848.658557] process_mapping_thread:442  multi_to_Map fired -> calling timeSurfaceCallback
[682848.658939] publishMappingResults:1195  publishMappingResults  status=1  dqvDepthPoints.size=5
[682848.659475] publishPointCloud:1287  publishPointCloud  pc_color.size=0  pc_filtered.size=0  depthMap.size=0
[682848.661710] createImageRepresentationAtTime:434  RIGHT: adding TS_right to Map ch1  t=682828.492252
[682848.663235] AA_thread:134  AA_thread START  is_left=1  distance=25298  t=682828.491713
[682848.669781] AA_thread:220  AA_thread adding AA_freq to AA_left_IR_to_Map
[682848.669838] AA_thread:234  AA_thread adding AA_map to multi_to_Map channel 2
[682848.669857] AA_thread:236  AA_thread DONE
[682848.676550] createImageRepresentationAtTime:434  RIGHT: adding TS_right to Map ch1  t=682828.492252
[682848.682608] createImageRepresentationAtTime:367  LEFT: adding TS_left to Track ch0 and Map ch0  t=682828.491713
[682848.691856] timeSurfaceCallback:989  timeSurfaceCallback  TS_history.size=100  t=682828.467529
[682848.692098] AA_thread:134  AA_thread START  is_left=1  distance=25468  t=682828.492734
[682848.705940] AA_thread:220  AA_thread adding AA_freq to AA_left_IR_to_Map
[682848.706002] AA_thread:234  AA_thread adding AA_map to multi_to_Map channel 2
[682848.706019] AA_thread:236  AA_thread DONE
[682848.714866] publishMappingResults:1195  publishMappingResults  status=1  dqvDepthPoints.size=5
[682848.715788] publishPointCloud:1287  publishPointCloud  pc_color.size=0  pc_filtered.size=0  depthMap.size=0
[682848.728178] createImageRepresentationAtTime:367  LEFT: adding TS_left to Track ch0 and Map ch0  t=682828.492734
[682848.736395] AA_thread:134  AA_thread START  is_left=1  distance=25227  t=682828.495360
[682848.742112] createImageRepresentationAtTime:434  RIGHT: adding TS_right to Map ch1  t=682828.492734
[682848.750646] AA_thread:220  AA_thread adding AA_freq to AA_left_IR_to_Map
[682848.750710] AA_thread:234  AA_thread adding AA_map to multi_to_Map channel 2
[682848.750727] AA_thread:236  AA_thread DONE
[682848.757402] createImageRepresentationAtTime:367  LEFT: adding TS_left to Track ch0 and Map ch0  t=682828.495360
[682848.760895] process_mapping_thread:442  multi_to_Map fired -> calling timeSurfaceCallback
[682848.760990] timeSurfaceCallback:989  timeSurfaceCallback  TS_history.size=100  t=682828.468917
[682848.771619] publishMappingResults:1195  publishMappingResults  status=1  dqvDepthPoints.size=5
[682848.772104] publishPointCloud:1287  publishPointCloud  pc_color.size=0  pc_filtered.size=0  depthMap.size=0
[682848.773369] createImageRepresentationAtTime:434  RIGHT: adding TS_right to Map ch1  t=682828.495360
[682848.788863] AA_thread:134  AA_thread START  is_left=1  distance=35525  t=682828.497004
[682848.791726] AA_thread:220  AA_thread adding AA_freq to AA_left_IR_to_Map
[682848.791870] AA_thread:234  AA_thread adding AA_map to multi_to_Map channel 2
[682848.791889] AA_thread:236  AA_thread DONE
[682848.809661] createImageRepresentationAtTime:434  RIGHT: adding TS_right to Map ch1  t=682828.497984
[682848.812315] createImageRepresentationAtTime:367  LEFT: adding TS_left to Track ch0 and Map ch0  t=682828.497004
[682848.814549] AA_thread:134  AA_thread START  is_left=1  distance=3572  t=682828.497146
[682848.820761] AA_thread:220  AA_thread adding AA_freq to AA_left_IR_to_Map
[682848.820828] AA_thread:234  AA_thread adding AA_map to multi_to_Map channel 2
[682848.820843] AA_thread:236  AA_thread DONE
[682848.827386] process_mapping_thread:442  multi_to_Map fired -> calling timeSurfaceCallback
[682848.827484] timeSurfaceCallback:989  timeSurfaceCallback  TS_history.size=100  t=682828.471734
[682848.833211] publishMappingResults:1195  publishMappingResults  status=1  dqvDepthPoints.size=5
[682848.833645] publishPointCloud:1287  publishPointCloud  pc_color.size=0  pc_filtered.size=0  depthMap.size=0
[682848.834541] createImageRepresentationAtTime:367  LEFT: adding TS_left to Track ch0 and Map ch0  t=682828.497146
[682848.837112] AA_thread:134  AA_thread START  is_left=1  distance=10204  t=682828.500007
[682848.840109] AA_thread:220  AA_thread adding AA_freq to AA_left_IR_to_Map
[682848.840221] AA_thread:234  AA_thread adding AA_map to multi_to_Map channel 2
[682848.840311] AA_thread:236  AA_thread DONE
[682848.851477] process_mapping_thread:442  multi_to_Map fired -> calling timeSurfaceCallback
[682848.852843] createImageRepresentationAtTime:434  RIGHT: adding TS_right to Map ch1  t=682828.498081
[682848.853132] createImageRepresentationAtTime:367  LEFT: adding TS_left to Track ch0 and Map ch0  t=682828.500007
[682848.872777] AA_thread:134  AA_thread START  is_left=1  distance=15031  t=682828.500610
[682848.874296] createImageRepresentationAtTime:434  RIGHT: adding TS_right to Map ch1  t=682828.500610
[682848.876481] AA_thread:220  AA_thread adding AA_freq to AA_left_IR_to_Map
[682848.876552] AA_thread:234  AA_thread adding AA_map to multi_to_Map channel 2
[682848.876601] AA_thread:236  AA_thread DONE
[682848.887911] createImageRepresentationAtTime:367  LEFT: adding TS_left to Track ch0 and Map ch0  t=682828.500610
[682848.891696] timeSurfaceCallback:989  timeSurfaceCallback  TS_history.size=100  t=682828.474360
[682848.908494] AA_thread:134  AA_thread START  is_left=1  distance=25178  t=682828.503234
[682848.915180] AA_thread:220  AA_thread adding AA_freq to AA_left_IR_to_Map
[682848.915251] AA_thread:234  AA_thread adding AA_map to multi_to_Map channel 2
[682848.915262] AA_thread:236  AA_thread DONE
[682848.917449] createImageRepresentationAtTime:434  RIGHT: adding TS_right to Map ch1  t=682828.503034
[682848.917995] publishMappingResults:1195  publishMappingResults  status=1  dqvDepthPoints.size=5
[682848.919664] publishPointCloud:1287  publishPointCloud  pc_color.size=0  pc_filtered.size=0  depthMap.size=0
[682848.930559] createImageRepresentationAtTime:434  RIGHT: adding TS_right to Map ch1  t=682828.503234
[682848.935020] createImageRepresentationAtTime:367  LEFT: adding TS_left to Track ch0 and Map ch0  t=682828.503234
[682848.936798] process_mapping_thread:442  multi_to_Map fired -> calling timeSurfaceCallback
[682848.953446] AA_thread:134  AA_thread START  is_left=1  distance=25360  t=682828.504649
[682848.957138] AA_thread:220  AA_thread adding AA_freq to AA_left_IR_to_Map
[682848.957230] AA_thread:234  AA_thread adding AA_map to multi_to_Map channel 2
[682848.957242] AA_thread:236  AA_thread DONE
[682848.966692] createImageRepresentationAtTime:434  RIGHT: adding TS_right to Map ch1  t=682828.505860
[682848.966868] createImageRepresentationAtTime:268  createImageRepresentation early-return: vEvents_ empty  is_left=0
[682848.971382] timeSurfaceCallback:989  timeSurfaceCallback  TS_history.size=100  t=682828.477402
[682848.973852] createImageRepresentationAtTime:367  LEFT: adding TS_left to Track ch0 and Map ch0  t=682828.504649
[682848.981503] AA_thread:134  AA_thread START  is_left=1  distance=25356  t=682828.505860
[682848.989092] publishMappingResults:1195  publishMappingResults  status=1  dqvDepthPoints.size=5
[682848.989433] publishPointCloud:1287  publishPointCloud  pc_color.size=0  pc_filtered.size=0  depthMap.size=0
[682848.989510] AA_thread:220  AA_thread adding AA_freq to AA_left_IR_to_Map
[682848.989559] AA_thread:234  AA_thread adding AA_map to multi_to_Map channel 2
[682848.989569] AA_thread:236  AA_thread DONE
[682848.998248] createImageRepresentationAtTime:367  LEFT: adding TS_left to Track ch0 and Map ch0  t=682828.505860
[682849.006178] AA_thread:134  AA_thread START  is_left=1  distance=59562  t=682828.508484
[682849.013387] AA_thread:220  AA_thread adding AA_freq to AA_left_IR_to_Map
[682849.013452] AA_thread:234  AA_thread adding AA_map to multi_to_Map channel 2
[682849.013465] AA_thread:236  AA_thread DONE
[682849.019504] createImageRepresentationAtTime:367  LEFT: adding TS_left to Track ch0 and Map ch0  t=682828.508484
[682849.043583] process_mapping_thread:442  multi_to_Map fired -> calling timeSurfaceCallback
[682849.043634] timeSurfaceCallback:989  timeSurfaceCallback  TS_history.size=100  t=682828.479610
[682849.046371] createImageRepresentationAtTime:434  RIGHT: adding TS_right to Map ch1  t=682828.508484
[682849.050171] AA_thread:134  AA_thread START  is_left=1  distance=1459  t=682828.509331
[682849.054060] AA_thread:220  AA_thread adding AA_freq to AA_left_IR_to_Map
[682849.054121] AA_thread:234  AA_thread adding AA_map to multi_to_Map channel 2
[682849.054131] AA_thread:236  AA_thread DONE
[682849.059925] publishMappingResults:1195  publishMappingResults  status=1  dqvDepthPoints.size=5
[682849.060462] publishPointCloud:1287  publishPointCloud  pc_color.size=0  pc_filtered.size=0  depthMap.size=0
[682849.062225] createImageRepresentationAtTime:367  LEFT: adding TS_left to Track ch0 and Map ch0  t=682828.509331
[682849.066788] createImageRepresentationAtTime:434  RIGHT: adding TS_right to Map ch1  t=682828.508558
[682849.084312] AA_thread:134  AA_thread START  is_left=1  distance=25357  t=682828.511110
[682849.088295] createImageRepresentationAtTime:434  RIGHT: adding TS_right to Map ch1  t=682828.511110
[682849.091809] AA_thread:220  AA_thread adding AA_freq to AA_left_IR_to_Map
[682849.091879] AA_thread:234  AA_thread adding AA_map to multi_to_Map channel 2
[682849.091894] AA_thread:236  AA_thread DONE
[682849.094604] createImageRepresentationAtTime:367  LEFT: adding TS_left to Track ch0 and Map ch0  t=682828.511110
[682849.101780] process_mapping_thread:442  multi_to_Map fired -> calling timeSurfaceCallback
[682849.101852] timeSurfaceCallback:989  timeSurfaceCallback  TS_history.size=100  t=682828.487484
[682849.104033] AA_thread:134  AA_thread START  is_left=1  distance=41612  t=682828.513734
[682849.107968] AA_thread:220  AA_thread adding AA_freq to AA_left_IR_to_Map
[682849.108091] AA_thread:234  AA_thread adding AA_map to multi_to_Map channel 2
[682849.108147] AA_thread:236  AA_thread DONE
[682849.118262] createImageRepresentationAtTime:434  RIGHT: adding TS_right to Map ch1  t=682828.511514
[682849.124691] publishMappingResults:1195  publishMappingResults  status=1  dqvDepthPoints.size=5
[682849.134076] publishPointCloud:1287  publishPointCloud  pc_color.size=0  pc_filtered.size=0  depthMap.size=0
[682849.140924] createImageRepresentationAtTime:434  RIGHT: adding TS_right to Map ch1  t=682828.513734
[682849.147118] createImageRepresentationAtTime:268  createImageRepresentation early-return: vEvents_ empty  is_left=0
[682849.147233] createImageRepresentationAtTime:367  LEFT: adding TS_left to Track ch0 and Map ch0  t=682828.513734
[682849.148805] process_mapping_thread:442  multi_to_Map fired -> calling timeSurfaceCallback
[682849.148913] timeSurfaceCallback:989  timeSurfaceCallback  TS_history.size=100  t=682828.490110
[682849.165660] AA_thread:134  AA_thread START  is_left=1  distance=20024  t=682828.514496
[682849.168847] AA_thread:220  AA_thread adding AA_freq to AA_left_IR_to_Map
[682849.169037] AA_thread:234  AA_thread adding AA_map to multi_to_Map channel 2
[682849.169055] AA_thread:236  AA_thread DONE
[682849.175446] createImageRepresentationAtTime:434  RIGHT: adding TS_right to Map ch1  t=682828.514274
[682849.179093] process_mapping_thread:442  multi_to_Map fired -> calling timeSurfaceCallback
[682849.179167] timeSurfaceCallback:989  timeSurfaceCallback  TS_history.size=100  t=682828.492734
[682849.187689] createImageRepresentationAtTime:367  LEFT: adding TS_left to Track ch0 and Map ch0  t=682828.514496
[682849.190477] createImageRepresentationAtTime:434  RIGHT: adding TS_right to Map ch1  t=682828.515415
[682849.193282] AA_thread:134  AA_thread START  is_left=1  distance=25950  t=682828.516360
[682849.196861] AA_thread:220  AA_thread adding AA_freq to AA_left_IR_to_Map
[682849.196907] AA_thread:234  AA_thread adding AA_map to multi_to_Map channel 2
[682849.196920] AA_thread:236  AA_thread DONE
[682849.208483] process_mapping_thread:442  multi_to_Map fired -> calling timeSurfaceCallback
[682849.208552] timeSurfaceCallback:989  timeSurfaceCallback  TS_history.size=100  t=682828.495360
[682849.217067] createImageRepresentationAtTime:434  RIGHT: adding TS_right to Map ch1  t=682828.516360
[682849.225995] createImageRepresentationAtTime:367  LEFT: adding TS_left to Track ch0 and Map ch0  t=682828.516360
[682849.231383] createImageRepresentationAtTime:434  RIGHT: adding TS_right to Map ch1  t=682828.518984
[682849.235472] AA_thread:134  AA_thread START  is_left=1  distance=25868  t=682828.518984
[682849.241933] AA_thread:220  AA_thread adding AA_freq to AA_left_IR_to_Map
[682849.242009] AA_thread:234  AA_thread adding AA_map to multi_to_Map channel 2
[682849.242020] AA_thread:236  AA_thread DONE
[682849.258963] process_mapping_thread:442  multi_to_Map fired -> calling timeSurfaceCallback
[682849.261096] createImageRepresentationAtTime:367  LEFT: adding TS_left to Track ch0 and Map ch0  t=682828.518984
[682849.263347] AA_thread:134  AA_thread START  is_left=1  distance=4140  t=682828.519166
[682849.265506] AA_thread:220  AA_thread adding AA_freq to AA_left_IR_to_Map
[682849.265559] AA_thread:234  AA_thread adding AA_map to multi_to_Map channel 2
[682849.265569] AA_thread:236  AA_thread DONE
[682849.277978] createImageRepresentationAtTime:367  LEFT: adding TS_left to Track ch0 and Map ch0  t=682828.519166
[682849.282050] AA_thread:134  AA_thread START  is_left=1  distance=26022  t=682828.521610
[682849.289627] createImageRepresentationAtTime:434  RIGHT: adding TS_right to Map ch1  t=682828.520617
[682849.289862] AA_thread:220  AA_thread adding AA_freq to AA_left_IR_to_Map
[682849.289885] AA_thread:234  AA_thread adding AA_map to multi_to_Map channel 2
[682849.289895] AA_thread:236  AA_thread DONE
[682849.293744] createImageRepresentationAtTime:367  LEFT: adding TS_left to Track ch0 and Map ch0  t=682828.521610
[682849.304484] timeSurfaceCallback:989  timeSurfaceCallback  TS_history.size=100  t=682828.497146
[682849.316505] publishMappingResults:1195  publishMappingResults  status=1  dqvDepthPoints.size=5
[682849.317014] publishPointCloud:1287  publishPointCloud  pc_color.size=0  pc_filtered.size=0  depthMap.size=0
[682849.324751] AA_thread:134  AA_thread START  is_left=1  distance=34229  t=682828.524234
[682849.325357] createImageRepresentationAtTime:434  RIGHT: adding TS_right to Map ch1  t=682828.521610
[682849.331701] AA_thread:220  AA_thread adding AA_freq to AA_left_IR_to_Map
[682849.331732] AA_thread:234  AA_thread adding AA_map to multi_to_Map channel 2
[682849.331744] AA_thread:236  AA_thread DONE
[682849.343040] createImageRepresentationAtTime:434  RIGHT: adding TS_right to Map ch1  t=682828.524234
[682849.343910] createImageRepresentationAtTime:268  createImageRepresentation early-return: vEvents_ empty  is_left=0
[682849.344075] createImageRepresentationAtTime:367  LEFT: adding TS_left to Track ch0 and Map ch0  t=682828.524234
[682849.436318] AA_thread:134  AA_thread START  is_left=1  distance=25724  t=682828.526859
[682849.450552] createImageRepresentationAtTime:434  RIGHT: adding TS_right to Map ch1  t=682828.526725
[682849.452358] process_mapping_thread:442  multi_to_Map fired -> calling timeSurfaceCallback
[682849.452427] timeSurfaceCallback:989  timeSurfaceCallback  TS_history.size=100  t=682828.503234
[682849.455822] AA_thread:220  AA_thread adding AA_freq to AA_left_IR_to_Map
[682849.455894] AA_thread:234  AA_thread adding AA_map to multi_to_Map channel 2
[682849.455909] AA_thread:236  AA_thread DONE
[682849.455991] publishMappingResults:1195  publishMappingResults  status=1  dqvDepthPoints.size=5
[682849.461363] publishPointCloud:1287  publishPointCloud  pc_color.size=0  pc_filtered.size=0  depthMap.size=0
[682849.475572] createImageRepresentationAtTime:367  LEFT: adding TS_left to Track ch0 and Map ch0  t=682828.526859
[682849.483356] AA_thread:134  AA_thread START  is_left=1  distance=26019  t=682828.529485
[682849.491108] AA_thread:220  AA_thread adding AA_freq to AA_left_IR_to_Map
[682849.491167] AA_thread:234  AA_thread adding AA_map to multi_to_Map channel 2
[682849.491178] AA_thread:236  AA_thread DONE
[682849.503988] createImageRepresentationAtTime:434  RIGHT: adding TS_right to Map ch1  t=682828.526859
[682849.509675] createImageRepresentationAtTime:367  LEFT: adding TS_left to Track ch0 and Map ch0  t=682828.529485
[682849.519377] AA_thread:134  AA_thread START  is_left=1  distance=6978  t=682828.529745
[682849.525778] AA_thread:220  AA_thread adding AA_freq to AA_left_IR_to_Map
[682849.525837] AA_thread:234  AA_thread adding AA_map to multi_to_Map channel 2
[682849.525851] AA_thread:236  AA_thread DONE
[682849.527871] createImageRepresentationAtTime:367  LEFT: adding TS_left to Track ch0 and Map ch0  t=682828.529745
[682849.528900] AA_thread:134  AA_thread START  is_left=1  distance=0  t=682828.529745
[682849.538992] AA_thread:220  AA_thread adding AA_freq to AA_left_IR_to_Map
[682849.550025] AA_thread:234  AA_thread adding AA_map to multi_to_Map channel 2
[682849.550037] AA_thread:236  AA_thread DONE
[682849.558939] createImageRepresentationAtTime:434  RIGHT: adding TS_right to Map ch1  t=682828.529485
[682849.560548] createImageRepresentationAtTime:367  LEFT: adding TS_left to Track ch0 and Map ch0  t=682828.529745
[682849.570504] AA_thread:134  AA_thread START  is_left=1  distance=26000  t=682828.532109
[682849.574368] AA_thread:220  AA_thread adding AA_freq to AA_left_IR_to_Map
[682849.574420] AA_thread:234  AA_thread adding AA_map to multi_to_Map channel 2
[682849.574431] AA_thread:236  AA_thread DONE
[682849.582062] createImageRepresentationAtTime:434  RIGHT: adding TS_right to Map ch1  t=682828.532109
[682849.590375] process_mapping_thread:442  multi_to_Map fired -> calling timeSurfaceCallback
[682849.590431] timeSurfaceCallback:989  timeSurfaceCallback  TS_history.size=100  t=682828.508484
[682849.601091] createImageRepresentationAtTime:367  LEFT: adding TS_left to Track ch0 and Map ch0  t=682828.532109
[682849.609211] publishMappingResults:1195  publishMappingResults  status=1  dqvDepthPoints.size=5
[682849.610367] publishPointCloud:1287  publishPointCloud  pc_color.size=0  pc_filtered.size=0  depthMap.size=0
[682849.622179] AA_thread:134  AA_thread START  is_left=1  distance=26443  t=682828.534735
[682849.625051] createImageRepresentationAtTime:434  RIGHT: adding TS_right to Map ch1  t=682828.534391
[682849.630927] AA_thread:220  AA_thread adding AA_freq to AA_left_IR_to_Map
[682849.631002] AA_thread:234  AA_thread adding AA_map to multi_to_Map channel 2
[682849.631013] AA_thread:236  AA_thread DONE
[682849.640045] createImageRepresentationAtTime:367  LEFT: adding TS_left to Track ch0 and Map ch0  t=682828.534735
[682849.642374] AA_thread:134  AA_thread START  is_left=1  distance=2516  t=682828.536080
[682849.642541] createImageRepresentationAtTime:434  RIGHT: adding TS_right to Map ch1  t=682828.534391
[682849.646819] AA_thread:220  AA_thread adding AA_freq to AA_left_IR_to_Map
[682849.646857] AA_thread:234  AA_thread adding AA_map to multi_to_Map channel 2
[682849.646868] AA_thread:236  AA_thread DONE
[682849.661936] process_mapping_thread:442  multi_to_Map fired -> calling timeSurfaceCallback
[682849.666526] createImageRepresentationAtTime:367  LEFT: adding TS_left to Track ch0 and Map ch0  t=682828.536080
[682849.684193] createImageRepresentationAtTime:434  RIGHT: adding TS_right to Map ch1  t=682828.537189
[682849.685924] AA_thread:134  AA_thread START  is_left=1  distance=26584  t=682828.537359
[682849.693877] AA_thread:220  AA_thread adding AA_freq to AA_left_IR_to_Map
[682849.693954] AA_thread:234  AA_thread adding AA_map to multi_to_Map channel 2
[682849.693965] AA_thread:236  AA_thread DONE
[682849.701756] createImageRepresentationAtTime:367  LEFT: adding TS_left to Track ch0 and Map ch0  t=682828.537359
[682849.704345] timeSurfaceCallback:989  timeSurfaceCallback  TS_history.size=100  t=682828.509331
[682849.717487] AA_thread:134  AA_thread START  is_left=1  distance=26422  t=682828.539985
[682849.718593] createImageRepresentationAtTime:434  RIGHT: adding TS_right to Map ch1  t=682828.537359
[682849.721561] AA_thread:220  AA_thread adding AA_freq to AA_left_IR_to_Map
[682849.721630] AA_thread:234  AA_thread adding AA_map to multi_to_Map channel 2
[682849.721642] AA_thread:236  AA_thread DONE
[682849.726056] createImageRepresentationAtTime:367  LEFT: adding TS_left to Track ch0 and Map ch0  t=682828.539985
[682849.726399] publishMappingResults:1195  publishMappingResults  status=1  dqvDepthPoints.size=5
[682849.726823] publishPointCloud:1287  publishPointCloud  pc_color.size=0  pc_filtered.size=0  depthMap.size=0
[682849.751549] createImageRepresentationAtTime:434  RIGHT: adding TS_right to Map ch1  t=682828.539985
[682849.754112] AA_thread:134  AA_thread START  is_left=1  distance=12035  t=682828.540457
[682849.758284] AA_thread:220  AA_thread adding AA_freq to AA_left_IR_to_Map
[682849.758348] AA_thread:234  AA_thread adding AA_map to multi_to_Map channel 2
[682849.758358] AA_thread:236  AA_thread DONE
[682849.768550] createImageRepresentationAtTime:367  LEFT: adding TS_left to Track ch0 and Map ch0  t=682828.540457
[682849.785060] AA_thread:134  AA_thread START  is_left=1  distance=26016  t=682828.542609
[682849.790767] AA_thread:220  AA_thread adding AA_freq to AA_left_IR_to_Map
[682849.790848] AA_thread:234  AA_thread adding AA_map to multi_to_Map channel 2
[682849.790860] AA_thread:236  AA_thread DONE
[682849.793169] process_mapping_thread:442  multi_to_Map fired -> calling timeSurfaceCallback
[682849.793228] timeSurfaceCallback:989  timeSurfaceCallback  TS_history.size=100  t=682828.516360
[682849.794212] publishMappingResults:1195  publishMappingResults  status=1  dqvDepthPoints.size=5
[682849.794439] publishPointCloud:1287  publishPointCloud  pc_color.size=0  pc_filtered.size=0  depthMap.size=0
[682849.794798] createImageRepresentationAtTime:434  RIGHT: adding TS_right to Map ch1  t=682828.540168
[682849.798775] createImageRepresentationAtTime:367  LEFT: adding TS_left to Track ch0 and Map ch0  t=682828.542609
[682849.803574] AA_thread:134  AA_thread START  is_left=1  distance=18264  t=682828.543924
[682849.811935] AA_thread:220  AA_thread adding AA_freq to AA_left_IR_to_Map
[682849.812283] AA_thread:234  AA_thread adding AA_map to multi_to_Map channel 2
[682849.812500] AA_thread:236  AA_thread DONE
[682849.816625] createImageRepresentationAtTime:434  RIGHT: adding TS_right to Map ch1  t=682828.542609
[682849.817421] createImageRepresentationAtTime:367  LEFT: adding TS_left to Track ch0 and Map ch0  t=682828.543924
[682849.823053] AA_thread:134  AA_thread START  is_left=1  distance=26424  t=682828.545235
[682849.836577] AA_thread:220  AA_thread adding AA_freq to AA_left_IR_to_Map
[682849.836628] AA_thread:234  AA_thread adding AA_map to multi_to_Map channel 2
[682849.836646] AA_thread:236  AA_thread DONE
[682849.846266] createImageRepresentationAtTime:434  RIGHT: adding TS_right to Map ch1  t=682828.545235
[682849.866915] createImageRepresentationAtTime:367  LEFT: adding TS_left to Track ch0 and Map ch0  t=682828.545235
[682849.879357] process_mapping_thread:442  multi_to_Map fired -> calling timeSurfaceCallback
[682849.879418] timeSurfaceCallback:989  timeSurfaceCallback  TS_history.size=100  t=682828.524234
[682849.879789] publishMappingResults:1195  publishMappingResults  status=1  dqvDepthPoints.size=5
[682849.880094] publishPointCloud:1287  publishPointCloud  pc_color.size=0  pc_filtered.size=0  depthMap.size=0
[682849.880873] createImageRepresentationAtTime:434  RIGHT: adding TS_right to Map ch1  t=682828.546043
[682849.881578] AA_thread:134  AA_thread START  is_left=1  distance=27773  t=682828.547859
[682849.887324] AA_thread:220  AA_thread adding AA_freq to AA_left_IR_to_Map
[682849.887389] AA_thread:234  AA_thread adding AA_map to multi_to_Map channel 2
[682849.887404] AA_thread:236  AA_thread DONE
[682849.898679] createImageRepresentationAtTime:434  RIGHT: adding TS_right to Map ch1  t=682828.547859
[682849.904616] createImageRepresentationAtTime:367  LEFT: adding TS_left to Track ch0 and Map ch0  t=682828.547859
[682849.921926] process_mapping_thread:442  multi_to_Map fired -> calling timeSurfaceCallback
[682849.922026] timeSurfaceCallback:989  timeSurfaceCallback  TS_history.size=100  t=682828.526859
[682849.931509] publishMappingResults:1195  publishMappingResults  status=1  dqvDepthPoints.size=5
[682849.932494] publishPointCloud:1287  publishPointCloud  pc_color.size=0  pc_filtered.size=0  depthMap.size=0
[682849.932599] AA_thread:134  AA_thread START  is_left=1  distance=21034  t=682828.549006
[682849.938221] AA_thread:220  AA_thread adding AA_freq to AA_left_IR_to_Map
[682849.938303] AA_thread:234  AA_thread adding AA_map to multi_to_Map channel 2
[682849.938314] AA_thread:236  AA_thread DONE
[682849.945593] createImageRepresentationAtTime:434  RIGHT: adding TS_right to Map ch1  t=682828.549080
[682849.953250] createImageRepresentationAtTime:367  LEFT: adding TS_left to Track ch0 and Map ch0  t=682828.549006
[682849.966971] AA_thread:134  AA_thread START  is_left=1  distance=26496  t=682828.550485
[682849.972590] AA_thread:220  AA_thread adding AA_freq to AA_left_IR_to_Map
[682849.972640] AA_thread:234  AA_thread adding AA_map to multi_to_Map channel 2
[682849.972651] AA_thread:236  AA_thread DONE
[682849.977831] process_mapping_thread:442  multi_to_Map fired -> calling timeSurfaceCallback
[682849.977951] timeSurfaceCallback:989  timeSurfaceCallback  TS_history.size=100  t=682828.529485
[682849.981388] createImageRepresentationAtTime:434  RIGHT: adding TS_right to Map ch1  t=682828.550485
[682849.984174] createImageRepresentationAtTime:367  LEFT: adding TS_left to Track ch0 and Map ch0  t=682828.550485
[682849.984642] publishMappingResults:1195  publishMappingResults  status=1  dqvDepthPoints.size=5
[682849.984847] publishPointCloud:1287  publishPointCloud  pc_color.size=0  pc_filtered.size=0  depthMap.size=0
[682849.995514] AA_thread:134  AA_thread START  is_left=1  distance=26613  t=682828.553109
[682850.003360] createImageRepresentationAtTime:434  RIGHT: adding TS_right to Map ch1  t=682828.551951
[682850.004034] AA_thread:220  AA_thread adding AA_freq to AA_left_IR_to_Map
[682850.004053] AA_thread:234  AA_thread adding AA_map to multi_to_Map channel 2
[682850.004064] AA_thread:236  AA_thread DONE
[682850.012221] createImageRepresentationAtTime:367  LEFT: adding TS_left to Track ch0 and Map ch0  t=682828.553109
[682850.018481] process_mapping_thread:442  multi_to_Map fired -> calling timeSurfaceCallback
[682850.018550] timeSurfaceCallback:989  timeSurfaceCallback  TS_history.size=100  t=682828.532109
[682850.021178] createImageRepresentationAtTime:434  RIGHT: adding TS_right to Map ch1  t=682828.553109
[682850.023621] publishMappingResults:1195  publishMappingResults  status=1  dqvDepthPoints.size=5
[682850.025083] publishPointCloud:1287  publishPointCloud  pc_color.size=0  pc_filtered.size=0  depthMap.size=0
[682850.033629] AA_thread:134  AA_thread START  is_left=1  distance=36632  t=682828.554595
[682850.038306] AA_thread:220  AA_thread adding AA_freq to AA_left_IR_to_Map
[682850.038359] AA_thread:234  AA_thread adding AA_map to multi_to_Map channel 2
[682850.038370] AA_thread:236  AA_thread DONE
[682850.041156] process_mapping_thread:442  multi_to_Map fired -> calling timeSurfaceCallback
[682850.044422] createImageRepresentationAtTime:367  LEFT: adding TS_left to Track ch0 and Map ch0  t=682828.554595
[682850.050437] createImageRepresentationAtTime:434  RIGHT: adding TS_right to Map ch1  t=682828.554766
[682850.053003] AA_thread:134  AA_thread START  is_left=1  distance=25717  t=682828.555735
[682850.057560] AA_thread:220  AA_thread adding AA_freq to AA_left_IR_to_Map
[682850.057627] AA_thread:234  AA_thread adding AA_map to multi_to_Map channel 2
[682850.057637] AA_thread:236  AA_thread DONE
[682850.062359] createImageRepresentationAtTime:367  LEFT: adding TS_left to Track ch0 and Map ch0  t=682828.555735
[682850.065505] timeSurfaceCallback:989  timeSurfaceCallback  TS_history.size=100  t=682828.534735
[682850.069478] createImageRepresentationAtTime:434  RIGHT: adding TS_right to Map ch1  t=682828.555735
[682850.072970] publishMappingResults:1195  publishMappingResults  status=1  dqvDepthPoints.size=5
[682850.073466] publishPointCloud:1287  publishPointCloud  pc_color.size=0  pc_filtered.size=0  depthMap.size=0
[682850.076146] process_mapping_thread:442  multi_to_Map fired -> calling timeSurfaceCallback
[682850.076590] AA_thread:134  AA_thread START  is_left=1  distance=19637  t=682828.556819
[682850.081485] AA_thread:220  AA_thread adding AA_freq to AA_left_IR_to_Map
[682850.081542] AA_thread:234  AA_thread adding AA_map to multi_to_Map channel 2
[682850.081554] AA_thread:236  AA_thread DONE
[682850.085718] createImageRepresentationAtTime:367  LEFT: adding TS_left to Track ch0 and Map ch0  t=682828.556819
[682850.085888] AA_thread:134  AA_thread START  is_left=1  distance=0  t=682828.556819
[682850.088038] AA_thread:220  AA_thread adding AA_freq to AA_left_IR_to_Map
[682850.088116] AA_thread:234  AA_thread adding AA_map to multi_to_Map channel 2
[682850.088130] AA_thread:236  AA_thread DONE
[682850.098021] createImageRepresentationAtTime:434  RIGHT: adding TS_right to Map ch1  t=682828.556187
[682850.099036] createImageRepresentationAtTime:367  LEFT: adding TS_left to Track ch0 and Map ch0  t=682828.556819
[682850.102151] AA_thread:134  AA_thread START  is_left=1  distance=26128  t=682828.558359
[682850.103989] timeSurfaceCallback:989  timeSurfaceCallback  TS_history.size=100  t=682828.537359
[682850.112582] AA_thread:220  AA_thread adding AA_freq to AA_left_IR_to_Map
[682850.112667] AA_thread:234  AA_thread adding AA_map to multi_to_Map channel 2
[682850.112679] AA_thread:236  AA_thread DONE
[682850.114006] createImageRepresentationAtTime:367  LEFT: adding TS_left to Track ch0 and Map ch0  t=682828.558359
[682850.116302] createImageRepresentationAtTime:434  RIGHT: adding TS_right to Map ch1  t=682828.558157
[682850.124679] createImageRepresentationAtTime:434  RIGHT: adding TS_right to Map ch1  t=682828.558157
[682850.125596] publishMappingResults:1195  publishMappingResults  status=1  dqvDepthPoints.size=5
[682850.129275] publishPointCloud:1287  publishPointCloud  pc_color.size=0  pc_filtered.size=0  depthMap.size=0
[682850.136229] createImageRepresentationAtTime:434  RIGHT: adding TS_right to Map ch1  t=682828.558359
[682850.144128] AA_thread:134  AA_thread START  is_left=1  distance=38189  t=682828.559797
[682850.147667] AA_thread:220  AA_thread adding AA_freq to AA_left_IR_to_Map
[682850.147720] AA_thread:234  AA_thread adding AA_map to multi_to_Map channel 2
[682850.147730] AA_thread:236  AA_thread DONE
[682850.156142] createImageRepresentationAtTime:367  LEFT: adding TS_left to Track ch0 and Map ch0  t=682828.559797
[682850.165968] createImageRepresentationAtTime:434  RIGHT: adding TS_right to Map ch1  t=682828.559599
[682850.168770] AA_thread:134  AA_thread START  is_left=1  distance=0  t=682828.559797
[682850.173972] AA_thread:220  AA_thread adding AA_freq to AA_left_IR_to_Map
[682850.174093] AA_thread:234  AA_thread adding AA_map to multi_to_Map channel 2
[682850.175717] AA_thread:236  AA_thread DONE
[682850.176657] process_mapping_thread:442  multi_to_Map fired -> calling timeSurfaceCallback
[682850.176765] timeSurfaceCallback:989  timeSurfaceCallback  TS_history.size=100  t=682828.540457
[682850.182223] createImageRepresentationAtTime:434  RIGHT: adding TS_right to Map ch1  t=682828.560985
[682850.184823] publishMappingResults:1195  publishMappingResults  status=1  dqvDepthPoints.size=5
[682850.185169] publishPointCloud:1287  publishPointCloud  pc_color.size=0  pc_filtered.size=0  depthMap.size=0
[682850.186242] createImageRepresentationAtTime:367  LEFT: adding TS_left to Track ch0 and Map ch0  t=682828.559797
[682850.192653] AA_thread:134  AA_thread START  is_left=1  distance=26525  t=682828.560985
[682850.199824] AA_thread:220  AA_thread adding AA_freq to AA_left_IR_to_Map
[682850.199865] AA_thread:234  AA_thread adding AA_map to multi_to_Map channel 2
[682850.199879] AA_thread:236  AA_thread DONE
[682850.207887] createImageRepresentationAtTime:367  LEFT: adding TS_left to Track ch0 and Map ch0  t=682828.560985
[682850.212173] process_mapping_thread:442  multi_to_Map fired -> calling timeSurfaceCallback
[682850.212233] timeSurfaceCallback:989  timeSurfaceCallback  TS_history.size=100  t=682828.545235
[682850.212678] publishMappingResults:1195  publishMappingResults  status=1  dqvDepthPoints.size=5
[682850.212764] AA_thread:134  AA_thread START  is_left=1  distance=26512  t=682828.563609
[682850.213422] publishPointCloud:1287  publishPointCloud  pc_color.size=0  pc_filtered.size=0  depthMap.size=0
[682850.218907] AA_thread:220  AA_thread adding AA_freq to AA_left_IR_to_Map
[682850.219335] AA_thread:234  AA_thread adding AA_map to multi_to_Map channel 2
[682850.219391] AA_thread:236  AA_thread DONE
[682850.221204] createImageRepresentationAtTime:434  RIGHT: adding TS_right to Map ch1  t=682828.563037
[682850.225634] createImageRepresentationAtTime:367  LEFT: adding TS_left to Track ch0 and Map ch0  t=682828.563609
[682850.238972] createImageRepresentationAtTime:434  RIGHT: adding TS_right to Map ch1  t=682828.563037
[682850.247914] process_mapping_thread:442  multi_to_Map fired -> calling timeSurfaceCallback
[682850.247942] timeSurfaceCallback:989  timeSurfaceCallback  TS_history.size=100  t=682828.547859
[682850.248566] publishMappingResults:1195  publishMappingResults  status=1  dqvDepthPoints.size=5
[682850.248860] publishPointCloud:1287  publishPointCloud  pc_color.size=0  pc_filtered.size=0  depthMap.size=0
[682850.254962] AA_thread:134  AA_thread START  is_left=1  distance=69647  t=682828.566235
[682850.263013] AA_thread:220  AA_thread adding AA_freq to AA_left_IR_to_Map
[682850.263065] AA_thread:234  AA_thread adding AA_map to multi_to_Map channel 2
[682850.263075] AA_thread:236  AA_thread DONE
[682850.264303] createImageRepresentationAtTime:434  RIGHT: adding TS_right to Map ch1  t=682828.563609
[682850.267192] createImageRepresentationAtTime:367  LEFT: adding TS_left to Track ch0 and Map ch0  t=682828.566235
[682850.278890] process_mapping_thread:442  multi_to_Map fired -> calling timeSurfaceCallback
[682850.278987] timeSurfaceCallback:989  timeSurfaceCallback  TS_history.size=100  t=682828.549006
[682850.280600] publishMappingResults:1195  publishMappingResults  status=1  dqvDepthPoints.size=5
[682850.280877] publishPointCloud:1287  publishPointCloud  pc_color.size=0  pc_filtered.size=0  depthMap.size=0
[682850.284230] createImageRepresentationAtTime:434  RIGHT: adding TS_right to Map ch1  t=682828.566235
[682850.296451] AA_thread:134  AA_thread START  is_left=1  distance=12092  t=682828.566681
[682850.304141] AA_thread:220  AA_thread adding AA_freq to AA_left_IR_to_Map
[682850.304202] AA_thread:234  AA_thread adding AA_map to multi_to_Map channel 2
[682850.304214] AA_thread:236  AA_thread DONE
[682850.319364] createImageRepresentationAtTime:367  LEFT: adding TS_left to Track ch0 and Map ch0  t=682828.566681
[682850.319888] createImageRepresentationAtTime:434  RIGHT: adding TS_right to Map ch1  t=682828.567864
[682850.321578] process_mapping_thread:442  multi_to_Map fired -> calling timeSurfaceCallback
[682850.321623] timeSurfaceCallback:989  timeSurfaceCallback  TS_history.size=100  t=682828.550485
[682850.321873] publishMappingResults:1195  publishMappingResults  status=1  dqvDepthPoints.size=5
[682850.322464] publishPointCloud:1287  publishPointCloud  pc_color.size=0  pc_filtered.size=0  depthMap.size=0
[682850.323888] AA_thread:134  AA_thread START  is_left=1  distance=26638  t=682828.568859
[682850.330390] AA_thread:220  AA_thread adding AA_freq to AA_left_IR_to_Map
[682850.330948] AA_thread:234  AA_thread adding AA_map to multi_to_Map channel 2
[682850.330960] AA_thread:236  AA_thread DONE
[682850.336828] createImageRepresentationAtTime:367  LEFT: adding TS_left to Track ch0 and Map ch0  t=682828.568859
[682850.346316] createImageRepresentationAtTime:434  RIGHT: adding TS_right to Map ch1  t=682828.568859
[682861.259697] AA_thread:134  AA_thread START  is_left=1  distance=25703  t=682861.239792
[682861.261495] AA_thread:220  AA_thread adding AA_freq to AA_left_IR_to_Map
[682861.261523] AA_thread:234  AA_thread adding AA_map to multi_to_Map channel 2
[682861.261530] AA_thread:236  AA_thread DONE
[682861.264248] createImageRepresentationAtTime:367  LEFT: adding TS_left to Track ch0 and Map ch0  t=682861.239792
[682861.268424] AA_thread:134  AA_thread START  is_left=1  distance=133710  t=682861.250790
[682861.272623] AA_thread:220  AA_thread adding AA_freq to AA_left_IR_to_Map
[682861.272671] AA_thread:234  AA_thread adding AA_map to multi_to_Map channel 2
[682861.272679] AA_thread:236  AA_thread DONE
[682861.274109] createImageRepresentationAtTime:367  LEFT: adding TS_left to Track ch0 and Map ch0  t=682861.250790
[682861.278278] AA_thread:134  AA_thread START  is_left=1  distance=51434  t=682861.258436
[682861.281209] AA_thread:220  AA_thread adding AA_freq to AA_left_IR_to_Map
[682861.281244] AA_thread:234  AA_thread adding AA_map to multi_to_Map channel 2
[682861.281251] AA_thread:236  AA_thread DONE
[682861.282987] createImageRepresentationAtTime:434  RIGHT: adding TS_right to Map ch1  t=682861.245578
[682861.284161] createImageRepresentationAtTime:367  LEFT: adding TS_left to Track ch0 and Map ch0  t=682861.258436
[682861.284536] process_mapping_thread:442  multi_to_Map fired -> calling timeSurfaceCallback
[682861.284551] timeSurfaceCallback:989  timeSurfaceCallback  TS_history.size=0  t=682861.250790
[682861.292771] createImageRepresentationAtTime:434  RIGHT: adding TS_right to Map ch1  t=682861.258436
[682861.292829] process_mapping_thread:442  multi_to_Map fired -> calling timeSurfaceCallback
[682861.292842] timeSurfaceCallback:989  timeSurfaceCallback  TS_history.size=1  t=682861.258436
[682861.349707] AA_thread:134  AA_thread START  is_left=1  distance=40965  t=682861.296722
[682861.351387] AA_thread:220  AA_thread adding AA_freq to AA_left_IR_to_Map
[682861.351408] AA_thread:234  AA_thread adding AA_map to multi_to_Map channel 2
[682861.351415] AA_thread:236  AA_thread DONE
[682861.353820] createImageRepresentationAtTime:367  LEFT: adding TS_left to Track ch0 and Map ch0  t=682861.296722
[682861.358659] AA_thread:134  AA_thread START  is_left=1  distance=125798  t=682861.306602
[682861.364754] AA_thread:220  AA_thread adding AA_freq to AA_left_IR_to_Map
[682861.364798] AA_thread:234  AA_thread adding AA_map to multi_to_Map channel 2
[682861.364806] AA_thread:236  AA_thread DONE
[682861.365204] createImageRepresentationAtTime:367  LEFT: adding TS_left to Track ch0 and Map ch0  t=682861.306602
[682861.368284] AA_thread:134  AA_thread START  is_left=1  distance=53573  t=682861.314866
[682861.373473] AA_thread:220  AA_thread adding AA_freq to AA_left_IR_to_Map
[682861.375445] AA_thread:234  AA_thread adding AA_map to multi_to_Map channel 2
[682861.375461] AA_thread:236  AA_thread DONE
[682861.375477] createImageRepresentationAtTime:367  LEFT: adding TS_left to Track ch0 and Map ch0  t=682861.314866
[682861.377726] createImageRepresentationAtTime:434  RIGHT: adding TS_right to Map ch1  t=682861.300269
[682861.379769] process_mapping_thread:442  multi_to_Map fired -> calling timeSurfaceCallback
[682861.379795] timeSurfaceCallback:989  timeSurfaceCallback  TS_history.size=2  t=682861.296722
[682861.393396] createImageRepresentationAtTime:434  RIGHT: adding TS_right to Map ch1  t=682861.314866
[682861.393471] process_mapping_thread:442  multi_to_Map fired -> calling timeSurfaceCallback
[682861.393523] timeSurfaceCallback:989  timeSurfaceCallback  TS_history.size=3  t=682861.314866
[682861.458786] AA_thread:134  AA_thread START  is_left=1  distance=176851  t=682861.358582
[682861.464129] AA_thread:220  AA_thread adding AA_freq to AA_left_IR_to_Map
[682861.464166] AA_thread:234  AA_thread adding AA_map to multi_to_Map channel 2
[682861.464172] AA_thread:236  AA_thread DONE
[682861.467462] createImageRepresentationAtTime:367  LEFT: adding TS_left to Track ch0 and Map ch0  t=682861.358582
[682861.473642] createImageRepresentationAtTime:434  RIGHT: adding TS_right to Map ch1  t=682861.355260
[682861.480219] AA_thread:134  AA_thread START  is_left=1  distance=50910  t=682861.371296
[682861.483123] createImageRepresentationAtTime:434  RIGHT: adding TS_right to Map ch1  t=682861.369062
[682861.483174] process_mapping_thread:442  multi_to_Map fired -> calling timeSurfaceCallback
[682861.483191] timeSurfaceCallback:989  timeSurfaceCallback  TS_history.size=4  t=682861.358582
[682861.484650] AA_thread:220  AA_thread adding AA_freq to AA_left_IR_to_Map
[682861.484670] AA_thread:234  AA_thread adding AA_map to multi_to_Map channel 2
[682861.484677] AA_thread:236  AA_thread DONE
[682861.486142] createImageRepresentationAtTime:367  LEFT: adding TS_left to Track ch0 and Map ch0  t=682861.371296
[682861.493042] createImageRepresentationAtTime:434  RIGHT: adding TS_right to Map ch1  t=682861.371296
[682861.493098] process_mapping_thread:442  multi_to_Map fired -> calling timeSurfaceCallback
[682861.493136] timeSurfaceCallback:989  timeSurfaceCallback  TS_history.size=5  t=682861.371296
[682861.559618] AA_thread:134  AA_thread START  is_left=1  distance=63441  t=682861.410560
[682861.562521] AA_thread:220  AA_thread adding AA_freq to AA_left_IR_to_Map
[682861.562602] AA_thread:234  AA_thread adding AA_map to multi_to_Map channel 2
[682861.562616] AA_thread:236  AA_thread DONE
[682861.565878] createImageRepresentationAtTime:367  LEFT: adding TS_left to Track ch0 and Map ch0  t=682861.410560
[682861.568136] AA_thread:134  AA_thread START  is_left=1  distance=23136  t=682861.420680
[682861.572737] AA_thread:220  AA_thread adding AA_freq to AA_left_IR_to_Map
[682861.572892] AA_thread:234  AA_thread adding AA_map to multi_to_Map channel 2
[682861.572908] AA_thread:236  AA_thread DONE
[682861.577570] createImageRepresentationAtTime:367  LEFT: adding TS_left to Track ch0 and Map ch0  t=682861.420680
[682861.584508] createImageRepresentationAtTime:434  RIGHT: adding TS_right to Map ch1  t=682861.416188
[682861.584560] process_mapping_thread:442  multi_to_Map fired -> calling timeSurfaceCallback
[682861.584578] timeSurfaceCallback:989  timeSurfaceCallback  TS_history.size=6  t=682861.420680
[682861.587608] AA_thread:134  AA_thread START  is_left=1  distance=50387  t=682861.427726
[682861.591721] AA_thread:220  AA_thread adding AA_freq to AA_left_IR_to_Map
[682861.591770] AA_thread:234  AA_thread adding AA_map to multi_to_Map channel 2
[682861.591778] AA_thread:236  AA_thread DONE
[682861.594726] createImageRepresentationAtTime:367  LEFT: adding TS_left to Track ch0 and Map ch0  t=682861.427726
[682861.595087] createImageRepresentationAtTime:434  RIGHT: adding TS_right to Map ch1  t=682861.427726
[682861.595718] process_mapping_thread:442  multi_to_Map fired -> calling timeSurfaceCallback
[682861.595734] timeSurfaceCallback:989  timeSurfaceCallback  TS_history.size=7  t=682861.427726
[682861.669620] AA_thread:134  AA_thread START  is_left=1  distance=143585  t=682861.470360
[682861.676484] createImageRepresentationAtTime:367  LEFT: adding TS_left to Track ch0 and Map ch0  t=682861.470360
[682861.677928] AA_thread:220  AA_thread adding AA_freq to AA_left_IR_to_Map
[682861.677957] AA_thread:234  AA_thread adding AA_map to multi_to_Map channel 2
[682861.677966] AA_thread:236  AA_thread DONE
[682861.688398] createImageRepresentationAtTime:434  RIGHT: adding TS_right to Map ch1  t=682861.465186
[682861.689699] AA_thread:134  AA_thread START  is_left=1  distance=55892  t=682861.484156
[682861.695044] AA_thread:220  AA_thread adding AA_freq to AA_left_IR_to_Map
[682861.695127] AA_thread:234  AA_thread adding AA_map to multi_to_Map channel 2
[682861.695142] AA_thread:236  AA_thread DONE
[682861.697755] createImageRepresentationAtTime:367  LEFT: adding TS_left to Track ch0 and Map ch0  t=682861.484156
[682861.699693] createImageRepresentationAtTime:434  RIGHT: adding TS_right to Map ch1  t=682861.465186
[682861.713130] createImageRepresentationAtTime:434  RIGHT: adding TS_right to Map ch1  t=682861.484156
[682861.713183] process_mapping_thread:442  multi_to_Map fired -> calling timeSurfaceCallback
[682861.713203] timeSurfaceCallback:989  timeSurfaceCallback  TS_history.size=8  t=682861.470360
[682861.717426] process_mapping_thread:442  multi_to_Map fired -> calling timeSurfaceCallback
[682861.717461] timeSurfaceCallback:989  timeSurfaceCallback  TS_history.size=9  t=682861.484156
[682861.789800] AA_thread:134  AA_thread START  is_left=1  distance=45319  t=682861.522924
[682861.793793] AA_thread:220  AA_thread adding AA_freq to AA_left_IR_to_Map
[682861.793887] AA_thread:234  AA_thread adding AA_map to multi_to_Map channel 2
[682861.793951] AA_thread:236  AA_thread DONE
[682861.798389] createImageRepresentationAtTime:367  LEFT: adding TS_left to Track ch0 and Map ch0  t=682861.522924
[682861.808013] AA_thread:134  AA_thread START  is_left=1  distance=139880  t=682861.536303
[682861.816319] createImageRepresentationAtTime:367  LEFT: adding TS_left to Track ch0 and Map ch0  t=682861.536303
[682861.817086] AA_thread:220  AA_thread adding AA_freq to AA_left_IR_to_Map
[682861.817146] AA_thread:234  AA_thread adding AA_map to multi_to_Map channel 2
[682861.817190] AA_thread:236  AA_thread DONE
[682861.828844] createImageRepresentationAtTime:434  RIGHT: adding TS_right to Map ch1  t=682861.525216
[682861.828940] process_mapping_thread:442  multi_to_Map fired -> calling timeSurfaceCallback
[682861.829004] timeSurfaceCallback:989  timeSurfaceCallback  TS_history.size=10  t=682861.522924
[682861.830755] AA_thread:134  AA_thread START  is_left=1  distance=44291  t=682861.540586
[682861.835839] AA_thread:220  AA_thread adding AA_freq to AA_left_IR_to_Map
[682861.835909] AA_thread:234  AA_thread adding AA_map to multi_to_Map channel 2
[682861.835926] AA_thread:236  AA_thread DONE
[682861.840233] createImageRepresentationAtTime:367  LEFT: adding TS_left to Track ch0 and Map ch0  t=682861.540586
[682861.842140] MappingLoop:348  Calling InitializationAtTime  TS_history.size=11
[682861.846652] createImageRepresentationAtTime:434  RIGHT: adding TS_right to Map ch1  t=682861.540586
[682861.846768] process_mapping_thread:442  multi_to_Map fired -> calling timeSurfaceCallback
[682861.846847] timeSurfaceCallback:989  timeSurfaceCallback  TS_history.size=11  t=682861.540586
[682861.929347] AA_thread:134  AA_thread START  is_left=1  distance=60759  t=682861.580108
[682861.935783] AA_thread:220  AA_thread adding AA_freq to AA_left_IR_to_Map
[682861.935900] AA_thread:234  AA_thread adding AA_map to multi_to_Map channel 2
[682861.936028] AA_thread:236  AA_thread DONE
[682861.941506] createImageRepresentationAtTime:367  LEFT: adding TS_left to Track ch0 and Map ch0  t=682861.580108
[682861.950087] AA_thread:134  AA_thread START  is_left=1  distance=108688  t=682861.594346
[682861.960182] AA_thread:220  AA_thread adding AA_freq to AA_left_IR_to_Map
[682861.960279] AA_thread:234  AA_thread adding AA_map to multi_to_Map channel 2
[682861.960337] AA_thread:236  AA_thread DONE
[682861.966094] createImageRepresentationAtTime:367  LEFT: adding TS_left to Track ch0 and Map ch0  t=682861.594346
[682861.970347] AA_thread:134  AA_thread START  is_left=1  distance=0  t=682861.594346
[682861.973415] createImageRepresentationAtTime:434  RIGHT: adding TS_right to Map ch1  t=682861.583944
[682861.973697] process_mapping_thread:442  multi_to_Map fired -> calling timeSurfaceCallback
[682861.973753] timeSurfaceCallback:989  timeSurfaceCallback  TS_history.size=12  t=682861.580108
[682861.973864] AA_thread:220  AA_thread adding AA_freq to AA_left_IR_to_Map
[682861.973921] AA_thread:234  AA_thread adding AA_map to multi_to_Map channel 2
[682861.973938] AA_thread:236  AA_thread DONE
[682861.987115] createImageRepresentationAtTime:367  LEFT: adding TS_left to Track ch0 and Map ch0  t=682861.594346
[682861.989313] AA_thread:134  AA_thread START  is_left=1  distance=43910  t=682861.597016
[682861.989703] createImageRepresentationAtTime:434  RIGHT: adding TS_right to Map ch1  t=682861.597016
[682861.993830] AA_thread:220  AA_thread adding AA_freq to AA_left_IR_to_Map
[682861.993884] AA_thread:234  AA_thread adding AA_map to multi_to_Map channel 2
[682861.993991] AA_thread:236  AA_thread DONE
[682861.998636] createImageRepresentationAtTime:367  LEFT: adding TS_left to Track ch0 and Map ch0  t=682861.597016
[682861.998934] createImageRepresentationAtTime:268  createImageRepresentation early-return: vEvents_ empty  is_left=1
[682861.999701] process_mapping_thread:442  multi_to_Map fired -> calling timeSurfaceCallback
[682861.999776] timeSurfaceCallback:989  timeSurfaceCallback  TS_history.size=13  t=682861.597016
[682862.069390] AA_thread:134  AA_thread START  is_left=1  distance=37257  t=682861.635584
[682862.072835] AA_thread:220  AA_thread adding AA_freq to AA_left_IR_to_Map
[682862.072909] AA_thread:234  AA_thread adding AA_map to multi_to_Map channel 2
[682862.073002] AA_thread:236  AA_thread DONE
[682862.081124] createImageRepresentationAtTime:367  LEFT: adding TS_left to Track ch0 and Map ch0  t=682861.635584
[682862.090242] AA_thread:134  AA_thread START  is_left=1  distance=94537  t=682861.650625
[682862.096765] AA_thread:220  AA_thread adding AA_freq to AA_left_IR_to_Map
[682862.096823] AA_thread:234  AA_thread adding AA_map to multi_to_Map channel 2
[682862.096838] AA_thread:236  AA_thread DONE
[682862.102372] createImageRepresentationAtTime:367  LEFT: adding TS_left to Track ch0 and Map ch0  t=682861.650625
[682862.109289] createImageRepresentationAtTime:434  RIGHT: adding TS_right to Map ch1  t=682861.640266
[682862.109381] process_mapping_thread:442  multi_to_Map fired -> calling timeSurfaceCallback
[682862.109452] timeSurfaceCallback:989  timeSurfaceCallback  TS_history.size=14  t=682861.635584
[682862.109942] AA_thread:134  AA_thread START  is_left=1  distance=40203  t=682861.653445
[682862.114393] AA_thread:220  AA_thread adding AA_freq to AA_left_IR_to_Map
[682862.114463] AA_thread:234  AA_thread adding AA_map to multi_to_Map channel 2
[682862.114480] AA_thread:236  AA_thread DONE
[682862.122119] createImageRepresentationAtTime:434  RIGHT: adding TS_right to Map ch1  t=682861.640266
[682862.125972] createImageRepresentationAtTime:367  LEFT: adding TS_left to Track ch0 and Map ch0  t=682861.653445
[682862.138871] createImageRepresentationAtTime:434  RIGHT: adding TS_right to Map ch1  t=682861.653445
[682862.138943] process_mapping_thread:442  multi_to_Map fired -> calling timeSurfaceCallback
[682862.139003] timeSurfaceCallback:989  timeSurfaceCallback  TS_history.size=15  t=682861.650625
[682862.167554] InitializationAtTime:666  InitializationAtTime  SGM_events=4855  SGM_points=2162  threshold=500
[682862.172086] publishMappingResults:1195  publishMappingResults  status=0  dqvDepthPoints.size=1
[682862.172147] MappingLoop:352  Initialization SUCCESS
[682862.172307] MappingLoop:348  Calling InitializationAtTime  TS_history.size=16
[682862.174977] publishPointCloud:1287  publishPointCloud  pc_color.size=6332  pc_filtered.size=6332  depthMap.size=6332
[682862.199766] AA_thread:134  AA_thread START  is_left=1  distance=95579  t=682861.695138
[682862.206667] AA_thread:220  AA_thread adding AA_freq to AA_left_IR_to_Map
[682862.206743] AA_thread:234  AA_thread adding AA_map to multi_to_Map channel 2
[682862.206806] AA_thread:236  AA_thread DONE
[682862.210215] createImageRepresentationAtTime:367  LEFT: adding TS_left to Track ch0 and Map ch0  t=682861.695138
[682862.219526] AA_thread:134  AA_thread START  is_left=1  distance=56675  t=682861.709876
[682862.224227] AA_thread:220  AA_thread adding AA_freq to AA_left_IR_to_Map
[682862.225190] AA_thread:234  AA_thread adding AA_map to multi_to_Map channel 2
[682862.225739] AA_thread:236  AA_thread DONE
[682862.228463] createImageRepresentationAtTime:367  LEFT: adding TS_left to Track ch0 and Map ch0  t=682861.709876
[682862.229425] createImageRepresentationAtTime:434  RIGHT: adding TS_right to Map ch1  t=682861.692838
[682862.231055] process_mapping_thread:442  multi_to_Map fired -> calling timeSurfaceCallback
[682862.231137] timeSurfaceCallback:989  timeSurfaceCallback  TS_history.size=16  t=682861.695138
[682862.250137] createImageRepresentationAtTime:434  RIGHT: adding TS_right to Map ch1  t=682861.709208
[682862.268104] createImageRepresentationAtTime:434  RIGHT: adding TS_right to Map ch1  t=682861.709876
[682862.268261] process_mapping_thread:442  multi_to_Map fired -> calling timeSurfaceCallback
[682862.268335] timeSurfaceCallback:989  timeSurfaceCallback  TS_history.size=17  t=682861.709876
[682862.320221] AA_thread:134  AA_thread START  is_left=1  distance=81984  t=682861.751114
[682862.324750] AA_thread:220  AA_thread adding AA_freq to AA_left_IR_to_Map
[682862.324825] AA_thread:234  AA_thread adding AA_map to multi_to_Map channel 2
[682862.324839] AA_thread:236  AA_thread DONE
[682862.329358] createImageRepresentationAtTime:367  LEFT: adding TS_left to Track ch0 and Map ch0  t=682861.751114
[682862.339698] AA_thread:134  AA_thread START  is_left=1  distance=103008  t=682861.764725
[682862.351689] createImageRepresentationAtTime:367  LEFT: adding TS_left to Track ch0 and Map ch0  t=682861.764725
[682862.353653] AA_thread:220  AA_thread adding AA_freq to AA_left_IR_to_Map
[682862.353719] AA_thread:234  AA_thread adding AA_map to multi_to_Map channel 2
[682862.353732] AA_thread:236  AA_thread DONE
[682862.356602] createImageRepresentationAtTime:434  RIGHT: adding TS_right to Map ch1  t=682861.748687
[682862.359562] AA_thread:134  AA_thread START  is_left=1  distance=27890  t=682861.766306
[682862.365244] AA_thread:220  AA_thread adding AA_freq to AA_left_IR_to_Map
[682862.365302] AA_thread:234  AA_thread adding AA_map to multi_to_Map channel 2
[682862.365319] AA_thread:236  AA_thread DONE
[682862.369147] createImageRepresentationAtTime:434  RIGHT: adding TS_right to Map ch1  t=682861.758743
[682862.369259] process_mapping_thread:442  multi_to_Map fired -> calling timeSurfaceCallback
[682862.369282] timeSurfaceCallback:989  timeSurfaceCallback  TS_history.size=18  t=682861.751114
[682862.369512] createImageRepresentationAtTime:367  LEFT: adding TS_left to Track ch0 and Map ch0  t=682861.766306
[682862.385600] createImageRepresentationAtTime:434  RIGHT: adding TS_right to Map ch1  t=682861.766306
[682862.385653] process_mapping_thread:442  multi_to_Map fired -> calling timeSurfaceCallback
[682862.385677] timeSurfaceCallback:989  timeSurfaceCallback  TS_history.size=19  t=682861.764725
[682862.430046] AA_thread:134  AA_thread START  is_left=1  distance=246  t=682861.803066
[682862.431323] AA_thread:220  AA_thread adding AA_freq to AA_left_IR_to_Map
[682862.431390] AA_thread:234  AA_thread adding AA_map to multi_to_Map channel 2
[682862.431403] AA_thread:236  AA_thread DONE
[682862.437920] createImageRepresentationAtTime:367  LEFT: adding TS_left to Track ch0 and Map ch0  t=682861.803066
[682862.450268] AA_thread:134  AA_thread START  is_left=1  distance=113101  t=682861.816353
[682862.457517] createImageRepresentationAtTime:367  LEFT: adding TS_left to Track ch0 and Map ch0  t=682861.816353
[682862.458631] AA_thread:220  AA_thread adding AA_freq to AA_left_IR_to_Map
[682862.458769] AA_thread:234  AA_thread adding AA_map to multi_to_Map channel 2
[682862.458785] AA_thread:236  AA_thread DONE
[682862.468524] createImageRepresentationAtTime:434  RIGHT: adding TS_right to Map ch1  t=682861.804086
[682862.468622] process_mapping_thread:442  multi_to_Map fired -> calling timeSurfaceCallback
[682862.468643] timeSurfaceCallback:989  timeSurfaceCallback  TS_history.size=20  t=682861.803066
[682862.469690] AA_thread:134  AA_thread START  is_left=1  distance=30534  t=682861.822737
[682862.475745] AA_thread:220  AA_thread adding AA_freq to AA_left_IR_to_Map
[682862.475828] AA_thread:234  AA_thread adding AA_map to multi_to_Map channel 2
[682862.475842] AA_thread:236  AA_thread DONE
[682862.480434] createImageRepresentationAtTime:367  LEFT: adding TS_left to Track ch0 and Map ch0  t=682861.822737
[682862.487085] createImageRepresentationAtTime:434  RIGHT: adding TS_right to Map ch1  t=682861.822737
[682862.487542] process_mapping_thread:442  multi_to_Map fired -> calling timeSurfaceCallback
[682862.487668] timeSurfaceCallback:989  timeSurfaceCallback  TS_history.size=21  t=682861.822737
[682862.499155] InitializationAtTime:666  InitializationAtTime  SGM_events=4846  SGM_points=2574  threshold=500
[682862.503849] publishMappingResults:1195  publishMappingResults  status=1  dqvDepthPoints.size=2
[682862.504842] MappingLoop:352  Initialization SUCCESS
[682862.510877] publishMappingResults:1195  publishMappingResults  status=1  dqvDepthPoints.size=3
[682862.521147] publishMappingResults:1195  publishMappingResults  status=1  dqvDepthPoints.size=4
[682862.533932] publishMappingResults:1195  publishMappingResults  status=1  dqvDepthPoints.size=5
[682862.540885] publishPointCloud:1287  publishPointCloud  pc_color.size=11359  pc_filtered.size=11359  depthMap.size=11359
[682862.548144] AA_thread:134  AA_thread START  is_left=1  distance=31768  t=682861.861530
[682862.554747] publishMappingResults:1195  publishMappingResults  status=1  dqvDepthPoints.size=5
[682862.561497] createImageRepresentationAtTime:367  LEFT: adding TS_left to Track ch0 and Map ch0  t=682861.861530
[682862.561712] AA_thread:220  AA_thread adding AA_freq to AA_left_IR_to_Map
[682862.561970] AA_thread:234  AA_thread adding AA_map to multi_to_Map channel 2
[682862.562513] AA_thread:236  AA_thread DONE
[682862.564222] publishPointCloud:1287  publishPointCloud  pc_color.size=14490  pc_filtered.size=14490  depthMap.size=14490
[682862.570175] AA_thread:134  AA_thread START  is_left=1  distance=38385  t=682861.879165
[682862.573724] publishMappingResults:1195  publishMappingResults  status=1  dqvDepthPoints.size=5
[682862.574400] publishPointCloud:1287  publishPointCloud  pc_color.size=45  pc_filtered.size=45  depthMap.size=45
[682862.578756] AA_thread:220  AA_thread adding AA_freq to AA_left_IR_to_Map
[682862.578817] AA_thread:234  AA_thread adding AA_map to multi_to_Map channel 2
[682862.578834] AA_thread:236  AA_thread DONE
[682862.583818] createImageRepresentationAtTime:434  RIGHT: adding TS_right to Map ch1  t=682861.860262
[682862.584677] createImageRepresentationAtTime:367  LEFT: adding TS_left to Track ch0 and Map ch0  t=682861.879165
[682862.586447] publishMappingResults:1195  publishMappingResults  status=1  dqvDepthPoints.size=5
[682862.586826] publishPointCloud:1287  publishPointCloud  pc_color.size=459  pc_filtered.size=459  depthMap.size=459
[682862.594968] publishMappingResults:1195  publishMappingResults  status=1  dqvDepthPoints.size=5
[682862.595700] publishPointCloud:1287  publishPointCloud  pc_color.size=459  pc_filtered.size=459  depthMap.size=459
[682862.596580] createImageRepresentationAtTime:434  RIGHT: adding TS_right to Map ch1  t=682861.879165
[682862.596762] process_mapping_thread:442  multi_to_Map fired -> calling timeSurfaceCallback
[682862.596807] timeSurfaceCallback:989  timeSurfaceCallback  TS_history.size=22  t=682861.861530
[682862.606441] publishMappingResults:1195  publishMappingResults  status=1  dqvDepthPoints.size=5
[682862.608261] process_mapping_thread:442  multi_to_Map fired -> calling timeSurfaceCallback
[682862.608328] timeSurfaceCallback:989  timeSurfaceCallback  TS_history.size=23  t=682861.879165
[682862.609121] publishPointCloud:1287  publishPointCloud  pc_color.size=459  pc_filtered.size=459  depthMap.size=459
[682862.673935] AA_thread:134  AA_thread START  is_left=1  distance=5269  t=682861.926755
[682862.676159] AA_thread:220  AA_thread adding AA_freq to AA_left_IR_to_Map
[682862.676221] AA_thread:234  AA_thread adding AA_map to multi_to_Map channel 2
[682862.676234] AA_thread:236  AA_thread DONE
[682862.688957] createImageRepresentationAtTime:367  LEFT: adding TS_left to Track ch0 and Map ch0  t=682861.926755
[682862.690495] createImageRepresentationAtTime:434  RIGHT: adding TS_right to Map ch1  t=682861.916189
[682862.699908] AA_thread:134  AA_thread START  is_left=1  distance=31288  t=682861.935596
[682862.704147] AA_thread:220  AA_thread adding AA_freq to AA_left_IR_to_Map
[682862.704332] AA_thread:234  AA_thread adding AA_map to multi_to_Map channel 2
[682862.704355] AA_thread:236  AA_thread DONE
[682862.709626] createImageRepresentationAtTime:367  LEFT: adding TS_left to Track ch0 and Map ch0  t=682861.935596
[682862.710190] publishMappingResults:1195  publishMappingResults  status=1  dqvDepthPoints.size=5
[682862.710858] publishPointCloud:1287  publishPointCloud  pc_color.size=1233  pc_filtered.size=1233  depthMap.size=1233
[682862.712613] createImageRepresentationAtTime:434  RIGHT: adding TS_right to Map ch1  t=682861.930353
[682862.712707] process_mapping_thread:442  multi_to_Map fired -> calling timeSurfaceCallback
[682862.712730] timeSurfaceCallback:989  timeSurfaceCallback  TS_history.size=24  t=682861.926755
[682862.732593] createImageRepresentationAtTime:434  RIGHT: adding TS_right to Map ch1  t=682861.935596
[682862.732687] process_mapping_thread:442  multi_to_Map fired -> calling timeSurfaceCallback
[682862.732710] timeSurfaceCallback:989  timeSurfaceCallback  TS_history.size=25  t=682861.935596
[682862.772394] AA_thread:134  AA_thread START  is_left=1  distance=676  t=682861.972388
[682862.778314] createImageRepresentationAtTime:367  LEFT: adding TS_left to Track ch0 and Map ch0  t=682861.972388
[682862.778452] AA_thread:220  AA_thread adding AA_freq to AA_left_IR_to_Map
[682862.778467] AA_thread:234  AA_thread adding AA_map to multi_to_Map channel 2
[682862.778479] AA_thread:236  AA_thread DONE
[682862.788843] AA_thread:134  AA_thread START  is_left=1  distance=75984  t=682861.984953
[682862.791718] publishMappingResults:1195  publishMappingResults  status=1  dqvDepthPoints.size=5
[682862.793463] publishPointCloud:1287  publishPointCloud  pc_color.size=1233  pc_filtered.size=1233  depthMap.size=1233
[682862.794755] AA_thread:220  AA_thread adding AA_freq to AA_left_IR_to_Map
[682862.794816] AA_thread:234  AA_thread adding AA_map to multi_to_Map channel 2
[682862.794830] AA_thread:236  AA_thread DONE
[682862.800416] createImageRepresentationAtTime:367  LEFT: adding TS_left to Track ch0 and Map ch0  t=682861.984953
[682862.808657] createImageRepresentationAtTime:434  RIGHT: adding TS_right to Map ch1  t=682861.973859
[682862.809036] process_mapping_thread:442  multi_to_Map fired -> calling timeSurfaceCallback
[682862.809075] timeSurfaceCallback:989  timeSurfaceCallback  TS_history.size=26  t=682861.972388
[682862.810560] AA_thread:134  AA_thread START  is_left=1  distance=31359  t=682861.992026
[682862.818728] AA_thread:220  AA_thread adding AA_freq to AA_left_IR_to_Map
[682862.818820] AA_thread:234  AA_thread adding AA_map to multi_to_Map channel 2
[682862.818834] AA_thread:236  AA_thread DONE
[682862.823588] createImageRepresentationAtTime:367  LEFT: adding TS_left to Track ch0 and Map ch0  t=682861.992026
[682862.831743] createImageRepresentationAtTime:434  RIGHT: adding TS_right to Map ch1  t=682861.992026
[682862.832689] process_mapping_thread:442  multi_to_Map fired -> calling timeSurfaceCallback
[682862.832753] timeSurfaceCallback:989  timeSurfaceCallback  TS_history.size=27  t=682861.992026
[682862.865535] publishMappingResults:1195  publishMappingResults  status=1  dqvDepthPoints.size=5
[682862.866199] publishPointCloud:1287  publishPointCloud  pc_color.size=641  pc_filtered.size=641  depthMap.size=641
[682862.880097] publishMappingResults:1195  publishMappingResults  status=1  dqvDepthPoints.size=5
[682862.880619] publishPointCloud:1287  publishPointCloud  pc_color.size=205  pc_filtered.size=205  depthMap.size=205
[682862.890060] AA_thread:134  AA_thread START  is_left=1  distance=14857  t=682862.029761
[682862.892648] AA_thread:220  AA_thread adding AA_freq to AA_left_IR_to_Map
[682862.892698] AA_thread:234  AA_thread adding AA_map to multi_to_Map channel 2
[682862.892711] AA_thread:236  AA_thread DONE
[682862.897863] createImageRepresentationAtTime:367  LEFT: adding TS_left to Track ch0 and Map ch0  t=682862.029761
[682862.898228] publishMappingResults:1195  publishMappingResults  status=1  dqvDepthPoints.size=5
[682862.898543] AA_thread:134  AA_thread START  is_left=1  distance=0  t=682862.029761
[682862.900381] AA_thread:220  AA_thread adding AA_freq to AA_left_IR_to_Map
[682862.900452] AA_thread:234  AA_thread adding AA_map to multi_to_Map channel 2
[682862.900465] AA_thread:236  AA_thread DONE
[682862.900485] publishPointCloud:1287  publishPointCloud  pc_color.size=1351  pc_filtered.size=1351  depthMap.size=1351
[682862.907226] createImageRepresentationAtTime:367  LEFT: adding TS_left to Track ch0 and Map ch0  t=682862.029761
[682862.919954] AA_thread:134  AA_thread START  is_left=1  distance=77709  t=682862.048455
[682862.920608] publishMappingResults:1195  publishMappingResults  status=0  dqvDepthPoints.size=5
[682862.920771] MappingLoop:348  Calling InitializationAtTime  TS_history.size=28
[682862.922233] publishPointCloud:1287  publishPointCloud  pc_color.size=1351  pc_filtered.size=1351  depthMap.size=1351
[682862.925234] AA_thread:220  AA_thread adding AA_freq to AA_left_IR_to_Map
[682862.925281] AA_thread:234  AA_thread adding AA_map to multi_to_Map channel 2
[682862.925297] AA_thread:236  AA_thread DONE
[682862.929778] createImageRepresentationAtTime:434  RIGHT: adding TS_right to Map ch1  t=682862.030140
[682862.930963] process_mapping_thread:442  multi_to_Map fired -> calling timeSurfaceCallback
[682862.931024] timeSurfaceCallback:989  timeSurfaceCallback  TS_history.size=28  t=682862.029761
[682862.931366] createImageRepresentationAtTime:367  LEFT: adding TS_left to Track ch0 and Map ch0  t=682862.048455
[682862.947082] createImageRepresentationAtTime:434  RIGHT: adding TS_right to Map ch1  t=682862.048455
[682862.947194] process_mapping_thread:442  multi_to_Map fired -> calling timeSurfaceCallback
[682862.947217] timeSurfaceCallback:989  timeSurfaceCallback  TS_history.size=29  t=682862.048455
[682862.999538] AA_thread:134  AA_thread START  is_left=1  distance=3828  t=682862.085456
[682863.001129] AA_thread:220  AA_thread adding AA_freq to AA_left_IR_to_Map
[682863.001207] AA_thread:234  AA_thread adding AA_map to multi_to_Map channel 2
[682863.001222] AA_thread:236  AA_thread DONE
[682863.006159] createImageRepresentationAtTime:367  LEFT: adding TS_left to Track ch0 and Map ch0  t=682862.085456
[682863.008691] AA_thread:134  AA_thread START  is_left=1  distance=36716  t=682862.092567
[682863.012893] AA_thread:220  AA_thread adding AA_freq to AA_left_IR_to_Map
[682863.013152] AA_thread:234  AA_thread adding AA_map to multi_to_Map channel 2
[682863.013171] AA_thread:236  AA_thread DONE
[682863.019419] createImageRepresentationAtTime:367  LEFT: adding TS_left to Track ch0 and Map ch0  t=682862.092567
[682863.026564] createImageRepresentationAtTime:434  RIGHT: adding TS_right to Map ch1  t=682862.085243
[682863.030219] AA_thread:134  AA_thread START  is_left=1  distance=29508  t=682862.104886
[682863.036780] AA_thread:220  AA_thread adding AA_freq to AA_left_IR_to_Map
[682863.036911] AA_thread:234  AA_thread adding AA_map to multi_to_Map channel 2
[682863.036933] AA_thread:236  AA_thread DONE
[682863.040596] createImageRepresentationAtTime:434  RIGHT: adding TS_right to Map ch1  t=682862.095487
[682863.041367] createImageRepresentationAtTime:367  LEFT: adding TS_left to Track ch0 and Map ch0  t=682862.104886
[682863.042164] process_mapping_thread:442  multi_to_Map fired -> calling timeSurfaceCallback
[682863.042224] timeSurfaceCallback:989  timeSurfaceCallback  TS_history.size=30  t=682862.085456
[682863.046821] process_mapping_thread:442  multi_to_Map fired -> calling timeSurfaceCallback
[682863.046890] timeSurfaceCallback:989  timeSurfaceCallback  TS_history.size=31  t=682862.092567
[682863.060443] createImageRepresentationAtTime:434  RIGHT: adding TS_right to Map ch1  t=682862.104886
[682863.060520] process_mapping_thread:442  multi_to_Map fired -> calling timeSurfaceCallback
[682863.060563] timeSurfaceCallback:989  timeSurfaceCallback  TS_history.size=32  t=682862.104886
[682863.109905] AA_thread:134  AA_thread START  is_left=1  distance=30586  t=682862.143814
[682863.113963] AA_thread:220  AA_thread adding AA_freq to AA_left_IR_to_Map
[682863.114013] AA_thread:234  AA_thread adding AA_map to multi_to_Map channel 2
[682863.114027] AA_thread:236  AA_thread DONE
[682863.118714] createImageRepresentationAtTime:367  LEFT: adding TS_left to Track ch0 and Map ch0  t=682862.143814
[682863.119439] AA_thread:134  AA_thread START  is_left=1  distance=43  t=682862.143816
[682863.121781] AA_thread:220  AA_thread adding AA_freq to AA_left_IR_to_Map
[682863.121839] AA_thread:234  AA_thread adding AA_map to multi_to_Map channel 2
[682863.121854] AA_thread:236  AA_thread DONE
[682863.126871] createImageRepresentationAtTime:367  LEFT: adding TS_left to Track ch0 and Map ch0  t=682862.143816
[682863.128218] AA_thread:134  AA_thread START  is_left=1  distance=26989  t=682862.161316
[682863.133784] AA_thread:220  AA_thread adding AA_freq to AA_left_IR_to_Map
[682863.133845] AA_thread:234  AA_thread adding AA_map to multi_to_Map channel 2
[682863.133861] AA_thread:236  AA_thread DONE
[682863.142596] createImageRepresentationAtTime:367  LEFT: adding TS_left to Track ch0 and Map ch0  t=682862.161316
[682863.143194] createImageRepresentationAtTime:268  createImageRepresentation early-return: vEvents_ empty  is_left=1
[682863.144709] createImageRepresentationAtTime:434  RIGHT: adding TS_right to Map ch1  t=682862.144250
[682863.144776] process_mapping_thread:442  multi_to_Map fired -> calling timeSurfaceCallback
[682863.144791] timeSurfaceCallback:989  timeSurfaceCallback  TS_history.size=33  t=682862.143816
[682863.157643] createImageRepresentationAtTime:434  RIGHT: adding TS_right to Map ch1  t=682862.161316
[682863.157882] process_mapping_thread:442  multi_to_Map fired -> calling timeSurfaceCallback
[682863.157960] timeSurfaceCallback:989  timeSurfaceCallback  TS_history.size=34  t=682862.161316
[682863.176127] InitializationAtTime:666  InitializationAtTime  SGM_events=360  SGM_points=143  threshold=500
[682863.176756] MappingLoop:357  Initialization FAILED (not enough SGM points)
[682863.176853] MappingLoop:348  Calling InitializationAtTime  TS_history.size=35
[682863.209687] AA_thread:134  AA_thread START  is_left=1  distance=37288  t=682862.200984
[682863.212530] AA_thread:220  AA_thread adding AA_freq to AA_left_IR_to_Map
[682863.212593] AA_thread:234  AA_thread adding AA_map to multi_to_Map channel 2
[682863.212603] AA_thread:236  AA_thread DONE
[682863.215612] createImageRepresentationAtTime:367  LEFT: adding TS_left to Track ch0 and Map ch0  t=682862.200984
[682863.217981] AA_thread:134  AA_thread START  is_left=1  distance=37506  t=682862.208547
[682863.221739] AA_thread:220  AA_thread adding AA_freq to AA_left_IR_to_Map
[682863.221775] AA_thread:234  AA_thread adding AA_map to multi_to_Map channel 2
[682863.221785] AA_thread:236  AA_thread DONE
[682863.226660] createImageRepresentationAtTime:367  LEFT: adding TS_left to Track ch0 and Map ch0  t=682862.208547
[682863.228339] AA_thread:134  AA_thread START  is_left=1  distance=25445  t=682862.217747
[682863.231191] AA_thread:220  AA_thread adding AA_freq to AA_left_IR_to_Map
[682863.231251] AA_thread:234  AA_thread adding AA_map to multi_to_Map channel 2
[682863.231263] AA_thread:236  AA_thread DONE
[682863.236824] createImageRepresentationAtTime:367  LEFT: adding TS_left to Track ch0 and Map ch0  t=682862.217747
[682863.237411] createImageRepresentationAtTime:434  RIGHT: adding TS_right to Map ch1  t=682862.200599
[682863.245761] createImageRepresentationAtTime:434  RIGHT: adding TS_right to Map ch1  t=682862.209362
[682863.245827] process_mapping_thread:442  multi_to_Map fired -> calling timeSurfaceCallback
[682863.245868] timeSurfaceCallback:989  timeSurfaceCallback  TS_history.size=35  t=682862.200984
[682863.252282] process_mapping_thread:442  multi_to_Map fired -> calling timeSurfaceCallback
[682863.252320] timeSurfaceCallback:989  timeSurfaceCallback  TS_history.size=36  t=682862.208547
[682863.255674] createImageRepresentationAtTime:434  RIGHT: adding TS_right to Map ch1  t=682862.217747
[682863.258002] process_mapping_thread:442  multi_to_Map fired -> calling timeSurfaceCallback
[682863.258049] timeSurfaceCallback:989  timeSurfaceCallback  TS_history.size=37  t=682862.217747
[682863.310581] AA_thread:134  AA_thread START  is_left=1  distance=38099  t=682862.257443
[682863.314531] AA_thread:220  AA_thread adding AA_freq to AA_left_IR_to_Map
[682863.314605] AA_thread:234  AA_thread adding AA_map to multi_to_Map channel 2
[682863.314615] AA_thread:236  AA_thread DONE
[682863.318301] createImageRepresentationAtTime:367  LEFT: adding TS_left to Track ch0 and Map ch0  t=682862.257443
[682863.329789] AA_thread:134  AA_thread START  is_left=1  distance=85258  t=682862.271787
[682863.333516] AA_thread:220  AA_thread adding AA_freq to AA_left_IR_to_Map
[682863.333560] AA_thread:234  AA_thread adding AA_map to multi_to_Map channel 2
[682863.333570] AA_thread:236  AA_thread DONE
[682863.337431] createImageRepresentationAtTime:367  LEFT: adding TS_left to Track ch0 and Map ch0  t=682862.271787
[682863.346357] createImageRepresentationAtTime:434  RIGHT: adding TS_right to Map ch1  t=682862.258652
[682863.346443] process_mapping_thread:442  multi_to_Map fired -> calling timeSurfaceCallback
[682863.346464] timeSurfaceCallback:989  timeSurfaceCallback  TS_history.size=38  t=682862.257443
[682863.350949] AA_thread:134  AA_thread START  is_left=1  distance=26140  t=682862.274175
[682863.354287] AA_thread:220  AA_thread adding AA_freq to AA_left_IR_to_Map
[682863.354352] AA_thread:234  AA_thread adding AA_map to multi_to_Map channel 2
[682863.354363] AA_thread:236  AA_thread DONE
[682863.356498] createImageRepresentationAtTime:434  RIGHT: adding TS_right to Map ch1  t=682862.268269
[682863.357802] createImageRepresentationAtTime:367  LEFT: adding TS_left to Track ch0 and Map ch0  t=682862.274175
[682863.364023] createImageRepresentationAtTime:434  RIGHT: adding TS_right to Map ch1  t=682862.274175
[682863.364079] process_mapping_thread:442  multi_to_Map fired -> calling timeSurfaceCallback
[682863.364132] timeSurfaceCallback:989  timeSurfaceCallback  TS_history.size=39  t=682862.271787
[682863.388059] InitializationAtTime:666  InitializationAtTime  SGM_events=4838  SGM_points=2977  threshold=500
[682863.390718] publishMappingResults:1195  publishMappingResults  status=0  dqvDepthPoints.size=6
[682863.390752] MappingLoop:352  Initialization SUCCESS
[682863.390815] MappingLoop:348  Calling InitializationAtTime  TS_history.size=40
[682863.393291] publishPointCloud:1287  publishPointCloud  pc_color.size=8930  pc_filtered.size=8930  depthMap.size=8930
[682863.409658] AA_thread:134  AA_thread START  is_left=1  distance=16600  t=682862.312180
[682863.411487] AA_thread:220  AA_thread adding AA_freq to AA_left_IR_to_Map
[682863.411536] AA_thread:234  AA_thread adding AA_map to multi_to_Map channel 2
[682863.411549] AA_thread:236  AA_thread DONE
[682863.417575] createImageRepresentationAtTime:367  LEFT: adding TS_left to Track ch0 and Map ch0  t=682862.312180
[682863.428512] AA_thread:134  AA_thread START  is_left=1  distance=93441  t=682862.327735
[682863.433621] AA_thread:220  AA_thread adding AA_freq to AA_left_IR_to_Map
[682863.433666] AA_thread:234  AA_thread adding AA_map to multi_to_Map channel 2
[682863.433676] AA_thread:236  AA_thread DONE
[682863.439152] createImageRepresentationAtTime:367  LEFT: adding TS_left to Track ch0 and Map ch0  t=682862.327735
[682863.448686] createImageRepresentationAtTime:434  RIGHT: adding TS_right to Map ch1  t=682862.317099
[682863.448771] process_mapping_thread:442  multi_to_Map fired -> calling timeSurfaceCallback
[682863.448785] timeSurfaceCallback:989  timeSurfaceCallback  TS_history.size=40  t=682862.312180
[682863.449225] AA_thread:134  AA_thread START  is_left=1  distance=26467  t=682862.330606
[682863.451821] AA_thread:220  AA_thread adding AA_freq to AA_left_IR_to_Map
[682863.451879] AA_thread:234  AA_thread adding AA_map to multi_to_Map channel 2
[682863.451890] AA_thread:236  AA_thread DONE
[682863.455852] createImageRepresentationAtTime:367  LEFT: adding TS_left to Track ch0 and Map ch0  t=682862.330606
[682863.465172] createImageRepresentationAtTime:434  RIGHT: adding TS_right to Map ch1  t=682862.330606
[682863.465233] process_mapping_thread:442  multi_to_Map fired -> calling timeSurfaceCallback
[682863.465255] timeSurfaceCallback:989  timeSurfaceCallback  TS_history.size=41  t=682862.330606
[682863.509482] AA_thread:134  AA_thread START  is_left=1  distance=23690  t=682862.369168
[682863.512894] AA_thread:220  AA_thread adding AA_freq to AA_left_IR_to_Map
[682863.512946] AA_thread:234  AA_thread adding AA_map to multi_to_Map channel 2
[682863.512955] AA_thread:236  AA_thread DONE
[682863.516769] createImageRepresentationAtTime:367  LEFT: adding TS_left to Track ch0 and Map ch0  t=682862.369168
[682863.518495] AA_thread:134  AA_thread START  is_left=1  distance=195  t=682862.377628
[682863.522460] AA_thread:220  AA_thread adding AA_freq to AA_left_IR_to_Map
[682863.522501] AA_thread:234  AA_thread adding AA_map to multi_to_Map channel 2
[682863.522511] AA_thread:236  AA_thread DONE
[682863.527824] createImageRepresentationAtTime:367  LEFT: adding TS_left to Track ch0 and Map ch0  t=682862.377628
[682863.535812] createImageRepresentationAtTime:434  RIGHT: adding TS_right to Map ch1  t=682862.369076
[682863.540033] AA_thread:134  AA_thread START  is_left=1  distance=26727  t=682862.387037
[682863.542756] AA_thread:220  AA_thread adding AA_freq to AA_left_IR_to_Map
[682863.542824] AA_thread:234  AA_thread adding AA_map to multi_to_Map channel 2
[682863.542836] AA_thread:236  AA_thread DONE
[682863.544843] createImageRepresentationAtTime:434  RIGHT: adding TS_right to Map ch1  t=682862.381046
[682863.545787] process_mapping_thread:442  multi_to_Map fired -> calling timeSurfaceCallback
[682863.545838] timeSurfaceCallback:989  timeSurfaceCallback  TS_history.size=42  t=682862.369168
[682863.548140] createImageRepresentationAtTime:367  LEFT: adding TS_left to Track ch0 and Map ch0  t=682862.387037
[682863.550312] process_mapping_thread:442  multi_to_Map fired -> calling timeSurfaceCallback
[682863.550373] timeSurfaceCallback:989  timeSurfaceCallback  TS_history.size=43  t=682862.377628
[682863.554775] createImageRepresentationAtTime:434  RIGHT: adding TS_right to Map ch1  t=682862.387037
[682863.555985] process_mapping_thread:442  multi_to_Map fired -> calling timeSurfaceCallback
[682863.556014] timeSurfaceCallback:989  timeSurfaceCallback  TS_history.size=44  t=682862.387037
[682863.590715] InitializationAtTime:666  InitializationAtTime  SGM_events=4877  SGM_points=3028  threshold=500
[682863.593423] publishMappingResults:1195  publishMappingResults  status=1  dqvDepthPoints.size=7
[682863.593513] MappingLoop:352  Initialization SUCCESS
[682863.599906] AA_thread:134  AA_thread START  is_left=1  distance=35159  t=682862.427597
[682863.602730] publishMappingResults:1195  publishMappingResults  status=1  dqvDepthPoints.size=5
[682863.602792] AA_thread:220  AA_thread adding AA_freq to AA_left_IR_to_Map
[682863.602822] AA_thread:234  AA_thread adding AA_map to multi_to_Map channel 2
[682863.602929] AA_thread:236  AA_thread DONE
[682863.603193] publishPointCloud:1287  publishPointCloud  pc_color.size=360  pc_filtered.size=360  depthMap.size=360
[682863.607262] createImageRepresentationAtTime:367  LEFT: adding TS_left to Track ch0 and Map ch0  t=682862.427597
[682863.607609] AA_thread:134  AA_thread START  is_left=1  distance=856  t=682862.436590
[682863.610328] AA_thread:220  AA_thread adding AA_freq to AA_left_IR_to_Map
[682863.610821] AA_thread:234  AA_thread adding AA_map to multi_to_Map channel 2
[682863.610848] AA_thread:236  AA_thread DONE
[682863.614811] createImageRepresentationAtTime:367  LEFT: adding TS_left to Track ch0 and Map ch0  t=682862.436590
[682863.615303] publishMappingResults:1195  publishMappingResults  status=1  dqvDepthPoints.size=5
[682863.616003] publishPointCloud:1287  publishPointCloud  pc_color.size=256  pc_filtered.size=256  depthMap.size=256
[682863.620456] AA_thread:134  AA_thread START  is_left=1  distance=26714  t=682862.443465
[682863.625562] AA_thread:220  AA_thread adding AA_freq to AA_left_IR_to_Map
[682863.625606] AA_thread:234  AA_thread adding AA_map to multi_to_Map channel 2
[682863.625616] AA_thread:236  AA_thread DONE
[682863.630429] createImageRepresentationAtTime:367  LEFT: adding TS_left to Track ch0 and Map ch0  t=682862.443465
[682863.631957] createImageRepresentationAtTime:434  RIGHT: adding TS_right to Map ch1  t=682862.429449
[682863.632007] process_mapping_thread:442  multi_to_Map fired -> calling timeSurfaceCallback
[682863.632054] timeSurfaceCallback:989  timeSurfaceCallback  TS_history.size=45  t=682862.427597
[682863.639226] publishMappingResults:1195  publishMappingResults  status=0  dqvDepthPoints.size=5
[682863.639317] MappingLoop:348  Calling InitializationAtTime  TS_history.size=46
[682863.643781] publishPointCloud:1287  publishPointCloud  pc_color.size=16497  pc_filtered.size=16497  depthMap.size=16497
[682863.645816] createImageRepresentationAtTime:434  RIGHT: adding TS_right to Map ch1  t=682862.443465
[682863.645897] process_mapping_thread:442  multi_to_Map fired -> calling timeSurfaceCallback
[682863.645913] timeSurfaceCallback:989  timeSurfaceCallback  TS_history.size=46  t=682862.443465
[682863.689975] AA_thread:134  AA_thread START  is_left=1  distance=30470  t=682862.482504
[682863.692358] AA_thread:220  AA_thread adding AA_freq to AA_left_IR_to_Map
[682863.692414] AA_thread:234  AA_thread adding AA_map to multi_to_Map channel 2
[682863.692426] AA_thread:236  AA_thread DONE
[682863.697989] createImageRepresentationAtTime:367  LEFT: adding TS_left to Track ch0 and Map ch0  t=682862.482504
[682863.710257] AA_thread:134  AA_thread START  is_left=1  distance=112038  t=682862.498083
[682863.718645] AA_thread:220  AA_thread adding AA_freq to AA_left_IR_to_Map
[682863.718730] AA_thread:234  AA_thread adding AA_map to multi_to_Map channel 2
[682863.718777] AA_thread:236  AA_thread DONE
[682863.723183] createImageRepresentationAtTime:367  LEFT: adding TS_left to Track ch0 and Map ch0  t=682862.498083
[682863.727593] createImageRepresentationAtTime:434  RIGHT: adding TS_right to Map ch1  t=682862.487214
[682863.727659] process_mapping_thread:442  multi_to_Map fired -> calling timeSurfaceCallback
[682863.727684] timeSurfaceCallback:989  timeSurfaceCallback  TS_history.size=47  t=682862.482504
[682863.727707] AA_thread:134  AA_thread START  is_left=1  distance=24112  t=682862.499896
[682863.731092] AA_thread:220  AA_thread adding AA_freq to AA_left_IR_to_Map
[682863.731137] AA_thread:234  AA_thread adding AA_map to multi_to_Map channel 2
[682863.731147] AA_thread:236  AA_thread DONE
[682863.741174] createImageRepresentationAtTime:367  LEFT: adding TS_left to Track ch0 and Map ch0  t=682862.499896
[682863.749344] createImageRepresentationAtTime:434  RIGHT: adding TS_right to Map ch1  t=682862.499896
[682863.749396] process_mapping_thread:442  multi_to_Map fired -> calling timeSurfaceCallback
[682863.749420] timeSurfaceCallback:989  timeSurfaceCallback  TS_history.size=48  t=682862.499896
[682863.798001] AA_thread:134  AA_thread START  is_left=1  distance=44276  t=682862.539953
[682863.801277] AA_thread:220  AA_thread adding AA_freq to AA_left_IR_to_Map
[682863.801341] AA_thread:234  AA_thread adding AA_map to multi_to_Map channel 2
[682863.801352] AA_thread:236  AA_thread DONE
[682863.808221] createImageRepresentationAtTime:367  LEFT: adding TS_left to Track ch0 and Map ch0  t=682862.539953
[682863.819204] AA_thread:134  AA_thread START  is_left=1  distance=56616  t=682862.556326
[682863.827371] AA_thread:220  AA_thread adding AA_freq to AA_left_IR_to_Map
[682863.827419] AA_thread:234  AA_thread adding AA_map to multi_to_Map channel 2
[682863.827430] AA_thread:236  AA_thread DONE
[682863.830347] createImageRepresentationAtTime:367  LEFT: adding TS_left to Track ch0 and Map ch0  t=682862.556326
[682863.830431] createImageRepresentationAtTime:434  RIGHT: adding TS_right to Map ch1  t=682862.539830
[682863.847918] createImageRepresentationAtTime:434  RIGHT: adding TS_right to Map ch1  t=682862.556326
[682863.848003] process_mapping_thread:442  multi_to_Map fired -> calling timeSurfaceCallback
[682863.848054] timeSurfaceCallback:989  timeSurfaceCallback  TS_history.size=49  t=682862.539953
[682863.853929] process_mapping_thread:442  multi_to_Map fired -> calling timeSurfaceCallback
[682863.853960] timeSurfaceCallback:989  timeSurfaceCallback  TS_history.size=50  t=682862.556326
[682863.890280] AA_thread:134  AA_thread START  is_left=1  distance=18477  t=682862.594546
[682863.892573] AA_thread:220  AA_thread adding AA_freq to AA_left_IR_to_Map
[682863.892639] AA_thread:234  AA_thread adding AA_map to multi_to_Map channel 2
[682863.892665] AA_thread:236  AA_thread DONE
[682863.898733] createImageRepresentationAtTime:367  LEFT: adding TS_left to Track ch0 and Map ch0  t=682862.594546
[682863.909709] InitializationAtTime:666  InitializationAtTime  SGM_events=4820  SGM_points=3017  threshold=500
[682863.910404] AA_thread:134  AA_thread START  is_left=1  distance=91076  t=682862.612757
[682863.914865] publishMappingResults:1195  publishMappingResults  status=0  dqvDepthPoints.size=6
[682863.914929] MappingLoop:352  Initialization SUCCESS
[682863.914989] MappingLoop:348  Calling InitializationAtTime  TS_history.size=51
[682863.917785] AA_thread:220  AA_thread adding AA_freq to AA_left_IR_to_Map
[682863.917854] AA_thread:234  AA_thread adding AA_map to multi_to_Map channel 2
[682863.917865] AA_thread:236  AA_thread DONE
[682863.919543] publishPointCloud:1287  publishPointCloud  pc_color.size=9075  pc_filtered.size=9075  depthMap.size=9075
[682863.921843] createImageRepresentationAtTime:434  RIGHT: adding TS_right to Map ch1  t=682862.594259
[682863.923129] createImageRepresentationAtTime:367  LEFT: adding TS_left to Track ch0 and Map ch0  t=682862.612757
[682863.938130] createImageRepresentationAtTime:434  RIGHT: adding TS_right to Map ch1  t=682862.609392
[682863.938374] process_mapping_thread:442  multi_to_Map fired -> calling timeSurfaceCallback
[682863.938405] timeSurfaceCallback:989  timeSurfaceCallback  TS_history.size=51  t=682862.594546
[682863.957589] createImageRepresentationAtTime:434  RIGHT: adding TS_right to Map ch1  t=682862.612757
[682863.957702] process_mapping_thread:442  multi_to_Map fired -> calling timeSurfaceCallback
[682863.957725] timeSurfaceCallback:989  timeSurfaceCallback  TS_history.size=52  t=682862.612757
[682863.989937] AA_thread:134  AA_thread START  is_left=1  distance=14189  t=682862.650647
[682863.992343] AA_thread:220  AA_thread adding AA_freq to AA_left_IR_to_Map
[682863.992386] AA_thread:234  AA_thread adding AA_map to multi_to_Map channel 2
[682863.992396] AA_thread:236  AA_thread DONE
[682863.998748] createImageRepresentationAtTime:367  LEFT: adding TS_left to Track ch0 and Map ch0  t=682862.650647
[682864.010013] AA_thread:134  AA_thread START  is_left=1  distance=96607  t=682862.669185
[682864.019622] AA_thread:220  AA_thread adding AA_freq to AA_left_IR_to_Map
[682864.019680] AA_thread:234  AA_thread adding AA_map to multi_to_Map channel 2
[682864.019695] AA_thread:236  AA_thread DONE
[682864.022417] createImageRepresentationAtTime:367  LEFT: adding TS_left to Track ch0 and Map ch0  t=682862.669185
[682864.022971] createImageRepresentationAtTime:434  RIGHT: adding TS_right to Map ch1  t=682862.649764
[682864.035738] createImageRepresentationAtTime:434  RIGHT: adding TS_right to Map ch1  t=682862.649764
[682864.050194] createImageRepresentationAtTime:434  RIGHT: adding TS_right to Map ch1  t=682862.669185
[682864.050476] process_mapping_thread:442  multi_to_Map fired -> calling timeSurfaceCallback
[682864.050513] timeSurfaceCallback:989  timeSurfaceCallback  TS_history.size=53  t=682862.650647
[682864.057860] process_mapping_thread:442  multi_to_Map fired -> calling timeSurfaceCallback
[682864.057919] timeSurfaceCallback:989  timeSurfaceCallback  TS_history.size=54  t=682862.669185
[682864.100677] AA_thread:134  AA_thread START  is_left=1  distance=566  t=682862.705974
[682864.103252] AA_thread:220  AA_thread adding AA_freq to AA_left_IR_to_Map
[682864.103308] AA_thread:234  AA_thread adding AA_map to multi_to_Map channel 2
[682864.103318] AA_thread:236  AA_thread DONE
[682864.108049] createImageRepresentationAtTime:367  LEFT: adding TS_left to Track ch0 and Map ch0  t=682862.705974
[682864.120340] AA_thread:134  AA_thread START  is_left=1  distance=90182  t=682862.724252
[682864.125325] AA_thread:220  AA_thread adding AA_freq to AA_left_IR_to_Map
[682864.125389] AA_thread:234  AA_thread adding AA_map to multi_to_Map channel 2
[682864.125400] AA_thread:236  AA_thread DONE
[682864.129221] createImageRepresentationAtTime:367  LEFT: adding TS_left to Track ch0 and Map ch0  t=682862.724252
[682864.136278] createImageRepresentationAtTime:434  RIGHT: adding TS_right to Map ch1  t=682862.711409
[682864.136529] process_mapping_thread:442  multi_to_Map fired -> calling timeSurfaceCallback
[682864.136560] timeSurfaceCallback:989  timeSurfaceCallback  TS_history.size=55  t=682862.705974
[682864.141140] AA_thread:134  AA_thread START  is_left=1  distance=16607  t=682862.725616
[682864.145170] AA_thread:220  AA_thread adding AA_freq to AA_left_IR_to_Map
[682864.145230] AA_thread:234  AA_thread adding AA_map to multi_to_Map channel 2
[682864.145241] AA_thread:236  AA_thread DONE
[682864.150325] createImageRepresentationAtTime:434  RIGHT: adding TS_right to Map ch1  t=682862.722214
[682864.154623] createImageRepresentationAtTime:367  LEFT: adding TS_left to Track ch0 and Map ch0  t=682862.725616
[682864.168307] createImageRepresentationAtTime:434  RIGHT: adding TS_right to Map ch1  t=682862.725616
[682864.168397] process_mapping_thread:442  multi_to_Map fired -> calling timeSurfaceCallback
[682864.168417] timeSurfaceCallback:989  timeSurfaceCallback  TS_history.size=56  t=682862.724252
[682864.190995] InitializationAtTime:666  InitializationAtTime  SGM_events=4855  SGM_points=2866  threshold=500
[682864.194408] publishMappingResults:1195  publishMappingResults  status=1  dqvDepthPoints.size=7
[682864.194468] MappingLoop:352  Initialization SUCCESS
[682864.206111] publishMappingResults:1195  publishMappingResults  status=1  dqvDepthPoints.size=5
[682864.210784] AA_thread:134  AA_thread START  is_left=1  distance=42436  t=682862.767981
[682864.213708] publishPointCloud:1287  publishPointCloud  pc_color.size=167  pc_filtered.size=167  depthMap.size=167
[682864.220308] AA_thread:220  AA_thread adding AA_freq to AA_left_IR_to_Map
[682864.220348] AA_thread:234  AA_thread adding AA_map to multi_to_Map channel 2
[682864.220359] AA_thread:236  AA_thread DONE
[682864.221666] createImageRepresentationAtTime:367  LEFT: adding TS_left to Track ch0 and Map ch0  t=682862.767981
[682864.234677] AA_thread:134  AA_thread START  is_left=1  distance=25061  t=682862.782047
[682864.243479] MappingLoop:348  Calling InitializationAtTime  TS_history.size=57
[682864.244371] publishMappingResults:1195  publishMappingResults  status=0  dqvDepthPoints.size=5
[682864.244667] AA_thread:220  AA_thread adding AA_freq to AA_left_IR_to_Map
[682864.244723] AA_thread:234  AA_thread adding AA_map to multi_to_Map channel 2
[682864.244735] AA_thread:236  AA_thread DONE
[682864.244877] createImageRepresentationAtTime:367  LEFT: adding TS_left to Track ch0 and Map ch0  t=682862.782047
[682864.246553] publishPointCloud:1287  publishPointCloud  pc_color.size=228  pc_filtered.size=228  depthMap.size=228
[682864.247354] createImageRepresentationAtTime:434  RIGHT: adding TS_right to Map ch1  t=682862.769206
[682864.250052] process_mapping_thread:442  multi_to_Map fired -> calling timeSurfaceCallback
[682864.250096] timeSurfaceCallback:989  timeSurfaceCallback  TS_history.size=57  t=682862.767981
[682864.260872] createImageRepresentationAtTime:434  RIGHT: adding TS_right to Map ch1  t=682862.782047
[682864.261729] process_mapping_thread:442  multi_to_Map fired -> calling timeSurfaceCallback
[682864.261754] timeSurfaceCallback:989  timeSurfaceCallback  TS_history.size=58  t=682862.782047
[682864.308020] AA_thread:134  AA_thread START  is_left=1  distance=25116  t=682862.820862
[682864.310615] AA_thread:220  AA_thread adding AA_freq to AA_left_IR_to_Map
[682864.310689] AA_thread:234  AA_thread adding AA_map to multi_to_Map channel 2
[682864.310706] AA_thread:236  AA_thread DONE
[682864.316646] createImageRepresentationAtTime:367  LEFT: adding TS_left to Track ch0 and Map ch0  t=682862.820862
[682864.318263] AA_thread:134  AA_thread START  is_left=1  distance=14618  t=682862.829611
[682864.320741] AA_thread:220  AA_thread adding AA_freq to AA_left_IR_to_Map
[682864.320794] AA_thread:234  AA_thread adding AA_map to multi_to_Map channel 2
[682864.320804] AA_thread:236  AA_thread DONE
[682864.325422] createImageRepresentationAtTime:367  LEFT: adding TS_left to Track ch0 and Map ch0  t=682862.829611
[682864.328076] AA_thread:134  AA_thread START  is_left=1  distance=24860  t=682862.838475
[682864.330978] AA_thread:220  AA_thread adding AA_freq to AA_left_IR_to_Map
[682864.331037] AA_thread:234  AA_thread adding AA_map to multi_to_Map channel 2
[682864.331048] AA_thread:236  AA_thread DONE
[682864.334611] createImageRepresentationAtTime:367  LEFT: adding TS_left to Track ch0 and Map ch0  t=682862.838475
[682864.337150] createImageRepresentationAtTime:434  RIGHT: adding TS_right to Map ch1  t=682862.820340
[682864.344196] createImageRepresentationAtTime:434  RIGHT: adding TS_right to Map ch1  t=682862.832001
[682864.344243] process_mapping_thread:442  multi_to_Map fired -> calling timeSurfaceCallback
[682864.344274] timeSurfaceCallback:989  timeSurfaceCallback  TS_history.size=59  t=682862.820862
[682864.348986] process_mapping_thread:442  multi_to_Map fired -> calling timeSurfaceCallback
[682864.349032] timeSurfaceCallback:989  timeSurfaceCallback  TS_history.size=60  t=682862.829611
[682864.356620] createImageRepresentationAtTime:434  RIGHT: adding TS_right to Map ch1  t=682862.838475
[682864.356680] process_mapping_thread:442  multi_to_Map fired -> calling timeSurfaceCallback
[682864.356695] timeSurfaceCallback:989  timeSurfaceCallback  TS_history.size=61  t=682862.838475
[682864.400211] AA_thread:134  AA_thread START  is_left=1  distance=24628  t=682862.877246
[682864.406085] AA_thread:220  AA_thread adding AA_freq to AA_left_IR_to_Map
[682864.406131] AA_thread:234  AA_thread adding AA_map to multi_to_Map channel 2
[682864.406366] AA_thread:236  AA_thread DONE
[682864.419979] createImageRepresentationAtTime:367  LEFT: adding TS_left to Track ch0 and Map ch0  t=682862.877246
[682864.429715] AA_thread:134  AA_thread START  is_left=1  distance=24414  t=682862.894906
[682864.433495] createImageRepresentationAtTime:434  RIGHT: adding TS_right to Map ch1  t=682862.881645
[682864.435817] AA_thread:220  AA_thread adding AA_freq to AA_left_IR_to_Map
[682864.435890] AA_thread:234  AA_thread adding AA_map to multi_to_Map channel 2
[682864.435939] AA_thread:236  AA_thread DONE
[682864.441517] createImageRepresentationAtTime:367  LEFT: adding TS_left to Track ch0 and Map ch0  t=682862.894906
[682864.442578] process_mapping_thread:442  multi_to_Map fired -> calling timeSurfaceCallback
[682864.442648] timeSurfaceCallback:989  timeSurfaceCallback  TS_history.size=62  t=682862.877246
[682864.446546] createImageRepresentationAtTime:434  RIGHT: adding TS_right to Map ch1  t=682862.894906
[682864.449585] process_mapping_thread:442  multi_to_Map fired -> calling timeSurfaceCallback
[682864.449618] timeSurfaceCallback:989  timeSurfaceCallback  TS_history.size=63  t=682862.894906
[682864.489336] AA_thread:134  AA_thread START  is_left=1  distance=19168  t=682862.933205
[682864.491649] AA_thread:220  AA_thread adding AA_freq to AA_left_IR_to_Map
[682864.491693] AA_thread:234  AA_thread adding AA_map to multi_to_Map channel 2
[682864.491703] AA_thread:236  AA_thread DONE
[682864.497543] createImageRepresentationAtTime:367  LEFT: adding TS_left to Track ch0 and Map ch0  t=682862.933205
[682864.511079] AA_thread:134  AA_thread START  is_left=1  distance=83978  t=682862.951336
[682864.520122] AA_thread:220  AA_thread adding AA_freq to AA_left_IR_to_Map
[682864.520191] AA_thread:234  AA_thread adding AA_map to multi_to_Map channel 2
[682864.520203] AA_thread:236  AA_thread DONE
[682864.521938] createImageRepresentationAtTime:434  RIGHT: adding TS_right to Map ch1  t=682862.931680
[682864.524578] createImageRepresentationAtTime:367  LEFT: adding TS_left to Track ch0 and Map ch0  t=682862.951336
[682864.525126] createImageRepresentationAtTime:268  createImageRepresentation early-return: vEvents_ empty  is_left=1
[682864.539562] createImageRepresentationAtTime:434  RIGHT: adding TS_right to Map ch1  t=682862.951336
[682864.540363] process_mapping_thread:442  multi_to_Map fired -> calling timeSurfaceCallback
[682864.540427] timeSurfaceCallback:989  timeSurfaceCallback  TS_history.size=64  t=682862.933205
[682864.545060] InitializationAtTime:666  InitializationAtTime  SGM_events=301  SGM_points=95  threshold=500
[682864.545121] MappingLoop:357  Initialization FAILED (not enough SGM points)
[682864.547204] process_mapping_thread:442  multi_to_Map fired -> calling timeSurfaceCallback
[682864.547326] timeSurfaceCallback:989  timeSurfaceCallback  TS_history.size=65  t=682862.951336
[682864.547355] MappingLoop:348  Calling InitializationAtTime  TS_history.size=65
[682864.579815] AA_thread:134  AA_thread START  is_left=1  distance=14686  t=682862.989312
[682864.582484] AA_thread:220  AA_thread adding AA_freq to AA_left_IR_to_Map
[682864.582544] AA_thread:234  AA_thread adding AA_map to multi_to_Map channel 2
[682864.582554] AA_thread:236  AA_thread DONE
[682864.590256] createImageRepresentationAtTime:367  LEFT: adding TS_left to Track ch0 and Map ch0  t=682862.989312
[682864.598394] AA_thread:134  AA_thread START  is_left=1  distance=58037  t=682863.004660
[682864.602939] AA_thread:220  AA_thread adding AA_freq to AA_left_IR_to_Map
[682864.602992] AA_thread:234  AA_thread adding AA_map to multi_to_Map channel 2
[682864.603004] AA_thread:236  AA_thread DONE
[682864.606123] createImageRepresentationAtTime:367  LEFT: adding TS_left to Track ch0 and Map ch0  t=682863.004660
[682864.608150] AA_thread:134  AA_thread START  is_left=1  distance=24292  t=682863.007767
[682864.613246] AA_thread:220  AA_thread adding AA_freq to AA_left_IR_to_Map
[682864.613312] AA_thread:234  AA_thread adding AA_map to multi_to_Map channel 2
[682864.613323] AA_thread:236  AA_thread DONE
[682864.617764] createImageRepresentationAtTime:434  RIGHT: adding TS_right to Map ch1  t=682862.994273
[682864.617833] process_mapping_thread:442  multi_to_Map fired -> calling timeSurfaceCallback
[682864.617886] timeSurfaceCallback:989  timeSurfaceCallback  TS_history.size=66  t=682862.989312
[682864.618125] createImageRepresentationAtTime:367  LEFT: adding TS_left to Track ch0 and Map ch0  t=682863.007767
[682864.635806] createImageRepresentationAtTime:434  RIGHT: adding TS_right to Map ch1  t=682863.007767
[682864.635893] process_mapping_thread:442  multi_to_Map fired -> calling timeSurfaceCallback
[682864.635911] timeSurfaceCallback:989  timeSurfaceCallback  TS_history.size=67  t=682863.007767
[682864.669849] AA_thread:134  AA_thread START  is_left=1  distance=18952  t=682863.046062
[682864.672265] AA_thread:220  AA_thread adding AA_freq to AA_left_IR_to_Map
[682864.672329] AA_thread:234  AA_thread adding AA_map to multi_to_Map channel 2
[682864.672340] AA_thread:236  AA_thread DONE
[682864.677140] createImageRepresentationAtTime:367  LEFT: adding TS_left to Track ch0 and Map ch0  t=682863.046062
[682864.689167] AA_thread:134  AA_thread START  is_left=1  distance=81732  t=682863.060396
[682864.695175] AA_thread:220  AA_thread adding AA_freq to AA_left_IR_to_Map
[682864.695276] AA_thread:234  AA_thread adding AA_map to multi_to_Map channel 2
[682864.695294] AA_thread:236  AA_thread DONE
[682864.698791] createImageRepresentationAtTime:367  LEFT: adding TS_left to Track ch0 and Map ch0  t=682863.060396
[682864.705985] createImageRepresentationAtTime:434  RIGHT: adding TS_right to Map ch1  t=682863.050306
[682864.706067] process_mapping_thread:442  multi_to_Map fired -> calling timeSurfaceCallback
[682864.706088] timeSurfaceCallback:989  timeSurfaceCallback  TS_history.size=68  t=682863.046062
[682864.712118] AA_thread:134  AA_thread START  is_left=1  distance=23774  t=682863.064195
[682864.716606] AA_thread:220  AA_thread adding AA_freq to AA_left_IR_to_Map
[682864.716694] AA_thread:234  AA_thread adding AA_map to multi_to_Map channel 2
[682864.716741] AA_thread:236  AA_thread DONE
[682864.720526] createImageRepresentationAtTime:434  RIGHT: adding TS_right to Map ch1  t=682863.061875
[682864.720592] process_mapping_thread:442  multi_to_Map fired -> calling timeSurfaceCallback
[682864.721172] timeSurfaceCallback:989  timeSurfaceCallback  TS_history.size=69  t=682863.060396
[682864.721621] createImageRepresentationAtTime:367  LEFT: adding TS_left to Track ch0 and Map ch0  t=682863.064195
[682864.736070] createImageRepresentationAtTime:434  RIGHT: adding TS_right to Map ch1  t=682863.064195
[682864.736130] process_mapping_thread:442  multi_to_Map fired -> calling timeSurfaceCallback
[682864.736155] timeSurfaceCallback:989  timeSurfaceCallback  TS_history.size=70  t=682863.064195
[682864.759753] AA_thread:134  AA_thread START  is_left=1  distance=21505  t=682863.102772
[682864.762014] AA_thread:220  AA_thread adding AA_freq to AA_left_IR_to_Map
[682864.762071] AA_thread:234  AA_thread adding AA_map to multi_to_Map channel 2
[682864.762081] AA_thread:236  AA_thread DONE
[682864.767858] createImageRepresentationAtTime:367  LEFT: adding TS_left to Track ch0 and Map ch0  t=682863.102772
[682864.780143] AA_thread:134  AA_thread START  is_left=1  distance=88506  t=682863.116913
[682864.785139] InitializationAtTime:666  InitializationAtTime  SGM_events=4785  SGM_points=2542  threshold=500
[682864.786026] AA_thread:220  AA_thread adding AA_freq to AA_left_IR_to_Map
[682864.786079] AA_thread:234  AA_thread adding AA_map to multi_to_Map channel 2
[682864.786091] AA_thread:236  AA_thread DONE
[682864.788509] MappingLoop:352  Initialization SUCCESS
[682864.788579] publishMappingResults:1195  publishMappingResults  status=0  dqvDepthPoints.size=6
[682864.791904] createImageRepresentationAtTime:367  LEFT: adding TS_left to Track ch0 and Map ch0  t=682863.116913
[682864.792329] MappingLoop:348  Calling InitializationAtTime  TS_history.size=71
[682864.794125] publishPointCloud:1287  publishPointCloud  pc_color.size=8099  pc_filtered.size=8099  depthMap.size=8099
[682864.798057] createImageRepresentationAtTime:434  RIGHT: adding TS_right to Map ch1  t=682863.103138
[682864.798108] process_mapping_thread:442  multi_to_Map fired -> calling timeSurfaceCallback
[682864.798153] timeSurfaceCallback:989  timeSurfaceCallback  TS_history.size=71  t=682863.102772
[682864.799343] AA_thread:134  AA_thread START  is_left=1  distance=23510  t=682863.120626
[682864.802188] AA_thread:220  AA_thread adding AA_freq to AA_left_IR_to_Map
[682864.802225] AA_thread:234  AA_thread adding AA_map to multi_to_Map channel 2
[682864.802235] AA_thread:236  AA_thread DONE
[682864.806818] createImageRepresentationAtTime:367  LEFT: adding TS_left to Track ch0 and Map ch0  t=682863.120626
[682864.818467] createImageRepresentationAtTime:434  RIGHT: adding TS_right to Map ch1  t=682863.120626
[682864.818637] process_mapping_thread:442  multi_to_Map fired -> calling timeSurfaceCallback
[682864.818659] timeSurfaceCallback:989  timeSurfaceCallback  TS_history.size=72  t=682863.120626
[682864.860086] AA_thread:134  AA_thread START  is_left=1  distance=40362  t=682863.160726
[682864.863144] AA_thread:220  AA_thread adding AA_freq to AA_left_IR_to_Map
[682864.863195] AA_thread:234  AA_thread adding AA_map to multi_to_Map channel 2
[682864.863204] AA_thread:236  AA_thread DONE
[682864.867038] createImageRepresentationAtTime:367  LEFT: adding TS_left to Track ch0 and Map ch0  t=682863.160726
[682864.867559] AA_thread:134  AA_thread START  is_left=1  distance=280  t=682863.167791
[682864.869187] AA_thread:220  AA_thread adding AA_freq to AA_left_IR_to_Map
[682864.869230] AA_thread:234  AA_thread adding AA_map to multi_to_Map channel 2
[682864.869240] AA_thread:236  AA_thread DONE
[682864.874264] createImageRepresentationAtTime:367  LEFT: adding TS_left to Track ch0 and Map ch0  t=682863.167791
[682864.878723] AA_thread:134  AA_thread START  is_left=1  distance=23183  t=682863.177057
[682864.883270] AA_thread:220  AA_thread adding AA_freq to AA_left_IR_to_Map
[682864.883337] AA_thread:234  AA_thread adding AA_map to multi_to_Map channel 2
[682864.883347] AA_thread:236  AA_thread DONE
[682864.887748] createImageRepresentationAtTime:367  LEFT: adding TS_left to Track ch0 and Map ch0  t=682863.177057
[682864.888503] createImageRepresentationAtTime:434  RIGHT: adding TS_right to Map ch1  t=682863.160800
[682864.888547] process_mapping_thread:442  multi_to_Map fired -> calling timeSurfaceCallback
[682864.888592] timeSurfaceCallback:989  timeSurfaceCallback  TS_history.size=73  t=682863.160726
[682864.907544] createImageRepresentationAtTime:434  RIGHT: adding TS_right to Map ch1  t=682863.177057
[682864.907604] process_mapping_thread:442  multi_to_Map fired -> calling timeSurfaceCallback
[682864.907628] timeSurfaceCallback:989  timeSurfaceCallback  TS_history.size=74  t=682863.177057
[682864.949696] AA_thread:134  AA_thread START  is_left=1  distance=32943  t=682863.216716
[682864.952297] AA_thread:220  AA_thread adding AA_freq to AA_left_IR_to_Map
[682864.952330] AA_thread:234  AA_thread adding AA_map to multi_to_Map channel 2
[682864.952340] AA_thread:236  AA_thread DONE
[682864.957592] createImageRepresentationAtTime:367  LEFT: adding TS_left to Track ch0 and Map ch0  t=682863.216716
[682864.970336] AA_thread:134  AA_thread START  is_left=1  distance=88555  t=682863.232086
[682864.974555] AA_thread:220  AA_thread adding AA_freq to AA_left_IR_to_Map
[682864.974597] AA_thread:234  AA_thread adding AA_map to multi_to_Map channel 2
[682864.974607] AA_thread:236  AA_thread DONE
[682864.978281] createImageRepresentationAtTime:367  LEFT: adding TS_left to Track ch0 and Map ch0  t=682863.232086
[682864.986193] createImageRepresentationAtTime:434  RIGHT: adding TS_right to Map ch1  t=682863.218873
[682864.986282] process_mapping_thread:442  multi_to_Map fired -> calling timeSurfaceCallback
[682864.986302] timeSurfaceCallback:989  timeSurfaceCallback  TS_history.size=75  t=682863.216716
[682864.989777] AA_thread:134  AA_thread START  is_left=1  distance=16136  t=682863.233485
[682864.992410] AA_thread:220  AA_thread adding AA_freq to AA_left_IR_to_Map
[682864.992513] AA_thread:234  AA_thread adding AA_map to multi_to_Map channel 2
[682864.992533] AA_thread:236  AA_thread DONE
[682864.995480] createImageRepresentationAtTime:434  RIGHT: adding TS_right to Map ch1  t=682863.230419
[682865.000060] createImageRepresentationAtTime:367  LEFT: adding TS_left to Track ch0 and Map ch0  t=682863.233485
[682865.007532] createImageRepresentationAtTime:434  RIGHT: adding TS_right to Map ch1  t=682863.233485
[682865.007574] process_mapping_thread:442  multi_to_Map fired -> calling timeSurfaceCallback
[682865.007595] timeSurfaceCallback:989  timeSurfaceCallback  TS_history.size=76  t=682863.232086
[682865.021647] InitializationAtTime:666  InitializationAtTime  SGM_events=5001  SGM_points=1621  threshold=500
[682865.023077] publishMappingResults:1195  publishMappingResults  status=1  dqvDepthPoints.size=7
[682865.023403] MappingLoop:352  Initialization SUCCESS
[682865.031359] publishMappingResults:1195  publishMappingResults  status=1  dqvDepthPoints.size=5
[682865.031787] publishPointCloud:1287  publishPointCloud  pc_color.size=147  pc_filtered.size=147  depthMap.size=147
[682865.040213] AA_thread:134  AA_thread START  is_left=1  distance=47540  t=682863.274427
[682865.046663] AA_thread:220  AA_thread adding AA_freq to AA_left_IR_to_Map
[682865.046709] AA_thread:234  AA_thread adding AA_map to multi_to_Map channel 2
[682865.046718] AA_thread:236  AA_thread DONE
[682865.053233] createImageRepresentationAtTime:367  LEFT: adding TS_left to Track ch0 and Map ch0  t=682863.274427
[682865.059633] AA_thread:134  AA_thread START  is_left=1  distance=22456  t=682863.289916
[682865.064349] AA_thread:220  AA_thread adding AA_freq to AA_left_IR_to_Map
[682865.064609] AA_thread:234  AA_thread adding AA_map to multi_to_Map channel 2
[682865.064640] AA_thread:236  AA_thread DONE
[682865.067497] createImageRepresentationAtTime:367  LEFT: adding TS_left to Track ch0 and Map ch0  t=682863.289916
[682865.067824] createImageRepresentationAtTime:434  RIGHT: adding TS_right to Map ch1  t=682863.277450
[682865.067876] process_mapping_thread:442  multi_to_Map fired -> calling timeSurfaceCallback
[682865.067898] timeSurfaceCallback:989  timeSurfaceCallback  TS_history.size=77  t=682863.274427
[682865.088301] createImageRepresentationAtTime:434  RIGHT: adding TS_right to Map ch1  t=682863.289916
[682865.088363] process_mapping_thread:442  multi_to_Map fired -> calling timeSurfaceCallback
[682865.088400] timeSurfaceCallback:989  timeSurfaceCallback  TS_history.size=78  t=682863.289916
[682865.119790] AA_thread:134  AA_thread START  is_left=1  distance=28240  t=682863.329252
[682865.122376] publishMappingResults:1195  publishMappingResults  status=0  dqvDepthPoints.size=5
[682865.122525] MappingLoop:348  Calling InitializationAtTime  TS_history.size=79
[682865.122874] AA_thread:220  AA_thread adding AA_freq to AA_left_IR_to_Map
[682865.122895] AA_thread:234  AA_thread adding AA_map to multi_to_Map channel 2
[682865.122904] AA_thread:236  AA_thread DONE
[682865.123539] publishPointCloud:1287  publishPointCloud  pc_color.size=2775  pc_filtered.size=2775  depthMap.size=2775
[682865.126963] createImageRepresentationAtTime:367  LEFT: adding TS_left to Track ch0 and Map ch0  t=682863.329252
[682865.127609] AA_thread:134  AA_thread START  is_left=1  distance=8454  t=682863.334769
[682865.131340] AA_thread:220  AA_thread adding AA_freq to AA_left_IR_to_Map
[682865.131391] AA_thread:234  AA_thread adding AA_map to multi_to_Map channel 2
[682865.131405] AA_thread:236  AA_thread DONE
[682865.136568] createImageRepresentationAtTime:367  LEFT: adding TS_left to Track ch0 and Map ch0  t=682863.334769
[682865.138482] AA_thread:134  AA_thread START  is_left=1  distance=3976  t=682863.342988
[682865.140283] AA_thread:220  AA_thread adding AA_freq to AA_left_IR_to_Map
[682865.140346] AA_thread:234  AA_thread adding AA_map to multi_to_Map channel 2
[682865.140404] AA_thread:236  AA_thread DONE
[682865.146850] createImageRepresentationAtTime:367  LEFT: adding TS_left to Track ch0 and Map ch0  t=682863.342988
[682865.148129] createImageRepresentationAtTime:434  RIGHT: adding TS_right to Map ch1  t=682863.326739
[682865.149661] AA_thread:134  AA_thread START  is_left=1  distance=22737  t=682863.346346
[682865.153844] AA_thread:220  AA_thread adding AA_freq to AA_left_IR_to_Map
[682865.153959] AA_thread:234  AA_thread adding AA_map to multi_to_Map channel 2
[682865.153971] AA_thread:236  AA_thread DONE
[682865.157546] createImageRepresentationAtTime:367  LEFT: adding TS_left to Track ch0 and Map ch0  t=682863.346346
[682865.166831] createImageRepresentationAtTime:434  RIGHT: adding TS_right to Map ch1  t=682863.344020
[682865.166903] process_mapping_thread:442  multi_to_Map fired -> calling timeSurfaceCallback
[682865.166962] timeSurfaceCallback:989  timeSurfaceCallback  TS_history.size=79  t=682863.329252
[682865.178166] process_mapping_thread:442  multi_to_Map fired -> calling timeSurfaceCallback
[682865.178194] timeSurfaceCallback:989  timeSurfaceCallback  TS_history.size=80  t=682863.342988
[682865.178598] createImageRepresentationAtTime:434  RIGHT: adding TS_right to Map ch1  t=682863.346346
[682865.183449] process_mapping_thread:442  multi_to_Map fired -> calling timeSurfaceCallback
[682865.183472] timeSurfaceCallback:989  timeSurfaceCallback  TS_history.size=81  t=682863.346346
[682865.210019] AA_thread:134  AA_thread START  is_left=1  distance=15339  t=682863.384460
[682865.213006] AA_thread:220  AA_thread adding AA_freq to AA_left_IR_to_Map
[682865.213063] AA_thread:234  AA_thread adding AA_map to multi_to_Map channel 2
[682865.213073] AA_thread:236  AA_thread DONE
[682865.217070] createImageRepresentationAtTime:367  LEFT: adding TS_left to Track ch0 and Map ch0  t=682863.384460
[682865.217911] AA_thread:134  AA_thread START  is_left=1  distance=4738  t=682863.391046
[682865.220607] AA_thread:220  AA_thread adding AA_freq to AA_left_IR_to_Map
[682865.220687] AA_thread:234  AA_thread adding AA_map to multi_to_Map channel 2
[682865.220700] AA_thread:236  AA_thread DONE
[682865.225492] createImageRepresentationAtTime:367  LEFT: adding TS_left to Track ch0 and Map ch0  t=682863.391046
[682865.228033] AA_thread:134  AA_thread START  is_left=1  distance=32966  t=682863.402490
[682865.232781] AA_thread:220  AA_thread adding AA_freq to AA_left_IR_to_Map
[682865.232825] AA_thread:234  AA_thread adding AA_map to multi_to_Map channel 2
[682865.232837] AA_thread:236  AA_thread DONE
[682865.236325] createImageRepresentationAtTime:367  LEFT: adding TS_left to Track ch0 and Map ch0  t=682863.402490
[682865.239016] createImageRepresentationAtTime:434  RIGHT: adding TS_right to Map ch1  t=682863.383423
[682865.239383] AA_thread:134  AA_thread START  is_left=1  distance=3061  t=682863.402775
[682865.241914] AA_thread:220  AA_thread adding AA_freq to AA_left_IR_to_Map
[682865.242026] AA_thread:234  AA_thread adding AA_map to multi_to_Map channel 2
[682865.242041] AA_thread:236  AA_thread DONE
[682865.248281] createImageRepresentationAtTime:367  LEFT: adding TS_left to Track ch0 and Map ch0  t=682863.402775
[682865.255526] createImageRepresentationAtTime:434  RIGHT: adding TS_right to Map ch1  t=682863.402234
[682865.255610] process_mapping_thread:442  multi_to_Map fired -> calling timeSurfaceCallback
[682865.255696] timeSurfaceCallback:989  timeSurfaceCallback  TS_history.size=82  t=682863.384460
[682865.265308] process_mapping_thread:442  multi_to_Map fired -> calling timeSurfaceCallback
[682865.265344] timeSurfaceCallback:989  timeSurfaceCallback  TS_history.size=83  t=682863.402490
[682865.270660] createImageRepresentationAtTime:434  RIGHT: adding TS_right to Map ch1  t=682863.402775
[682865.273086] process_mapping_thread:442  multi_to_Map fired -> calling timeSurfaceCallback
[682865.273101] timeSurfaceCallback:989  timeSurfaceCallback  TS_history.size=84  t=682863.402775
[682865.309972] AA_thread:134  AA_thread START  is_left=1  distance=33849  t=682863.442559
[682865.312835] AA_thread:220  AA_thread adding AA_freq to AA_left_IR_to_Map
[682865.312869] AA_thread:234  AA_thread adding AA_map to multi_to_Map channel 2
[682865.312879] AA_thread:236  AA_thread DONE
[682865.315694] createImageRepresentationAtTime:367  LEFT: adding TS_left to Track ch0 and Map ch0  t=682863.442559
[682865.320117] AA_thread:134  AA_thread START  is_left=1  distance=30445  t=682863.450583
[682865.323707] AA_thread:220  AA_thread adding AA_freq to AA_left_IR_to_Map
[682865.323780] AA_thread:234  AA_thread adding AA_map to multi_to_Map channel 2
[682865.323790] AA_thread:236  AA_thread DONE
[682865.327384] createImageRepresentationAtTime:367  LEFT: adding TS_left to Track ch0 and Map ch0  t=682863.450583
[682865.328536] AA_thread:134  AA_thread START  is_left=1  distance=0  t=682863.450583
[682865.330073] AA_thread:220  AA_thread adding AA_freq to AA_left_IR_to_Map
[682865.330108] AA_thread:234  AA_thread adding AA_map to multi_to_Map channel 2
[682865.330118] AA_thread:236  AA_thread DONE
[682865.335526] createImageRepresentationAtTime:367  LEFT: adding TS_left to Track ch0 and Map ch0  t=682863.450583
[682865.338032] createImageRepresentationAtTime:434  RIGHT: adding TS_right to Map ch1  t=682863.442150
[682865.339186] AA_thread:134  AA_thread START  is_left=1  distance=21859  t=682863.459205
[682865.342759] AA_thread:220  AA_thread adding AA_freq to AA_left_IR_to_Map
[682865.342802] AA_thread:234  AA_thread adding AA_map to multi_to_Map channel 2
[682865.342814] AA_thread:236  AA_thread DONE
[682865.350812] createImageRepresentationAtTime:367  LEFT: adding TS_left to Track ch0 and Map ch0  t=682863.459205
[682865.355607] InitializationAtTime:666  InitializationAtTime  SGM_events=4876  SGM_points=1102  threshold=500
[682865.357460] publishMappingResults:1195  publishMappingResults  status=1  dqvDepthPoints.size=6
[682865.357523] MappingLoop:352  Initialization SUCCESS
[682865.357559] createImageRepresentationAtTime:434  RIGHT: adding TS_right to Map ch1  t=682863.459205
[682865.357662] process_mapping_thread:442  multi_to_Map fired -> calling timeSurfaceCallback
[682865.357709] timeSurfaceCallback:989  timeSurfaceCallback  TS_history.size=85  t=682863.442559
[682865.368895] process_mapping_thread:442  multi_to_Map fired -> calling timeSurfaceCallback
[682865.368927] timeSurfaceCallback:989  timeSurfaceCallback  TS_history.size=86  t=682863.459205
[682865.399493] AA_thread:134  AA_thread START  is_left=1  distance=56494  t=682863.501278
[682865.402971] AA_thread:220  AA_thread adding AA_freq to AA_left_IR_to_Map
[682865.403028] AA_thread:234  AA_thread adding AA_map to multi_to_Map channel 2
[682865.403038] AA_thread:236  AA_thread DONE
[682865.408162] publishMappingResults:1195  publishMappingResults  status=1  dqvDepthPoints.size=5
[682865.410283] createImageRepresentationAtTime:367  LEFT: adding TS_left to Track ch0 and Map ch0  t=682863.501278
[682865.413333] publishPointCloud:1287  publishPointCloud  pc_color.size=10890  pc_filtered.size=10890  depthMap.size=10890
[682865.421270] AA_thread:134  AA_thread START  is_left=1  distance=57483  t=682863.515636
[682865.426396] AA_thread:220  AA_thread adding AA_freq to AA_left_IR_to_Map
[682865.426462] AA_thread:234  AA_thread adding AA_map to multi_to_Map channel 2
[682865.426473] AA_thread:236  AA_thread DONE
[682865.434374] createImageRepresentationAtTime:367  LEFT: adding TS_left to Track ch0 and Map ch0  t=682863.515636
[682865.435630] createImageRepresentationAtTime:434  RIGHT: adding TS_right to Map ch1  t=682863.496203
[682865.449430] createImageRepresentationAtTime:434  RIGHT: adding TS_right to Map ch1  t=682863.515636
[682865.449825] process_mapping_thread:442  multi_to_Map fired -> calling timeSurfaceCallback
[682865.449869] timeSurfaceCallback:989  timeSurfaceCallback  TS_history.size=87  t=682863.501278
[682865.460870] process_mapping_thread:442  multi_to_Map fired -> calling timeSurfaceCallback
[682865.460903] timeSurfaceCallback:989  timeSurfaceCallback  TS_history.size=88  t=682863.515636
[682865.500370] AA_thread:134  AA_thread START  is_left=1  distance=35714  t=682863.555892
[682865.506337] publishMappingResults:1195  publishMappingResults  status=1  dqvDepthPoints.size=5
[682865.506693] AA_thread:220  AA_thread adding AA_freq to AA_left_IR_to_Map
[682865.506728] AA_thread:234  AA_thread adding AA_map to multi_to_Map channel 2
[682865.506737] AA_thread:236  AA_thread DONE
[682865.508323] publishPointCloud:1287  publishPointCloud  pc_color.size=4922  pc_filtered.size=4922  depthMap.size=4922
[682865.512207] createImageRepresentationAtTime:367  LEFT: adding TS_left to Track ch0 and Map ch0  t=682863.555892
[682865.522582] AA_thread:134  AA_thread START  is_left=1  distance=51974  t=682863.567582
[682865.528845] AA_thread:220  AA_thread adding AA_freq to AA_left_IR_to_Map
[682865.528899] AA_thread:234  AA_thread adding AA_map to multi_to_Map channel 2
[682865.528910] AA_thread:236  AA_thread DONE
[682865.558892] createImageRepresentationAtTime:434  RIGHT: adding TS_right to Map ch1  t=682863.569757
[682865.561806] createImageRepresentationAtTime:367  LEFT: adding TS_left to Track ch0 and Map ch0  t=682863.567582
[682865.568973] AA_thread:134  AA_thread START  is_left=1  distance=20590  t=682863.572067
[682865.572093] AA_thread:220  AA_thread adding AA_freq to AA_left_IR_to_Map
[682865.572143] AA_thread:234  AA_thread adding AA_map to multi_to_Map channel 2
[682865.572156] AA_thread:236  AA_thread DONE
[682865.576084] createImageRepresentationAtTime:434  RIGHT: adding TS_right to Map ch1  t=682863.572067
[682865.586252] createImageRepresentationAtTime:367  LEFT: adding TS_left to Track ch0 and Map ch0  t=682863.572067
[682865.589320] process_mapping_thread:442  multi_to_Map fired -> calling timeSurfaceCallback
[682865.589410] timeSurfaceCallback:989  timeSurfaceCallback  TS_history.size=89  t=682863.567582
[682865.605859] process_mapping_thread:442  multi_to_Map fired -> calling timeSurfaceCallback
[682865.605899] timeSurfaceCallback:989  timeSurfaceCallback  TS_history.size=90  t=682863.572067
[682865.609553] AA_thread:134  AA_thread START  is_left=1  distance=26625  t=682863.613961
[682865.617951] AA_thread:220  AA_thread adding AA_freq to AA_left_IR_to_Map
[682865.617994] AA_thread:234  AA_thread adding AA_map to multi_to_Map channel 2
[682865.618005] AA_thread:236  AA_thread DONE
[682865.619928] publishMappingResults:1195  publishMappingResults  status=1  dqvDepthPoints.size=5
[682865.622331] publishPointCloud:1287  publishPointCloud  pc_color.size=2807  pc_filtered.size=2807  depthMap.size=2807
[682865.622647] createImageRepresentationAtTime:367  LEFT: adding TS_left to Track ch0 and Map ch0  t=682863.613961
[682865.631509] AA_thread:134  AA_thread START  is_left=1  distance=19640  t=682863.628495
[682865.636426] AA_thread:220  AA_thread adding AA_freq to AA_left_IR_to_Map
[682865.636477] AA_thread:234  AA_thread adding AA_map to multi_to_Map channel 2
[682865.636490] AA_thread:236  AA_thread DONE
[682865.642320] createImageRepresentationAtTime:367  LEFT: adding TS_left to Track ch0 and Map ch0  t=682863.628495
[682865.644875] createImageRepresentationAtTime:434  RIGHT: adding TS_right to Map ch1  t=682863.614731
[682865.645192] process_mapping_thread:442  multi_to_Map fired -> calling timeSurfaceCallback
[682865.645243] timeSurfaceCallback:989  timeSurfaceCallback  TS_history.size=91  t=682863.613961
[682865.665560] createImageRepresentationAtTime:434  RIGHT: adding TS_right to Map ch1  t=682863.628495
[682865.671679] process_mapping_thread:442  multi_to_Map fired -> calling timeSurfaceCallback
[682865.671744] timeSurfaceCallback:989  timeSurfaceCallback  TS_history.size=92  t=682863.628495
[682865.724192] AA_thread:134  AA_thread START  is_left=1  distance=50867  t=682863.674366
[682865.731943] AA_thread:220  AA_thread adding AA_freq to AA_left_IR_to_Map
[682865.732003] AA_thread:234  AA_thread adding AA_map to multi_to_Map channel 2
[682865.732014] AA_thread:236  AA_thread DONE
[682865.742547] createImageRepresentationAtTime:367  LEFT: adding TS_left to Track ch0 and Map ch0  t=682863.674366
[682865.751283] createImageRepresentationAtTime:434  RIGHT: adding TS_right to Map ch1  t=682863.675923
[682865.755623] publishMappingResults:1195  publishMappingResults  status=1  dqvDepthPoints.size=5
[682865.756481] AA_thread:134  AA_thread START  is_left=1  distance=18333  t=682863.684926
[682865.760599] AA_thread:220  AA_thread adding AA_freq to AA_left_IR_to_Map
[682865.760747] AA_thread:234  AA_thread adding AA_map to multi_to_Map channel 2
[682865.760762] AA_thread:236  AA_thread DONE
[682865.761494] publishPointCloud:1287  publishPointCloud  pc_color.size=7183  pc_filtered.size=7183  depthMap.size=7183
[682865.764898] createImageRepresentationAtTime:367  LEFT: adding TS_left to Track ch0 and Map ch0  t=682863.684926
[682865.766307] createImageRepresentationAtTime:434  RIGHT: adding TS_right to Map ch1  t=682863.684926
[682865.775460] process_mapping_thread:442  multi_to_Map fired -> calling timeSurfaceCallback
[682865.775505] timeSurfaceCallback:989  timeSurfaceCallback  TS_history.size=93  t=682863.674366
[682865.799430] process_mapping_thread:442  multi_to_Map fired -> calling timeSurfaceCallback
[682865.799484] timeSurfaceCallback:989  timeSurfaceCallback  TS_history.size=94  t=682863.684926
[682865.823243] AA_thread:134  AA_thread START  is_left=1  distance=1904  t=682863.730742
[682865.826665] AA_thread:220  AA_thread adding AA_freq to AA_left_IR_to_Map
[682865.826715] AA_thread:234  AA_thread adding AA_map to multi_to_Map channel 2
[682865.826731] AA_thread:236  AA_thread DONE
[682865.833801] createImageRepresentationAtTime:367  LEFT: adding TS_left to Track ch0 and Map ch0  t=682863.730742
[682865.839098] createImageRepresentationAtTime:434  RIGHT: adding TS_right to Map ch1  t=682863.722881
[682865.842791] AA_thread:134  AA_thread START  is_left=1  distance=19279  t=682863.741356
[682865.848547] AA_thread:220  AA_thread adding AA_freq to AA_left_IR_to_Map
[682865.848614] AA_thread:234  AA_thread adding AA_map to multi_to_Map channel 2
[682865.848626] AA_thread:236  AA_thread DONE
[682865.858492] createImageRepresentationAtTime:367  LEFT: adding TS_left to Track ch0 and Map ch0  t=682863.741356
[682865.865822] createImageRepresentationAtTime:434  RIGHT: adding TS_right to Map ch1  t=682863.741356
[682865.866101] process_mapping_thread:442  multi_to_Map fired -> calling timeSurfaceCallback
[682865.866157] timeSurfaceCallback:989  timeSurfaceCallback  TS_history.size=95  t=682863.730742
[682865.879496] process_mapping_thread:442  multi_to_Map fired -> calling timeSurfaceCallback
[682865.879545] timeSurfaceCallback:989  timeSurfaceCallback  TS_history.size=96  t=682863.741356
[682865.896830] publishMappingResults:1195  publishMappingResults  status=1  dqvDepthPoints.size=5
[682865.899609] publishPointCloud:1287  publishPointCloud  pc_color.size=5947  pc_filtered.size=5947  depthMap.size=5947
[682865.909869] AA_thread:134  AA_thread START  is_left=1  distance=24706  t=682863.780631
[682865.914307] AA_thread:220  AA_thread adding AA_freq to AA_left_IR_to_Map
[682865.914340] AA_thread:234  AA_thread adding AA_map to multi_to_Map channel 2
[682865.914351] AA_thread:236  AA_thread DONE
[682865.919392] createImageRepresentationAtTime:367  LEFT: adding TS_left to Track ch0 and Map ch0  t=682863.780631
[682865.930156] AA_thread:134  AA_thread START  is_left=1  distance=23475  t=682863.797785
[682865.934845] AA_thread:220  AA_thread adding AA_freq to AA_left_IR_to_Map
[682865.934908] AA_thread:234  AA_thread adding AA_map to multi_to_Map channel 2
[682865.934922] AA_thread:236  AA_thread DONE
[682865.937736] createImageRepresentationAtTime:434  RIGHT: adding TS_right to Map ch1  t=682863.784164
[682865.938090] process_mapping_thread:442  multi_to_Map fired -> calling timeSurfaceCallback
[682865.938110] timeSurfaceCallback:989  timeSurfaceCallback  TS_history.size=97  t=682863.780631
[682865.939916] createImageRepresentationAtTime:367  LEFT: adding TS_left to Track ch0 and Map ch0  t=682863.797785
[682865.961782] publishMappingResults:1195  publishMappingResults  status=1  dqvDepthPoints.size=5
[682865.961902] createImageRepresentationAtTime:434  RIGHT: adding TS_right to Map ch1  t=682863.797785
[682865.962023] process_mapping_thread:442  multi_to_Map fired -> calling timeSurfaceCallback
[682865.963356] publishPointCloud:1287  publishPointCloud  pc_color.size=5271  pc_filtered.size=5271  depthMap.size=5271
[682865.976383] timeSurfaceCallback:989  timeSurfaceCallback  TS_history.size=98  t=682863.797785
[682865.999416] AA_thread:134  AA_thread START  is_left=1  distance=52245  t=682863.840521
[682866.002547] AA_thread:220  AA_thread adding AA_freq to AA_left_IR_to_Map
[682866.002590] AA_thread:234  AA_thread adding AA_map to multi_to_Map channel 2
[682866.002604] AA_thread:236  AA_thread DONE
[682866.006685] createImageRepresentationAtTime:367  LEFT: adding TS_left to Track ch0 and Map ch0  t=682863.840521
[682866.008227] AA_thread:134  AA_thread START  is_left=1  distance=21614  t=682863.849255
[682866.010820] AA_thread:220  AA_thread adding AA_freq to AA_left_IR_to_Map
[682866.010874] AA_thread:234  AA_thread adding AA_map to multi_to_Map channel 2
[682866.010884] AA_thread:236  AA_thread DONE
[682866.017137] createImageRepresentationAtTime:367  LEFT: adding TS_left to Track ch0 and Map ch0  t=682863.849255
[682866.018873] AA_thread:134  AA_thread START  is_left=1  distance=15146  t=682863.853736
[682866.021166] AA_thread:220  AA_thread adding AA_freq to AA_left_IR_to_Map
[682866.021227] AA_thread:234  AA_thread adding AA_map to multi_to_Map channel 2
[682866.021238] AA_thread:236  AA_thread DONE
[682866.026049] createImageRepresentationAtTime:367  LEFT: adding TS_left to Track ch0 and Map ch0  t=682863.853736
[682866.030556] createImageRepresentationAtTime:434  RIGHT: adding TS_right to Map ch1  t=682863.837993
[682866.030765] AA_thread:134  AA_thread START  is_left=1  distance=4690  t=682863.854216
[682866.032214] AA_thread:220  AA_thread adding AA_freq to AA_left_IR_to_Map
[682866.032297] AA_thread:234  AA_thread adding AA_map to multi_to_Map channel 2
[682866.032327] AA_thread:236  AA_thread DONE
[682866.040960] createImageRepresentationAtTime:367  LEFT: adding TS_left to Track ch0 and Map ch0  t=682863.854216
[682866.043334] createImageRepresentationAtTime:434  RIGHT: adding TS_right to Map ch1  t=682863.848987
[682866.043411] process_mapping_thread:442  multi_to_Map fired -> calling timeSurfaceCallback
[682866.043448] timeSurfaceCallback:989  timeSurfaceCallback  TS_history.size=99  t=682863.840521
[682866.061701] createImageRepresentationAtTime:434  RIGHT: adding TS_right to Map ch1  t=682863.854216
[682866.061774] process_mapping_thread:442  multi_to_Map fired -> calling timeSurfaceCallback
[682866.061791] timeSurfaceCallback:989  timeSurfaceCallback  TS_history.size=100  t=682863.849255
[682866.070464] process_mapping_thread:442  multi_to_Map fired -> calling timeSurfaceCallback
[682866.070551] timeSurfaceCallback:989  timeSurfaceCallback  TS_history.size=100  t=682863.854216
[682866.088171] AA_thread:134  AA_thread START  is_left=1  distance=27629  t=682863.893957
[682866.090500] AA_thread:220  AA_thread adding AA_freq to AA_left_IR_to_Map
[682866.090574] AA_thread:234  AA_thread adding AA_map to multi_to_Map channel 2
[682866.090588] AA_thread:236  AA_thread DONE
[682866.094031] publishMappingResults:1195  publishMappingResults  status=1  dqvDepthPoints.size=5
[682866.095357] publishPointCloud:1287  publishPointCloud  pc_color.size=4150  pc_filtered.size=4150  depthMap.size=4150
[682866.095880] createImageRepresentationAtTime:367  LEFT: adding TS_left to Track ch0 and Map ch0  t=682863.893957
[682866.098128] AA_thread:134  AA_thread START  is_left=1  distance=22724  t=682863.903105
[682866.100543] AA_thread:220  AA_thread adding AA_freq to AA_left_IR_to_Map
[682866.100575] AA_thread:234  AA_thread adding AA_map to multi_to_Map channel 2
[682866.100590] AA_thread:236  AA_thread DONE
[682866.107004] createImageRepresentationAtTime:367  LEFT: adding TS_left to Track ch0 and Map ch0  t=682863.903105
[682866.110980] AA_thread:134  AA_thread START  is_left=1  distance=19126  t=682863.910646
[682866.113278] AA_thread:220  AA_thread adding AA_freq to AA_left_IR_to_Map
[682866.113341] AA_thread:234  AA_thread adding AA_map to multi_to_Map channel 2
[682866.113355] AA_thread:236  AA_thread DONE
[682866.117225] createImageRepresentationAtTime:434  RIGHT: adding TS_right to Map ch1  t=682863.892642
[682866.120532] createImageRepresentationAtTime:367  LEFT: adding TS_left to Track ch0 and Map ch0  t=682863.910646
[682866.125239] createImageRepresentationAtTime:434  RIGHT: adding TS_right to Map ch1  t=682863.902151
[682866.131555] process_mapping_thread:442  multi_to_Map fired -> calling timeSurfaceCallback
[682866.131586] timeSurfaceCallback:989  timeSurfaceCallback  TS_history.size=100  t=682863.893957
[682866.140196] createImageRepresentationAtTime:434  RIGHT: adding TS_right to Map ch1  t=682863.910646
[682866.141032] process_mapping_thread:442  multi_to_Map fired -> calling timeSurfaceCallback
[682866.141065] timeSurfaceCallback:989  timeSurfaceCallback  TS_history.size=100  t=682863.903105
[682866.152034] process_mapping_thread:442  multi_to_Map fired -> calling timeSurfaceCallback
[682866.152087] timeSurfaceCallback:989  timeSurfaceCallback  TS_history.size=100  t=682863.910646
[682866.183418] AA_thread:134  AA_thread START  is_left=1  distance=7705  t=682863.948372
[682866.187589] AA_thread:220  AA_thread adding AA_freq to AA_left_IR_to_Map
[682866.187658] AA_thread:234  AA_thread adding AA_map to multi_to_Map channel 2
[682866.187672] AA_thread:236  AA_thread DONE
[682866.193373] createImageRepresentationAtTime:367  LEFT: adding TS_left to Track ch0 and Map ch0  t=682863.948372
[682866.198748] AA_thread:134  AA_thread START  is_left=1  distance=29570  t=682863.963888
[682866.203777] publishMappingResults:1195  publishMappingResults  status=1  dqvDepthPoints.size=5
[682866.204342] AA_thread:220  AA_thread adding AA_freq to AA_left_IR_to_Map
[682866.204376] AA_thread:234  AA_thread adding AA_map to multi_to_Map channel 2
[682866.204391] AA_thread:236  AA_thread DONE
[682866.204784] publishPointCloud:1287  publishPointCloud  pc_color.size=1313  pc_filtered.size=1313  depthMap.size=1313
[682866.211078] createImageRepresentationAtTime:367  LEFT: adding TS_left to Track ch0 and Map ch0  t=682863.963888
[682866.220598] AA_thread:134  AA_thread START  is_left=1  distance=15526  t=682863.967077
[682866.220925] createImageRepresentationAtTime:434  RIGHT: adding TS_right to Map ch1  t=682863.951887
[682866.222991] AA_thread:220  AA_thread adding AA_freq to AA_left_IR_to_Map
[682866.223045] AA_thread:234  AA_thread adding AA_map to multi_to_Map channel 2
[682866.223059] AA_thread:236  AA_thread DONE
[682866.229355] createImageRepresentationAtTime:367  LEFT: adding TS_left to Track ch0 and Map ch0  t=682863.967077
[682866.237181] createImageRepresentationAtTime:434  RIGHT: adding TS_right to Map ch1  t=682863.967077
[682866.239353] process_mapping_thread:442  multi_to_Map fired -> calling timeSurfaceCallback
[682866.239393] timeSurfaceCallback:989  timeSurfaceCallback  TS_history.size=100  t=682863.948372
[682866.250557] process_mapping_thread:442  multi_to_Map fired -> calling timeSurfaceCallback
[682866.250583] timeSurfaceCallback:989  timeSurfaceCallback  TS_history.size=100  t=682863.967077
[682866.270344] AA_thread:134  AA_thread START  is_left=1  distance=37413  t=682864.008190
[682866.274196] AA_thread:220  AA_thread adding AA_freq to AA_left_IR_to_Map
[682866.274252] AA_thread:234  AA_thread adding AA_map to multi_to_Map channel 2
[682866.274284] AA_thread:236  AA_thread DONE
[682866.278170] createImageRepresentationAtTime:367  LEFT: adding TS_left to Track ch0 and Map ch0  t=682864.008190
[682866.290152] AA_thread:134  AA_thread START  is_left=1  distance=53061  t=682864.022913
[682866.293413] AA_thread:220  AA_thread adding AA_freq to AA_left_IR_to_Map
[682866.293466] AA_thread:234  AA_thread adding AA_map to multi_to_Map channel 2
[682866.293478] AA_thread:236  AA_thread DONE
[682866.300084] createImageRepresentationAtTime:367  LEFT: adding TS_left to Track ch0 and Map ch0  t=682864.022913
[682866.307583] createImageRepresentationAtTime:434  RIGHT: adding TS_right to Map ch1  t=682864.009210
[682866.308921] process_mapping_thread:442  multi_to_Map fired -> calling timeSurfaceCallback
[682866.308974] timeSurfaceCallback:989  timeSurfaceCallback  TS_history.size=100  t=682864.008190
[682866.311435] AA_thread:134  AA_thread START  is_left=1  distance=6489  t=682864.023505
[682866.314028] AA_thread:220  AA_thread adding AA_freq to AA_left_IR_to_Map
[682866.314063] AA_thread:234  AA_thread adding AA_map to multi_to_Map channel 2
[682866.314074] AA_thread:236  AA_thread DONE
[682866.318794] createImageRepresentationAtTime:367  LEFT: adding TS_left to Track ch0 and Map ch0  t=682864.023505
[682866.327383] createImageRepresentationAtTime:434  RIGHT: adding TS_right to Map ch1  t=682864.023505
[682866.327464] process_mapping_thread:442  multi_to_Map fired -> calling timeSurfaceCallback
[682866.327498] timeSurfaceCallback:989  timeSurfaceCallback  TS_history.size=100  t=682864.023505
[682866.328607] publishMappingResults:1195  publishMappingResults  status=1  dqvDepthPoints.size=5
[682866.330671] publishPointCloud:1287  publishPointCloud  pc_color.size=4869  pc_filtered.size=4869  depthMap.size=4869
[682866.362946] AA_thread:134  AA_thread START  is_left=1  distance=41542  t=682864.065061
[682866.368082] AA_thread:220  AA_thread adding AA_freq to AA_left_IR_to_Map
[682866.368130] AA_thread:234  AA_thread adding AA_map to multi_to_Map channel 2
[682866.368140] AA_thread:236  AA_thread DONE
[682866.373209] createImageRepresentationAtTime:367  LEFT: adding TS_left to Track ch0 and Map ch0  t=682864.065061
[682866.379438] AA_thread:134  AA_thread START  is_left=1  distance=16154  t=682864.079936
[682866.384251] AA_thread:220  AA_thread adding AA_freq to AA_left_IR_to_Map
[682866.384324] AA_thread:234  AA_thread adding AA_map to multi_to_Map channel 2
[682866.384334] AA_thread:236  AA_thread DONE
[682866.390375] createImageRepresentationAtTime:367  LEFT: adding TS_left to Track ch0 and Map ch0  t=682864.079936
[682866.391727] createImageRepresentationAtTime:434  RIGHT: adding TS_right to Map ch1  t=682864.069251
[682866.391794] process_mapping_thread:442  multi_to_Map fired -> calling timeSurfaceCallback
[682866.391892] timeSurfaceCallback:989  timeSurfaceCallback  TS_history.size=100  t=682864.065061
[682866.412758] createImageRepresentationAtTime:434  RIGHT: adding TS_right to Map ch1  t=682864.079936
[682866.412817] process_mapping_thread:442  multi_to_Map fired -> calling timeSurfaceCallback
[682866.412841] timeSurfaceCallback:989  timeSurfaceCallback  TS_history.size=100  t=682864.079936
[682866.440202] publishMappingResults:1195  publishMappingResults  status=1  dqvDepthPoints.size=5
[682866.441047] AA_thread:134  AA_thread START  is_left=1  distance=23305  t=682864.119679
[682866.441957] publishPointCloud:1287  publishPointCloud  pc_color.size=3087  pc_filtered.size=3087  depthMap.size=3087
[682866.443673] AA_thread:220  AA_thread adding AA_freq to AA_left_IR_to_Map
[682866.443697] AA_thread:234  AA_thread adding AA_map to multi_to_Map channel 2
[682866.443708] AA_thread:236  AA_thread DONE
[682866.447990] createImageRepresentationAtTime:367  LEFT: adding TS_left to Track ch0 and Map ch0  t=682864.119679
[682866.467639] AA_thread:134  AA_thread START  is_left=1  distance=58701  t=682864.136366
[682866.502864] AA_thread:220  AA_thread adding AA_freq to AA_left_IR_to_Map
[682866.502923] AA_thread:234  AA_thread adding AA_map to multi_to_Map channel 2
[682866.502937] AA_thread:236  AA_thread DONE
[682866.525261] createImageRepresentationAtTime:434  RIGHT: adding TS_right to Map ch1  t=682864.118334
[682866.526771] createImageRepresentationAtTime:367  LEFT: adding TS_left to Track ch0 and Map ch0  t=682864.136366
[682866.539875] createImageRepresentationAtTime:434  RIGHT: adding TS_right to Map ch1  t=682864.136366
[682866.542949] process_mapping_thread:442  multi_to_Map fired -> calling timeSurfaceCallback
[682866.543028] timeSurfaceCallback:989  timeSurfaceCallback  TS_history.size=100  t=682864.119679
[682866.556354] process_mapping_thread:442  multi_to_Map fired -> calling timeSurfaceCallback
[682866.556389] timeSurfaceCallback:989  timeSurfaceCallback  TS_history.size=100  t=682864.136366
[682866.580196] AA_thread:134  AA_thread START  is_left=1  distance=3910  t=682864.180091
[682866.583804] AA_thread:220  AA_thread adding AA_freq to AA_left_IR_to_Map
[682866.583855] AA_thread:234  AA_thread adding AA_map to multi_to_Map channel 2
[682866.583865] AA_thread:236  AA_thread DONE
[682866.587471] createImageRepresentationAtTime:367  LEFT: adding TS_left to Track ch0 and Map ch0  t=682864.180091
[682866.600788] createImageRepresentationAtTime:434  RIGHT: adding TS_right to Map ch1  t=682864.173450
[682866.600889] AA_thread:134  AA_thread START  is_left=1  distance=12709  t=682864.192795
[682866.603213] AA_thread:220  AA_thread adding AA_freq to AA_left_IR_to_Map
[682866.603250] AA_thread:234  AA_thread adding AA_map to multi_to_Map channel 2
[682866.603263] AA_thread:236  AA_thread DONE
[682866.607760] createImageRepresentationAtTime:367  LEFT: adding TS_left to Track ch0 and Map ch0  t=682864.192795
[682866.621660] createImageRepresentationAtTime:434  RIGHT: adding TS_right to Map ch1  t=682864.192795
[682866.621765] process_mapping_thread:442  multi_to_Map fired -> calling timeSurfaceCallback
[682866.621791] timeSurfaceCallback:989  timeSurfaceCallback  TS_history.size=100  t=682864.180091
[682866.625902] publishMappingResults:1195  publishMappingResults  status=1  dqvDepthPoints.size=5
[682866.627689] publishPointCloud:1287  publishPointCloud  pc_color.size=4310  pc_filtered.size=4310  depthMap.size=4310
[682866.660244] AA_thread:134  AA_thread START  is_left=1  distance=39903  t=682864.235731
[682866.663808] AA_thread:220  AA_thread adding AA_freq to AA_left_IR_to_Map
[682866.663869] AA_thread:234  AA_thread adding AA_map to multi_to_Map channel 2
[682866.663886] AA_thread:236  AA_thread DONE
[682866.673678] createImageRepresentationAtTime:367  LEFT: adding TS_left to Track ch0 and Map ch0  t=682864.235731
[682866.675339] process_mapping_thread:442  multi_to_Map fired -> calling timeSurfaceCallback
[682866.675386] timeSurfaceCallback:989  timeSurfaceCallback  TS_history.size=100  t=682864.192795
[682866.680257] AA_thread:134  AA_thread START  is_left=1  distance=13327  t=682864.249226
[682866.688212] AA_thread:220  AA_thread adding AA_freq to AA_left_IR_to_Map
[682866.688266] AA_thread:234  AA_thread adding AA_map to multi_to_Map channel 2
[682866.688280] AA_thread:236  AA_thread DONE
[682866.692140] createImageRepresentationAtTime:367  LEFT: adding TS_left to Track ch0 and Map ch0  t=682864.249226
[682866.699879] createImageRepresentationAtTime:434  RIGHT: adding TS_right to Map ch1  t=682864.236626
[682866.699957] process_mapping_thread:442  multi_to_Map fired -> calling timeSurfaceCallback
[682866.700002] timeSurfaceCallback:989  timeSurfaceCallback  TS_history.size=100  t=682864.235731
[682866.719458] createImageRepresentationAtTime:434  RIGHT: adding TS_right to Map ch1  t=682864.249226
[682866.719571] process_mapping_thread:442  multi_to_Map fired -> calling timeSurfaceCallback
[682866.719619] timeSurfaceCallback:989  timeSurfaceCallback  TS_history.size=100  t=682864.249226
[682866.749756] AA_thread:134  AA_thread START  is_left=1  distance=29003  t=682864.290268
[682866.751289] publishMappingResults:1195  publishMappingResults  status=1  dqvDepthPoints.size=5
[682866.752535] publishPointCloud:1287  publishPointCloud  pc_color.size=1401  pc_filtered.size=1401  depthMap.size=1401
[682866.756769] AA_thread:220  AA_thread adding AA_freq to AA_left_IR_to_Map
[682866.756803] AA_thread:234  AA_thread adding AA_map to multi_to_Map channel 2
[682866.756815] AA_thread:236  AA_thread DONE
[682866.757310] createImageRepresentationAtTime:367  LEFT: adding TS_left to Track ch0 and Map ch0  t=682864.290268
[682866.770373] AA_thread:134  AA_thread START  is_left=1  distance=55913  t=682864.305656
[682866.775934] AA_thread:220  AA_thread adding AA_freq to AA_left_IR_to_Map
[682866.776015] AA_thread:234  AA_thread adding AA_map to multi_to_Map channel 2
[682866.776035] AA_thread:236  AA_thread DONE
[682866.777912] createImageRepresentationAtTime:434  RIGHT: adding TS_right to Map ch1  t=682864.286198
[682866.782175] createImageRepresentationAtTime:367  LEFT: adding TS_left to Track ch0 and Map ch0  t=682864.305656
[682866.804182] createImageRepresentationAtTime:434  RIGHT: adding TS_right to Map ch1  t=682864.305656
[682866.804256] process_mapping_thread:442  multi_to_Map fired -> calling timeSurfaceCallback
[682866.804310] timeSurfaceCallback:989  timeSurfaceCallback  TS_history.size=100  t=682864.290268
[682866.812426] process_mapping_thread:442  multi_to_Map fired -> calling timeSurfaceCallback
[682866.812463] timeSurfaceCallback:989  timeSurfaceCallback  TS_history.size=100  t=682864.305656
[682866.830304] publishMappingResults:1195  publishMappingResults  status=1  dqvDepthPoints.size=5
[682866.830724] AA_thread:134  AA_thread START  is_left=1  distance=3755  t=682864.342846
[682866.831447] publishPointCloud:1287  publishPointCloud  pc_color.size=1618  pc_filtered.size=1618  depthMap.size=1618
[682866.832726] AA_thread:220  AA_thread adding AA_freq to AA_left_IR_to_Map
[682866.832749] AA_thread:234  AA_thread adding AA_map to multi_to_Map channel 2
[682866.832760] AA_thread:236  AA_thread DONE
[682866.839627] createImageRepresentationAtTime:367  LEFT: adding TS_left to Track ch0 and Map ch0  t=682864.342846
[682866.850938] AA_thread:134  AA_thread START  is_left=1  distance=42623  t=682864.359510
[682866.859400] AA_thread:220  AA_thread adding AA_freq to AA_left_IR_to_Map
[682866.859552] AA_thread:234  AA_thread adding AA_map to multi_to_Map channel 2
[682866.859563] AA_thread:236  AA_thread DONE
[682866.861802] createImageRepresentationAtTime:367  LEFT: adding TS_left to Track ch0 and Map ch0  t=682864.359510
[682866.869304] createImageRepresentationAtTime:434  RIGHT: adding TS_right to Map ch1  t=682864.352232
[682866.870171] process_mapping_thread:442  multi_to_Map fired -> calling timeSurfaceCallback
[682866.870233] timeSurfaceCallback:989  timeSurfaceCallback  TS_history.size=100  t=682864.359510
[682866.870401] AA_thread:134  AA_thread START  is_left=1  distance=13034  t=682864.362087
[682866.873881] AA_thread:220  AA_thread adding AA_freq to AA_left_IR_to_Map
[682866.873926] AA_thread:234  AA_thread adding AA_map to multi_to_Map channel 2
[682866.874068] AA_thread:236  AA_thread DONE
[682866.883205] createImageRepresentationAtTime:367  LEFT: adding TS_left to Track ch0 and Map ch0  t=682864.362087
[682866.895901] createImageRepresentationAtTime:434  RIGHT: adding TS_right to Map ch1  t=682864.362087
[682866.895991] process_mapping_thread:442  multi_to_Map fired -> calling timeSurfaceCallback
[682866.896016] timeSurfaceCallback:989  timeSurfaceCallback  TS_history.size=100  t=682864.362087
[682866.899464] publishMappingResults:1195  publishMappingResults  status=1  dqvDepthPoints.size=5
[682866.900724] publishPointCloud:1287  publishPointCloud  pc_color.size=2925  pc_filtered.size=2925  depthMap.size=2925
[682866.911539] AA_thread:134  AA_thread START  is_left=1  distance=1204  t=682864.399078
[682866.913566] AA_thread:220  AA_thread adding AA_freq to AA_left_IR_to_Map
[682866.913614] AA_thread:234  AA_thread adding AA_map to multi_to_Map channel 2
[682866.913628] AA_thread:236  AA_thread DONE
[682866.921937] createImageRepresentationAtTime:367  LEFT: adding TS_left to Track ch0 and Map ch0  t=682864.399078
[682866.930108] AA_thread:134  AA_thread START  is_left=1  distance=32451  t=682864.418515
[682866.935199] AA_thread:220  AA_thread adding AA_freq to AA_left_IR_to_Map
[682866.935531] AA_thread:234  AA_thread adding AA_map to multi_to_Map channel 2
[682866.935554] AA_thread:236  AA_thread DONE
[682866.937605] createImageRepresentationAtTime:434  RIGHT: adding TS_right to Map ch1  t=682864.398918
[682866.938848] createImageRepresentationAtTime:367  LEFT: adding TS_left to Track ch0 and Map ch0  t=682864.418515
[682866.947581] createImageRepresentationAtTime:434  RIGHT: adding TS_right to Map ch1  t=682864.398918
[682866.967989] createImageRepresentationAtTime:434  RIGHT: adding TS_right to Map ch1  t=682864.418515
[682866.968058] process_mapping_thread:442  multi_to_Map fired -> calling timeSurfaceCallback
[682866.968086] timeSurfaceCallback:989  timeSurfaceCallback  TS_history.size=100  t=682864.399078
[682866.974664] process_mapping_thread:442  multi_to_Map fired -> calling timeSurfaceCallback
[682866.974689] timeSurfaceCallback:989  timeSurfaceCallback  TS_history.size=100  t=682864.418515
[682866.981711] AA_thread:134  AA_thread START  is_left=1  distance=11112  t=682864.456446
[682866.983772] AA_thread:220  AA_thread adding AA_freq to AA_left_IR_to_Map
[682866.983823] AA_thread:234  AA_thread adding AA_map to multi_to_Map channel 2
[682866.983834] AA_thread:236  AA_thread DONE
[682866.991162] createImageRepresentationAtTime:367  LEFT: adding TS_left to Track ch0 and Map ch0  t=682864.456446
[682866.996578] publishMappingResults:1195  publishMappingResults  status=1  dqvDepthPoints.size=5
[682866.997326] publishPointCloud:1287  publishPointCloud  pc_color.size=1123  pc_filtered.size=1123  depthMap.size=1123
[682867.003856] AA_thread:134  AA_thread START  is_left=1  distance=37978  t=682864.474946
[682867.007379] AA_thread:220  AA_thread adding AA_freq to AA_left_IR_to_Map
[682867.007433] AA_thread:234  AA_thread adding AA_map to multi_to_Map channel 2
[682867.007444] AA_thread:236  AA_thread DONE
[682867.009979] createImageRepresentationAtTime:434  RIGHT: adding TS_right to Map ch1  t=682864.455619
[682867.014055] createImageRepresentationAtTime:367  LEFT: adding TS_left to Track ch0 and Map ch0  t=682864.474946
[682867.018609] createImageRepresentationAtTime:434  RIGHT: adding TS_right to Map ch1  t=682864.468022
[682867.036964] createImageRepresentationAtTime:434  RIGHT: adding TS_right to Map ch1  t=682864.474946
[682867.041958] process_mapping_thread:442  multi_to_Map fired -> calling timeSurfaceCallback
[682867.042007] timeSurfaceCallback:989  timeSurfaceCallback  TS_history.size=100  t=682864.456446
[682867.048214] process_mapping_thread:442  multi_to_Map fired -> calling timeSurfaceCallback
[682867.048244] timeSurfaceCallback:989  timeSurfaceCallback  TS_history.size=100  t=682864.474946
[682867.050025] AA_thread:134  AA_thread START  is_left=1  distance=19144  t=682864.514745
[682867.053081] AA_thread:220  AA_thread adding AA_freq to AA_left_IR_to_Map
[682867.053129] AA_thread:234  AA_thread adding AA_map to multi_to_Map channel 2
[682867.053140] AA_thread:236  AA_thread DONE
[682867.061286] createImageRepresentationAtTime:367  LEFT: adding TS_left to Track ch0 and Map ch0  t=682864.514745
[682867.064149] publishMappingResults:1195  publishMappingResults  status=1  dqvDepthPoints.size=5
[682867.064756] publishPointCloud:1287  publishPointCloud  pc_color.size=691  pc_filtered.size=691  depthMap.size=691
[682867.070703] AA_thread:134  AA_thread START  is_left=1  distance=12214  t=682864.531377
[682867.072486] AA_thread:220  AA_thread adding AA_freq to AA_left_IR_to_Map
[682867.072534] AA_thread:234  AA_thread adding AA_map to multi_to_Map channel 2
[682867.072544] AA_thread:236  AA_thread DONE
[682867.079067] createImageRepresentationAtTime:434  RIGHT: adding TS_right to Map ch1  t=682864.517358
[682867.081987] createImageRepresentationAtTime:367  LEFT: adding TS_left to Track ch0 and Map ch0  t=682864.531377
[682867.097508] createImageRepresentationAtTime:434  RIGHT: adding TS_right to Map ch1  t=682864.531377
[682867.110515] process_mapping_thread:442  multi_to_Map fired -> calling timeSurfaceCallback
[682867.110542] timeSurfaceCallback:989  timeSurfaceCallback  TS_history.size=100  t=682864.514745
[682867.120293] process_mapping_thread:442  multi_to_Map fired -> calling timeSurfaceCallback
[682867.120325] timeSurfaceCallback:989  timeSurfaceCallback  TS_history.size=100  t=682864.531377
[682867.129674] AA_thread:134  AA_thread START  is_left=1  distance=661  t=682864.569437
[682867.143943] AA_thread:220  AA_thread adding AA_freq to AA_left_IR_to_Map
[682867.143994] AA_thread:234  AA_thread adding AA_map to multi_to_Map channel 2
[682867.144008] AA_thread:236  AA_thread DONE
[682867.145383] createImageRepresentationAtTime:367  LEFT: adding TS_left to Track ch0 and Map ch0  t=682864.569437
[682867.150805] AA_thread:134  AA_thread START  is_left=1  distance=12410  t=682864.587805
[682867.154930] AA_thread:220  AA_thread adding AA_freq to AA_left_IR_to_Map
[682867.155023] AA_thread:234  AA_thread adding AA_map to multi_to_Map channel 2
[682867.155039] AA_thread:236  AA_thread DONE
[682867.161711] createImageRepresentationAtTime:367  LEFT: adding TS_left to Track ch0 and Map ch0  t=682864.587805
[682867.169815] createImageRepresentationAtTime:434  RIGHT: adding TS_right to Map ch1  t=682864.582656
[682867.169926] process_mapping_thread:442  multi_to_Map fired -> calling timeSurfaceCallback
[682867.169944] timeSurfaceCallback:989  timeSurfaceCallback  TS_history.size=100  t=682864.587805
[682867.184524] publishMappingResults:1195  publishMappingResults  status=1  dqvDepthPoints.size=5
[682867.185957] publishPointCloud:1287  publishPointCloud  pc_color.size=1806  pc_filtered.size=1806  depthMap.size=1806
[682867.191150] createImageRepresentationAtTime:434  RIGHT: adding TS_right to Map ch1  t=682864.587805
[682867.199579] AA_thread:134  AA_thread START  is_left=1  distance=28052  t=682864.631196
[682867.202751] AA_thread:220  AA_thread adding AA_freq to AA_left_IR_to_Map
[682867.202865] AA_thread:234  AA_thread adding AA_map to multi_to_Map channel 2
[682867.202884] AA_thread:236  AA_thread DONE
[682867.206972] createImageRepresentationAtTime:367  LEFT: adding TS_left to Track ch0 and Map ch0  t=682864.631196
[682867.208590] AA_thread:134  AA_thread START  is_left=1  distance=114  t=682864.640879
[682867.210918] AA_thread:220  AA_thread adding AA_freq to AA_left_IR_to_Map
[682867.210976] AA_thread:234  AA_thread adding AA_map to multi_to_Map channel 2
[682867.210987] AA_thread:236  AA_thread DONE
[682867.217837] createImageRepresentationAtTime:367  LEFT: adding TS_left to Track ch0 and Map ch0  t=682864.640879
[682867.221194] createImageRepresentationAtTime:434  RIGHT: adding TS_right to Map ch1  t=682864.624943
[682867.232369] AA_thread:134  AA_thread START  is_left=1  distance=12218  t=682864.644236
[682867.236335] AA_thread:220  AA_thread adding AA_freq to AA_left_IR_to_Map
[682867.236397] AA_thread:234  AA_thread adding AA_map to multi_to_Map channel 2
[682867.236410] AA_thread:236  AA_thread DONE
[682867.241661] createImageRepresentationAtTime:434  RIGHT: adding TS_right to Map ch1  t=682864.644236
[682867.242054] process_mapping_thread:442  multi_to_Map fired -> calling timeSurfaceCallback
[682867.242085] timeSurfaceCallback:989  timeSurfaceCallback  TS_history.size=100  t=682864.631196
[682867.244548] createImageRepresentationAtTime:367  LEFT: adding TS_left to Track ch0 and Map ch0  t=682864.644236
[682867.255873] process_mapping_thread:442  multi_to_Map fired -> calling timeSurfaceCallback
[682867.255941] timeSurfaceCallback:989  timeSurfaceCallback  TS_history.size=100  t=682864.644236
[682867.270609] AA_thread:134  AA_thread START  is_left=1  distance=1047  t=682864.683238
[682867.274178] AA_thread:220  AA_thread adding AA_freq to AA_left_IR_to_Map
[682867.274232] AA_thread:234  AA_thread adding AA_map to multi_to_Map channel 2
[682867.274243] AA_thread:236  AA_thread DONE
[682867.279165] createImageRepresentationAtTime:367  LEFT: adding TS_left to Track ch0 and Map ch0  t=682864.683238
[682867.295828] AA_thread:134  AA_thread START  is_left=1  distance=43379  t=682864.700666
[682867.295903] createImageRepresentationAtTime:434  RIGHT: adding TS_right to Map ch1  t=682864.681806
[682867.302211] createImageRepresentationAtTime:367  LEFT: adding TS_left to Track ch0 and Map ch0  t=682864.700666
[682867.302753] AA_thread:220  AA_thread adding AA_freq to AA_left_IR_to_Map
[682867.302860] AA_thread:234  AA_thread adding AA_map to multi_to_Map channel 2
[682867.302871] AA_thread:236  AA_thread DONE
[682867.309802] createImageRepresentationAtTime:434  RIGHT: adding TS_right to Map ch1  t=682864.692216
[682867.309955] process_mapping_thread:442  multi_to_Map fired -> calling timeSurfaceCallback
[682867.309995] timeSurfaceCallback:989  timeSurfaceCallback  TS_history.size=100  t=682864.683238
[682867.322246] publishMappingResults:1195  publishMappingResults  status=1  dqvDepthPoints.size=5
[682867.324209] publishPointCloud:1287  publishPointCloud  pc_color.size=3742  pc_filtered.size=3742  depthMap.size=3742
[682867.329021] createImageRepresentationAtTime:434  RIGHT: adding TS_right to Map ch1  t=682864.700666
[682867.329084] process_mapping_thread:442  multi_to_Map fired -> calling timeSurfaceCallback
[682867.332961] timeSurfaceCallback:989  timeSurfaceCallback  TS_history.size=100  t=682864.700666
[682867.349577] AA_thread:134  AA_thread START  is_left=1  distance=20144  t=682864.747846
[682867.352810] AA_thread:220  AA_thread adding AA_freq to AA_left_IR_to_Map
[682867.352860] AA_thread:234  AA_thread adding AA_map to multi_to_Map channel 2
[682867.352869] AA_thread:236  AA_thread DONE
[682867.359753] createImageRepresentationAtTime:367  LEFT: adding TS_left to Track ch0 and Map ch0  t=682864.747846
[682867.369591] AA_thread:134  AA_thread START  is_left=1  distance=12663  t=682864.757097
[682867.370149] createImageRepresentationAtTime:434  RIGHT: adding TS_right to Map ch1  t=682864.742542
[682867.371437] AA_thread:220  AA_thread adding AA_freq to AA_left_IR_to_Map
[682867.371481] AA_thread:234  AA_thread adding AA_map to multi_to_Map channel 2
[682867.371492] AA_thread:236  AA_thread DONE
[682867.378205] createImageRepresentationAtTime:367  LEFT: adding TS_left to Track ch0 and Map ch0  t=682864.757097
[682867.388038] createImageRepresentationAtTime:434  RIGHT: adding TS_right to Map ch1  t=682864.757097
[682867.388422] process_mapping_thread:442  multi_to_Map fired -> calling timeSurfaceCallback
[682867.388470] timeSurfaceCallback:989  timeSurfaceCallback  TS_history.size=100  t=682864.747846
[682867.399251] process_mapping_thread:442  multi_to_Map fired -> calling timeSurfaceCallback
[682867.399288] timeSurfaceCallback:989  timeSurfaceCallback  TS_history.size=100  t=682864.757097
[682867.424499] AA_thread:134  AA_thread START  is_left=1  distance=33486  t=682864.798643
[682867.425539] publishMappingResults:1195  publishMappingResults  status=1  dqvDepthPoints.size=5
[682867.429092] AA_thread:220  AA_thread adding AA_freq to AA_left_IR_to_Map
[682867.429119] AA_thread:234  AA_thread adding AA_map to multi_to_Map channel 2
[682867.429131] AA_thread:236  AA_thread DONE
[682867.429676] publishPointCloud:1287  publishPointCloud  pc_color.size=3358  pc_filtered.size=3358  depthMap.size=3358
[682867.437249] createImageRepresentationAtTime:367  LEFT: adding TS_left to Track ch0 and Map ch0  t=682864.798643
[682867.440460] AA_thread:134  AA_thread START  is_left=1  distance=8160  t=682864.812839
[682867.443932] AA_thread:220  AA_thread adding AA_freq to AA_left_IR_to_Map
[682867.444000] AA_thread:234  AA_thread adding AA_map to multi_to_Map channel 2
[682867.444011] AA_thread:236  AA_thread DONE
[682867.447253] createImageRepresentationAtTime:367  LEFT: adding TS_left to Track ch0 and Map ch0  t=682864.812839
[682867.449954] createImageRepresentationAtTime:434  RIGHT: adding TS_right to Map ch1  t=682864.801495
[682867.454495] process_mapping_thread:442  multi_to_Map fired -> calling timeSurfaceCallback
[682867.454566] timeSurfaceCallback:989  timeSurfaceCallback  TS_history.size=100  t=682864.798643
[682867.461910] AA_thread:134  AA_thread START  is_left=1  distance=3943  t=682864.813525
[682867.465554] AA_thread:220  AA_thread adding AA_freq to AA_left_IR_to_Map
[682867.465603] AA_thread:234  AA_thread adding AA_map to multi_to_Map channel 2
[682867.465615] AA_thread:236  AA_thread DONE
[682867.472176] createImageRepresentationAtTime:367  LEFT: adding TS_left to Track ch0 and Map ch0  t=682864.813525
[682867.475263] createImageRepresentationAtTime:434  RIGHT: adding TS_right to Map ch1  t=682864.813525
[682867.483626] process_mapping_thread:442  multi_to_Map fired -> calling timeSurfaceCallback
[682867.483657] timeSurfaceCallback:989  timeSurfaceCallback  TS_history.size=100  t=682864.813525
[682867.500837] AA_thread:134  AA_thread START  is_left=1  distance=7300  t=682864.852691
[682867.502884] AA_thread:220  AA_thread adding AA_freq to AA_left_IR_to_Map
[682867.502944] AA_thread:234  AA_thread adding AA_map to multi_to_Map channel 2
[682867.502954] AA_thread:236  AA_thread DONE
[682867.509830] createImageRepresentationAtTime:367  LEFT: adding TS_left to Track ch0 and Map ch0  t=682864.852691
[682867.511202] publishMappingResults:1195  publishMappingResults  status=1  dqvDepthPoints.size=5
[682867.511650] publishPointCloud:1287  publishPointCloud  pc_color.size=564  pc_filtered.size=564  depthMap.size=564
[682867.520547] AA_thread:134  AA_thread START  is_left=1  distance=34540  t=682864.869956
[682867.531359] AA_thread:220  AA_thread adding AA_freq to AA_left_IR_to_Map
[682867.531442] AA_thread:234  AA_thread adding AA_map to multi_to_Map channel 2
[682867.531456] AA_thread:236  AA_thread DONE
[682867.543171] createImageRepresentationAtTime:367  LEFT: adding TS_left to Track ch0 and Map ch0  t=682864.869956
[682867.543782] createImageRepresentationAtTime:434  RIGHT: adding TS_right to Map ch1  t=682864.855188
[682867.544167] process_mapping_thread:442  multi_to_Map fired -> calling timeSurfaceCallback
[682867.544192] timeSurfaceCallback:989  timeSurfaceCallback  TS_history.size=100  t=682864.852691
[682867.562075] createImageRepresentationAtTime:434  RIGHT: adding TS_right to Map ch1  t=682864.869956
[682867.562369] process_mapping_thread:442  multi_to_Map fired -> calling timeSurfaceCallback
[682867.562426] timeSurfaceCallback:989  timeSurfaceCallback  TS_history.size=100  t=682864.869956
[682867.593701] AA_thread:134  AA_thread START  is_left=1  distance=14007  t=682864.910957
[682867.596153] AA_thread:220  AA_thread adding AA_freq to AA_left_IR_to_Map
[682867.596216] AA_thread:234  AA_thread adding AA_map to multi_to_Map channel 2
[682867.596229] AA_thread:236  AA_thread DONE
[682867.606065] createImageRepresentationAtTime:367  LEFT: adding TS_left to Track ch0 and Map ch0  t=682864.910957
[682867.609538] AA_thread:134  AA_thread START  is_left=1  distance=14588  t=682864.926387
[682867.612441] publishMappingResults:1195  publishMappingResults  status=1  dqvDepthPoints.size=5
[682867.612881] AA_thread:220  AA_thread adding AA_freq to AA_left_IR_to_Map
[682867.612931] AA_thread:234  AA_thread adding AA_map to multi_to_Map channel 2
[682867.612943] AA_thread:236  AA_thread DONE
[682867.613384] publishPointCloud:1287  publishPointCloud  pc_color.size=1414  pc_filtered.size=1414  depthMap.size=1414
[682867.617861] createImageRepresentationAtTime:434  RIGHT: adding TS_right to Map ch1  t=682864.912882
[682867.620165] process_mapping_thread:442  multi_to_Map fired -> calling timeSurfaceCallback
[682867.626357] createImageRepresentationAtTime:367  LEFT: adding TS_left to Track ch0 and Map ch0  t=682864.926387
[682867.629759] createImageRepresentationAtTime:434  RIGHT: adding TS_right to Map ch1  t=682864.926387
[682867.634454] timeSurfaceCallback:989  timeSurfaceCallback  TS_history.size=100  t=682864.910957
[682867.634788] createImageRepresentationAtTime:268  createImageRepresentation early-return: vEvents_ empty  is_left=0
[682867.646794] process_mapping_thread:442  multi_to_Map fired -> calling timeSurfaceCallback
[682867.646819] timeSurfaceCallback:989  timeSurfaceCallback  TS_history.size=100  t=682864.926387
[682867.664970] AA_thread:134  AA_thread START  is_left=1  distance=4935  t=682864.963885
[682867.672622] AA_thread:220  AA_thread adding AA_freq to AA_left_IR_to_Map
[682867.672699] AA_thread:234  AA_thread adding AA_map to multi_to_Map channel 2
[682867.673750] AA_thread:236  AA_thread DONE
[682867.681638] createImageRepresentationAtTime:367  LEFT: adding TS_left to Track ch0 and Map ch0  t=682864.963885
[682867.687494] AA_thread:134  AA_thread START  is_left=1  distance=14672  t=682864.982815
[682867.690672] AA_thread:220  AA_thread adding AA_freq to AA_left_IR_to_Map
[682867.691060] AA_thread:234  AA_thread adding AA_map to multi_to_Map channel 2
[682867.691092] AA_thread:236  AA_thread DONE
[682867.695313] createImageRepresentationAtTime:434  RIGHT: adding TS_right to Map ch1  t=682864.963810
[682867.703892] createImageRepresentationAtTime:367  LEFT: adding TS_left to Track ch0 and Map ch0  t=682864.982815
[682867.712110] createImageRepresentationAtTime:434  RIGHT: adding TS_right to Map ch1  t=682864.982815
[682867.713640] process_mapping_thread:442  multi_to_Map fired -> calling timeSurfaceCallback
[682867.713677] timeSurfaceCallback:989  timeSurfaceCallback  TS_history.size=100  t=682864.963885
[682867.754167] process_mapping_thread:442  multi_to_Map fired -> calling timeSurfaceCallback
[682867.754263] timeSurfaceCallback:989  timeSurfaceCallback  TS_history.size=100  t=682864.982815
[682867.763936] AA_thread:134  AA_thread START  is_left=1  distance=36288  t=682865.024654
[682867.779446] AA_thread:220  AA_thread adding AA_freq to AA_left_IR_to_Map
[682867.779546] AA_thread:234  AA_thread adding AA_map to multi_to_Map channel 2
[682867.781245] AA_thread:236  AA_thread DONE
[682867.789181] createImageRepresentationAtTime:367  LEFT: adding TS_left to Track ch0 and Map ch0  t=682865.024654
[682867.809719] createImageRepresentationAtTime:434  RIGHT: adding TS_right to Map ch1  t=682865.032807
[682867.841798] AA_thread:134  AA_thread START  is_left=1  distance=14314  t=682865.039246
[682867.853140] AA_thread:220  AA_thread adding AA_freq to AA_left_IR_to_Map
[682867.853208] AA_thread:234  AA_thread adding AA_map to multi_to_Map channel 2
[682867.853220] AA_thread:236  AA_thread DONE
[682867.870366] publishMappingResults:1195  publishMappingResults  status=1  dqvDepthPoints.size=5
[682867.891448] publishPointCloud:1287  publishPointCloud  pc_color.size=4809  pc_filtered.size=4809  depthMap.size=4809
[682867.922788] createImageRepresentationAtTime:434  RIGHT: adding TS_right to Map ch1  t=682865.039246
[682867.946745] createImageRepresentationAtTime:367  LEFT: adding TS_left to Track ch0 and Map ch0  t=682865.039246
[682867.948226] process_mapping_thread:442  multi_to_Map fired -> calling timeSurfaceCallback
[682868.029761] createImageRepresentationAtTime:434  RIGHT: adding TS_right to Map ch1  t=682865.095676
[682868.029871] AA_thread:134  AA_thread START  is_left=1  distance=23415  t=682865.152107
[682868.039966] AA_thread:220  AA_thread adding AA_freq to AA_left_IR_to_Map
[682868.040051] AA_thread:234  AA_thread adding AA_map to multi_to_Map channel 2
[682868.040091] AA_thread:236  AA_thread DONE
[682868.050870] createImageRepresentationAtTime:367  LEFT: adding TS_left to Track ch0 and Map ch0  t=682865.152107
[682868.071140] timeSurfaceCallback:989  timeSurfaceCallback  TS_history.size=100  t=682865.039246
[682868.095495] createImageRepresentationAtTime:434  RIGHT: adding TS_right to Map ch1  t=682865.150106
[682868.102560] AA_thread:134  AA_thread START  is_left=1  distance=15867  t=682865.196637
[682868.113186] AA_thread:220  AA_thread adding AA_freq to AA_left_IR_to_Map
[682868.113242] AA_thread:234  AA_thread adding AA_map to multi_to_Map channel 2
[682868.113252] AA_thread:236  AA_thread DONE
[682868.119165] createImageRepresentationAtTime:434  RIGHT: adding TS_right to Map ch1  t=682865.152099
[682868.128441] createImageRepresentationAtTime:367  LEFT: adding TS_left to Track ch0 and Map ch0  t=682865.196637
[682868.135566] createImageRepresentationAtTime:434  RIGHT: adding TS_right to Map ch1  t=682865.208535
[682868.135701] process_mapping_thread:442  multi_to_Map fired -> calling timeSurfaceCallback
[682868.135744] timeSurfaceCallback:989  timeSurfaceCallback  TS_history.size=100  t=682865.152107
[682868.140509] AA_thread:134  AA_thread START  is_left=1  distance=18069  t=682865.208535
[682868.143212] AA_thread:220  AA_thread adding AA_freq to AA_left_IR_to_Map
[682868.143299] AA_thread:234  AA_thread adding AA_map to multi_to_Map channel 2
[682868.143319] AA_thread:236  AA_thread DONE
[682868.184782] createImageRepresentationAtTime:367  LEFT: adding TS_left to Track ch0 and Map ch0  t=682865.208535
[682868.185653] process_mapping_thread:442  multi_to_Map fired -> calling timeSurfaceCallback
[682868.185712] timeSurfaceCallback:989  timeSurfaceCallback  TS_history.size=100  t=682865.208535
[682868.191029] AA_thread:134  AA_thread START  is_left=1  distance=25349  t=682865.248144
[682868.202163] AA_thread:220  AA_thread adding AA_freq to AA_left_IR_to_Map
[682868.202226] AA_thread:234  AA_thread adding AA_map to multi_to_Map channel 2
[682868.202327] AA_thread:236  AA_thread DONE
[682868.217734] createImageRepresentationAtTime:367  LEFT: adding TS_left to Track ch0 and Map ch0  t=682865.248144
[682868.220833] AA_thread:134  AA_thread START  is_left=1  distance=0  t=682865.248144
[682868.223647] AA_thread:220  AA_thread adding AA_freq to AA_left_IR_to_Map
[682868.223741] AA_thread:234  AA_thread adding AA_map to multi_to_Map channel 2
[682868.223754] AA_thread:236  AA_thread DONE
[682868.227833] createImageRepresentationAtTime:367  LEFT: adding TS_left to Track ch0 and Map ch0  t=682865.248144
[682868.229904] createImageRepresentationAtTime:434  RIGHT: adding TS_right to Map ch1  t=682865.250259
[682868.239774] AA_thread:134  AA_thread START  is_left=1  distance=14992  t=682865.264966
[682868.241707] publishMappingResults:1195  publishMappingResults  status=1  dqvDepthPoints.size=5
[682868.243057] AA_thread:220  AA_thread adding AA_freq to AA_left_IR_to_Map
[682868.243128] AA_thread:234  AA_thread adding AA_map to multi_to_Map channel 2
[682868.243139] AA_thread:236  AA_thread DONE
[682868.244822] publishPointCloud:1287  publishPointCloud  pc_color.size=3743  pc_filtered.size=3743  depthMap.size=3743
[682868.252218] createImageRepresentationAtTime:367  LEFT: adding TS_left to Track ch0 and Map ch0  t=682865.264966
[682868.254574] createImageRepresentationAtTime:434  RIGHT: adding TS_right to Map ch1  t=682865.264966
[682868.266249] process_mapping_thread:442  multi_to_Map fired -> calling timeSurfaceCallback
[682868.266908] timeSurfaceCallback:989  timeSurfaceCallback  TS_history.size=100  t=682865.248144
[682868.279132] AA_thread:134  AA_thread START  is_left=1  distance=6979  t=682865.304339
[682868.287294] AA_thread:220  AA_thread adding AA_freq to AA_left_IR_to_Map
[682868.287365] AA_thread:234  AA_thread adding AA_map to multi_to_Map channel 2
[682868.287376] AA_thread:236  AA_thread DONE
[682868.288176] createImageRepresentationAtTime:367  LEFT: adding TS_left to Track ch0 and Map ch0  t=682865.304339
[682868.292040] process_mapping_thread:442  multi_to_Map fired -> calling timeSurfaceCallback
[682868.292068] timeSurfaceCallback:989  timeSurfaceCallback  TS_history.size=100  t=682865.264966
[682868.308909] AA_thread:134  AA_thread START  is_left=1  distance=16594  t=682865.321397
[682868.314949] AA_thread:220  AA_thread adding AA_freq to AA_left_IR_to_Map
[682868.315072] AA_thread:234  AA_thread adding AA_map to multi_to_Map channel 2
[682868.315087] AA_thread:236  AA_thread DONE
[682868.316914] createImageRepresentationAtTime:434  RIGHT: adding TS_right to Map ch1  t=682865.311265
[682868.318031] createImageRepresentationAtTime:367  LEFT: adding TS_left to Track ch0 and Map ch0  t=682865.321397
[682868.318811] process_mapping_thread:442  multi_to_Map fired -> calling timeSurfaceCallback
[682868.318863] timeSurfaceCallback:989  timeSurfaceCallback  TS_history.size=100  t=682865.304339
[682868.332257] createImageRepresentationAtTime:434  RIGHT: adding TS_right to Map ch1  t=682865.321397
[682868.339274] process_mapping_thread:442  multi_to_Map fired -> calling timeSurfaceCallback
[682868.339315] timeSurfaceCallback:989  timeSurfaceCallback  TS_history.size=100  t=682865.321397
[682868.355732] publishMappingResults:1195  publishMappingResults  status=1  dqvDepthPoints.size=5
[682868.358094] publishPointCloud:1287  publishPointCloud  pc_color.size=2313  pc_filtered.size=2313  depthMap.size=2313
[682868.359507] AA_thread:134  AA_thread START  is_left=1  distance=25048  t=682865.361128
[682868.363343] AA_thread:220  AA_thread adding AA_freq to AA_left_IR_to_Map
[682868.363390] AA_thread:234  AA_thread adding AA_map to multi_to_Map channel 2
[682868.363402] AA_thread:236  AA_thread DONE
[682868.368800] createImageRepresentationAtTime:367  LEFT: adding TS_left to Track ch0 and Map ch0  t=682865.361128
[682868.371841] AA_thread:134  AA_thread START  is_left=1  distance=3341  t=682865.369908
[682868.379324] AA_thread:220  AA_thread adding AA_freq to AA_left_IR_to_Map
[682868.379373] AA_thread:234  AA_thread adding AA_map to multi_to_Map channel 2
[682868.379386] AA_thread:236  AA_thread DONE
[682868.391317] createImageRepresentationAtTime:434  RIGHT: adding TS_right to Map ch1  t=682865.361507
[682868.391819] process_mapping_thread:442  multi_to_Map fired -> calling timeSurfaceCallback
[682868.391840] timeSurfaceCallback:989  timeSurfaceCallback  TS_history.size=100  t=682865.361128
[682868.397196] createImageRepresentationAtTime:367  LEFT: adding TS_left to Track ch0 and Map ch0  t=682865.369908
[682868.409998] createImageRepresentationAtTime:434  RIGHT: adding TS_right to Map ch1  t=682865.377825
[682868.419964] AA_thread:134  AA_thread START  is_left=1  distance=16560  t=682865.377825
[682868.422491] AA_thread:220  AA_thread adding AA_freq to AA_left_IR_to_Map
[682868.422543] AA_thread:234  AA_thread adding AA_map to multi_to_Map channel 2
[682868.422557] AA_thread:236  AA_thread DONE
[682868.428760] createImageRepresentationAtTime:367  LEFT: adding TS_left to Track ch0 and Map ch0  t=682865.377825
[682868.430270] process_mapping_thread:442  multi_to_Map fired -> calling timeSurfaceCallback
[682868.430345] timeSurfaceCallback:989  timeSurfaceCallback  TS_history.size=100  t=682865.377825
[682868.450257] AA_thread:134  AA_thread START  is_left=1  distance=33848  t=682865.418842
[682868.455057] AA_thread:220  AA_thread adding AA_freq to AA_left_IR_to_Map
[682868.455121] AA_thread:234  AA_thread adding AA_map to multi_to_Map channel 2
[682868.455132] AA_thread:236  AA_thread DONE
[682868.464793] createImageRepresentationAtTime:367  LEFT: adding TS_left to Track ch0 and Map ch0  t=682865.418842
[682868.475438] AA_thread:134  AA_thread START  is_left=1  distance=15629  t=682865.434256
[682868.479010] createImageRepresentationAtTime:434  RIGHT: adding TS_right to Map ch1  t=682865.416919
[682868.480387] AA_thread:220  AA_thread adding AA_freq to AA_left_IR_to_Map
[682868.480415] AA_thread:234  AA_thread adding AA_map to multi_to_Map channel 2
[682868.480428] AA_thread:236  AA_thread DONE
[682868.485748] createImageRepresentationAtTime:367  LEFT: adding TS_left to Track ch0 and Map ch0  t=682865.434256
[682868.487612] publishMappingResults:1195  publishMappingResults  status=1  dqvDepthPoints.size=5
[682868.488824] publishPointCloud:1287  publishPointCloud  pc_color.size=2309  pc_filtered.size=2309  depthMap.size=2309
[682868.502693] createImageRepresentationAtTime:434  RIGHT: adding TS_right to Map ch1  t=682865.434256
[682868.502945] process_mapping_thread:442  multi_to_Map fired -> calling timeSurfaceCallback
[682868.508567] timeSurfaceCallback:989  timeSurfaceCallback  TS_history.size=100  t=682865.418842
[682868.531468] process_mapping_thread:442  multi_to_Map fired -> calling timeSurfaceCallback
[682868.531521] timeSurfaceCallback:989  timeSurfaceCallback  TS_history.size=100  t=682865.434256
[682868.551688] AA_thread:134  AA_thread START  is_left=1  distance=387  t=682865.479361
[682868.570428] createImageRepresentationAtTime:367  LEFT: adding TS_left to Track ch0 and Map ch0  t=682865.479361
[682868.570811] AA_thread:220  AA_thread adding AA_freq to AA_left_IR_to_Map
[682868.570846] AA_thread:234  AA_thread adding AA_map to multi_to_Map channel 2
[682868.570859] AA_thread:236  AA_thread DONE
[682868.584822] createImageRepresentationAtTime:434  RIGHT: adding TS_right to Map ch1  t=682865.478515
[682868.586259] AA_thread:134  AA_thread START  is_left=1  distance=14401  t=682865.490686
[682868.593816] AA_thread:220  AA_thread adding AA_freq to AA_left_IR_to_Map
[682868.593889] AA_thread:234  AA_thread adding AA_map to multi_to_Map channel 2
[682868.593910] AA_thread:236  AA_thread DONE
[682868.608145] createImageRepresentationAtTime:367  LEFT: adding TS_left to Track ch0 and Map ch0  t=682865.490686
[682868.610526] createImageRepresentationAtTime:434  RIGHT: adding TS_right to Map ch1  t=682865.490686
[682868.610668] process_mapping_thread:442  multi_to_Map fired -> calling timeSurfaceCallback
[682868.610725] timeSurfaceCallback:989  timeSurfaceCallback  TS_history.size=100  t=682865.479361
[682868.613981] publishMappingResults:1195  publishMappingResults  status=1  dqvDepthPoints.size=5
[682868.617002] publishPointCloud:1287  publishPointCloud  pc_color.size=2369  pc_filtered.size=2369  depthMap.size=2369
[682868.628056] AA_thread:134  AA_thread START  is_left=1  distance=1718  t=682865.528247
[682868.635889] AA_thread:220  AA_thread adding AA_freq to AA_left_IR_to_Map
[682868.635935] AA_thread:234  AA_thread adding AA_map to multi_to_Map channel 2
[682868.636578] AA_thread:236  AA_thread DONE
[682868.642653] createImageRepresentationAtTime:367  LEFT: adding TS_left to Track ch0 and Map ch0  t=682865.528247
[682868.657096] AA_thread:134  AA_thread START  is_left=1  distance=15399  t=682865.547117
[682868.661036] AA_thread:220  AA_thread adding AA_freq to AA_left_IR_to_Map
[682868.661108] AA_thread:234  AA_thread adding AA_map to multi_to_Map channel 2
[682868.661119] AA_thread:236  AA_thread DONE
[682868.661525] process_mapping_thread:442  multi_to_Map fired -> calling timeSurfaceCallback
[682868.671037] createImageRepresentationAtTime:367  LEFT: adding TS_left to Track ch0 and Map ch0  t=682865.547117
[682868.671922] createImageRepresentationAtTime:434  RIGHT: adding TS_right to Map ch1  t=682865.539216
[682868.701453] createImageRepresentationAtTime:434  RIGHT: adding TS_right to Map ch1  t=682865.547117
[682868.701822] timeSurfaceCallback:989  timeSurfaceCallback  TS_history.size=100  t=682865.490686
[682868.717348] process_mapping_thread:442  multi_to_Map fired -> calling timeSurfaceCallback
[682868.717394] timeSurfaceCallback:989  timeSurfaceCallback  TS_history.size=100  t=682865.547117
[682868.723374] AA_thread:134  AA_thread START  is_left=1  distance=1986  t=682865.588958
[682868.725580] createImageRepresentationAtTime:367  LEFT: adding TS_left to Track ch0 and Map ch0  t=682865.588958
[682868.733057] AA_thread:220  AA_thread adding AA_freq to AA_left_IR_to_Map
[682868.733246] AA_thread:234  AA_thread adding AA_map to multi_to_Map channel 2
[682868.733268] AA_thread:236  AA_thread DONE
[682868.750527] AA_thread:134  AA_thread START  is_left=1  distance=15331  t=682865.603545
[682868.755866] AA_thread:220  AA_thread adding AA_freq to AA_left_IR_to_Map
[682868.755930] AA_thread:234  AA_thread adding AA_map to multi_to_Map channel 2
[682868.755941] AA_thread:236  AA_thread DONE
[682868.761177] createImageRepresentationAtTime:434  RIGHT: adding TS_right to Map ch1  t=682865.583954
[682868.762522] createImageRepresentationAtTime:367  LEFT: adding TS_left to Track ch0 and Map ch0  t=682865.603545
[682868.780194] createImageRepresentationAtTime:434  RIGHT: adding TS_right to Map ch1  t=682865.603545
[682868.782829] process_mapping_thread:442  multi_to_Map fired -> calling timeSurfaceCallback
[682868.782885] timeSurfaceCallback:989  timeSurfaceCallback  TS_history.size=100  t=682865.588958
[682868.796467] AA_thread:134  AA_thread START  is_left=1  distance=22530  t=682865.645726
[682868.799331] process_mapping_thread:442  multi_to_Map fired -> calling timeSurfaceCallback
[682868.799360] timeSurfaceCallback:989  timeSurfaceCallback  TS_history.size=100  t=682865.603545
[682868.800010] AA_thread:220  AA_thread adding AA_freq to AA_left_IR_to_Map
[682868.800070] AA_thread:234  AA_thread adding AA_map to multi_to_Map channel 2
[682868.800088] AA_thread:236  AA_thread DONE
[682868.813637] createImageRepresentationAtTime:367  LEFT: adding TS_left to Track ch0 and Map ch0  t=682865.645726
[682868.815682] AA_thread:134  AA_thread START  is_left=1  distance=3735  t=682865.658637
[682868.818199] createImageRepresentationAtTime:434  RIGHT: adding TS_right to Map ch1  t=682865.640612
[682868.823211] AA_thread:220  AA_thread adding AA_freq to AA_left_IR_to_Map
[682868.823284] AA_thread:234  AA_thread adding AA_map to multi_to_Map channel 2
[682868.823295] AA_thread:236  AA_thread DONE
[682868.855556] createImageRepresentationAtTime:367  LEFT: adding TS_left to Track ch0 and Map ch0  t=682865.658637
[682868.856372] createImageRepresentationAtTime:434  RIGHT: adding TS_right to Map ch1  t=682865.659976
[682868.856472] process_mapping_thread:442  multi_to_Map fired -> calling timeSurfaceCallback
[682868.856488] timeSurfaceCallback:989  timeSurfaceCallback  TS_history.size=100  t=682865.645726
[682868.871566] AA_thread:134  AA_thread START  is_left=1  distance=1445  t=682865.658864
[682868.873957] AA_thread:220  AA_thread adding AA_freq to AA_left_IR_to_Map
[682868.874086] AA_thread:234  AA_thread adding AA_map to multi_to_Map channel 2
[682868.874158] AA_thread:236  AA_thread DONE
[682868.895220] createImageRepresentationAtTime:367  LEFT: adding TS_left to Track ch0 and Map ch0  t=682865.658864
[682868.913418] createImageRepresentationAtTime:434  RIGHT: adding TS_right to Map ch1  t=682865.702339
[682868.922833] AA_thread:134  AA_thread START  is_left=1  distance=14705  t=682865.716407
[682868.938571] AA_thread:220  AA_thread adding AA_freq to AA_left_IR_to_Map
[682868.938663] AA_thread:234  AA_thread adding AA_map to multi_to_Map channel 2
[682868.938686] AA_thread:236  AA_thread DONE
[682868.942065] createImageRepresentationAtTime:434  RIGHT: adding TS_right to Map ch1  t=682865.716407
[682868.945417] createImageRepresentationAtTime:367  LEFT: adding TS_left to Track ch0 and Map ch0  t=682865.716407
[682868.945646] process_mapping_thread:442  multi_to_Map fired -> calling timeSurfaceCallback
[682868.945698] timeSurfaceCallback:989  timeSurfaceCallback  TS_history.size=100  t=682865.658864
[682868.959601] process_mapping_thread:442  multi_to_Map fired -> calling timeSurfaceCallback
[682868.959660] timeSurfaceCallback:989  timeSurfaceCallback  TS_history.size=100  t=682865.716407
[682868.963304] AA_thread:134  AA_thread START  is_left=1  distance=27373  t=682865.761192
[682868.967561] AA_thread:220  AA_thread adding AA_freq to AA_left_IR_to_Map
[682868.967768] AA_thread:234  AA_thread adding AA_map to multi_to_Map channel 2
[682868.967994] AA_thread:236  AA_thread DONE
[682868.994089] createImageRepresentationAtTime:367  LEFT: adding TS_left to Track ch0 and Map ch0  t=682865.761192
[682869.003513] createImageRepresentationAtTime:434  RIGHT: adding TS_right to Map ch1  t=682865.755984
[682869.004751] AA_thread:134  AA_thread START  is_left=1  distance=14184  t=682865.772835
[682869.009435] AA_thread:220  AA_thread adding AA_freq to AA_left_IR_to_Map
[682869.009500] AA_thread:234  AA_thread adding AA_map to multi_to_Map channel 2
[682869.009512] AA_thread:236  AA_thread DONE
[682869.062418] createImageRepresentationAtTime:367  LEFT: adding TS_left to Track ch0 and Map ch0  t=682865.772835
[682869.063464] createImageRepresentationAtTime:434  RIGHT: adding TS_right to Map ch1  t=682865.772835
[682869.063585] process_mapping_thread:442  multi_to_Map fired -> calling timeSurfaceCallback
[682869.063656] timeSurfaceCallback:989  timeSurfaceCallback  TS_history.size=100  t=682865.761192
[682869.073445] publishMappingResults:1195  publishMappingResults  status=1  dqvDepthPoints.size=5
[682869.073753] process_mapping_thread:442  multi_to_Map fired -> calling timeSurfaceCallback
[682869.077280] publishPointCloud:1287  publishPointCloud  pc_color.size=3856  pc_filtered.size=3856  depthMap.size=3856
[682869.080537] AA_thread:134  AA_thread START  is_left=1  distance=21778  t=682865.812310
[682869.091600] AA_thread:220  AA_thread adding AA_freq to AA_left_IR_to_Map
[682869.091662] AA_thread:234  AA_thread adding AA_map to multi_to_Map channel 2
[682869.091680] AA_thread:236  AA_thread DONE
[682869.103114] createImageRepresentationAtTime:367  LEFT: adding TS_left to Track ch0 and Map ch0  t=682865.812310
[682869.113955] AA_thread:134  AA_thread START  is_left=1  distance=14553  t=682865.829266
[682869.122715] AA_thread:220  AA_thread adding AA_freq to AA_left_IR_to_Map
[682869.122753] AA_thread:234  AA_thread adding AA_map to multi_to_Map channel 2
[682869.122765] AA_thread:236  AA_thread DONE
[682869.127404] createImageRepresentationAtTime:434  RIGHT: adding TS_right to Map ch1  t=682865.816564
[682869.160369] createImageRepresentationAtTime:367  LEFT: adding TS_left to Track ch0 and Map ch0  t=682865.829266
[682869.164538] AA_thread:134  AA_thread START  is_left=1  distance=620  t=682865.870195
[682869.173959] AA_thread:220  AA_thread adding AA_freq to AA_left_IR_to_Map
[682869.174003] AA_thread:234  AA_thread adding AA_map to multi_to_Map channel 2
[682869.174014] AA_thread:236  AA_thread DONE
[682869.174061] timeSurfaceCallback:989  timeSurfaceCallback  TS_history.size=100  t=682865.772835
[682869.203298] createImageRepresentationAtTime:434  RIGHT: adding TS_right to Map ch1  t=682865.827691
[682869.203688] createImageRepresentationAtTime:367  LEFT: adding TS_left to Track ch0 and Map ch0  t=682865.870195
[682869.300916] AA_thread:134  AA_thread START  is_left=1  distance=13926  t=682865.885696
[682869.313024] AA_thread:220  AA_thread adding AA_freq to AA_left_IR_to_Map
[682869.313062] AA_thread:234  AA_thread adding AA_map to multi_to_Map channel 2
[682869.313090] AA_thread:236  AA_thread DONE
[682869.450429] process_mapping_thread:442  multi_to_Map fired -> calling timeSurfaceCallback
[682869.450509] timeSurfaceCallback:989  timeSurfaceCallback  TS_history.size=100  t=682865.812310
[682869.599338] createImageRepresentationAtTime:434  RIGHT: adding TS_right to Map ch1  t=682865.885696
[682869.606749] createImageRepresentationAtTime:367  LEFT: adding TS_left to Track ch0 and Map ch0  t=682865.885696
[682869.671992] AA_thread:134  AA_thread START  is_left=1  distance=3082  t=682866.038762
[682869.673659] AA_thread:220  AA_thread adding AA_freq to AA_left_IR_to_Map
[682869.673726] AA_thread:234  AA_thread adding AA_map to multi_to_Map channel 2
[682869.673737] AA_thread:236  AA_thread DONE
[682869.690601] createImageRepresentationAtTime:434  RIGHT: adding TS_right to Map ch1  t=682865.998556
[682869.716173] createImageRepresentationAtTime:367  LEFT: adding TS_left to Track ch0 and Map ch0  t=682866.038762
[682869.718599] process_mapping_thread:442  multi_to_Map fired -> calling timeSurfaceCallback
[682869.718656] timeSurfaceCallback:989  timeSurfaceCallback  TS_history.size=100  t=682865.829266
[682869.719815] createImageRepresentationAtTime:434  RIGHT: adding TS_right to Map ch1  t=682866.054986
[682869.721229] AA_thread:134  AA_thread START  is_left=1  distance=16034  t=682866.111417
[682869.733407] createImageRepresentationAtTime:367  LEFT: adding TS_left to Track ch0 and Map ch0  t=682866.111417
[682869.733896] AA_thread:220  AA_thread adding AA_freq to AA_left_IR_to_Map
[682869.733978] AA_thread:234  AA_thread adding AA_map to multi_to_Map channel 2
[682869.733993] AA_thread:236  AA_thread DONE
[682869.762129] createImageRepresentationAtTime:434  RIGHT: adding TS_right to Map ch1  t=682866.110182
[682869.769522] process_mapping_thread:442  multi_to_Map fired -> calling timeSurfaceCallback
[682869.769660] timeSurfaceCallback:989  timeSurfaceCallback  TS_history.size=100  t=682865.885696
[682869.787767] createImageRepresentationAtTime:434  RIGHT: adding TS_right to Map ch1  t=682866.111417
[682869.790865] AA_thread:134  AA_thread START  is_left=1  distance=19209  t=682866.151791
[682869.796635] AA_thread:220  AA_thread adding AA_freq to AA_left_IR_to_Map
[682869.796750] AA_thread:234  AA_thread adding AA_map to multi_to_Map channel 2
[682869.796769] AA_thread:236  AA_thread DONE
[682869.805574] process_mapping_thread:442  multi_to_Map fired -> calling timeSurfaceCallback
[682869.805625] timeSurfaceCallback:989  timeSurfaceCallback  TS_history.size=100  t=682866.038762
[682869.809669] createImageRepresentationAtTime:367  LEFT: adding TS_left to Track ch0 and Map ch0  t=682866.151791
[682869.816512] publishMappingResults:1195  publishMappingResults  status=1  dqvDepthPoints.size=5
[682869.816858] createImageRepresentationAtTime:434  RIGHT: adding TS_right to Map ch1  t=682866.154339
[682869.842581] publishPointCloud:1287  publishPointCloud  pc_color.size=4114  pc_filtered.size=4114  depthMap.size=4114
[682869.855606] AA_thread:134  AA_thread START  is_left=1  distance=15164  t=682866.167845
[682869.870305] AA_thread:220  AA_thread adding AA_freq to AA_left_IR_to_Map
[682869.870375] AA_thread:234  AA_thread adding AA_map to multi_to_Map channel 2
[682869.870392] AA_thread:236  AA_thread DONE
[682869.896466] createImageRepresentationAtTime:434  RIGHT: adding TS_right to Map ch1  t=682866.167845
[682869.923602] process_mapping_thread:442  multi_to_Map fired -> calling timeSurfaceCallback
[682869.923677] timeSurfaceCallback:989  timeSurfaceCallback  TS_history.size=100  t=682866.111417
[682869.923810] createImageRepresentationAtTime:367  LEFT: adding TS_left to Track ch0 and Map ch0  t=682866.167845
[682869.939717] createImageRepresentationAtTime:434  RIGHT: adding TS_right to Map ch1  t=682866.214282
[682869.940679] AA_thread:134  AA_thread START  is_left=1  distance=13606  t=682866.224276
[682869.950500] AA_thread:220  AA_thread adding AA_freq to AA_left_IR_to_Map
[682869.950550] AA_thread:234  AA_thread adding AA_map to multi_to_Map channel 2
[682869.950561] AA_thread:236  AA_thread DONE
[682869.953463] process_mapping_thread:442  multi_to_Map fired -> calling timeSurfaceCallback
[682869.953527] timeSurfaceCallback:989  timeSurfaceCallback  TS_history.size=100  t=682866.151791
[682869.954799] createImageRepresentationAtTime:367  LEFT: adding TS_left to Track ch0 and Map ch0  t=682866.224276
[682869.964584] createImageRepresentationAtTime:434  RIGHT: adding TS_right to Map ch1  t=682866.224276
[682869.975807] process_mapping_thread:442  multi_to_Map fired -> calling timeSurfaceCallback
[682869.975862] timeSurfaceCallback:989  timeSurfaceCallback  TS_history.size=100  t=682866.167845
[682869.976120] AA_thread:134  AA_thread START  is_left=1  distance=30713  t=682866.268179
[682869.982974] AA_thread:220  AA_thread adding AA_freq to AA_left_IR_to_Map
[682869.983036] AA_thread:234  AA_thread adding AA_map to multi_to_Map channel 2
[682869.983047] AA_thread:236  AA_thread DONE
[682870.007127] createImageRepresentationAtTime:367  LEFT: adding TS_left to Track ch0 and Map ch0  t=682866.268179
[682870.009878] AA_thread:134  AA_thread START  is_left=1  distance=11841  t=682866.280706
[682870.015038] AA_thread:220  AA_thread adding AA_freq to AA_left_IR_to_Map
[682870.015125] AA_thread:234  AA_thread adding AA_map to multi_to_Map channel 2
[682870.015139] AA_thread:236  AA_thread DONE
[682870.026126] createImageRepresentationAtTime:434  RIGHT: adding TS_right to Map ch1  t=682866.264566
[682870.033882] createImageRepresentationAtTime:367  LEFT: adding TS_left to Track ch0 and Map ch0  t=682866.280706
[682870.043379] createImageRepresentationAtTime:434  RIGHT: adding TS_right to Map ch1  t=682866.280706
[682870.045801] createImageRepresentationAtTime:268  createImageRepresentation early-return: vEvents_ empty  is_left=1
[682870.047559] process_mapping_thread:442  multi_to_Map fired -> calling timeSurfaceCallback
[682870.060587] AA_thread:134  AA_thread START  is_left=1  distance=8060  t=682866.328994
[682870.066512] AA_thread:220  AA_thread adding AA_freq to AA_left_IR_to_Map
[682870.066647] AA_thread:234  AA_thread adding AA_map to multi_to_Map channel 2
[682870.066710] AA_thread:236  AA_thread DONE
[682870.074286] createImageRepresentationAtTime:367  LEFT: adding TS_left to Track ch0 and Map ch0  t=682866.328994
[682870.096203] createImageRepresentationAtTime:434  RIGHT: adding TS_right to Map ch1  t=682866.322058
[682870.106249] AA_thread:134  AA_thread START  is_left=1  distance=12090  t=682866.337135
[682870.111889] timeSurfaceCallback:989  timeSurfaceCallback  TS_history.size=100  t=682866.224276
[682870.112410] createImageRepresentationAtTime:434  RIGHT: adding TS_right to Map ch1  t=682866.337135
[682870.114526] AA_thread:220  AA_thread adding AA_freq to AA_left_IR_to_Map
[682870.114618] AA_thread:234  AA_thread adding AA_map to multi_to_Map channel 2
[682870.114630] AA_thread:236  AA_thread DONE
[682870.122346] createImageRepresentationAtTime:367  LEFT: adding TS_left to Track ch0 and Map ch0  t=682866.337135
[682870.133038] AA_thread:134  AA_thread START  is_left=1  distance=13515  t=682866.383917
[682870.142005] AA_thread:220  AA_thread adding AA_freq to AA_left_IR_to_Map
[682870.142058] AA_thread:234  AA_thread adding AA_map to multi_to_Map channel 2
[682870.142070] AA_thread:236  AA_thread DONE
[682870.197674] createImageRepresentationAtTime:367  LEFT: adding TS_left to Track ch0 and Map ch0  t=682866.383917
[682870.203818] createImageRepresentationAtTime:434  RIGHT: adding TS_right to Map ch1  t=682866.382304
[682870.216289] process_mapping_thread:442  multi_to_Map fired -> calling timeSurfaceCallback
[682870.216358] timeSurfaceCallback:989  timeSurfaceCallback  TS_history.size=100  t=682866.268179
[682870.224451] AA_thread:134  AA_thread START  is_left=1  distance=13587  t=682866.435056
[682870.235875] AA_thread:220  AA_thread adding AA_freq to AA_left_IR_to_Map
[682870.235919] AA_thread:234  AA_thread adding AA_map to multi_to_Map channel 2
[682870.235930] AA_thread:236  AA_thread DONE
[682870.244212] createImageRepresentationAtTime:367  LEFT: adding TS_left to Track ch0 and Map ch0  t=682866.435056
[682870.248938] createImageRepresentationAtTime:434  RIGHT: adding TS_right to Map ch1  t=682866.393566
[682870.255354] AA_thread:134  AA_thread START  is_left=1  distance=12640  t=682866.449996
[682870.260008] AA_thread:220  AA_thread adding AA_freq to AA_left_IR_to_Map
[682870.260095] AA_thread:234  AA_thread adding AA_map to multi_to_Map channel 2
[682870.260168] AA_thread:236  AA_thread DONE
[682870.261560] process_mapping_thread:442  multi_to_Map fired -> calling timeSurfaceCallback
[682870.261697] timeSurfaceCallback:989  timeSurfaceCallback  TS_history.size=100  t=682866.280706
[682870.270584] createImageRepresentationAtTime:367  LEFT: adding TS_left to Track ch0 and Map ch0  t=682866.449996
[682870.276212] publishMappingResults:1195  publishMappingResults  status=1  dqvDepthPoints.size=5
[682870.278410] publishPointCloud:1287  publishPointCloud  pc_color.size=2098  pc_filtered.size=2098  depthMap.size=2098
[682870.281425] createImageRepresentationAtTime:434  RIGHT: adding TS_right to Map ch1  t=682866.449996
[682870.290005] AA_thread:134  AA_thread START  is_left=1  distance=9719  t=682866.491894
[682870.292071] AA_thread:220  AA_thread adding AA_freq to AA_left_IR_to_Map
[682870.292113] AA_thread:234  AA_thread adding AA_map to multi_to_Map channel 2
[682870.292123] AA_thread:236  AA_thread DONE
[682870.304779] createImageRepresentationAtTime:367  LEFT: adding TS_left to Track ch0 and Map ch0  t=682866.491894
[682870.312372] createImageRepresentationAtTime:434  RIGHT: adding TS_right to Map ch1  t=682866.487460
[682870.312516] AA_thread:134  AA_thread START  is_left=1  distance=11056  t=682866.506427
[682870.314739] AA_thread:220  AA_thread adding AA_freq to AA_left_IR_to_Map
[682870.314778] AA_thread:234  AA_thread adding AA_map to multi_to_Map channel 2
[682870.314800] AA_thread:236  AA_thread DONE
[682870.319867] process_mapping_thread:442  multi_to_Map fired -> calling timeSurfaceCallback
[682870.319918] timeSurfaceCallback:989  timeSurfaceCallback  TS_history.size=100  t=682866.328994
[682870.323943] createImageRepresentationAtTime:367  LEFT: adding TS_left to Track ch0 and Map ch0  t=682866.506427
[682870.331884] createImageRepresentationAtTime:434  RIGHT: adding TS_right to Map ch1  t=682866.506427
[682870.344146] process_mapping_thread:442  multi_to_Map fired -> calling timeSurfaceCallback
[682870.344181] timeSurfaceCallback:989  timeSurfaceCallback  TS_history.size=100  t=682866.337135
[682870.362070] AA_thread:134  AA_thread START  is_left=1  distance=2128  t=682866.550801
[682870.366834] AA_thread:220  AA_thread adding AA_freq to AA_left_IR_to_Map
[682870.366874] AA_thread:234  AA_thread adding AA_map to multi_to_Map channel 2
[682870.366887] AA_thread:236  AA_thread DONE
[682870.374404] createImageRepresentationAtTime:367  LEFT: adding TS_left to Track ch0 and Map ch0  t=682866.550801
[682870.382081] process_mapping_thread:442  multi_to_Map fired -> calling timeSurfaceCallback
[682870.382250] timeSurfaceCallback:989  timeSurfaceCallback  TS_history.size=100  t=682866.383917
[682870.382891] AA_thread:134  AA_thread START  is_left=1  distance=10758  t=682866.562855
[682870.392797] AA_thread:220  AA_thread adding AA_freq to AA_left_IR_to_Map
[682870.392852] AA_thread:234  AA_thread adding AA_map to multi_to_Map channel 2
[682870.392863] AA_thread:236  AA_thread DONE
[682870.406726] createImageRepresentationAtTime:367  LEFT: adding TS_left to Track ch0 and Map ch0  t=682866.562855
[682870.416365] createImageRepresentationAtTime:434  RIGHT: adding TS_right to Map ch1  t=682866.562855
[682870.416457] createImageRepresentationAtTime:268  createImageRepresentation early-return: vEvents_ empty  is_left=0
[682870.418911] process_mapping_thread:442  multi_to_Map fired -> calling timeSurfaceCallback
[682870.418960] timeSurfaceCallback:989  timeSurfaceCallback  TS_history.size=100  t=682866.435056
[682870.446217] process_mapping_thread:442  multi_to_Map fired -> calling timeSurfaceCallback
[682870.446354] timeSurfaceCallback:989  timeSurfaceCallback  TS_history.size=100  t=682866.491894
[682870.473078] AA_thread:134  AA_thread START  is_left=1  distance=15337  t=682866.609791
[682870.478291] AA_thread:220  AA_thread adding AA_freq to AA_left_IR_to_Map
[682870.478322] AA_thread:234  AA_thread adding AA_map to multi_to_Map channel 2
[682870.478332] AA_thread:236  AA_thread DONE
[682870.482520] process_mapping_thread:442  multi_to_Map fired -> calling timeSurfaceCallback
[682870.482572] timeSurfaceCallback:989  timeSurfaceCallback  TS_history.size=100  t=682866.506427
[682870.498222] createImageRepresentationAtTime:434  RIGHT: adding TS_right to Map ch1  t=682866.600203
[682870.502622] createImageRepresentationAtTime:367  LEFT: adding TS_left to Track ch0 and Map ch0  t=682866.609791
[682870.504357] AA_thread:134  AA_thread START  is_left=1  distance=12534  t=682866.619286
[682870.514954] AA_thread:220  AA_thread adding AA_freq to AA_left_IR_to_Map
[682870.514995] AA_thread:234  AA_thread adding AA_map to multi_to_Map channel 2
[682870.515011] AA_thread:236  AA_thread DONE
[682870.523124] process_mapping_thread:442  multi_to_Map fired -> calling timeSurfaceCallback
[682870.523162] timeSurfaceCallback:989  timeSurfaceCallback  TS_history.size=100  t=682866.562855
[682870.524815] createImageRepresentationAtTime:367  LEFT: adding TS_left to Track ch0 and Map ch0  t=682866.619286
[682870.535017] createImageRepresentationAtTime:434  RIGHT: adding TS_right to Map ch1  t=682866.619286
[682870.544989] process_mapping_thread:442  multi_to_Map fired -> calling timeSurfaceCallback
[682870.545057] timeSurfaceCallback:989  timeSurfaceCallback  TS_history.size=100  t=682866.609791
[682870.547273] AA_thread:134  AA_thread START  is_left=1  distance=1460  t=682866.673331
[682870.550215] publishMappingResults:1195  publishMappingResults  status=1  dqvDepthPoints.size=5
[682870.550806] AA_thread:220  AA_thread adding AA_freq to AA_left_IR_to_Map
[682870.550845] AA_thread:234  AA_thread adding AA_map to multi_to_Map channel 2
[682870.550858] AA_thread:236  AA_thread DONE
[682870.556549] publishPointCloud:1287  publishPointCloud  pc_color.size=3123  pc_filtered.size=3123  depthMap.size=3123
[682870.557552] createImageRepresentationAtTime:434  RIGHT: adding TS_right to Map ch1  t=682866.656029
[682870.569398] createImageRepresentationAtTime:367  LEFT: adding TS_left to Track ch0 and Map ch0  t=682866.673331
[682870.576785] createImageRepresentationAtTime:434  RIGHT: adding TS_right to Map ch1  t=682866.674293
[682870.590600] AA_thread:134  AA_thread START  is_left=1  distance=11549  t=682866.675716
[682870.594683] AA_thread:220  AA_thread adding AA_freq to AA_left_IR_to_Map
[682870.594723] AA_thread:234  AA_thread adding AA_map to multi_to_Map channel 2
[682870.594733] AA_thread:236  AA_thread DONE
[682870.604576] createImageRepresentationAtTime:367  LEFT: adding TS_left to Track ch0 and Map ch0  t=682866.675716
[682870.610269] AA_thread:134  AA_thread START  is_left=1  distance=11232  t=682866.732145
[682870.610515] createImageRepresentationAtTime:434  RIGHT: adding TS_right to Map ch1  t=682866.675716
[682870.613298] AA_thread:220  AA_thread adding AA_freq to AA_left_IR_to_Map
[682870.613363] AA_thread:234  AA_thread adding AA_map to multi_to_Map channel 2
[682870.613447] AA_thread:236  AA_thread DONE
[682870.625701] createImageRepresentationAtTime:367  LEFT: adding TS_left to Track ch0 and Map ch0  t=682866.732145
[682870.638593] createImageRepresentationAtTime:434  RIGHT: adding TS_right to Map ch1  t=682866.732145
[682870.639381] process_mapping_thread:442  multi_to_Map fired -> calling timeSurfaceCallback
[682870.639450] timeSurfaceCallback:989  timeSurfaceCallback  TS_history.size=100  t=682866.619286
[682870.649156] AA_thread:134  AA_thread START  is_left=1  distance=4834  t=682866.769752
[682870.651139] AA_thread:220  AA_thread adding AA_freq to AA_left_IR_to_Map
[682870.651185] AA_thread:234  AA_thread adding AA_map to multi_to_Map channel 2
[682870.651195] AA_thread:236  AA_thread DONE
[682870.653972] publishMappingResults:1195  publishMappingResults  status=1  dqvDepthPoints.size=5
[682870.655028] process_mapping_thread:442  multi_to_Map fired -> calling timeSurfaceCallback
[682870.655843] publishPointCloud:1287  publishPointCloud  pc_color.size=2519  pc_filtered.size=2519  depthMap.size=2519
[682870.658186] createImageRepresentationAtTime:367  LEFT: adding TS_left to Track ch0 and Map ch0  t=682866.769752
[682870.670204] AA_thread:134  AA_thread START  is_left=1  distance=32962  t=682866.788576
[682870.673928] AA_thread:220  AA_thread adding AA_freq to AA_left_IR_to_Map
[682870.673963] AA_thread:234  AA_thread adding AA_map to multi_to_Map channel 2
[682870.673977] AA_thread:236  AA_thread DONE
[682870.677125] createImageRepresentationAtTime:434  RIGHT: adding TS_right to Map ch1  t=682866.772378
[682870.688683] createImageRepresentationAtTime:367  LEFT: adding TS_left to Track ch0 and Map ch0  t=682866.788576
[682870.690483] createImageRepresentationAtTime:434  RIGHT: adding TS_right to Map ch1  t=682866.788576
[682870.692055] timeSurfaceCallback:989  timeSurfaceCallback  TS_history.size=100  t=682866.673331
[682870.703951] process_mapping_thread:442  multi_to_Map fired -> calling timeSurfaceCallback
[682870.704011] timeSurfaceCallback:989  timeSurfaceCallback  TS_history.size=100  t=682866.675716
[682870.710581] publishMappingResults:1195  publishMappingResults  status=1  dqvDepthPoints.size=5
[682870.712649] publishPointCloud:1287  publishPointCloud  pc_color.size=2116  pc_filtered.size=2116  depthMap.size=2116
[682870.719645] AA_thread:134  AA_thread START  is_left=1  distance=25580  t=682866.829900
[682870.722779] AA_thread:220  AA_thread adding AA_freq to AA_left_IR_to_Map
[682870.722823] AA_thread:234  AA_thread adding AA_map to multi_to_Map channel 2
[682870.722834] AA_thread:236  AA_thread DONE
[682870.731916] createImageRepresentationAtTime:367  LEFT: adding TS_left to Track ch0 and Map ch0  t=682866.829900
[682870.736502] AA_thread:134  AA_thread START  is_left=1  distance=11252  t=682866.845006
[682870.739950] AA_thread:220  AA_thread adding AA_freq to AA_left_IR_to_Map
[682870.739988] AA_thread:234  AA_thread adding AA_map to multi_to_Map channel 2
[682870.740042] AA_thread:236  AA_thread DONE
[682870.753465] createImageRepresentationAtTime:434  RIGHT: adding TS_right to Map ch1  t=682866.834146
[682870.768722] createImageRepresentationAtTime:367  LEFT: adding TS_left to Track ch0 and Map ch0  t=682866.845006
[682870.771203] createImageRepresentationAtTime:434  RIGHT: adding TS_right to Map ch1  t=682866.843079
[682870.791065] process_mapping_thread:442  multi_to_Map fired -> calling timeSurfaceCallback
[682870.791109] timeSurfaceCallback:989  timeSurfaceCallback  TS_history.size=100  t=682866.732145
[682870.793440] AA_thread:134  AA_thread START  is_left=1  distance=316  t=682866.885262
[682870.793682] createImageRepresentationAtTime:434  RIGHT: adding TS_right to Map ch1  t=682866.844099
[682870.797740] AA_thread:220  AA_thread adding AA_freq to AA_left_IR_to_Map
[682870.797804] AA_thread:234  AA_thread adding AA_map to multi_to_Map channel 2
[682870.797814] AA_thread:236  AA_thread DONE
[682870.806864] process_mapping_thread:442  multi_to_Map fired -> calling timeSurfaceCallback
[682870.806916] timeSurfaceCallback:989  timeSurfaceCallback  TS_history.size=100  t=682866.769752
[682870.808416] createImageRepresentationAtTime:367  LEFT: adding TS_left to Track ch0 and Map ch0  t=682866.885262
[682870.814627] createImageRepresentationAtTime:434  RIGHT: adding TS_right to Map ch1  t=682866.845006
[682870.816460] AA_thread:134  AA_thread START  is_left=1  distance=1886  t=682866.899759
[682870.820051] AA_thread:220  AA_thread adding AA_freq to AA_left_IR_to_Map
[682870.820110] AA_thread:234  AA_thread adding AA_map to multi_to_Map channel 2
[682870.820125] AA_thread:236  AA_thread DONE
[682870.826193] createImageRepresentationAtTime:367  LEFT: adding TS_left to Track ch0 and Map ch0  t=682866.899759
[682870.827728] publishMappingResults:1195  publishMappingResults  status=1  dqvDepthPoints.size=5
[682870.829096] publishPointCloud:1287  publishPointCloud  pc_color.size=317  pc_filtered.size=317  depthMap.size=317
[682870.830609] AA_thread:134  AA_thread START  is_left=1  distance=9056  t=682866.901437
[682870.838189] AA_thread:220  AA_thread adding AA_freq to AA_left_IR_to_Map
[682870.838232] AA_thread:234  AA_thread adding AA_map to multi_to_Map channel 2
[682870.838278] AA_thread:236  AA_thread DONE
[682870.841417] createImageRepresentationAtTime:434  RIGHT: adding TS_right to Map ch1  t=682866.901437
[682870.847994] createImageRepresentationAtTime:367  LEFT: adding TS_left to Track ch0 and Map ch0  t=682866.901437
[682870.880656] AA_thread:134  AA_thread START  is_left=1  distance=3188  t=682866.955414
[682870.888943] AA_thread:220  AA_thread adding AA_freq to AA_left_IR_to_Map
[682870.889010] AA_thread:234  AA_thread adding AA_map to multi_to_Map channel 2
[682870.889022] AA_thread:236  AA_thread DONE
[682870.893158] createImageRepresentationAtTime:367  LEFT: adding TS_left to Track ch0 and Map ch0  t=682866.955414
[682870.900726] AA_thread:134  AA_thread START  is_left=1  distance=10622  t=682866.957865
[682870.905198] AA_thread:220  AA_thread adding AA_freq to AA_left_IR_to_Map
[682870.905371] AA_thread:234  AA_thread adding AA_map to multi_to_Map channel 2
[682870.905388] AA_thread:236  AA_thread DONE
[682870.910973] createImageRepresentationAtTime:434  RIGHT: adding TS_right to Map ch1  t=682866.942595
[682870.923967] createImageRepresentationAtTime:367  LEFT: adding TS_left to Track ch0 and Map ch0  t=682866.957865
[682870.934080] AA_thread:134  AA_thread START  is_left=1  distance=571  t=682866.997011
[682870.940964] createImageRepresentationAtTime:434  RIGHT: adding TS_right to Map ch1  t=682866.957865
[682870.945345] createImageRepresentationAtTime:367  LEFT: adding TS_left to Track ch0 and Map ch0  t=682866.997011
[682870.945745] AA_thread:220  AA_thread adding AA_freq to AA_left_IR_to_Map
[682870.945771] AA_thread:234  AA_thread adding AA_map to multi_to_Map channel 2
[682870.945782] AA_thread:236  AA_thread DONE
[682870.961003] AA_thread:134  AA_thread START  is_left=1  distance=10899  t=682867.014296
[682870.966372] AA_thread:220  AA_thread adding AA_freq to AA_left_IR_to_Map
[682870.966425] AA_thread:234  AA_thread adding AA_map to multi_to_Map channel 2
[682870.966435] AA_thread:236  AA_thread DONE
[682870.981435] createImageRepresentationAtTime:367  LEFT: adding TS_left to Track ch0 and Map ch0  t=682867.014296
[682870.991209] createImageRepresentationAtTime:434  RIGHT: adding TS_right to Map ch1  t=682867.014198
[682871.018972] AA_thread:134  AA_thread START  is_left=1  distance=10847  t=682867.059589
[682871.022963] createImageRepresentationAtTime:434  RIGHT: adding TS_right to Map ch1  t=682867.014198
[682871.024560] AA_thread:220  AA_thread adding AA_freq to AA_left_IR_to_Map
[682871.024621] AA_thread:234  AA_thread adding AA_map to multi_to_Map channel 2
[682871.024632] AA_thread:236  AA_thread DONE
[682871.036769] createImageRepresentationAtTime:367  LEFT: adding TS_left to Track ch0 and Map ch0  t=682867.059589
[682871.038335] AA_thread:134  AA_thread START  is_left=1  distance=11197  t=682867.070727
[682871.041972] AA_thread:220  AA_thread adding AA_freq to AA_left_IR_to_Map
[682871.042020] AA_thread:234  AA_thread adding AA_map to multi_to_Map channel 2
[682871.042031] AA_thread:236  AA_thread DONE
[682871.045650] createImageRepresentationAtTime:434  RIGHT: adding TS_right to Map ch1  t=682867.058813
[682871.051725] process_mapping_thread:442  multi_to_Map fired -> calling timeSurfaceCallback
[682871.051776] timeSurfaceCallback:989  timeSurfaceCallback  TS_history.size=100  t=682866.788576
[682871.059053] createImageRepresentationAtTime:367  LEFT: adding TS_left to Track ch0 and Map ch0  t=682867.070727
[682871.064738] publishMappingResults:1195  publishMappingResults  status=1  dqvDepthPoints.size=5
[682871.068925] publishPointCloud:1287  publishPointCloud  pc_color.size=2127  pc_filtered.size=2127  depthMap.size=2127
[682871.089469] createImageRepresentationAtTime:434  RIGHT: adding TS_right to Map ch1  t=682867.070727
[682871.117861] createImageRepresentationAtTime:434  RIGHT: adding TS_right to Map ch1  t=682867.114924
[682871.118421] AA_thread:134  AA_thread START  is_left=1  distance=4646  t=682867.121687
[682871.130936] AA_thread:220  AA_thread adding AA_freq to AA_left_IR_to_Map
[682871.131000] AA_thread:234  AA_thread adding AA_map to multi_to_Map channel 2
[682871.131014] AA_thread:236  AA_thread DONE
[682871.139869] createImageRepresentationAtTime:367  LEFT: adding TS_left to Track ch0 and Map ch0  t=682867.121687
[682871.141070] process_mapping_thread:442  multi_to_Map fired -> calling timeSurfaceCallback
[682871.141103] timeSurfaceCallback:989  timeSurfaceCallback  TS_history.size=100  t=682866.829900
[682871.149863] AA_thread:134  AA_thread START  is_left=1  distance=12022  t=682867.127155
[682871.150113] createImageRepresentationAtTime:434  RIGHT: adding TS_right to Map ch1  t=682867.127155
[682871.153628] AA_thread:220  AA_thread adding AA_freq to AA_left_IR_to_Map
[682871.153709] AA_thread:234  AA_thread adding AA_map to multi_to_Map channel 2
[682871.153719] AA_thread:236  AA_thread DONE
[682871.162126] createImageRepresentationAtTime:367  LEFT: adding TS_left to Track ch0 and Map ch0  t=682867.127155
[682871.163744] createImageRepresentationAtTime:268  createImageRepresentation early-return: vEvents_ empty  is_left=1
[682871.171466] AA_thread:134  AA_thread START  is_left=1  distance=18296  t=682867.180964
[682871.174003] AA_thread:220  AA_thread adding AA_freq to AA_left_IR_to_Map
[682871.174029] AA_thread:234  AA_thread adding AA_map to multi_to_Map channel 2
[682871.174084] AA_thread:236  AA_thread DONE
[682871.186843] createImageRepresentationAtTime:367  LEFT: adding TS_left to Track ch0 and Map ch0  t=682867.180964
[682871.191773] AA_thread:134  AA_thread START  is_left=1  distance=0  t=682867.180964
[682871.192847] createImageRepresentationAtTime:434  RIGHT: adding TS_right to Map ch1  t=682867.177030
[682871.196315] AA_thread:220  AA_thread adding AA_freq to AA_left_IR_to_Map
[682871.196368] AA_thread:234  AA_thread adding AA_map to multi_to_Map channel 2
[682871.196380] AA_thread:236  AA_thread DONE
[682871.202395] createImageRepresentationAtTime:367  LEFT: adding TS_left to Track ch0 and Map ch0  t=682867.180964
[682871.209368] AA_thread:134  AA_thread START  is_left=1  distance=12889  t=682867.183586
[682871.210299] createImageRepresentationAtTime:434  RIGHT: adding TS_right to Map ch1  t=682867.183586
[682871.213674] AA_thread:220  AA_thread adding AA_freq to AA_left_IR_to_Map
[682871.213738] AA_thread:234  AA_thread adding AA_map to multi_to_Map channel 2
[682871.213771] AA_thread:236  AA_thread DONE
[682871.220398] createImageRepresentationAtTime:367  LEFT: adding TS_left to Track ch0 and Map ch0  t=682867.183586
[682871.231442] process_mapping_thread:442  multi_to_Map fired -> calling timeSurfaceCallback
[682871.231495] timeSurfaceCallback:989  timeSurfaceCallback  TS_history.size=100  t=682866.845006
[682871.231880] AA_thread:134  AA_thread START  is_left=1  distance=15838  t=682867.227048
[682871.238044] AA_thread:220  AA_thread adding AA_freq to AA_left_IR_to_Map
[682871.238110] AA_thread:234  AA_thread adding AA_map to multi_to_Map channel 2
[682871.238129] AA_thread:236  AA_thread DONE
[682871.241985] publishMappingResults:1195  publishMappingResults  status=1  dqvDepthPoints.size=5
[682871.242175] publishPointCloud:1287  publishPointCloud  pc_color.size=0  pc_filtered.size=0  depthMap.size=0
[682871.243689] createImageRepresentationAtTime:367  LEFT: adding TS_left to Track ch0 and Map ch0  t=682867.227048
[682871.250018] AA_thread:134  AA_thread START  is_left=1  distance=12452  t=682867.240016
[682871.258009] AA_thread:220  AA_thread adding AA_freq to AA_left_IR_to_Map
[682871.258061] AA_thread:234  AA_thread adding AA_map to multi_to_Map channel 2
[682871.258078] AA_thread:236  AA_thread DONE
[682871.264533] createImageRepresentationAtTime:367  LEFT: adding TS_left to Track ch0 and Map ch0  t=682867.240016
[682871.265213] createImageRepresentationAtTime:434  RIGHT: adding TS_right to Map ch1  t=682867.228287
[682871.281660] createImageRepresentationAtTime:434  RIGHT: adding TS_right to Map ch1  t=682867.240016
[682871.303963] AA_thread:134  AA_thread START  is_left=1  distance=9432  t=682867.278699
[682871.306198] AA_thread:220  AA_thread adding AA_freq to AA_left_IR_to_Map
[682871.306279] AA_thread:234  AA_thread adding AA_map to multi_to_Map channel 2
[682871.306295] AA_thread:236  AA_thread DONE
[682871.313688] createImageRepresentationAtTime:367  LEFT: adding TS_left to Track ch0 and Map ch0  t=682867.278699
[682871.318430] AA_thread:134  AA_thread START  is_left=1  distance=10638  t=682867.296447
[682871.320981] AA_thread:220  AA_thread adding AA_freq to AA_left_IR_to_Map
[682871.321043] AA_thread:234  AA_thread adding AA_map to multi_to_Map channel 2
[682871.321056] AA_thread:236  AA_thread DONE
[682871.325041] createImageRepresentationAtTime:367  LEFT: adding TS_left to Track ch0 and Map ch0  t=682867.296447
[682871.330870] createImageRepresentationAtTime:434  RIGHT: adding TS_right to Map ch1  t=682867.281558
[682871.343036] createImageRepresentationAtTime:434  RIGHT: adding TS_right to Map ch1  t=682867.281558
[682871.367269] createImageRepresentationAtTime:434  RIGHT: adding TS_right to Map ch1  t=682867.296447
[682871.379780] AA_thread:134  AA_thread START  is_left=1  distance=9619  t=682867.335474
[682871.384084] AA_thread:220  AA_thread adding AA_freq to AA_left_IR_to_Map
[682871.384149] AA_thread:234  AA_thread adding AA_map to multi_to_Map channel 2
[682871.384166] AA_thread:236  AA_thread DONE
[682871.389969] process_mapping_thread:442  multi_to_Map fired -> calling timeSurfaceCallback
[682871.390045] timeSurfaceCallback:989  timeSurfaceCallback  TS_history.size=100  t=682866.955414
[682871.390243] createImageRepresentationAtTime:367  LEFT: adding TS_left to Track ch0 and Map ch0  t=682867.335474
[682871.390479] AA_thread:134  AA_thread START  is_left=1  distance=0  t=682867.335474
[682871.398256] AA_thread:220  AA_thread adding AA_freq to AA_left_IR_to_Map
[682871.398324] AA_thread:234  AA_thread adding AA_map to multi_to_Map channel 2
[682871.398341] AA_thread:236  AA_thread DONE
[682871.400834] publishMappingResults:1195  publishMappingResults  status=1  dqvDepthPoints.size=5
[682871.401115] publishPointCloud:1287  publishPointCloud  pc_color.size=0  pc_filtered.size=0  depthMap.size=0
[682871.409352] createImageRepresentationAtTime:367  LEFT: adding TS_left to Track ch0 and Map ch0  t=682867.335474
[682871.412633] createImageRepresentationAtTime:434  RIGHT: adding TS_right to Map ch1  t=682867.340135
[682871.419132] AA_thread:134  AA_thread START  is_left=1  distance=9778  t=682867.352875
[682871.421727] AA_thread:220  AA_thread adding AA_freq to AA_left_IR_to_Map
[682871.421781] AA_thread:234  AA_thread adding AA_map to multi_to_Map channel 2
[682871.421797] AA_thread:236  AA_thread DONE
[682871.434132] createImageRepresentationAtTime:434  RIGHT: adding TS_right to Map ch1  t=682867.352875
[682871.438143] createImageRepresentationAtTime:367  LEFT: adding TS_left to Track ch0 and Map ch0  t=682867.352875
[682871.454187] AA_thread:134  AA_thread START  is_left=1  distance=31839  t=682867.397823
[682871.460261] AA_thread:220  AA_thread adding AA_freq to AA_left_IR_to_Map
[682871.460329] AA_thread:234  AA_thread adding AA_map to multi_to_Map channel 2
[682871.460342] AA_thread:236  AA_thread DONE
[682871.466036] createImageRepresentationAtTime:367  LEFT: adding TS_left to Track ch0 and Map ch0  t=682867.397823
[682871.467580] createImageRepresentationAtTime:434  RIGHT: adding TS_right to Map ch1  t=682867.391615
[682871.467939] AA_thread:134  AA_thread START  is_left=1  distance=10561  t=682867.409306
[682871.470429] AA_thread:220  AA_thread adding AA_freq to AA_left_IR_to_Map
[682871.470459] AA_thread:234  AA_thread adding AA_map to multi_to_Map channel 2
[682871.470474] AA_thread:236  AA_thread DONE
[682871.476842] createImageRepresentationAtTime:367  LEFT: adding TS_left to Track ch0 and Map ch0  t=682867.409306
[682871.492800] createImageRepresentationAtTime:434  RIGHT: adding TS_right to Map ch1  t=682867.409306
[682871.524077] process_mapping_thread:442  multi_to_Map fired -> calling timeSurfaceCallback
[682871.524142] timeSurfaceCallback:989  timeSurfaceCallback  TS_history.size=100  t=682867.121687
[682871.530156] publishMappingResults:1195  publishMappingResults  status=1  dqvDepthPoints.size=5
[682871.530602] publishPointCloud:1287  publishPointCloud  pc_color.size=0  pc_filtered.size=0  depthMap.size=0
[682871.530829] AA_thread:134  AA_thread START  is_left=1  distance=42327  t=682867.454942
[682871.543547] AA_thread:220  AA_thread adding AA_freq to AA_left_IR_to_Map
[682871.543579] AA_thread:234  AA_thread adding AA_map to multi_to_Map channel 2
[682871.543593] AA_thread:236  AA_thread DONE
[682871.545914] createImageRepresentationAtTime:434  RIGHT: adding TS_right to Map ch1  t=682867.446221
[682871.549689] createImageRepresentationAtTime:367  LEFT: adding TS_left to Track ch0 and Map ch0  t=682867.454942
[682871.561284] AA_thread:134  AA_thread START  is_left=1  distance=10268  t=682867.465737
[682871.561734] createImageRepresentationAtTime:434  RIGHT: adding TS_right to Map ch1  t=682867.465737
[682871.564909] AA_thread:220  AA_thread adding AA_freq to AA_left_IR_to_Map
[682871.564969] AA_thread:234  AA_thread adding AA_map to multi_to_Map channel 2
[682871.564984] AA_thread:236  AA_thread DONE
[682871.570338] createImageRepresentationAtTime:367  LEFT: adding TS_left to Track ch0 and Map ch0  t=682867.465737
[682871.588682] AA_thread:134  AA_thread START  is_left=1  distance=1688  t=682867.503643
[682871.592556] AA_thread:220  AA_thread adding AA_freq to AA_left_IR_to_Map
[682871.592605] AA_thread:234  AA_thread adding AA_map to multi_to_Map channel 2
[682871.592622] AA_thread:236  AA_thread DONE
[682871.601162] createImageRepresentationAtTime:367  LEFT: adding TS_left to Track ch0 and Map ch0  t=682867.503643
[682871.610082] AA_thread:134  AA_thread START  is_left=1  distance=9905  t=682867.522165
[682871.612822] AA_thread:220  AA_thread adding AA_freq to AA_left_IR_to_Map
[682871.612870] AA_thread:234  AA_thread adding AA_map to multi_to_Map channel 2
[682871.612883] AA_thread:236  AA_thread DONE
[682871.621077] createImageRepresentationAtTime:367  LEFT: adding TS_left to Track ch0 and Map ch0  t=682867.522165
[682871.628128] createImageRepresentationAtTime:434  RIGHT: adding TS_right to Map ch1  t=682867.509490
[682871.640568] process_mapping_thread:442  multi_to_Map fired -> calling timeSurfaceCallback
[682871.640626] timeSurfaceCallback:989  timeSurfaceCallback  TS_history.size=100  t=682867.227048
[682871.646803] publishMappingResults:1195  publishMappingResults  status=1  dqvDepthPoints.size=5
[682871.649963] publishPointCloud:1287  publishPointCloud  pc_color.size=0  pc_filtered.size=0  depthMap.size=0
[682871.653470] createImageRepresentationAtTime:434  RIGHT: adding TS_right to Map ch1  t=682867.522165
[682871.680364] AA_thread:134  AA_thread START  is_left=1  distance=15912  t=682867.567809
[682871.687071] AA_thread:220  AA_thread adding AA_freq to AA_left_IR_to_Map
[682871.687120] AA_thread:234  AA_thread adding AA_map to multi_to_Map channel 2
[682871.687137] AA_thread:236  AA_thread DONE
[682871.696295] createImageRepresentationAtTime:367  LEFT: adding TS_left to Track ch0 and Map ch0  t=682867.567809
[682871.700536] createImageRepresentationAtTime:434  RIGHT: adding TS_right to Map ch1  t=682867.561884
[682871.704745] AA_thread:134  AA_thread START  is_left=1  distance=10676  t=682867.578596
[682871.710497] AA_thread:220  AA_thread adding AA_freq to AA_left_IR_to_Map
[682871.711271] AA_thread:234  AA_thread adding AA_map to multi_to_Map channel 2
[682871.711389] AA_thread:236  AA_thread DONE
[682871.720330] createImageRepresentationAtTime:367  LEFT: adding TS_left to Track ch0 and Map ch0  t=682867.578596
[682871.725120] createImageRepresentationAtTime:434  RIGHT: adding TS_right to Map ch1  t=682867.578596
[682871.747457] AA_thread:134  AA_thread START  is_left=1  distance=5412  t=682867.621776
[682871.750687] AA_thread:220  AA_thread adding AA_freq to AA_left_IR_to_Map
[682871.750727] AA_thread:234  AA_thread adding AA_map to multi_to_Map channel 2
[682871.750740] AA_thread:236  AA_thread DONE
[682871.770777] createImageRepresentationAtTime:367  LEFT: adding TS_left to Track ch0 and Map ch0  t=682867.621776
[682871.782995] AA_thread:134  AA_thread START  is_left=1  distance=9752  t=682867.635026
[682871.786962] process_mapping_thread:442  multi_to_Map fired -> calling timeSurfaceCallback
[682871.787031] timeSurfaceCallback:989  timeSurfaceCallback  TS_history.size=100  t=682867.296447
[682871.801449] AA_thread:220  AA_thread adding AA_freq to AA_left_IR_to_Map
[682871.801571] AA_thread:234  AA_thread adding AA_map to multi_to_Map channel 2
[682871.801588] AA_thread:236  AA_thread DONE
[682871.801618] createImageRepresentationAtTime:367  LEFT: adding TS_left to Track ch0 and Map ch0  t=682867.635026
[682871.805126] createImageRepresentationAtTime:434  RIGHT: adding TS_right to Map ch1  t=682867.617960
[682871.809597] AA_thread:134  AA_thread START  is_left=1  distance=660  t=682867.671903
[682871.813911] publishMappingResults:1195  publishMappingResults  status=1  dqvDepthPoints.size=5
[682871.814595] AA_thread:220  AA_thread adding AA_freq to AA_left_IR_to_Map
[682871.814675] AA_thread:234  AA_thread adding AA_map to multi_to_Map channel 2
[682871.814696] AA_thread:236  AA_thread DONE
[682871.814858] publishPointCloud:1287  publishPointCloud  pc_color.size=0  pc_filtered.size=0  depthMap.size=0
[682871.818902] createImageRepresentationAtTime:367  LEFT: adding TS_left to Track ch0 and Map ch0  t=682867.671903
[682871.829410] createImageRepresentationAtTime:434  RIGHT: adding TS_right to Map ch1  t=682867.635026
[682871.829631] AA_thread:134  AA_thread START  is_left=1  distance=9644  t=682867.691457
[682871.832015] AA_thread:220  AA_thread adding AA_freq to AA_left_IR_to_Map
[682871.832077] AA_thread:234  AA_thread adding AA_map to multi_to_Map channel 2
[682871.832091] AA_thread:236  AA_thread DONE
[682871.843619] createImageRepresentationAtTime:367  LEFT: adding TS_left to Track ch0 and Map ch0  t=682867.691457
[682871.849628] createImageRepresentationAtTime:434  RIGHT: adding TS_right to Map ch1  t=682867.691457
[682871.882041] AA_thread:134  AA_thread START  is_left=1  distance=2074  t=682867.731438
[682871.889485] AA_thread:220  AA_thread adding AA_freq to AA_left_IR_to_Map
[682871.889552] AA_thread:234  AA_thread adding AA_map to multi_to_Map channel 2
[682871.889565] AA_thread:236  AA_thread DONE
[682871.903456] createImageRepresentationAtTime:367  LEFT: adding TS_left to Track ch0 and Map ch0  t=682867.731438
[682871.918539] createImageRepresentationAtTime:434  RIGHT: adding TS_right to Map ch1  t=682867.739609
[682871.919884] AA_thread:134  AA_thread START  is_left=1  distance=9705  t=682867.747885
[682871.928371] AA_thread:220  AA_thread adding AA_freq to AA_left_IR_to_Map
[682871.928426] AA_thread:234  AA_thread adding AA_map to multi_to_Map channel 2
[682871.928443] AA_thread:236  AA_thread DONE
[682871.935191] createImageRepresentationAtTime:367  LEFT: adding TS_left to Track ch0 and Map ch0  t=682867.747885
[682871.939524] createImageRepresentationAtTime:434  RIGHT: adding TS_right to Map ch1  t=682867.747885
[682871.961200] AA_thread:134  AA_thread START  is_left=1  distance=3764  t=682867.789681
[682871.973883] process_mapping_thread:442  multi_to_Map fired -> calling timeSurfaceCallback
[682871.973937] timeSurfaceCallback:989  timeSurfaceCallback  TS_history.size=100  t=682867.454942
[682871.976091] AA_thread:220  AA_thread adding AA_freq to AA_left_IR_to_Map
[682871.976677] AA_thread:234  AA_thread adding AA_map to multi_to_Map channel 2
[682871.976707] AA_thread:236  AA_thread DONE
[682871.984629] createImageRepresentationAtTime:367  LEFT: adding TS_left to Track ch0 and Map ch0  t=682867.789681
[682871.984978] publishMappingResults:1195  publishMappingResults  status=1  dqvDepthPoints.size=5
[682871.985177] publishPointCloud:1287  publishPointCloud  pc_color.size=0  pc_filtered.size=0  depthMap.size=0
[682871.999844] createImageRepresentationAtTime:434  RIGHT: adding TS_right to Map ch1  t=682867.789628
[682872.001046] AA_thread:134  AA_thread START  is_left=1  distance=10165  t=682867.804316
[682872.001811] process_mapping_thread:442  multi_to_Map fired -> calling timeSurfaceCallback
[682872.003895] AA_thread:220  AA_thread adding AA_freq to AA_left_IR_to_Map
[682872.003950] AA_thread:234  AA_thread adding AA_map to multi_to_Map channel 2
[682872.003964] AA_thread:236  AA_thread DONE
[682872.015191] createImageRepresentationAtTime:367  LEFT: adding TS_left to Track ch0 and Map ch0  t=682867.804316
[682872.033604] createImageRepresentationAtTime:434  RIGHT: adding TS_right to Map ch1  t=682867.804316
[682872.041101] AA_thread:134  AA_thread START  is_left=1  distance=2221  t=682867.842151
[682872.048040] AA_thread:220  AA_thread adding AA_freq to AA_left_IR_to_Map
[682872.048214] AA_thread:234  AA_thread adding AA_map to multi_to_Map channel 2
[682872.048232] AA_thread:236  AA_thread DONE
[682872.056144] createImageRepresentationAtTime:367  LEFT: adding TS_left to Track ch0 and Map ch0  t=682867.842151
[682872.058444] AA_thread:134  AA_thread START  is_left=1  distance=10212  t=682867.860747
[682872.061877] AA_thread:220  AA_thread adding AA_freq to AA_left_IR_to_Map
[682872.061961] AA_thread:234  AA_thread adding AA_map to multi_to_Map channel 2
[682872.061980] AA_thread:236  AA_thread DONE
[682872.065421] createImageRepresentationAtTime:367  LEFT: adding TS_left to Track ch0 and Map ch0  t=682867.860747
[682872.071843] createImageRepresentationAtTime:434  RIGHT: adding TS_right to Map ch1  t=682867.847691
[682872.086722] timeSurfaceCallback:989  timeSurfaceCallback  TS_history.size=100  t=682867.465737
[682872.091315] createImageRepresentationAtTime:434  RIGHT: adding TS_right to Map ch1  t=682867.860747
[682872.102611] publishMappingResults:1195  publishMappingResults  status=1  dqvDepthPoints.size=5
[682872.103293] publishPointCloud:1287  publishPointCloud  pc_color.size=0  pc_filtered.size=0  depthMap.size=0
[682872.120772] AA_thread:134  AA_thread START  is_left=1  distance=24344  t=682867.903476
[682872.123673] AA_thread:220  AA_thread adding AA_freq to AA_left_IR_to_Map
[682872.123730] AA_thread:234  AA_thread adding AA_map to multi_to_Map channel 2
[682872.123742] AA_thread:236  AA_thread DONE
[682872.127366] createImageRepresentationAtTime:367  LEFT: adding TS_left to Track ch0 and Map ch0  t=682867.903476
[682872.143761] AA_thread:134  AA_thread START  is_left=1  distance=10248  t=682867.917175
[682872.147258] AA_thread:220  AA_thread adding AA_freq to AA_left_IR_to_Map
[682872.147328] AA_thread:234  AA_thread adding AA_map to multi_to_Map channel 2
[682872.147342] AA_thread:236  AA_thread DONE
[682872.150648] createImageRepresentationAtTime:434  RIGHT: adding TS_right to Map ch1  t=682867.897641
[682872.156327] createImageRepresentationAtTime:367  LEFT: adding TS_left to Track ch0 and Map ch0  t=682867.917175
[682872.169502] createImageRepresentationAtTime:434  RIGHT: adding TS_right to Map ch1  t=682867.917175
[682872.188075] process_mapping_thread:442  multi_to_Map fired -> calling timeSurfaceCallback
[682872.188138] timeSurfaceCallback:989  timeSurfaceCallback  TS_history.size=100  t=682867.621776
[682872.202935] publishMappingResults:1195  publishMappingResults  status=1  dqvDepthPoints.size=5
[682872.203891] publishPointCloud:1287  publishPointCloud  pc_color.size=0  pc_filtered.size=0  depthMap.size=0
[682872.211945] AA_thread:134  AA_thread START  is_left=1  distance=2500  t=682867.959245
[682872.214840] AA_thread:220  AA_thread adding AA_freq to AA_left_IR_to_Map
[682872.214887] AA_thread:234  AA_thread adding AA_map to multi_to_Map channel 2
[682872.214899] AA_thread:236  AA_thread DONE
[682872.228722] process_mapping_thread:442  multi_to_Map fired -> calling timeSurfaceCallback
[682872.230138] createImageRepresentationAtTime:367  LEFT: adding TS_left to Track ch0 and Map ch0  t=682867.959245
[682872.230297] createImageRepresentationAtTime:434  RIGHT: adding TS_right to Map ch1  t=682867.963530
[682872.240305] AA_thread:134  AA_thread START  is_left=1  distance=10160  t=682867.973606
[682872.242970] AA_thread:220  AA_thread adding AA_freq to AA_left_IR_to_Map
[682872.243078] AA_thread:234  AA_thread adding AA_map to multi_to_Map channel 2
[682872.243122] AA_thread:236  AA_thread DONE
[682872.252482] createImageRepresentationAtTime:367  LEFT: adding TS_left to Track ch0 and Map ch0  t=682867.973606
[682872.253274] createImageRepresentationAtTime:434  RIGHT: adding TS_right to Map ch1  t=682867.973606
[682872.259771] AA_thread:134  AA_thread START  is_left=1  distance=22191  t=682868.020417
[682872.263306] AA_thread:220  AA_thread adding AA_freq to AA_left_IR_to_Map
[682872.263555] AA_thread:234  AA_thread adding AA_map to multi_to_Map channel 2
[682872.263572] AA_thread:236  AA_thread DONE
[682872.273614] createImageRepresentationAtTime:367  LEFT: adding TS_left to Track ch0 and Map ch0  t=682868.020417
[682872.286271] createImageRepresentationAtTime:434  RIGHT: adding TS_right to Map ch1  t=682868.014429
[682872.301289] AA_thread:134  AA_thread START  is_left=1  distance=10010  t=682868.030036
[682872.304187] AA_thread:220  AA_thread adding AA_freq to AA_left_IR_to_Map
[682872.304230] AA_thread:234  AA_thread adding AA_map to multi_to_Map channel 2
[682872.304243] AA_thread:236  AA_thread DONE
[682872.308767] createImageRepresentationAtTime:434  RIGHT: adding TS_right to Map ch1  t=682868.030036
[682872.314280] createImageRepresentationAtTime:367  LEFT: adding TS_left to Track ch0 and Map ch0  t=682868.030036
[682872.322863] timeSurfaceCallback:989  timeSurfaceCallback  TS_history.size=100  t=682867.635026
[682872.330495] AA_thread:134  AA_thread START  is_left=1  distance=1342  t=682868.068631
[682872.340791] publishMappingResults:1195  publishMappingResults  status=1  dqvDepthPoints.size=5
[682872.341908] publishPointCloud:1287  publishPointCloud  pc_color.size=0  pc_filtered.size=0  depthMap.size=0
[682872.342101] AA_thread:220  AA_thread adding AA_freq to AA_left_IR_to_Map
[682872.342120] AA_thread:234  AA_thread adding AA_map to multi_to_Map channel 2
[682872.342132] AA_thread:236  AA_thread DONE
[682872.344611] createImageRepresentationAtTime:367  LEFT: adding TS_left to Track ch0 and Map ch0  t=682868.068631
[682872.349210] AA_thread:134  AA_thread START  is_left=1  distance=9793  t=682868.086465
[682872.351618] AA_thread:220  AA_thread adding AA_freq to AA_left_IR_to_Map
[682872.351671] AA_thread:234  AA_thread adding AA_map to multi_to_Map channel 2
[682872.351689] AA_thread:236  AA_thread DONE
[682872.359581] createImageRepresentationAtTime:367  LEFT: adding TS_left to Track ch0 and Map ch0  t=682868.086465
[682872.361849] createImageRepresentationAtTime:434  RIGHT: adding TS_right to Map ch1  t=682868.075621
[682872.381678] createImageRepresentationAtTime:434  RIGHT: adding TS_right to Map ch1  t=682868.086465
[682872.399872] AA_thread:134  AA_thread START  is_left=1  distance=7496  t=682868.124760
[682872.406291] AA_thread:220  AA_thread adding AA_freq to AA_left_IR_to_Map
[682872.406343] AA_thread:234  AA_thread adding AA_map to multi_to_Map channel 2
[682872.406355] AA_thread:236  AA_thread DONE
[682872.421786] createImageRepresentationAtTime:367  LEFT: adding TS_left to Track ch0 and Map ch0  t=682868.124760
[682872.431231] AA_thread:134  AA_thread START  is_left=1  distance=9373  t=682868.142895
[682872.438789] createImageRepresentationAtTime:434  RIGHT: adding TS_right to Map ch1  t=682868.132662
[682872.439493] AA_thread:220  AA_thread adding AA_freq to AA_left_IR_to_Map
[682872.439535] AA_thread:234  AA_thread adding AA_map to multi_to_Map channel 2
[682872.439547] AA_thread:236  AA_thread DONE
[682872.444452] process_mapping_thread:442  multi_to_Map fired -> calling timeSurfaceCallback
[682872.444548] timeSurfaceCallback:989  timeSurfaceCallback  TS_history.size=100  t=682867.804316
[682872.444880] createImageRepresentationAtTime:367  LEFT: adding TS_left to Track ch0 and Map ch0  t=682868.142895
[682872.451678] publishMappingResults:1195  publishMappingResults  status=1  dqvDepthPoints.size=5
[682872.453263] publishPointCloud:1287  publishPointCloud  pc_color.size=0  pc_filtered.size=0  depthMap.size=0
[682872.463912] createImageRepresentationAtTime:434  RIGHT: adding TS_right to Map ch1  t=682868.142895
[682872.469237] AA_thread:134  AA_thread START  is_left=1  distance=7101  t=682868.181238
[682872.472354] AA_thread:220  AA_thread adding AA_freq to AA_left_IR_to_Map
[682872.472399] AA_thread:234  AA_thread adding AA_map to multi_to_Map channel 2
[682872.472412] AA_thread:236  AA_thread DONE
[682872.481674] createImageRepresentationAtTime:367  LEFT: adding TS_left to Track ch0 and Map ch0  t=682868.181238
[682872.499787] AA_thread:134  AA_thread START  is_left=1  distance=10183  t=682868.199326
[682872.503758] AA_thread:220  AA_thread adding AA_freq to AA_left_IR_to_Map
[682872.503871] AA_thread:234  AA_thread adding AA_map to multi_to_Map channel 2
[682872.503904] AA_thread:236  AA_thread DONE
[682872.510094] createImageRepresentationAtTime:434  RIGHT: adding TS_right to Map ch1  t=682868.186844
[682872.519781] createImageRepresentationAtTime:367  LEFT: adding TS_left to Track ch0 and Map ch0  t=682868.199326
[682872.529295] createImageRepresentationAtTime:434  RIGHT: adding TS_right to Map ch1  t=682868.199326
[682872.539447] AA_thread:134  AA_thread START  is_left=1  distance=2816  t=682868.236655
[682872.541553] AA_thread:220  AA_thread adding AA_freq to AA_left_IR_to_Map
[682872.541628] AA_thread:234  AA_thread adding AA_map to multi_to_Map channel 2
[682872.541640] AA_thread:236  AA_thread DONE
[682872.547693] createImageRepresentationAtTime:367  LEFT: adding TS_left to Track ch0 and Map ch0  t=682868.236655
[682872.572051] AA_thread:134  AA_thread START  is_left=1  distance=27637  t=682868.255757
[682872.573806] process_mapping_thread:442  multi_to_Map fired -> calling timeSurfaceCallback
[682872.573873] timeSurfaceCallback:989  timeSurfaceCallback  TS_history.size=100  t=682867.917175
[682872.576996] AA_thread:220  AA_thread adding AA_freq to AA_left_IR_to_Map
[682872.577050] AA_thread:234  AA_thread adding AA_map to multi_to_Map channel 2
[682872.577067] AA_thread:236  AA_thread DONE
[682872.580123] publishMappingResults:1195  publishMappingResults  status=1  dqvDepthPoints.size=5
[682872.582573] publishPointCloud:1287  publishPointCloud  pc_color.size=0  pc_filtered.size=0  depthMap.size=0
[682872.585242] createImageRepresentationAtTime:367  LEFT: adding TS_left to Track ch0 and Map ch0  t=682868.255757
[682872.592461] createImageRepresentationAtTime:434  RIGHT: adding TS_right to Map ch1  t=682868.244040
[682872.599926] process_mapping_thread:442  multi_to_Map fired -> calling timeSurfaceCallback
[682872.609053] createImageRepresentationAtTime:434  RIGHT: adding TS_right to Map ch1  t=682868.255757
[682872.616805] AA_thread:134  AA_thread START  is_left=1  distance=1532  t=682868.292848
[682872.620706] AA_thread:220  AA_thread adding AA_freq to AA_left_IR_to_Map
[682872.620757] AA_thread:234  AA_thread adding AA_map to multi_to_Map channel 2
[682872.620780] AA_thread:236  AA_thread DONE
[682872.633038] createImageRepresentationAtTime:367  LEFT: adding TS_left to Track ch0 and Map ch0  t=682868.292848
[682872.640042] AA_thread:134  AA_thread START  is_left=1  distance=9794  t=682868.312185
[682872.641823] createImageRepresentationAtTime:434  RIGHT: adding TS_right to Map ch1  t=682868.294062
[682872.647243] AA_thread:220  AA_thread adding AA_freq to AA_left_IR_to_Map
[682872.647285] AA_thread:234  AA_thread adding AA_map to multi_to_Map channel 2
[682872.647301] AA_thread:236  AA_thread DONE
[682872.649705] createImageRepresentationAtTime:367  LEFT: adding TS_left to Track ch0 and Map ch0  t=682868.312185
[682872.652775] createImageRepresentationAtTime:268  createImageRepresentation early-return: vEvents_ empty  is_left=1
[682872.664237] createImageRepresentationAtTime:434  RIGHT: adding TS_right to Map ch1  t=682868.312185
[682872.684521] timeSurfaceCallback:989  timeSurfaceCallback  TS_history.size=100  t=682867.959245
[682872.691428] AA_thread:134  AA_thread START  is_left=1  distance=8455  t=682868.350722
[682872.701567] AA_thread:220  AA_thread adding AA_freq to AA_left_IR_to_Map
[682872.701641] AA_thread:234  AA_thread adding AA_map to multi_to_Map channel 2
[682872.701656] AA_thread:236  AA_thread DONE
[682872.711581] publishMappingResults:1195  publishMappingResults  status=1  dqvDepthPoints.size=5
[682872.715005] publishPointCloud:1287  publishPointCloud  pc_color.size=0  pc_filtered.size=0  depthMap.size=0
[682872.717684] createImageRepresentationAtTime:367  LEFT: adding TS_left to Track ch0 and Map ch0  t=682868.350722
[682872.718193] createImageRepresentationAtTime:434  RIGHT: adding TS_right to Map ch1  t=682868.350145
[682872.730857] AA_thread:134  AA_thread START  is_left=1  distance=10139  t=682868.368616
[682872.734763] AA_thread:220  AA_thread adding AA_freq to AA_left_IR_to_Map
[682872.734822] AA_thread:234  AA_thread adding AA_map to multi_to_Map channel 2
[682872.734840] AA_thread:236  AA_thread DONE
[682872.746663] createImageRepresentationAtTime:434  RIGHT: adding TS_right to Map ch1  t=682868.368616
[682872.751153] createImageRepresentationAtTime:367  LEFT: adding TS_left to Track ch0 and Map ch0  t=682868.368616
[682872.771855] AA_thread:134  AA_thread START  is_left=1  distance=10794  t=682868.421112
[682872.778642] AA_thread:220  AA_thread adding AA_freq to AA_left_IR_to_Map
[682872.778701] AA_thread:234  AA_thread adding AA_map to multi_to_Map channel 2
[682872.778775] AA_thread:236  AA_thread DONE
[682872.785986] createImageRepresentationAtTime:434  RIGHT: adding TS_right to Map ch1  t=682868.412943
[682872.803077] createImageRepresentationAtTime:367  LEFT: adding TS_left to Track ch0 and Map ch0  t=682868.421112
[682872.811615] AA_thread:134  AA_thread START  is_left=1  distance=9379  t=682868.425046
[682872.814056] createImageRepresentationAtTime:434  RIGHT: adding TS_right to Map ch1  t=682868.423062
[682872.825735] AA_thread:220  AA_thread adding AA_freq to AA_left_IR_to_Map
[682872.825796] AA_thread:234  AA_thread adding AA_map to multi_to_Map channel 2
[682872.825808] AA_thread:236  AA_thread DONE
[682872.829480] createImageRepresentationAtTime:434  RIGHT: adding TS_right to Map ch1  t=682868.423068
[682872.836707] createImageRepresentationAtTime:367  LEFT: adding TS_left to Track ch0 and Map ch0  t=682868.425046
[682872.839285] createImageRepresentationAtTime:434  RIGHT: adding TS_right to Map ch1  t=682868.423068
[682872.839409] AA_thread:134  AA_thread START  is_left=1  distance=8811  t=682868.481475
[682872.849480] AA_thread:220  AA_thread adding AA_freq to AA_left_IR_to_Map
[682872.849539] AA_thread:234  AA_thread adding AA_map to multi_to_Map channel 2
[682872.849597] AA_thread:236  AA_thread DONE
[682872.852614] process_mapping_thread:442  multi_to_Map fired -> calling timeSurfaceCallback
[682872.852674] timeSurfaceCallback:989  timeSurfaceCallback  TS_history.size=100  t=682868.124760
[682872.860031] publishMappingResults:1195  publishMappingResults  status=1  dqvDepthPoints.size=5
[682872.860441] publishPointCloud:1287  publishPointCloud  pc_color.size=0  pc_filtered.size=0  depthMap.size=0
[682872.873401] createImageRepresentationAtTime:434  RIGHT: adding TS_right to Map ch1  t=682868.481475
[682872.874354] createImageRepresentationAtTime:367  LEFT: adding TS_left to Track ch0 and Map ch0  t=682868.481475
[682872.891947] AA_thread:134  AA_thread START  is_left=1  distance=12487  t=682868.524794
[682872.894228] AA_thread:220  AA_thread adding AA_freq to AA_left_IR_to_Map
[682872.894273] AA_thread:234  AA_thread adding AA_map to multi_to_Map channel 2
[682872.894287] AA_thread:236  AA_thread DONE
[682872.900654] createImageRepresentationAtTime:367  LEFT: adding TS_left to Track ch0 and Map ch0  t=682868.524794
[682872.907614] createImageRepresentationAtTime:434  RIGHT: adding TS_right to Map ch1  t=682868.518386
[682872.909289] AA_thread:134  AA_thread START  is_left=1  distance=9073  t=682868.537906
[682872.912291] AA_thread:220  AA_thread adding AA_freq to AA_left_IR_to_Map
[682872.912361] AA_thread:234  AA_thread adding AA_map to multi_to_Map channel 2
[682872.912408] AA_thread:236  AA_thread DONE
[682872.915439] createImageRepresentationAtTime:434  RIGHT: adding TS_right to Map ch1  t=682868.528173
[682872.921667] createImageRepresentationAtTime:367  LEFT: adding TS_left to Track ch0 and Map ch0  t=682868.537906
[682872.928021] createImageRepresentationAtTime:434  RIGHT: adding TS_right to Map ch1  t=682868.537906
[682872.939725] AA_thread:134  AA_thread START  is_left=1  distance=642  t=682868.574772
[682872.941631] AA_thread:220  AA_thread adding AA_freq to AA_left_IR_to_Map
[682872.941678] AA_thread:234  AA_thread adding AA_map to multi_to_Map channel 2
[682872.941693] AA_thread:236  AA_thread DONE
[682872.948678] createImageRepresentationAtTime:367  LEFT: adding TS_left to Track ch0 and Map ch0  t=682868.574772
[682872.969845] AA_thread:134  AA_thread START  is_left=1  distance=31973  t=682868.594336
[682872.973818] AA_thread:220  AA_thread adding AA_freq to AA_left_IR_to_Map
[682872.973870] AA_thread:234  AA_thread adding AA_map to multi_to_Map channel 2
[682872.973885] AA_thread:236  AA_thread DONE
[682873.002252] createImageRepresentationAtTime:367  LEFT: adding TS_left to Track ch0 and Map ch0  t=682868.594336
[682873.002548] createImageRepresentationAtTime:434  RIGHT: adding TS_right to Map ch1  t=682868.576332
[682873.005764] process_mapping_thread:442  multi_to_Map fired -> calling timeSurfaceCallback
[682873.005819] timeSurfaceCallback:989  timeSurfaceCallback  TS_history.size=100  t=682868.255757
[682873.018220] publishMappingResults:1195  publishMappingResults  status=1  dqvDepthPoints.size=5
[682873.019349] publishPointCloud:1287  publishPointCloud  pc_color.size=0  pc_filtered.size=0  depthMap.size=0
[682873.050936] AA_thread:134  AA_thread START  is_left=1  distance=12391  t=682868.650767
[682873.053076] createImageRepresentationAtTime:434  RIGHT: adding TS_right to Map ch1  t=682868.594336
[682873.060559] AA_thread:220  AA_thread adding AA_freq to AA_left_IR_to_Map
[682873.060762] AA_thread:234  AA_thread adding AA_map to multi_to_Map channel 2
[682873.061846] AA_thread:236  AA_thread DONE
[682873.117188] createImageRepresentationAtTime:367  LEFT: adding TS_left to Track ch0 and Map ch0  t=682868.650767
[682873.120892] createImageRepresentationAtTime:434  RIGHT: adding TS_right to Map ch1  t=682868.649593
[682873.144327] AA_thread:134  AA_thread START  is_left=1  distance=3565  t=682868.695909
[682873.153463] AA_thread:220  AA_thread adding AA_freq to AA_left_IR_to_Map
[682873.153524] AA_thread:234  AA_thread adding AA_map to multi_to_Map channel 2
[682873.153541] AA_thread:236  AA_thread DONE
[682873.160556] createImageRepresentationAtTime:434  RIGHT: adding TS_right to Map ch1  t=682868.650767
[682873.169624] createImageRepresentationAtTime:367  LEFT: adding TS_left to Track ch0 and Map ch0  t=682868.695909
[682873.185955] AA_thread:134  AA_thread START  is_left=1  distance=9592  t=682868.707195
[682873.210740] AA_thread:220  AA_thread adding AA_freq to AA_left_IR_to_Map
[682873.210813] AA_thread:234  AA_thread adding AA_map to multi_to_Map channel 2
[682873.210833] AA_thread:236  AA_thread DONE
[682873.214927] createImageRepresentationAtTime:367  LEFT: adding TS_left to Track ch0 and Map ch0  t=682868.707195
[682873.215833] createImageRepresentationAtTime:434  RIGHT: adding TS_right to Map ch1  t=682868.707195
[682873.218691] AA_thread:134  AA_thread START  is_left=1  distance=9467  t=682868.763626
[682873.224343] AA_thread:220  AA_thread adding AA_freq to AA_left_IR_to_Map
[682873.224414] AA_thread:234  AA_thread adding AA_map to multi_to_Map channel 2
[682873.224429] AA_thread:236  AA_thread DONE
[682873.229324] createImageRepresentationAtTime:434  RIGHT: adding TS_right to Map ch1  t=682868.752120
[682873.229506] createImageRepresentationAtTime:367  LEFT: adding TS_left to Track ch0 and Map ch0  t=682868.763626
[682873.255095] createImageRepresentationAtTime:434  RIGHT: adding TS_right to Map ch1  t=682868.763626
[682873.257762] process_mapping_thread:442  multi_to_Map fired -> calling timeSurfaceCallback
[682873.257839] timeSurfaceCallback:989  timeSurfaceCallback  TS_history.size=100  t=682868.368616
[682873.262926] publishMappingResults:1195  publishMappingResults  status=1  dqvDepthPoints.size=5
[682873.263356] publishPointCloud:1287  publishPointCloud  pc_color.size=0  pc_filtered.size=0  depthMap.size=0
[682873.264053] AA_thread:134  AA_thread START  is_left=1  distance=7620  t=682868.801977
[682873.267957] AA_thread:220  AA_thread adding AA_freq to AA_left_IR_to_Map
[682873.268028] AA_thread:234  AA_thread adding AA_map to multi_to_Map channel 2
[682873.268043] AA_thread:236  AA_thread DONE
[682873.369477] process_mapping_thread:442  multi_to_Map fired -> calling timeSurfaceCallback
[682873.372829] createImageRepresentationAtTime:367  LEFT: adding TS_left to Track ch0 and Map ch0  t=682868.801977
[682873.381662] AA_thread:134  AA_thread START  is_left=1  distance=9834  t=682868.820056
[682873.382951] createImageRepresentationAtTime:434  RIGHT: adding TS_right to Map ch1  t=682868.819991
[682873.385973] AA_thread:220  AA_thread adding AA_freq to AA_left_IR_to_Map
[682873.386502] AA_thread:234  AA_thread adding AA_map to multi_to_Map channel 2
[682873.386523] AA_thread:236  AA_thread DONE
[682873.400768] createImageRepresentationAtTime:367  LEFT: adding TS_left to Track ch0 and Map ch0  t=682868.820056
[682873.422573] AA_thread:134  AA_thread START  is_left=1  distance=6100  t=682868.872131
[682873.451292] createImageRepresentationAtTime:434  RIGHT: adding TS_right to Map ch1  t=682868.819991
[682873.459278] AA_thread:220  AA_thread adding AA_freq to AA_left_IR_to_Map
[682873.459376] AA_thread:234  AA_thread adding AA_map to multi_to_Map channel 2
[682873.459420] AA_thread:236  AA_thread DONE
[682873.464875] createImageRepresentationAtTime:367  LEFT: adding TS_left to Track ch0 and Map ch0  t=682868.872131
[682873.469765] AA_thread:134  AA_thread START  is_left=1  distance=6854  t=682868.919458
[682873.470578] createImageRepresentationAtTime:434  RIGHT: adding TS_right to Map ch1  t=682868.876485
[682873.511599] AA_thread:220  AA_thread adding AA_freq to AA_left_IR_to_Map
[682873.511685] AA_thread:234  AA_thread adding AA_map to multi_to_Map channel 2
[682873.511699] AA_thread:236  AA_thread DONE
[682873.515110] createImageRepresentationAtTime:367  LEFT: adding TS_left to Track ch0 and Map ch0  t=682868.919458
[682873.520928] AA_thread:134  AA_thread START  is_left=1  distance=9665  t=682868.932916
[682873.525824] AA_thread:220  AA_thread adding AA_freq to AA_left_IR_to_Map
[682873.525887] AA_thread:234  AA_thread adding AA_map to multi_to_Map channel 2
[682873.525901] AA_thread:236  AA_thread DONE
[682873.529153] createImageRepresentationAtTime:434  RIGHT: adding TS_right to Map ch1  t=682868.932916
[682873.534919] createImageRepresentationAtTime:367  LEFT: adding TS_left to Track ch0 and Map ch0  t=682868.932916
[682873.555086] AA_thread:134  AA_thread START  is_left=1  distance=5442  t=682868.970806
[682873.564202] AA_thread:220  AA_thread adding AA_freq to AA_left_IR_to_Map
[682873.564268] AA_thread:234  AA_thread adding AA_map to multi_to_Map channel 2
[682873.564282] AA_thread:236  AA_thread DONE
[682873.576130] createImageRepresentationAtTime:367  LEFT: adding TS_left to Track ch0 and Map ch0  t=682868.970806
[682873.581443] createImageRepresentationAtTime:434  RIGHT: adding TS_right to Map ch1  t=682868.978129
[682873.589481] AA_thread:134  AA_thread START  is_left=1  distance=9377  t=682868.989346
[682873.592664] AA_thread:220  AA_thread adding AA_freq to AA_left_IR_to_Map
[682873.592715] AA_thread:234  AA_thread adding AA_map to multi_to_Map channel 2
[682873.592733] AA_thread:236  AA_thread DONE
[682873.612364] createImageRepresentationAtTime:367  LEFT: adding TS_left to Track ch0 and Map ch0  t=682868.989346
[682873.619777] createImageRepresentationAtTime:434  RIGHT: adding TS_right to Map ch1  t=682868.989346
[682873.619975] AA_thread:134  AA_thread START  is_left=1  distance=2651  t=682869.035420
[682873.625123] AA_thread:220  AA_thread adding AA_freq to AA_left_IR_to_Map
[682873.625192] AA_thread:234  AA_thread adding AA_map to multi_to_Map channel 2
[682873.625209] AA_thread:236  AA_thread DONE
[682873.632900] createImageRepresentationAtTime:367  LEFT: adding TS_left to Track ch0 and Map ch0  t=682869.035420
[682873.639192] AA_thread:134  AA_thread START  is_left=1  distance=9528  t=682869.045777
[682873.642673] AA_thread:220  AA_thread adding AA_freq to AA_left_IR_to_Map
[682873.642737] AA_thread:234  AA_thread adding AA_map to multi_to_Map channel 2
[682873.642750] AA_thread:236  AA_thread DONE
[682873.651782] createImageRepresentationAtTime:367  LEFT: adding TS_left to Track ch0 and Map ch0  t=682869.045777
[682873.654984] createImageRepresentationAtTime:434  RIGHT: adding TS_right to Map ch1  t=682869.033931
[682873.670721] createImageRepresentationAtTime:434  RIGHT: adding TS_right to Map ch1  t=682869.045777
[682873.670992] timeSurfaceCallback:989  timeSurfaceCallback  TS_history.size=100  t=682868.421112
[682873.684024] AA_thread:134  AA_thread START  is_left=1  distance=1773  t=682869.082893
[682873.701231] createImageRepresentationAtTime:367  LEFT: adding TS_left to Track ch0 and Map ch0  t=682869.082893
[682873.701783] publishMappingResults:1195  publishMappingResults  status=1  dqvDepthPoints.size=5
[682873.702417] publishPointCloud:1287  publishPointCloud  pc_color.size=0  pc_filtered.size=0  depthMap.size=0
[682873.702802] AA_thread:220  AA_thread adding AA_freq to AA_left_IR_to_Map
[682873.702838] AA_thread:234  AA_thread adding AA_map to multi_to_Map channel 2
[682873.702855] AA_thread:236  AA_thread DONE
[682873.724228] AA_thread:134  AA_thread START  is_left=1  distance=9503  t=682869.102205
[682873.731428] AA_thread:220  AA_thread adding AA_freq to AA_left_IR_to_Map
[682873.731607] AA_thread:234  AA_thread adding AA_map to multi_to_Map channel 2
[682873.731632] AA_thread:236  AA_thread DONE
[682873.736867] createImageRepresentationAtTime:434  RIGHT: adding TS_right to Map ch1  t=682869.087685
[682873.744483] createImageRepresentationAtTime:367  LEFT: adding TS_left to Track ch0 and Map ch0  t=682869.102205
[682873.747156] createImageRepresentationAtTime:434  RIGHT: adding TS_right to Map ch1  t=682869.101175
[682873.760747] createImageRepresentationAtTime:434  RIGHT: adding TS_right to Map ch1  t=682869.102205
[682873.762382] AA_thread:134  AA_thread START  is_left=1  distance=1105  t=682869.139432
[682873.764417] AA_thread:220  AA_thread adding AA_freq to AA_left_IR_to_Map
[682873.764485] AA_thread:234  AA_thread adding AA_map to multi_to_Map channel 2
[682873.764498] AA_thread:236  AA_thread DONE
[682873.772841] createImageRepresentationAtTime:367  LEFT: adding TS_left to Track ch0 and Map ch0  t=682869.139432
[682873.780911] AA_thread:134  AA_thread START  is_left=1  distance=13514  t=682869.158636
[682873.783628] AA_thread:220  AA_thread adding AA_freq to AA_left_IR_to_Map
[682873.783691] AA_thread:234  AA_thread adding AA_map to multi_to_Map channel 2
[682873.783704] AA_thread:236  AA_thread DONE
[682873.792109] createImageRepresentationAtTime:367  LEFT: adding TS_left to Track ch0 and Map ch0  t=682869.158636
[682873.794654] createImageRepresentationAtTime:434  RIGHT: adding TS_right to Map ch1  t=682869.143374
[682873.804819] createImageRepresentationAtTime:434  RIGHT: adding TS_right to Map ch1  t=682869.158636
[682873.825544] process_mapping_thread:442  multi_to_Map fired -> calling timeSurfaceCallback
[682873.825630] timeSurfaceCallback:989  timeSurfaceCallback  TS_history.size=100  t=682868.820056
[682873.830718] publishMappingResults:1195  publishMappingResults  status=1  dqvDepthPoints.size=5
[682873.831424] publishPointCloud:1287  publishPointCloud  pc_color.size=0  pc_filtered.size=0  depthMap.size=0
[682873.834042] AA_thread:134  AA_thread START  is_left=1  distance=9716  t=682869.197314
[682873.836524] AA_thread:220  AA_thread adding AA_freq to AA_left_IR_to_Map
[682873.836585] AA_thread:234  AA_thread adding AA_map to multi_to_Map channel 2
[682873.836605] AA_thread:236  AA_thread DONE
[682873.842977] createImageRepresentationAtTime:367  LEFT: adding TS_left to Track ch0 and Map ch0  t=682869.197314
[682873.849415] AA_thread:134  AA_thread START  is_left=1  distance=10817  t=682869.215066
[682873.854476] AA_thread:220  AA_thread adding AA_freq to AA_left_IR_to_Map
[682873.854543] AA_thread:234  AA_thread adding AA_map to multi_to_Map channel 2
[682873.854556] AA_thread:236  AA_thread DONE
[682873.858843] createImageRepresentationAtTime:434  RIGHT: adding TS_right to Map ch1  t=682869.198975
[682873.862085] createImageRepresentationAtTime:367  LEFT: adding TS_left to Track ch0 and Map ch0  t=682869.215066
[682873.880687] createImageRepresentationAtTime:434  RIGHT: adding TS_right to Map ch1  t=682869.215066
[682873.904494] AA_thread:134  AA_thread START  is_left=1  distance=2039  t=682869.252205
[682873.908967] AA_thread:220  AA_thread adding AA_freq to AA_left_IR_to_Map
[682873.909040] AA_thread:234  AA_thread adding AA_map to multi_to_Map channel 2
[682873.909053] AA_thread:236  AA_thread DONE
[682873.926478] process_mapping_thread:442  multi_to_Map fired -> calling timeSurfaceCallback
[682873.926548] timeSurfaceCallback:989  timeSurfaceCallback  TS_history.size=100  t=682868.932916
[682873.928241] createImageRepresentationAtTime:367  LEFT: adding TS_left to Track ch0 and Map ch0  t=682869.252205
[682873.929600] createImageRepresentationAtTime:434  RIGHT: adding TS_right to Map ch1  t=682869.252080
[682873.937306] AA_thread:134  AA_thread START  is_left=1  distance=0  t=682869.252205
[682873.943380] publishMappingResults:1195  publishMappingResults  status=1  dqvDepthPoints.size=5
[682873.945055] AA_thread:220  AA_thread adding AA_freq to AA_left_IR_to_Map
[682873.945136] AA_thread:234  AA_thread adding AA_map to multi_to_Map channel 2
[682873.945152] AA_thread:236  AA_thread DONE
[682873.945551] publishPointCloud:1287  publishPointCloud  pc_color.size=0  pc_filtered.size=0  depthMap.size=0
[682873.951252] createImageRepresentationAtTime:434  RIGHT: adding TS_right to Map ch1  t=682869.271495
[682873.952932] createImageRepresentationAtTime:367  LEFT: adding TS_left to Track ch0 and Map ch0  t=682869.252205
[682873.959737] AA_thread:134  AA_thread START  is_left=1  distance=11161  t=682869.271495
[682873.963457] AA_thread:220  AA_thread adding AA_freq to AA_left_IR_to_Map
[682873.963527] AA_thread:234  AA_thread adding AA_map to multi_to_Map channel 2
[682873.963546] AA_thread:236  AA_thread DONE
[682873.977214] createImageRepresentationAtTime:367  LEFT: adding TS_left to Track ch0 and Map ch0  t=682869.271495
[682873.990854] AA_thread:134  AA_thread START  is_left=1  distance=21874  t=682869.318347
[682873.996799] AA_thread:220  AA_thread adding AA_freq to AA_left_IR_to_Map
[682873.998030] AA_thread:234  AA_thread adding AA_map to multi_to_Map channel 2
[682873.998087] AA_thread:236  AA_thread DONE
[682874.007866] createImageRepresentationAtTime:367  LEFT: adding TS_left to Track ch0 and Map ch0  t=682869.318347
[682874.009768] createImageRepresentationAtTime:434  RIGHT: adding TS_right to Map ch1  t=682869.312070
[682874.022787] AA_thread:134  AA_thread START  is_left=1  distance=10755  t=682869.327926
[682874.025936] AA_thread:220  AA_thread adding AA_freq to AA_left_IR_to_Map
[682874.026006] AA_thread:234  AA_thread adding AA_map to multi_to_Map channel 2
[682874.026020] AA_thread:236  AA_thread DONE
[682874.033257] createImageRepresentationAtTime:434  RIGHT: adding TS_right to Map ch1  t=682869.327926
[682874.037857] createImageRepresentationAtTime:367  LEFT: adding TS_left to Track ch0 and Map ch0  t=682869.327926
[682874.052880] AA_thread:134  AA_thread START  is_left=1  distance=518  t=682869.364765
[682874.056558] publishMappingResults:1195  publishMappingResults  status=1  dqvDepthPoints.size=5
[682874.057053] publishPointCloud:1287  publishPointCloud  pc_color.size=0  pc_filtered.size=0  depthMap.size=0
[682874.057552] AA_thread:220  AA_thread adding AA_freq to AA_left_IR_to_Map
[682874.057612] AA_thread:234  AA_thread adding AA_map to multi_to_Map channel 2
[682874.057630] AA_thread:236  AA_thread DONE
[682874.058389] process_mapping_thread:442  multi_to_Map fired -> calling timeSurfaceCallback
[682874.058448] timeSurfaceCallback:989  timeSurfaceCallback  TS_history.size=100  t=682869.045777
[682874.067511] createImageRepresentationAtTime:367  LEFT: adding TS_left to Track ch0 and Map ch0  t=682869.364765
[682874.082572] AA_thread:134  AA_thread START  is_left=1  distance=10477  t=682869.384356
[682874.084049] createImageRepresentationAtTime:434  RIGHT: adding TS_right to Map ch1  t=682869.368445
[682874.094694] AA_thread:220  AA_thread adding AA_freq to AA_left_IR_to_Map
[682874.094921] AA_thread:234  AA_thread adding AA_map to multi_to_Map channel 2
[682874.095017] AA_thread:236  AA_thread DONE
[682874.110268] createImageRepresentationAtTime:367  LEFT: adding TS_left to Track ch0 and Map ch0  t=682869.384356
[682874.117829] createImageRepresentationAtTime:434  RIGHT: adding TS_right to Map ch1  t=682869.384356
[682874.131514] AA_thread:134  AA_thread START  is_left=1  distance=16441  t=682869.425261
[682874.134722] AA_thread:220  AA_thread adding AA_freq to AA_left_IR_to_Map
[682874.134813] AA_thread:234  AA_thread adding AA_map to multi_to_Map channel 2
[682874.134831] AA_thread:236  AA_thread DONE
[682874.143782] createImageRepresentationAtTime:367  LEFT: adding TS_left to Track ch0 and Map ch0  t=682869.425261
[682874.155095] AA_thread:134  AA_thread START  is_left=1  distance=12656  t=682869.440787
[682874.159520] AA_thread:220  AA_thread adding AA_freq to AA_left_IR_to_Map
[682874.159641] AA_thread:234  AA_thread adding AA_map to multi_to_Map channel 2
[682874.159661] AA_thread:236  AA_thread DONE
[682874.163290] process_mapping_thread:442  multi_to_Map fired -> calling timeSurfaceCallback
[682874.163373] timeSurfaceCallback:989  timeSurfaceCallback  TS_history.size=100  t=682869.102205
[682874.164355] createImageRepresentationAtTime:434  RIGHT: adding TS_right to Map ch1  t=682869.426762
[682874.170035] createImageRepresentationAtTime:367  LEFT: adding TS_left to Track ch0 and Map ch0  t=682869.440787
[682874.186197] publishMappingResults:1195  publishMappingResults  status=1  dqvDepthPoints.size=5
[682874.186867] publishPointCloud:1287  publishPointCloud  pc_color.size=0  pc_filtered.size=0  depthMap.size=0
[682874.189267] createImageRepresentationAtTime:434  RIGHT: adding TS_right to Map ch1  t=682869.440787
[682874.205239] AA_thread:134  AA_thread START  is_left=1  distance=410  t=682869.477604
[682874.209205] AA_thread:220  AA_thread adding AA_freq to AA_left_IR_to_Map
[682874.209285] AA_thread:234  AA_thread adding AA_map to multi_to_Map channel 2
[682874.209299] AA_thread:236  AA_thread DONE
[682874.218785] createImageRepresentationAtTime:367  LEFT: adding TS_left to Track ch0 and Map ch0  t=682869.477604
[682874.229696] createImageRepresentationAtTime:434  RIGHT: adding TS_right to Map ch1  t=682869.478241
[682874.242073] AA_thread:134  AA_thread START  is_left=1  distance=11337  t=682869.497215
[682874.242740] process_mapping_thread:442  multi_to_Map fired -> calling timeSurfaceCallback
[682874.242840] timeSurfaceCallback:989  timeSurfaceCallback  TS_history.size=100  t=682869.158636
[682874.246039] AA_thread:220  AA_thread adding AA_freq to AA_left_IR_to_Map
[682874.246126] AA_thread:234  AA_thread adding AA_map to multi_to_Map channel 2
[682874.246139] AA_thread:236  AA_thread DONE
[682874.248976] publishMappingResults:1195  publishMappingResults  status=1  dqvDepthPoints.size=5
[682874.249753] publishPointCloud:1287  publishPointCloud  pc_color.size=0  pc_filtered.size=0  depthMap.size=0
[682874.250241] createImageRepresentationAtTime:434  RIGHT: adding TS_right to Map ch1  t=682869.497215
[682874.256314] createImageRepresentationAtTime:367  LEFT: adding TS_left to Track ch0 and Map ch0  t=682869.497215
[682874.290044] AA_thread:134  AA_thread START  is_left=1  distance=20390  t=682869.537739
[682874.293692] AA_thread:220  AA_thread adding AA_freq to AA_left_IR_to_Map
[682874.293743] AA_thread:234  AA_thread adding AA_map to multi_to_Map channel 2
[682874.293762] AA_thread:236  AA_thread DONE
[682874.303653] process_mapping_thread:442  multi_to_Map fired -> calling timeSurfaceCallback
[682874.303724] timeSurfaceCallback:989  timeSurfaceCallback  TS_history.size=100  t=682869.215066
[682874.307753] createImageRepresentationAtTime:367  LEFT: adding TS_left to Track ch0 and Map ch0  t=682869.537739
[682874.309202] createImageRepresentationAtTime:268  createImageRepresentation early-return: vEvents_ empty  is_left=1
[682874.314056] publishMappingResults:1195  publishMappingResults  status=1  dqvDepthPoints.size=5
[682874.314435] publishPointCloud:1287  publishPointCloud  pc_color.size=0  pc_filtered.size=0  depthMap.size=0
[682874.321190] AA_thread:134  AA_thread START  is_left=1  distance=9692  t=682869.553646
[682874.322945] createImageRepresentationAtTime:434  RIGHT: adding TS_right to Map ch1  t=682869.540690
[682874.325877] AA_thread:220  AA_thread adding AA_freq to AA_left_IR_to_Map
[682874.325961] AA_thread:234  AA_thread adding AA_map to multi_to_Map channel 2
[682874.325983] AA_thread:236  AA_thread DONE
[682874.330754] createImageRepresentationAtTime:367  LEFT: adding TS_left to Track ch0 and Map ch0  t=682869.553646
[682874.340562] createImageRepresentationAtTime:434  RIGHT: adding TS_right to Map ch1  t=682869.553646
[682874.353510] process_mapping_thread:442  multi_to_Map fired -> calling timeSurfaceCallback
[682874.353555] timeSurfaceCallback:989  timeSurfaceCallback  TS_history.size=100  t=682869.271495
[682874.357942] AA_thread:134  AA_thread START  is_left=1  distance=11428  t=682869.595175
[682874.361542] AA_thread:220  AA_thread adding AA_freq to AA_left_IR_to_Map
[682874.361794] AA_thread:234  AA_thread adding AA_map to multi_to_Map channel 2
[682874.361810] AA_thread:236  AA_thread DONE
[682874.370285] publishMappingResults:1195  publishMappingResults  status=1  dqvDepthPoints.size=5
[682874.371517] publishPointCloud:1287  publishPointCloud  pc_color.size=0  pc_filtered.size=0  depthMap.size=0
[682874.376193] createImageRepresentationAtTime:367  LEFT: adding TS_left to Track ch0 and Map ch0  t=682869.595175
[682874.378346] AA_thread:134  AA_thread START  is_left=1  distance=11118  t=682869.610077
[682874.379575] createImageRepresentationAtTime:434  RIGHT: adding TS_right to Map ch1  t=682869.594458
[682874.383211] AA_thread:220  AA_thread adding AA_freq to AA_left_IR_to_Map
[682874.383298] AA_thread:234  AA_thread adding AA_map to multi_to_Map channel 2
[682874.383335] AA_thread:236  AA_thread DONE
[682874.385979] createImageRepresentationAtTime:367  LEFT: adding TS_left to Track ch0 and Map ch0  t=682869.610077
[682874.400821] createImageRepresentationAtTime:434  RIGHT: adding TS_right to Map ch1  t=682869.610077
[682874.407357] process_mapping_thread:442  multi_to_Map fired -> calling timeSurfaceCallback
[682874.407414] timeSurfaceCallback:989  timeSurfaceCallback  TS_history.size=100  t=682869.327926
[682874.412426] AA_thread:134  AA_thread START  is_left=1  distance=4276  t=682869.647749
[682874.414895] AA_thread:220  AA_thread adding AA_freq to AA_left_IR_to_Map
[682874.414938] AA_thread:234  AA_thread adding AA_map to multi_to_Map channel 2
[682874.414948] AA_thread:236  AA_thread DONE
[682874.419234] createImageRepresentationAtTime:367  LEFT: adding TS_left to Track ch0 and Map ch0  t=682869.647749
[682874.419306] publishMappingResults:1195  publishMappingResults  status=1  dqvDepthPoints.size=5
[682874.419456] publishPointCloud:1287  publishPointCloud  pc_color.size=0  pc_filtered.size=0  depthMap.size=0
[682874.428250] AA_thread:134  AA_thread START  is_left=1  distance=14263  t=682869.666505
[682874.430691] AA_thread:220  AA_thread adding AA_freq to AA_left_IR_to_Map
[682874.430737] AA_thread:234  AA_thread adding AA_map to multi_to_Map channel 2
[682874.430748] AA_thread:236  AA_thread DONE
[682874.436241] createImageRepresentationAtTime:367  LEFT: adding TS_left to Track ch0 and Map ch0  t=682869.666505
[682874.443170] createImageRepresentationAtTime:434  RIGHT: adding TS_right to Map ch1  t=682869.654637
[682874.460470] createImageRepresentationAtTime:434  RIGHT: adding TS_right to Map ch1  t=682869.666505
[682874.473519] process_mapping_thread:442  multi_to_Map fired -> calling timeSurfaceCallback
[682874.473560] timeSurfaceCallback:989  timeSurfaceCallback  TS_history.size=100  t=682869.384356
[682874.475179] publishMappingResults:1195  publishMappingResults  status=1  dqvDepthPoints.size=5
[682874.476144] publishPointCloud:1287  publishPointCloud  pc_color.size=0  pc_filtered.size=0  depthMap.size=0
[682874.481005] AA_thread:134  AA_thread START  is_left=1  distance=9294  t=682869.707404
[682874.484305] AA_thread:220  AA_thread adding AA_freq to AA_left_IR_to_Map
[682874.484360] AA_thread:234  AA_thread adding AA_map to multi_to_Map channel 2
[682874.484562] AA_thread:236  AA_thread DONE
[682874.487811] createImageRepresentationAtTime:367  LEFT: adding TS_left to Track ch0 and Map ch0  t=682869.707404
[682874.496170] createImageRepresentationAtTime:434  RIGHT: adding TS_right to Map ch1  t=682869.703625
[682874.499022] AA_thread:134  AA_thread START  is_left=1  distance=8590  t=682869.722936
[682874.500736] AA_thread:220  AA_thread adding AA_freq to AA_left_IR_to_Map
[682874.500787] AA_thread:234  AA_thread adding AA_map to multi_to_Map channel 2
[682874.500798] AA_thread:236  AA_thread DONE
[682874.506863] createImageRepresentationAtTime:367  LEFT: adding TS_left to Track ch0 and Map ch0  t=682869.722936
[682874.509276] createImageRepresentationAtTime:434  RIGHT: adding TS_right to Map ch1  t=682869.716550
[682874.520607] createImageRepresentationAtTime:434  RIGHT: adding TS_right to Map ch1  t=682869.716550
[682874.538347] process_mapping_thread:442  multi_to_Map fired -> calling timeSurfaceCallback
[682874.538409] timeSurfaceCallback:989  timeSurfaceCallback  TS_history.size=100  t=682869.425261
[682874.543693] publishMappingResults:1195  publishMappingResults  status=1  dqvDepthPoints.size=5
[682874.544145] publishPointCloud:1287  publishPointCloud  pc_color.size=0  pc_filtered.size=0  depthMap.size=0
[682874.546797] createImageRepresentationAtTime:434  RIGHT: adding TS_right to Map ch1  t=682869.722936
[682874.549499] AA_thread:134  AA_thread START  is_left=1  distance=5408  t=682869.766220
[682874.551431] AA_thread:220  AA_thread adding AA_freq to AA_left_IR_to_Map
[682874.551475] AA_thread:234  AA_thread adding AA_map to multi_to_Map channel 2
[682874.551488] AA_thread:236  AA_thread DONE
[682874.563444] createImageRepresentationAtTime:367  LEFT: adding TS_left to Track ch0 and Map ch0  t=682869.766220
[682874.568753] createImageRepresentationAtTime:434  RIGHT: adding TS_right to Map ch1  t=682869.760234
[682874.571577] AA_thread:134  AA_thread START  is_left=1  distance=8416  t=682869.779366
[682874.574993] AA_thread:220  AA_thread adding AA_freq to AA_left_IR_to_Map
[682874.575042] AA_thread:234  AA_thread adding AA_map to multi_to_Map channel 2
[682874.575058] AA_thread:236  AA_thread DONE
[682874.581908] createImageRepresentationAtTime:367  LEFT: adding TS_left to Track ch0 and Map ch0  t=682869.779366
[682874.588017] createImageRepresentationAtTime:434  RIGHT: adding TS_right to Map ch1  t=682869.779366
[682874.601663] process_mapping_thread:442  multi_to_Map fired -> calling timeSurfaceCallback
[682874.601779] timeSurfaceCallback:989  timeSurfaceCallback  TS_history.size=100  t=682869.497215
[682874.605150] publishMappingResults:1195  publishMappingResults  status=1  dqvDepthPoints.size=5
[682874.605386] publishPointCloud:1287  publishPointCloud  pc_color.size=0  pc_filtered.size=0  depthMap.size=0
[682874.609686] AA_thread:134  AA_thread START  is_left=1  distance=7129  t=682869.822319
[682874.613754] AA_thread:220  AA_thread adding AA_freq to AA_left_IR_to_Map
[682874.613836] AA_thread:234  AA_thread adding AA_map to multi_to_Map channel 2
[682874.613850] AA_thread:236  AA_thread DONE
[682874.621609] createImageRepresentationAtTime:367  LEFT: adding TS_left to Track ch0 and Map ch0  t=682869.822319
[682874.627484] AA_thread:134  AA_thread START  is_left=1  distance=5  t=682869.823847
[682874.631746] AA_thread:220  AA_thread adding AA_freq to AA_left_IR_to_Map
[682874.631813] AA_thread:234  AA_thread adding AA_map to multi_to_Map channel 2
[682874.631832] AA_thread:236  AA_thread DONE
[682874.634101] createImageRepresentationAtTime:434  RIGHT: adding TS_right to Map ch1  t=682869.817799
[682874.637299] createImageRepresentationAtTime:367  LEFT: adding TS_left to Track ch0 and Map ch0  t=682869.823847
[682874.642331] createImageRepresentationAtTime:434  RIGHT: adding TS_right to Map ch1  t=682869.833794
[682874.650507] AA_thread:134  AA_thread START  is_left=1  distance=8728  t=682869.835797
[682874.651463] createImageRepresentationAtTime:434  RIGHT: adding TS_right to Map ch1  t=682869.833794
[682874.653639] AA_thread:220  AA_thread adding AA_freq to AA_left_IR_to_Map
[682874.653703] AA_thread:234  AA_thread adding AA_map to multi_to_Map channel 2
[682874.653733] AA_thread:236  AA_thread DONE
[682874.662294] createImageRepresentationAtTime:367  LEFT: adding TS_left to Track ch0 and Map ch0  t=682869.835797
[682874.666590] createImageRepresentationAtTime:434  RIGHT: adding TS_right to Map ch1  t=682869.835797
[682874.668018] AA_thread:134  AA_thread START  is_left=1  distance=17445  t=682869.881693
[682874.670736] AA_thread:220  AA_thread adding AA_freq to AA_left_IR_to_Map
[682874.670825] AA_thread:234  AA_thread adding AA_map to multi_to_Map channel 2
[682874.670839] AA_thread:236  AA_thread DONE
[682874.682176] createImageRepresentationAtTime:367  LEFT: adding TS_left to Track ch0 and Map ch0  t=682869.881693
[682874.685779] createImageRepresentationAtTime:434  RIGHT: adding TS_right to Map ch1  t=682869.875041
[682874.689149] AA_thread:134  AA_thread START  is_left=1  distance=8927  t=682869.892225
[682874.691905] AA_thread:220  AA_thread adding AA_freq to AA_left_IR_to_Map
[682874.691997] AA_thread:234  AA_thread adding AA_map to multi_to_Map channel 2
[682874.692011] AA_thread:236  AA_thread DONE
[682874.696844] createImageRepresentationAtTime:367  LEFT: adding TS_left to Track ch0 and Map ch0  t=682869.892225
[682874.699319] createImageRepresentationAtTime:434  RIGHT: adding TS_right to Map ch1  t=682869.885291
[682874.714981] createImageRepresentationAtTime:434  RIGHT: adding TS_right to Map ch1  t=682869.892225
[682874.729488] AA_thread:134  AA_thread START  is_left=1  distance=22010  t=682869.935799
[682874.733075] AA_thread:220  AA_thread adding AA_freq to AA_left_IR_to_Map
[682874.733219] AA_thread:234  AA_thread adding AA_map to multi_to_Map channel 2
[682874.733235] AA_thread:236  AA_thread DONE
[682874.741143] process_mapping_thread:442  multi_to_Map fired -> calling timeSurfaceCallback
[682874.741227] timeSurfaceCallback:989  timeSurfaceCallback  TS_history.size=100  t=682869.610077
[682874.750605] createImageRepresentationAtTime:367  LEFT: adding TS_left to Track ch0 and Map ch0  t=682869.935799
[682874.752020] createImageRepresentationAtTime:434  RIGHT: adding TS_right to Map ch1  t=682869.929173
[682874.758623] process_mapping_thread:442  multi_to_Map fired -> calling timeSurfaceCallback
[682874.758714] timeSurfaceCallback:989  timeSurfaceCallback  TS_history.size=100  t=682869.647749
[682874.759603] AA_thread:134  AA_thread START  is_left=1  distance=8470  t=682869.948656
[682874.763410] AA_thread:220  AA_thread adding AA_freq to AA_left_IR_to_Map
[682874.763485] AA_thread:234  AA_thread adding AA_map to multi_to_Map channel 2
[682874.763498] AA_thread:236  AA_thread DONE
[682874.764618] publishMappingResults:1195  publishMappingResults  status=1  dqvDepthPoints.size=5
[682874.765073] publishPointCloud:1287  publishPointCloud  pc_color.size=0  pc_filtered.size=0  depthMap.size=0
[682874.776607] createImageRepresentationAtTime:367  LEFT: adding TS_left to Track ch0 and Map ch0  t=682869.948656
[682874.780311] createImageRepresentationAtTime:434  RIGHT: adding TS_right to Map ch1  t=682869.948656
[682874.793283] AA_thread:134  AA_thread START  is_left=1  distance=4818  t=682869.986569
[682874.798181] AA_thread:220  AA_thread adding AA_freq to AA_left_IR_to_Map
[682874.798249] AA_thread:234  AA_thread adding AA_map to multi_to_Map channel 2
[682874.798264] AA_thread:236  AA_thread DONE
[682874.806929] createImageRepresentationAtTime:367  LEFT: adding TS_left to Track ch0 and Map ch0  t=682869.986569
[682874.814989] AA_thread:134  AA_thread START  is_left=1  distance=8056  t=682870.005087
[682874.817804] AA_thread:220  AA_thread adding AA_freq to AA_left_IR_to_Map
[682874.817911] AA_thread:234  AA_thread adding AA_map to multi_to_Map channel 2
[682874.817932] AA_thread:236  AA_thread DONE
[682874.830916] process_mapping_thread:442  multi_to_Map fired -> calling timeSurfaceCallback
[682874.830987] timeSurfaceCallback:989  timeSurfaceCallback  TS_history.size=100  t=682869.666505
[682874.833380] createImageRepresentationAtTime:434  RIGHT: adding TS_right to Map ch1  t=682869.996092
[682874.837606] createImageRepresentationAtTime:367  LEFT: adding TS_left to Track ch0 and Map ch0  t=682870.005087
[682874.848155] createImageRepresentationAtTime:434  RIGHT: adding TS_right to Map ch1  t=682870.003858
[682874.853783] publishMappingResults:1195  publishMappingResults  status=1  dqvDepthPoints.size=5
[682874.854162] publishPointCloud:1287  publishPointCloud  pc_color.size=0  pc_filtered.size=0  depthMap.size=0
[682874.863684] AA_thread:134  AA_thread START  is_left=1  distance=2024  t=682870.046536
[682874.871529] AA_thread:220  AA_thread adding AA_freq to AA_left_IR_to_Map
[682874.871578] AA_thread:234  AA_thread adding AA_map to multi_to_Map channel 2
[682874.871591] AA_thread:236  AA_thread DONE
[682874.878401] createImageRepresentationAtTime:367  LEFT: adding TS_left to Track ch0 and Map ch0  t=682870.046536
[682874.880157] createImageRepresentationAtTime:434  RIGHT: adding TS_right to Map ch1  t=682870.005087
[682874.899843] AA_thread:134  AA_thread START  is_left=1  distance=8326  t=682870.061515
[682874.902234] createImageRepresentationAtTime:434  RIGHT: adding TS_right to Map ch1  t=682870.061515
[682874.904303] AA_thread:220  AA_thread adding AA_freq to AA_left_IR_to_Map
[682874.904365] AA_thread:234  AA_thread adding AA_map to multi_to_Map channel 2
[682874.904377] AA_thread:236  AA_thread DONE
[682874.909374] createImageRepresentationAtTime:367  LEFT: adding TS_left to Track ch0 and Map ch0  t=682870.061515
