668961.643700 0.01197 0.00368 0.06493 -0.00015 0.00069 0.00009 1.00000
668961.649866 0.01253 -0.00196 0.11253 0.00017 0.00065 -0.00050 1.00000
668961.655683 0.00259 0.00035 0.16051 -0.00003 0.00054 -0.00065 1.00000
668961.660087 -0.00439 0.00477 0.18051 0.00020 0.00077 -0.00100 1.00000
668961.667666 -0.00177 0.00919 0.21538 0.00029 0.00102 -0.00010 1.00000
668961.673876 0.00207 0.00713 0.19768 0.00017 0.00086 -0.00046 1.00000
668961.679648 0.00460 -0.00111 0.22114 0.00005 0.00103 -0.00079 1.00000
668961.683818 0.00573 0.00047 0.22817 0.00004 0.00120 -0.00052 1.00000
668961.691631 0.00652 -0.00151 0.26759 -0.00020 0.00121 -0.00084 1.00000
668961.703614 0.01071 0.00160 0.30050 0.00003 0.00113 -0.00034 1.00000
668961.715596 0.01423 -0.00170 0.33417 0.00030 0.00151 -0.00051 1.00000
668961.725201 0.01205 -0.00119 0.37071 0.00050 0.00170 -0.00086 1.00000
668961.739561 0.01662 -0.00204 0.41343 0.00005 0.00217 -0.00027 1.00000
668961.751544 0.02215 -0.00496 0.45432 -0.00014 0.00241 -0.00004 1.00000
668961.761469 0.01894 -0.00831 0.50772 -0.00035 0.00212 -0.00090 1.00000
668961.775509 0.01838 -0.00849 0.55117 -0.00049 0.00246 0.00003 1.00000
668961.799475 0.02977 -0.00886 0.58207 -0.00049 0.00343 0.00098 0.99999
668961.816738 0.03903 -0.00797 0.60962 -0.00067 0.00411 0.00194 0.99999
668961.835422 0.05012 -0.01229 0.63819 -0.00099 0.00468 0.00313 0.99998
668961.847405 0.05501 -0.01254 0.67040 -0.00070 0.00522 0.00454 0.99998
668961.859388 0.06737 -0.00895 0.68419 -0.00035 0.00503 0.00380 0.99998
668961.871370 0.07924 -0.01242 0.70799 -0.00029 0.00479 0.00517 0.99998
668961.883353 0.08378 -0.01187 0.73304 -0.00118 0.00546 0.00460 0.99997
668961.885108 0.07867 -0.01302 0.76083 -0.00106 0.00556 0.00382 0.99998
668961.907318 0.08071 -0.01503 0.77273 -0.00142 0.00593 0.00552 0.99997
668961.919301 0.09330 -0.01612 0.77694 -0.00147 0.00684 0.00665 0.99995
668961.931283 0.10789 -0.01283 0.78484 -0.00165 0.00795 0.00764 0.99994
668961.940735 0.11437 -0.00244 0.81807 -0.00223 0.00803 0.00629 0.99995
668961.955249 0.12513 0.00150 0.83527 -0.00273 0.00854 0.00751 0.99993
668961.991197 0.12711 -0.00803 0.82303 -0.00250 0.00924 0.00738 0.99993
668962.003179 0.13947 -0.01522 0.83945 -0.00240 0.00938 0.00629 0.99993
668962.015162 0.15465 -0.01359 0.83927 -0.00208 0.00972 0.00664 0.99993
668962.027144 0.16551 -0.01955 0.84547 -0.00120 0.01017 0.00674 0.99992
668962.034054 0.16616 -0.01618 0.87588 -0.00231 0.00969 0.00635 0.99993
668962.039127 0.17038 -0.01837 0.90533 -0.00265 0.01006 0.00715 0.99992
668962.051110 0.17825 -0.01933 0.94524 -0.00270 0.01056 0.00642 0.99992
668962.063092 0.18347 -0.01607 0.98339 -0.00238 0.01082 0.00671 0.99992
668962.071207 0.17566 -0.01327 1.02469 -0.00250 0.01054 0.00619 0.99992
668962.080205 0.18085 -0.01624 1.06411 -0.00226 0.01091 0.00702 0.99991
668962.087058 0.18437 -0.01703 1.10269 -0.00224 0.01092 0.00711 0.99991
668962.099040 0.19175 -0.01643 1.14445 -0.00220 0.01140 0.00722 0.99991
668962.102465 0.18584 -0.01836 1.17328 -0.00212 0.01128 0.00627 0.99991
668962.111023 0.19502 -0.01542 1.20901 -0.00216 0.01140 0.00728 0.99991
668962.123005 0.20380 -0.01633 1.24944 -0.00221 0.01173 0.00750 0.99990
668962.146971 0.21805 -0.01133 1.30123 -0.00233 0.01220 0.00693 0.99990
668962.158953 0.23255 -0.01111 1.34083 -0.00212 0.01287 0.00720 0.99989
668962.166434 0.23236 -0.00907 1.39307 -0.00189 0.01273 0.00831 0.99988
668962.170936 0.23306 -0.01303 1.44639 -0.00182 0.01200 0.00855 0.99989
668962.173248 0.22577 -0.01703 1.49448 -0.00205 0.01142 0.00767 0.99990
668962.182919 0.23028 -0.02132 1.53744 -0.00145 0.01139 0.00631 0.99991
668962.198333 0.23698 -0.01821 1.55623 -0.00218 0.01258 0.00739 0.99989
668962.206884 0.24469 -0.01521 1.57972 -0.00213 0.01313 0.00717 0.99989
668962.210844 0.25058 -0.01136 1.60753 -0.00169 0.01319 0.00746 0.99988
668962.218866 0.25605 -0.01742 1.63665 -0.00154 0.01316 0.00948 0.99987
668962.240326 0.26371 -0.02177 1.66853 -0.00125 0.01331 0.00682 0.99989
668962.242832 0.26939 -0.02563 1.68540 -0.00092 0.01393 0.00676 0.99988
668962.254814 0.28084 -0.02865 1.72735 -0.00056 0.01427 0.00571 0.99988
668962.262197 0.28685 -0.02897 1.77035 -0.00021 0.01431 0.00541 0.99988
668962.290762 0.30274 -0.03086 1.81413 -0.00053 0.01474 0.00622 0.99987
668962.314727 0.30552 -0.04728 1.85051 -0.00095 0.01436 0.00738 0.99987
668962.326710 0.31792 -0.05986 1.89190 -0.00115 0.01504 0.00853 0.99985
668962.334965 0.34124 -0.05790 1.93176 -0.00094 0.01569 0.00900 0.99984
668962.338693 0.35792 -0.05258 1.96694 -0.00149 0.01584 0.00827 0.99984
668962.350675 0.34973 -0.05719 1.97736 -0.00104 0.01495 0.00855 0.99985
668962.362658 0.35904 -0.05944 2.01812 -0.00109 0.01502 0.01022 0.99983
668962.368082 0.36691 -0.05487 2.05650 -0.00145 0.01460 0.01142 0.99983
668962.386623 0.36749 -0.04981 2.06998 -0.00202 0.01428 0.01267 0.99982
668962.395775 0.37250 -0.04931 2.09051 -0.00223 0.01457 0.01323 0.99980
668962.410588 0.37919 -0.04931 2.11394 -0.00292 0.01508 0.01523 0.99977
668962.433469 0.38897 -0.06259 2.14302 -0.00333 0.01610 0.01542 0.99975
668962.458519 0.40641 -0.06656 2.18197 -0.00348 0.01637 0.01430 0.99976
668962.470502 0.42643 -0.06256 2.22168 -0.00380 0.01640 0.01316 0.99977
668962.482484 0.43006 -0.05550 2.24715 -0.00303 0.01561 0.01465 0.99977
668962.506449 0.43360 -0.06552 2.26903 -0.00280 0.01588 0.01508 0.99976
668962.506849 0.43095 -0.07073 2.28783 -0.00255 0.01688 0.01418 0.99975
668962.530415 0.43256 -0.05919 2.28771 -0.00278 0.01695 0.01472 0.99974
668962.542397 0.43135 -0.07363 2.29884 -0.00317 0.01773 0.01532 0.99972
668962.543267 0.43166 -0.07875 2.32475 -0.00351 0.01744 0.01563 0.99972
668962.566363 0.43365 -0.07144 2.34055 -0.00334 0.01756 0.01689 0.99970
668962.590328 0.42881 -0.07939 2.37127 -0.00356 0.01810 0.01716 0.99968
668962.599700 0.42328 -0.10758 2.38650 -0.00408 0.01855 0.01707 0.99967
668962.650241 0.42270 -0.10601 2.37620 -0.00474 0.01984 0.01724 0.99964
668962.698171 0.42809 -0.09797 2.41606 -0.00514 0.02113 0.01797 0.99960
668962.700222 0.41244 -0.08719 2.47110 -0.00438 0.02175 0.01629 0.99962
668962.751260 0.42075 -0.10642 2.46789 -0.00451 0.02246 0.01674 0.99960
668962.762991 0.41251 -0.12934 2.47112 -0.00596 0.02272 0.01818 0.99956
668962.770067 0.41475 -0.12627 2.46313 -0.00707 0.02319 0.01837 0.99954
668962.782050 0.40720 -0.11948 2.48518 -0.00730 0.02327 0.01793 0.99954
668962.794032 0.39650 -0.11720 2.51464 -0.00755 0.02343 0.01876 0.99952
668962.806015 0.39443 -0.12011 2.55889 -0.00765 0.02373 0.01747 0.99954
668962.821742 0.39431 -0.12349 2.56947 -0.00819 0.02395 0.01794 0.99952
668962.832427 0.39741 -0.11250 2.57889 -0.00812 0.02419 0.01879 0.99950
668962.846191 0.40053 -0.09702 2.57856 -0.00826 0.02461 0.01766 0.99951
668962.877911 0.38861 -0.09873 2.55448 -0.00832 0.02559 0.01778 0.99948
668962.885384 0.38576 -0.07901 2.54006 -0.00747 0.02667 0.02031 0.99941
668962.901876 0.38316 -0.06321 2.56378 -0.00693 0.02713 0.01921 0.99942
668962.937824 0.36007 -0.07336 2.59399 -0.00666 0.02752 0.01649 0.99946
668962.963510 0.38030 -0.05913 2.68420 -0.00632 0.02826 0.01689 0.99944
668962.985754 0.39466 -0.06710 2.77657 -0.00591 0.02852 0.01442 0.99947
668962.987597 0.41277 -0.07925 2.83579 -0.00627 0.02877 0.01498 0.99945
668962.997737 0.42516 -0.06397 2.91195 -0.00680 0.02862 0.01190 0.99950
668963.021702 0.40893 -0.05730 2.84537 -0.00796 0.02830 0.01151 0.99950
668963.045668 0.41838 -0.09032 2.89690 -0.00888 0.02848 0.01448 0.99945
668963.081615 0.43256 -0.07716 3.01795 -0.00933 0.02931 0.01630 0.99939
668963.105581 0.44218 -0.08809 3.11012 -0.00877 0.03008 0.01402 0.99941
668963.117563 0.45214 -0.09392 3.13676 -0.00899 0.02909 0.01381 0.99944
668963.128497 0.47000 -0.09615 3.23313 -0.01010 0.02755 0.01508 0.99946
668963.141529 0.49274 -0.11875 3.30862 -0.01038 0.02724 0.01565 0.99945
668963.150859 0.51433 -0.12797 3.41389 -0.01164 0.02705 0.01620 0.99943
668963.160419 0.50775 -0.13552 3.51368 -0.01176 0.02756 0.01571 0.99943
668963.177476 0.51387 -0.12469 3.49760 -0.01054 0.02787 0.01583 0.99943
668963.189459 0.52037 -0.12013 3.56555 -0.01040 0.02760 0.01526 0.99945
668963.199421 0.51592 -0.11055 3.59385 -0.01045 0.02771 0.01505 0.99945
668963.213424 0.52956 -0.10979 3.70706 -0.01132 0.02747 0.01738 0.99941
668963.217239 0.53048 -0.11245 3.83775 -0.01133 0.02639 0.01656 0.99945
668963.237389 0.53325 -0.11644 3.95026 -0.01168 0.02674 0.01517 0.99946
668963.261354 0.53718 -0.11277 4.03434 -0.01217 0.02755 0.01608 0.99942
668963.273336 0.54753 -0.11734 4.14243 -0.01239 0.02758 0.01740 0.99939
668963.285319 0.55614 -0.12755 4.16589 -0.01226 0.02621 0.01499 0.99947
668963.297301 0.57568 -0.13647 4.16178 -0.01316 0.02607 0.01654 0.99944
668963.345231 0.57393 -0.14179 4.19823 -0.01367 0.02431 0.01610 0.99948
668963.369196 0.57792 -0.13887 4.25516 -0.01404 0.02303 0.01610 0.99951
668963.405144 0.60632 -0.12639 4.29682 -0.01472 0.02156 0.01551 0.99954
668963.428057 0.61329 -0.13407 4.29634 -0.01599 0.02021 0.01410 0.99957
668963.468578 0.61091 -0.11968 4.35174 -0.01678 0.01906 0.01259 0.99960
668963.512986 0.60934 -0.12476 4.42511 -0.01686 0.01764 0.01175 0.99963
668963.536951 0.61554 -0.10876 4.40982 -0.01773 0.01649 0.01123 0.99964
668963.548934 0.62205 -0.10808 4.41076 -0.01818 0.01545 0.01170 0.99965
668963.594894 0.62941 -0.11767 4.45241 -0.01910 0.01379 0.01078 0.99966
668963.608846 0.63466 -0.13194 4.50270 -0.01847 0.01284 0.01051 0.99969
668963.618093 0.64199 -0.13371 4.54522 -0.01687 0.01201 0.01306 0.99970
668963.620839 0.64867 -0.13796 4.55109 -0.01694 0.01150 0.01498 0.99968
668963.641224 0.65541 -0.12591 4.57670 -0.01686 0.01011 0.01487 0.99970
668963.644794 0.66655 -0.11435 4.58567 -0.01620 0.00983 0.01582 0.99970
668963.651103 0.68347 -0.12077 4.61910 -0.01625 0.00887 0.01728 0.99968
668963.664646 0.68114 -0.12024 4.63937 -0.01611 0.00826 0.01825 0.99967
668963.680741 0.69135 -0.11136 4.66736 -0.01603 0.00720 0.01839 0.99968
668963.704706 0.69254 -0.12224 4.70226 -0.01607 0.00636 0.01771 0.99969
668963.728671 0.68908 -0.14138 4.71280 -0.01678 0.00517 0.01682 0.99970
668963.740654 0.70110 -0.14990 4.73296 -0.01657 0.00386 0.01899 0.99967
668963.743009 0.72085 -0.14580 4.74826 -0.01702 0.00251 0.01795 0.99969
668963.752636 0.72366 -0.14247 4.74525 -0.01732 0.00186 0.01594 0.99972
668963.764619 0.71936 -0.14160 4.75866 -0.01774 0.00111 0.01763 0.99969
668963.776601 0.72174 -0.13306 4.77603 -0.01711 0.00105 0.01952 0.99966
668963.788584 0.72624 -0.12586 4.80762 -0.01688 0.00059 0.01967 0.99966
668963.800566 0.73061 -0.11930 4.85101 -0.01649 -0.00068 0.02067 0.99965
668963.812549 0.73390 -0.12722 4.84172 -0.01653 -0.00150 0.02088 0.99964
668963.824531 0.74278 -0.12333 4.84310 -0.01658 -0.00252 0.02069 0.99965
668963.836514 0.74818 -0.13401 4.87799 -0.01675 -0.00362 0.01900 0.99967
668963.848496 0.75712 -0.13165 4.90678 -0.01741 -0.00440 0.01821 0.99967
668963.860479 0.76830 -0.13822 4.93533 -0.01733 -0.00541 0.01870 0.99966
668963.872461 0.77056 -0.13346 4.97826 -0.01747 -0.00571 0.02118 0.99961
668963.884444 0.76423 -0.13821 5.00375 -0.01748 -0.00641 0.02064 0.99961
668963.896426 0.76887 -0.13987 5.02674 -0.01781 -0.00729 0.02064 0.99960
668963.902261 0.77755 -0.13909 5.02119 -0.01809 -0.00798 0.01961 0.99961
668963.920391 0.78230 -0.13510 5.03245 -0.01794 -0.00949 0.01775 0.99964
668963.941095 0.79293 -0.14827 5.05583 -0.01789 -0.01101 0.01817 0.99961
668963.944356 0.79551 -0.16235 5.06725 -0.01805 -0.01176 0.01802 0.99961
668963.956339 0.79644 -0.15892 5.09197 -0.01843 -0.01279 0.01699 0.99960
668963.963788 0.79553 -0.16125 5.09716 -0.01876 -0.01316 0.01754 0.99958
668963.968321 0.79836 -0.14580 5.14204 -0.01868 -0.01282 0.01876 0.99957
668963.973567 0.80086 -0.14700 5.14195 -0.01804 -0.01325 0.01957 0.99956
668964.004269 0.78710 -0.14364 5.13911 -0.01813 -0.01464 0.02029 0.99952
668964.011168 0.78203 -0.14712 5.15891 -0.01853 -0.01598 0.01991 0.99950
668964.016251 0.79357 -0.15011 5.17140 -0.01885 -0.01708 0.01944 0.99949
668964.019128 0.80562 -0.15393 5.19941 -0.01856 -0.01670 0.02074 0.99947
668964.028234 0.81140 -0.14906 5.22690 -0.01871 -0.01723 0.02180 0.99944
668964.030211 0.80992 -0.14095 5.23003 -0.01821 -0.01725 0.02167 0.99945
668964.040216 0.81718 -0.14299 5.26777 -0.01792 -0.01798 0.02128 0.99945
668964.044798 0.81359 -0.15246 5.27057 -0.01871 -0.01833 0.02234 0.99941
668964.052199 0.81473 -0.16407 5.26484 -0.01899 -0.01936 0.02111 0.99941
668964.064181 0.81440 -0.15972 5.26508 -0.01955 -0.02034 0.02035 0.99939
668964.076164 0.81682 -0.16348 5.29230 -0.01971 -0.02159 0.02063 0.99936
668964.088146 0.81618 -0.15987 5.32743 -0.02021 -0.02245 0.02110 0.99932
668964.096890 0.81207 -0.15779 5.35768 -0.02019 -0.02323 0.02133 0.99930
668964.100129 0.82765 -0.15976 5.36667 -0.01988 -0.02398 0.02107 0.99929
668964.112111 0.83122 -0.17290 5.37006 -0.01993 -0.02428 0.02024 0.99930
668964.124094 0.82794 -0.17996 5.41419 -0.02061 -0.02510 0.01983 0.99928
668964.132093 0.82829 -0.19336 5.42744 -0.02086 -0.02605 0.02017 0.99924
668964.136076 0.84223 -0.19604 5.43429 -0.02078 -0.02703 0.02049 0.99921
668964.148059 0.83922 -0.19592 5.48058 -0.02105 -0.02812 0.02068 0.99917
668964.150899 0.84896 -0.17367 5.50655 -0.02187 -0.02794 0.02096 0.99915
668964.160041 0.83575 -0.17417 5.54955 -0.02194 -0.02856 0.02129 0.99912
668964.172024 0.82586 -0.17428 5.57530 -0.02193 -0.02972 0.02287 0.99906
668964.184006 0.82283 -0.19117 5.59511 -0.02248 -0.03001 0.02269 0.99904
668964.195989 0.82999 -0.20847 5.60230 -0.02226 -0.03140 0.02265 0.99900
668964.200184 0.84511 -0.21106 5.59441 -0.02251 -0.03264 0.02206 0.99897
668964.207971 0.85639 -0.20975 5.58530 -0.02282 -0.03390 0.02263 0.99891
668964.218023 0.86840 -0.19412 5.61740 -0.02282 -0.03523 0.02207 0.99887
668964.231936 0.85528 -0.19334 5.65120 -0.02321 -0.03610 0.02063 0.99887
668964.238593 0.85505 -0.19937 5.64936 -0.02339 -0.03691 0.02271 0.99879
668964.243919 0.85744 -0.18514 5.70526 -0.02352 -0.03783 0.02226 0.99876
668964.248585 0.86022 -0.16740 5.71542 -0.02321 -0.03821 0.02072 0.99879
668964.255901 0.87222 -0.19899 5.71478 -0.02315 -0.03880 0.02084 0.99876
668964.263666 0.86550 -0.20631 5.72166 -0.02411 -0.03884 0.02214 0.99871
668964.279866 0.84666 -0.19672 5.74927 -0.02459 -0.04012 0.01963 0.99870
668964.289775 0.85047 -0.19348 5.75977 -0.02441 -0.04138 0.01984 0.99865
668964.303831 0.85092 -0.19642 5.79431 -0.02443 -0.04248 0.01909 0.99862
668964.315814 0.84623 -0.20595 5.82985 -0.02484 -0.04359 0.02071 0.99853
668964.322150 0.85801 -0.20775 5.82966 -0.02513 -0.04516 0.02070 0.99845
668964.327796 0.86109 -0.20333 5.83042 -0.02509 -0.04525 0.02091 0.99844
668964.339779 0.84164 -0.20020 5.83753 -0.02501 -0.04542 0.02102 0.99843
668964.351761 0.83467 -0.20364 5.87030 -0.02501 -0.04648 0.02169 0.99837
668964.363744 0.82782 -0.20905 5.90510 -0.02520 -0.04755 0.02089 0.99833
668964.364159 0.82139 -0.21243 5.93270 -0.02559 -0.04821 0.01993 0.99831
668964.375726 0.82481 -0.21258 5.93638 -0.02572 -0.04921 0.02010 0.99825
668964.567446 0.82882 -0.20726 5.92647 -0.02520 -0.04960 0.02079 0.99823
668964.591411 0.82398 -0.20994 5.89302 -0.02554 -0.04935 0.02272 0.99820
668964.591906 0.82946 -0.20034 5.86314 -0.02504 -0.04857 0.02416 0.99821
668964.602497 0.82843 -0.20562 5.87567 -0.02475 -0.04779 0.02417 0.99826
668964.615376 0.82478 -0.21303 5.91703 -0.02484 -0.04753 0.02311 0.99829
668964.623959 0.81304 -0.21627 5.93877 -0.02442 -0.04762 0.02260 0.99831
668964.627359 0.81094 -0.20282 5.99239 -0.02503 -0.04818 0.02228 0.99828
668964.639341 0.81847 -0.21702 6.05577 -0.02516 -0.04936 0.02214 0.99822
668964.651359 0.82167 -0.23259 6.06182 -0.02435 -0.05040 0.01911 0.99825
668964.663306 0.80788 -0.24006 6.09516 -0.02364 -0.05172 0.01741 0.99823
668964.675289 0.79159 -0.25692 6.14872 -0.02407 -0.05279 0.01668 0.99818
668964.678316 0.79533 -0.26143 6.14630 -0.02402 -0.05368 0.01605 0.99814
668964.699435 0.80633 -0.29350 6.12733 -0.02392 -0.05353 0.01555 0.99816
668964.712191 0.80798 -0.29020 6.10737 -0.02458 -0.05323 0.01781 0.99812
668964.735201 0.82077 -0.27822 6.05395 -0.02395 -0.05291 0.01765 0.99816
668964.741692 0.81371 -0.27222 6.03561 -0.02404 -0.05291 0.01680 0.99817
668964.747184 0.81944 -0.26123 6.01461 -0.02470 -0.05321 0.01546 0.99816
668964.759166 0.85034 -0.27071 5.94839 -0.02475 -0.05246 0.01290 0.99823
668964.771149 0.86471 -0.27702 5.94591 -0.02539 -0.05194 0.01423 0.99823
668964.771719 0.87229 -0.28657 5.95751 -0.02616 -0.05141 0.01748 0.99818
668964.783131 0.86100 -0.28916 5.96241 -0.02707 -0.05164 0.01951 0.99811
668964.787362 0.86371 -0.29522 5.99218 -0.02787 -0.05259 0.02030 0.99802
668964.795114 0.84829 -0.31313 6.04360 -0.02766 -0.05361 0.02055 0.99797
668964.811528 0.84098 -0.33209 6.09955 -0.02783 -0.05395 0.02036 0.99795
668964.831061 0.81329 -0.32763 6.11355 -0.02739 -0.05427 0.01851 0.99798
668964.835935 0.79340 -0.32426 6.14648 -0.02795 -0.05468 0.01911 0.99793
668964.843044 0.79054 -0.32962 6.17250 -0.02749 -0.05574 0.01776 0.99791
668964.855026 0.76135 -0.33280 6.22395 -0.02725 -0.05670 0.01808 0.99786
668964.867009 0.76182 -0.34028 6.21077 -0.02749 -0.05766 0.01629 0.99782
668964.890974 0.73896 -0.33487 6.23274 -0.02745 -0.05788 0.01863 0.99777
668964.902956 0.71482 -0.32969 6.21925 -0.02744 -0.05851 0.02061 0.99770
668964.914939 0.70161 -0.30522 6.27249 -0.02751 -0.05904 0.01972 0.99768
668964.916442 0.68941 -0.31293 6.27621 -0.02678 -0.05978 0.01977 0.99766
668964.926921 0.67943 -0.29979 6.33834 -0.02619 -0.05978 0.02036 0.99766
668964.935767 0.67491 -0.30829 6.30996 -0.02530 -0.06064 0.02437 0.99754
668964.938904 0.66401 -0.30040 6.26228 -0.02505 -0.06031 0.02721 0.99749
668964.950886 0.64756 -0.30844 6.31897 -0.02436 -0.06005 0.02943 0.99746
668964.962869 0.63312 -0.32866 6.31189 -0.02388 -0.06042 0.02991 0.99744
668964.963097 0.62940 -0.33938 6.30311 -0.02371 -0.06126 0.02877 0.99743
668964.977655 0.62247 -0.35465 6.36876 -0.02443 -0.06146 0.02868 0.99740
668964.986834 0.60320 -0.34735 6.41956 -0.02373 -0.06228 0.02690 0.99741
668964.992508 0.59680 -0.34028 6.40689 -0.02370 -0.06265 0.02406 0.99746
668964.998816 0.59822 -0.33667 6.40666 -0.02377 -0.06192 0.02268 0.99754
668965.010799 0.58371 -0.34423 6.43618 -0.02437 -0.06201 0.02408 0.99749
668965.019679 0.57168 -0.35491 6.50755 -0.02521 -0.06201 0.02235 0.99751
668965.034764 0.53853 -0.34498 6.59546 -0.02512 -0.06204 0.02074 0.99754
668965.040282 0.52587 -0.34943 6.63792 -0.02510 -0.06114 0.02083 0.99760
668965.046746 0.52529 -0.35725 6.65264 -0.02599 -0.06031 0.02239 0.99759
668965.058729 0.54537 -0.38983 6.60796 -0.02646 -0.06084 0.02293 0.99753
668965.067867 0.57498 -0.41236 6.58883 -0.02768 -0.06111 0.02253 0.99749
668965.070711 0.57891 -0.43252 6.54069 -0.02854 -0.06110 0.02327 0.99745
668965.083003 0.58167 -0.43803 6.55177 -0.02913 -0.06182 0.02294 0.99740
668965.094676 0.58050 -0.44085 6.48025 -0.02949 -0.06248 0.01950 0.99742
668965.130624 0.57799 -0.43804 6.45697 -0.02928 -0.06205 0.01981 0.99745
668965.138590 0.57284 -0.44946 6.49750 -0.02973 -0.06206 0.01865 0.99746
668965.154155 0.57284 -0.45861 6.49233 -0.03111 -0.06249 0.01618 0.99743
668965.178554 0.55753 -0.47320 6.47309 -0.03165 -0.06207 0.01782 0.99741
668965.190536 0.54735 -0.48385 6.52057 -0.03219 -0.06203 0.02090 0.99734
668965.202519 0.53186 -0.48821 6.54066 -0.03191 -0.06251 0.02185 0.99729
668965.210353 0.50627 -0.48828 6.61085 -0.03152 -0.06327 0.02230 0.99725
668965.214501 0.47161 -0.48716 6.69011 -0.03186 -0.06336 0.02408 0.99719
668965.226484 0.44431 -0.49563 6.69811 -0.03176 -0.06382 0.02194 0.99721
668965.238466 0.44167 -0.51539 6.74929 -0.03166 -0.06347 0.02322 0.99721
668965.240227 0.44991 -0.53278 6.79061 -0.03184 -0.06347 0.02267 0.99722
668965.250449 0.45292 -0.54287 6.79313 -0.03248 -0.06326 0.02167 0.99723
668965.262431 0.46269 -0.53449 6.77848 -0.03258 -0.06304 0.02299 0.99721
668965.286396 0.47577 -0.52811 6.75592 -0.03259 -0.06259 0.02693 0.99714
668965.295524 0.47141 -0.52441 6.73986 -0.03317 -0.06263 0.02698 0.99712
668965.298379 0.47728 -0.52908 6.76229 -0.03335 -0.06333 0.02675 0.99708
668965.299650 0.49220 -0.51501 6.73915 -0.03321 -0.06345 0.02664 0.99708
668965.310361 0.49591 -0.49756 6.77709 -0.03221 -0.06385 0.02578 0.99711
668965.312681 0.49974 -0.50553 6.79839 -0.03129 -0.06489 0.02548 0.99708
668965.322344 0.51090 -0.49126 6.74360 -0.03125 -0.06509 0.02640 0.99704
668965.334326 0.51374 -0.50329 6.65842 -0.03144 -0.06563 0.02505 0.99703
668965.335492 0.52610 -0.50594 6.61722 -0.03098 -0.06608 0.02391 0.99705
668965.346309 0.50112 -0.51772 6.64190 -0.03096 -0.06664 0.02227 0.99705
668965.348988 0.48580 -0.54131 6.67028 -0.03096 -0.06761 0.02294 0.99697
668965.358291 0.47961 -0.54981 6.67338 -0.03080 -0.06753 0.02158 0.99701
668965.370274 0.46685 -0.55865 6.69895 -0.03110 -0.06764 0.02173 0.99699
668965.374143 0.45431 -0.55201 6.77881 -0.03128 -0.06778 0.02164 0.99698
668965.382256 0.44494 -0.53957 6.83229 -0.03157 -0.06792 0.02225 0.99694
668965.389699 0.44601 -0.54955 6.80991 -0.03164 -0.06795 0.02151 0.99695
668965.394239 0.41808 -0.54648 6.83301 -0.03099 -0.06873 0.01959 0.99696
668965.406221 0.39444 -0.56137 6.85501 -0.03017 -0.07008 0.01868 0.99691
668965.408523 0.38250 -0.56509 6.89156 -0.03010 -0.07015 0.01907 0.99690
668965.418204 0.37917 -0.55836 6.89627 -0.03007 -0.07018 0.01679 0.99694
668965.425212 0.38015 -0.56334 6.88389 -0.02982 -0.06954 0.01873 0.99696
668965.430186 0.38564 -0.57168 6.93302 -0.02960 -0.06927 0.01801 0.99700
668965.431312 0.38474 -0.55311 6.93179 -0.02996 -0.06880 0.01978 0.99698
668965.442169 0.36965 -0.55676 6.95128 -0.03029 -0.06851 0.01995 0.99699
668965.448554 0.36476 -0.54591 6.99929 -0.03082 -0.06815 0.02014 0.99700
668965.454151 0.39188 -0.54701 6.91471 -0.03140 -0.06712 0.02044 0.99704
668965.466134 0.40541 -0.55983 6.93388 -0.03012 -0.06675 0.02129 0.99709
668965.478116 0.39467 -0.56298 6.92255 -0.03015 -0.06562 0.02094 0.99717
668965.478419 0.42073 -0.56957 6.88605 -0.03112 -0.06465 0.02171 0.99719
668965.490099 0.43178 -0.57651 6.88795 -0.03183 -0.06438 0.02328 0.99715
668965.502081 0.45237 -0.59154 6.84346 -0.03154 -0.06452 0.02398 0.99713
668965.506381 0.45927 -0.59224 6.89558 -0.03186 -0.06357 0.02539 0.99715
668965.514064 0.43620 -0.59250 6.95457 -0.03248 -0.06320 0.02476 0.99716
668965.514571 0.42933 -0.60423 6.94523 -0.03285 -0.06291 0.02346 0.99720
668965.526046 0.40601 -0.60393 6.98049 -0.03350 -0.06300 0.02323 0.99718
668965.528863 0.38407 -0.60569 7.03509 -0.03420 -0.06313 0.02294 0.99716
668965.538029 0.37152 -0.59869 7.04128 -0.03442 -0.06352 0.02356 0.99711
668965.550011 0.36943 -0.61008 7.04905 -0.03493 -0.06338 0.02562 0.99705
668965.573976 0.39361 -0.60296 7.06050 -0.03520 -0.06297 0.02737 0.99702
668965.585959 0.38992 -0.61537 7.08793 -0.03493 -0.06277 0.02956 0.99698
668965.597941 0.36915 -0.59367 7.13027 -0.03571 -0.06242 0.02860 0.99700
668965.598618 0.37772 -0.60388 7.16718 -0.03701 -0.06249 0.02913 0.99693
668965.609924 0.38301 -0.60565 7.12524 -0.03853 -0.06226 0.02911 0.99689
668965.621906 0.39210 -0.60082 7.07353 -0.03875 -0.06276 0.02732 0.99690
668965.627598 0.38168 -0.60833 7.06819 -0.03891 -0.06324 0.02625 0.99689
668965.633889 0.37547 -0.62082 7.06377 -0.03946 -0.06316 0.02473 0.99692
668965.645871 0.38492 -0.63185 7.05648 -0.03992 -0.06377 0.02384 0.99688
668965.657854 0.39702 -0.63319 7.01379 -0.03990 -0.06459 0.02416 0.99682
668965.659693 0.40674 -0.63189 6.99356 -0.03963 -0.06486 0.02337 0.99683
668965.669836 0.40724 -0.63190 6.98641 -0.03930 -0.06499 0.02250 0.99686
668965.681359 0.40672 -0.65488 6.94979 -0.03931 -0.06450 0.02383 0.99686
668965.693801 0.43401 -0.64069 6.95285 -0.03886 -0.06426 0.02278 0.99692
668965.700973 0.43828 -0.63333 6.93687 -0.03878 -0.06421 0.02259 0.99693
668965.705784 0.43943 -0.61358 6.91171 -0.03916 -0.06378 0.02311 0.99693
668965.710251 0.45318 -0.62871 6.86544 -0.03900 -0.06330 0.02344 0.99696
668965.717766 0.45450 -0.62124 6.84794 -0.03847 -0.06271 0.02047 0.99708
668965.720512 0.44586 -0.62103 6.80762 -0.03931 -0.06252 0.01912 0.99709
668965.729749 0.43644 -0.64170 6.82321 -0.03932 -0.06318 0.01843 0.99706
668965.737161 0.42238 -0.63379 6.82258 -0.03991 -0.06387 0.01756 0.99700
668965.741731 0.40759 -0.64451 6.88107 -0.03999 -0.06460 0.01657 0.99697
668965.753714 0.40212 -0.65955 6.89725 -0.04008 -0.06409 0.01422 0.99704
668965.759159 0.39490 -0.66748 6.89449 -0.03928 -0.06423 0.01368 0.99707
668965.765696 0.39510 -0.67308 6.88949 -0.03925 -0.06374 0.01078 0.99714
668965.769380 0.39359 -0.67867 6.83802 -0.03915 -0.06346 0.00938 0.99717
668965.777679 0.39037 -0.65696 6.83958 -0.03932 -0.06358 0.01102 0.99714
668965.783858 0.39230 -0.65490 6.83793 -0.03860 -0.06360 0.01052 0.99717
668965.789661 0.37939 -0.65294 6.83459 -0.03881 -0.06361 0.00947 0.99717
668965.799898 0.36992 -0.65596 6.83563 -0.03875 -0.06374 0.00798 0.99718
668965.813626 0.36062 -0.65658 6.83728 -0.03972 -0.06416 0.00827 0.99711
668965.825609 0.36875 -0.67456 6.76474 -0.03988 -0.06425 0.00937 0.99709
668965.826234 0.38467 -0.67099 6.72382 -0.03954 -0.06487 0.00953 0.99706
668965.837591 0.38252 -0.65895 6.71453 -0.04049 -0.06539 0.00867 0.99700
668965.844033 0.39318 -0.66514 6.73396 -0.04119 -0.06577 0.00765 0.99696
668965.849574 0.38279 -0.67343 6.72847 -0.04146 -0.06570 0.00561 0.99696
668965.849848 0.38549 -0.68775 6.70704 -0.04198 -0.06564 0.00599 0.99694
668965.861556 0.37416 -0.69667 6.70500 -0.04102 -0.06586 0.00416 0.99698
668965.861849 0.36418 -0.68254 6.73055 -0.04140 -0.06626 0.00386 0.99694
668965.873539 0.35169 -0.69263 6.74975 -0.04162 -0.06697 0.00497 0.99687
668965.885521 0.34185 -0.68957 6.76862 -0.04121 -0.06819 0.00105 0.99682
668965.897504 0.35029 -0.69020 6.76535 -0.04110 -0.06787 -0.00223 0.99684
668965.900876 0.34437 -0.68867 6.74375 -0.04103 -0.06781 -0.00583 0.99684
668965.909486 0.34207 -0.70254 6.73088 -0.04123 -0.06717 -0.00901 0.99685
668965.912276 0.32614 -0.70813 6.73055 -0.04137 -0.06687 -0.00978 0.99686
668965.921469 0.32698 -0.70141 6.69749 -0.04188 -0.06699 -0.01046 0.99682
668965.923910 0.33222 -0.70897 6.66393 -0.04186 -0.06735 -0.01032 0.99680
668965.933451 0.32948 -0.71818 6.66557 -0.04193 -0.06763 -0.01207 0.99676
668965.937051 0.33844 -0.71007 6.68704 -0.04194 -0.06819 -0.01345 0.99670
668965.945434 0.35589 -0.73178 6.60528 -0.04180 -0.06807 -0.01340 0.99671
668965.947802 0.37293 -0.73627 6.59889 -0.04164 -0.06806 -0.01411 0.99671
668965.957416 0.40050 -0.72500 6.54126 -0.04170 -0.06756 -0.01570 0.99672
668965.961458 0.39158 -0.72413 6.48475 -0.04112 -0.06709 -0.01562 0.99678
668965.969399 0.39877 -0.72736 6.41907 -0.04055 -0.06706 -0.01837 0.99676
668965.972165 0.42299 -0.73445 6.38404 -0.04089 -0.06696 -0.01840 0.99675
668965.981381 0.40146 -0.72896 6.36655 -0.04060 -0.06682 -0.01925 0.99675
668965.993364 0.38762 -0.72878 6.42271 -0.04106 -0.06655 -0.01928 0.99675
668966.005346 0.39410 -0.72209 6.38619 -0.04081 -0.06725 -0.01941 0.99671
668966.011280 0.37426 -0.73663 6.39495 -0.04132 -0.06784 -0.01814 0.99668
668966.017329 0.33551 -0.73360 6.47277 -0.04178 -0.06864 -0.01866 0.99659
668966.019977 0.30814 -0.71861 6.52475 -0.04221 -0.06836 -0.02023 0.99656
668966.041294 0.32344 -0.72547 6.56559 -0.04274 -0.06815 -0.01856 0.99659
668966.053276 0.30493 -0.74776 6.50853 -0.04268 -0.06791 -0.02066 0.99656
668966.059620 0.29252 -0.74106 6.52771 -0.04215 -0.06828 -0.02315 0.99651
668966.065259 0.28274 -0.74662 6.56726 -0.04124 -0.06859 -0.02437 0.99649
668966.067485 0.27751 -0.73802 6.58856 -0.04113 -0.06930 -0.02493 0.99644
668966.077241 0.25827 -0.72002 6.66640 -0.04049 -0.07023 -0.02810 0.99631
668966.078080 0.24163 -0.70646 6.70708 -0.04072 -0.06993 -0.03121 0.99623
668966.089224 0.22543 -0.70852 6.78032 -0.04034 -0.07091 -0.02860 0.99626
668966.101206 0.20691 -0.71510 6.66237 -0.03991 -0.07124 -0.02492 0.99635
668966.106638 0.16834 -0.67518 6.71202 -0.03995 -0.07179 -0.02305 0.99635
668966.113189 0.16230 -0.70348 6.76085 -0.04028 -0.07158 -0.01906 0.99644
668966.113222 0.16114 -0.72932 6.78045 -0.04078 -0.07134 -0.01860 0.99644
668966.125171 0.14722 -0.72688 6.74263 -0.04133 -0.07151 -0.01983 0.99639
668966.137154 0.16381 -0.71923 6.71634 -0.04095 -0.07182 -0.02180 0.99634
668966.138498 0.18583 -0.71620 6.62859 -0.04043 -0.07172 -0.02224 0.99636
668966.149136 0.18553 -0.72796 6.57423 -0.04010 -0.07216 -0.02425 0.99629
668966.155388 0.17890 -0.73622 6.53499 -0.04009 -0.07291 -0.02728 0.99616
668966.161119 0.17424 -0.72794 6.56593 -0.04033 -0.07342 -0.02811 0.99609
668966.173101 0.18080 -0.74694 6.52325 -0.04089 -0.07437 -0.02914 0.99597
668966.185084 0.18696 -0.74013 6.46562 -0.04147 -0.07369 -0.03001 0.99597
668966.185606 0.21337 -0.72160 6.38130 -0.04176 -0.07357 -0.03126 0.99592
668966.197066 0.23130 -0.71573 6.29657 -0.04188 -0.07372 -0.03244 0.99587
668966.201072 0.25131 -0.70656 6.20737 -0.04192 -0.07386 -0.03107 0.99590
668966.209049 0.25413 -0.70351 6.21210 -0.04191 -0.07431 -0.03047 0.99589
668966.217490 0.26033 -0.72263 6.17393 -0.04124 -0.07394 -0.02852 0.99600
668966.221031 0.26145 -0.70833 6.17550 -0.04172 -0.07355 -0.02622 0.99607
668966.228723 0.27845 -0.70754 6.16164 -0.04220 -0.07326 -0.02313 0.99615
668966.233014 0.26650 -0.71346 6.14957 -0.04269 -0.07227 -0.02247 0.99622
668966.244996 0.25281 -0.72223 6.11362 -0.04310 -0.07229 -0.02008 0.99625
668966.263708 0.24380 -0.71852 6.11593 -0.04332 -0.07231 -0.02083 0.99622
668966.281846 0.25081 -0.73729 6.09280 -0.04315 -0.07217 -0.01918 0.99627
668966.357081 0.23183 -0.73011 6.04858 -0.04324 -0.07235 -0.01913 0.99626
668966.376804 0.23432 -0.74323 6.01516 -0.04333 -0.07243 -0.01839 0.99626
668966.390127 0.22604 -0.74482 6.01390 -0.04279 -0.07307 -0.01975 0.99621
668966.409268 0.21119 -0.74006 5.88936 -0.04279 -0.07284 -0.02072 0.99621
668966.412751 0.22376 -0.74873 5.79387 -0.04258 -0.07301 -0.02202 0.99618
668966.420221 0.21467 -0.74620 5.75609 -0.04340 -0.07301 -0.02306 0.99612
668966.424734 0.21007 -0.73852 5.73375 -0.04446 -0.07271 -0.02386 0.99608
668966.435941 0.19390 -0.74853 5.70652 -0.04561 -0.07230 -0.02560 0.99601
668966.446252 0.19890 -0.77404 5.72454 -0.04707 -0.07191 -0.02459 0.99600
668966.460681 0.18376 -0.78063 5.63448 -0.04793 -0.07215 -0.02330 0.99597
668966.472664 0.17840 -0.77383 5.57904 -0.04744 -0.07228 -0.02237 0.99600
668966.484646 0.16476 -0.76361 5.53814 -0.04706 -0.07260 -0.02132 0.99602
668966.492879 0.14656 -0.75933 5.55105 -0.04679 -0.07271 -0.02175 0.99602
668966.496629 0.16065 -0.74402 5.53927 -0.04660 -0.07251 -0.02155 0.99605
668966.508611 0.18180 -0.73731 5.49197 -0.04601 -0.07272 -0.02177 0.99605
668966.512956 0.19743 -0.73790 5.45443 -0.04539 -0.07294 -0.01868 0.99613
668966.520594 0.19606 -0.73851 5.43179 -0.04475 -0.07348 -0.01689 0.99615
668966.520980 0.19641 -0.73640 5.42397 -0.04432 -0.07379 -0.01622 0.99616
668966.532576 0.19397 -0.72677 5.32556 -0.04374 -0.07410 -0.01427 0.99619
668966.535284 0.19233 -0.72855 5.27783 -0.04361 -0.07438 -0.01373 0.99618
668966.544559 0.19360 -0.72127 5.23774 -0.04336 -0.07484 -0.01352 0.99616
668966.556541 0.20266 -0.71280 5.18734 -0.04325 -0.07468 -0.01500 0.99616
668966.568524 0.20557 -0.69896 5.21858 -0.04302 -0.07496 -0.01189 0.99619
668966.580506 0.22278 -0.69689 5.16589 -0.04246 -0.07468 -0.00985 0.99625
668966.580958 0.23090 -0.69404 5.12105 -0.04205 -0.07411 -0.00849 0.99633
668966.592489 0.23221 -0.67234 5.09341 -0.04196 -0.07393 -0.00681 0.99636
668966.599462 0.25729 -0.64421 5.07394 -0.04168 -0.07437 -0.00694 0.99634
668966.640419 0.25284 -0.63950 5.08420 -0.04100 -0.07478 -0.00831 0.99632
668966.652401 0.26186 -0.60709 5.14356 -0.04051 -0.07600 -0.00931 0.99624
668966.652464 0.26099 -0.60152 5.13971 -0.04058 -0.07684 -0.01105 0.99616
668966.676366 0.26087 -0.58993 5.17463 -0.03964 -0.07717 -0.01195 0.99616
668966.678461 0.26213 -0.60140 5.18229 -0.03905 -0.07772 -0.01244 0.99613
668966.687538 0.27022 -0.58042 5.15656 -0.03863 -0.07807 -0.01210 0.99613
668966.700331 0.25710 -0.57732 5.19525 -0.03843 -0.07750 -0.01245 0.99617
668966.712314 0.24677 -0.57206 5.19374 -0.03797 -0.07701 -0.01448 0.99620
668966.727168 0.23720 -0.57848 5.12278 -0.03680 -0.07698 -0.01323 0.99627
668966.736279 0.23287 -0.56863 5.17474 -0.03670 -0.07715 -0.01215 0.99627
668966.748261 0.23449 -0.56013 5.18449 -0.03644 -0.07719 -0.00904 0.99631
668966.755334 0.23034 -0.56366 5.21703 -0.03615 -0.07702 -0.00593 0.99636
668966.760244 0.22763 -0.57175 5.24431 -0.03593 -0.07761 -0.00471 0.99633
668966.772226 0.20555 -0.58405 5.25528 -0.03519 -0.07694 -0.00389 0.99641
668966.784209 0.19850 -0.58200 5.24338 -0.03500 -0.07713 -0.00309 0.99640
668966.808174 0.19013 -0.56892 5.21662 -0.03546 -0.07652 -0.00256 0.99643
668966.832139 0.21064 -0.54266 5.14944 -0.03588 -0.07607 -0.00222 0.99645
668966.844121 0.21037 -0.53102 5.15062 -0.03630 -0.07600 -0.00100 0.99645
668966.849337 0.20296 -0.53983 5.19377 -0.03619 -0.07634 0.00008 0.99643
668966.856104 0.19576 -0.53435 5.22425 -0.03625 -0.07732 0.00113 0.99635
668966.868680 0.19550 -0.53468 5.22732 -0.03584 -0.07810 0.00083 0.99630
668966.880069 0.20897 -0.53048 5.17726 -0.03591 -0.07774 0.00194 0.99632
668966.901252 0.22464 -0.53097 5.16552 -0.03620 -0.07849 0.00302 0.99625
668966.904034 0.22439 -0.51605 5.09037 -0.03648 -0.07898 0.00376 0.99620
668966.908596 0.21757 -0.51105 5.07210 -0.03597 -0.07910 0.00328 0.99621
668966.916380 0.22673 -0.52466 4.99733 -0.03649 -0.07955 0.00417 0.99615
668966.928634 0.23800 -0.51257 4.98449 -0.03674 -0.07985 0.00708 0.99610
668966.939981 0.24113 -0.50069 4.97552 -0.03665 -0.07967 0.00915 0.99610
668966.944224 0.25150 -0.50718 4.99540 -0.03582 -0.08034 0.00987 0.99607
668966.951964 0.24743 -0.52240 5.00443 -0.03466 -0.08054 0.00987 0.99610
668966.963946 0.23147 -0.52638 4.99343 -0.03431 -0.08049 0.01129 0.99610
668966.967834 0.23046 -0.53799 5.04428 -0.03402 -0.07991 0.01009 0.99617
668966.981099 0.22015 -0.52323 5.09140 -0.03428 -0.07931 0.01054 0.99620
668966.987911 0.21507 -0.51063 5.11039 -0.03499 -0.07900 0.00931 0.99622
668967.009311 0.23059 -0.51579 5.05498 -0.03517 -0.07914 0.00656 0.99622
668967.011876 0.22147 -0.51173 5.11828 -0.03529 -0.07884 0.00947 0.99622
668967.023859 0.24568 -0.51791 5.14114 -0.03556 -0.07881 0.00938 0.99621
668967.025215 0.23910 -0.52198 5.15856 -0.03543 -0.07932 0.01043 0.99617
668967.047824 0.24424 -0.50767 5.16070 -0.03563 -0.07934 0.00956 0.99616
668967.059806 0.21993 -0.50350 5.18395 -0.03497 -0.07952 0.01058 0.99616
668967.070869 0.21203 -0.48513 5.17428 -0.03430 -0.07955 0.00835 0.99621
668967.083771 0.22094 -0.47127 5.11750 -0.03423 -0.07938 0.01015 0.99620
668967.108685 0.23020 -0.47504 5.05324 -0.03333 -0.07982 0.00871 0.99621
668967.123746 0.23931 -0.48605 5.04165 -0.03273 -0.07931 0.00664 0.99629
668967.131701 0.23626 -0.50042 5.05731 -0.03273 -0.07968 0.00447 0.99627
668967.138197 0.21169 -0.50922 5.07053 -0.03173 -0.07966 0.00277 0.99631
668967.143684 0.20588 -0.50802 5.09843 -0.03148 -0.07956 0.00089 0.99633
668967.155666 0.22301 -0.50905 5.04515 -0.03196 -0.07967 0.00247 0.99631
668967.160989 0.22341 -0.52654 4.97297 -0.03170 -0.08035 0.00223 0.99626
668967.179631 0.22996 -0.52071 4.95256 -0.03149 -0.08090 0.00056 0.99622
668967.203596 0.21632 -0.54404 4.90902 -0.03174 -0.08148 0.00440 0.99616
668967.204702 0.23242 -0.54336 4.88460 -0.03225 -0.08180 0.00607 0.99611
668967.218079 0.24116 -0.54411 4.87152 -0.03154 -0.08219 0.00647 0.99610
668967.238703 0.25424 -0.54025 4.90471 -0.03089 -0.08263 0.00268 0.99610
668967.239585 0.24225 -0.54702 4.86698 -0.03125 -0.08330 0.00117 0.99603
668967.251526 0.26238 -0.56260 4.83740 -0.03143 -0.08313 -0.00199 0.99604
668967.263509 0.26006 -0.55221 4.77756 -0.03153 -0.08314 -0.00019 0.99604
668967.275491 0.26387 -0.53460 4.80133 -0.03090 -0.08309 -0.00298 0.99606
668967.281848 0.24870 -0.54056 4.81895 -0.03056 -0.08297 -0.00409 0.99607
668967.292829 0.23896 -0.56177 4.82470 -0.03017 -0.08341 -0.00489 0.99605
668967.304527 0.24664 -0.53855 4.77835 -0.02993 -0.08330 -0.00350 0.99607
668967.311439 0.26141 -0.56983 4.71826 -0.02943 -0.08367 -0.00345 0.99605
668967.320290 0.27181 -0.58616 4.71479 -0.02884 -0.08312 -0.00340 0.99612
668967.347386 0.29013 -0.59020 4.65532 -0.02772 -0.08252 -0.00255 0.99620
668967.365416 0.28885 -0.60500 4.61655 -0.02841 -0.08283 -0.00032 0.99616
668967.371394 0.30818 -0.60954 4.59757 -0.02826 -0.08285 -0.00139 0.99616
668967.383334 0.30021 -0.61420 4.63043 -0.02719 -0.08211 0.00053 0.99625
668967.395316 0.28916 -0.60231 4.57281 -0.02655 -0.08238 0.00066 0.99625
668967.407299 0.28613 -0.62492 4.54587 -0.02611 -0.08302 0.00090 0.99621
668967.431264 0.29863 -0.63261 4.46893 -0.02565 -0.08162 -0.00038 0.99633
668967.443246 0.28077 -0.61790 4.48436 -0.02600 -0.08183 -0.00299 0.99630
668967.455229 0.27512 -0.62120 4.53918 -0.02621 -0.08238 -0.00662 0.99623
668967.485798 0.26659 -0.60369 4.58757 -0.02657 -0.08292 -0.00878 0.99616
668967.492601 0.27114 -0.58450 4.55687 -0.02632 -0.08313 -0.01051 0.99614
668967.503159 0.25936 -0.56856 4.51834 -0.02699 -0.08250 -0.01279 0.99614
668967.513814 0.26705 -0.54435 4.47575 -0.02796 -0.08135 -0.01348 0.99620
668967.526123 0.26191 -0.50016 4.43904 -0.02800 -0.08128 -0.01456 0.99619
668967.551089 0.27269 -0.48451 4.37979 -0.02821 -0.08037 -0.01432 0.99626
668967.567178 0.26882 -0.47690 4.37758 -0.02736 -0.08039 -0.01652 0.99625
668967.575054 0.26186 -0.49362 4.36136 -0.02670 -0.08003 -0.01482 0.99632
668967.587036 0.26816 -0.46634 4.36341 -0.02704 -0.08045 -0.01512 0.99628
668967.599019 0.26036 -0.46294 4.40900 -0.02666 -0.08075 -0.01507 0.99626
668967.604901 0.27511 -0.47446 4.42401 -0.02735 -0.08159 -0.01532 0.99617
668967.611001 0.25446 -0.47746 4.41818 -0.02850 -0.08099 -0.01585 0.99618
668967.613001 0.26126 -0.48187 4.39167 -0.02879 -0.08092 -0.01651 0.99617
668967.622984 0.26705 -0.49247 4.29412 -0.02989 -0.08086 -0.01545 0.99616
668967.623820 0.28855 -0.48693 4.27252 -0.02977 -0.08064 -0.01642 0.99616
668967.646949 0.28580 -0.50260 4.33239 -0.03016 -0.07981 -0.01742 0.99620
668967.658931 0.26952 -0.48931 4.35553 -0.03060 -0.07978 -0.01859 0.99617
668967.662796 0.29361 -0.50061 4.23764 -0.03200 -0.07941 -0.01750 0.99617
668967.670914 0.29930 -0.48771 4.26268 -0.03190 -0.07958 -0.01676 0.99618
668967.682896 0.28982 -0.50404 4.25129 -0.03201 -0.07942 -0.01692 0.99618
668967.718844 0.28245 -0.48723 4.22560 -0.03123 -0.07990 -0.01776 0.99616
668967.722458 0.28371 -0.47520 4.22832 -0.03162 -0.07949 -0.01850 0.99616
668967.730826 0.26386 -0.46126 4.26567 -0.03193 -0.07930 -0.01802 0.99618
668967.742809 0.25421 -0.45987 4.21746 -0.03157 -0.08016 -0.01728 0.99613
668967.750830 0.24516 -0.46783 4.22774 -0.03189 -0.08050 -0.01898 0.99606
668967.764304 0.25110 -0.47180 4.19665 -0.03307 -0.08116 -0.01949 0.99596
668967.766774 0.25421 -0.48374 4.19214 -0.03371 -0.08101 -0.01945 0.99595
668967.778756 0.25265 -0.48392 4.22573 -0.03424 -0.08112 -0.01951 0.99593
668967.785162 0.23077 -0.45546 4.27599 -0.03418 -0.08145 -0.02102 0.99587
668967.802721 0.23352 -0.45434 4.36560 -0.03381 -0.08173 -0.02082 0.99586
668967.814704 0.24710 -0.45285 4.35345 -0.03379 -0.08094 -0.02033 0.99594
668967.862634 0.24062 -0.46592 4.28942 -0.03450 -0.08075 -0.01675 0.99600
668967.874616 0.23336 -0.44588 4.24743 -0.03430 -0.08026 -0.01630 0.99605
668967.882898 0.24006 -0.45458 4.27169 -0.03474 -0.08041 -0.01680 0.99601
668967.898581 0.23491 -0.43994 4.28983 -0.03541 -0.07987 -0.01630 0.99604
668967.910564 0.23418 -0.41741 4.26942 -0.03577 -0.07975 -0.01854 0.99600
668967.917486 0.22125 -0.41450 4.28329 -0.03559 -0.08015 -0.01610 0.99602
668967.934256 0.23064 -0.42856 4.23184 -0.03577 -0.08009 -0.01541 0.99603
668967.954707 0.23038 -0.44217 4.26947 -0.03495 -0.07880 -0.01251 0.99620
668967.958494 0.22405 -0.44103 4.30328 -0.03525 -0.07942 -0.01360 0.99613
668967.961708 0.21964 -0.46044 4.26956 -0.03548 -0.07910 -0.01269 0.99615
668967.970476 0.23178 -0.45788 4.24506 -0.03582 -0.08021 -0.01330 0.99605
668967.973814 0.23407 -0.46444 4.29416 -0.03552 -0.08047 -0.01289 0.99604
668967.982459 0.23566 -0.46954 4.33978 -0.03595 -0.08024 -0.01117 0.99606
668968.002860 0.23623 -0.49877 4.41268 -0.03731 -0.08002 -0.00959 0.99605
668968.018406 0.21925 -0.50338 4.50135 -0.03740 -0.08008 -0.00834 0.99605
668968.026356 0.18603 -0.49319 4.53862 -0.03815 -0.07976 -0.00595 0.99607
668968.054354 0.16209 -0.50116 4.56244 -0.03754 -0.07904 -0.00368 0.99616
668968.066336 0.15220 -0.50928 4.63129 -0.03829 -0.07851 -0.00153 0.99618
668968.078319 0.16899 -0.51161 4.65345 -0.03842 -0.07760 -0.00048 0.99624
668968.090301 0.16270 -0.52060 4.68905 -0.03758 -0.07697 0.00090 0.99632
668968.093947 0.14221 -0.53858 4.65714 -0.03816 -0.07634 0.00112 0.99635
668968.114266 0.15530 -0.56599 4.72455 -0.03859 -0.07687 0.00125 0.99629
668968.126249 0.17159 -0.59578 4.70984 -0.03933 -0.07703 0.00072 0.99625
668968.126480 0.16846 -0.60518 4.74102 -0.03955 -0.07738 0.00039 0.99622
668968.150214 0.16985 -0.60867 4.68584 -0.03914 -0.07710 0.00022 0.99625
668968.157031 0.16905 -0.59525 4.64434 -0.03959 -0.07690 -0.00119 0.99625
668968.162196 0.14607 -0.61389 4.66135 -0.03960 -0.07724 -0.00088 0.99622
668968.174179 0.12017 -0.61089 4.70686 -0.03992 -0.07696 -0.00026 0.99624
668968.175607 0.13640 -0.61315 4.71274 -0.04008 -0.07678 -0.00166 0.99624
668968.186161 0.12452 -0.60495 4.74286 -0.04100 -0.07688 -0.00290 0.99619
668968.198144 0.12993 -0.59324 4.68685 -0.04090 -0.07759 -0.00634 0.99613
668968.203003 0.12325 -0.59386 4.68262 -0.04132 -0.07765 -0.00807 0.99609
668968.210126 0.11023 -0.60005 4.77347 -0.04004 -0.07750 -0.00854 0.99615
668968.210327 0.11561 -0.61384 4.75038 -0.03993 -0.07802 -0.00648 0.99613
668968.234091 0.10451 -0.59232 4.82300 -0.03972 -0.07849 -0.00644 0.99610
668968.241844 0.08490 -0.55950 4.86581 -0.03954 -0.07908 -0.00831 0.99605
668968.253578 0.06565 -0.52696 4.87451 -0.03931 -0.07997 -0.00879 0.99598
668968.270039 0.06324 -0.51343 4.89613 -0.03905 -0.08098 -0.00911 0.99591
668968.282021 0.05824 -0.54035 4.89999 -0.03861 -0.08107 -0.00786 0.99593
668968.290713 0.05513 -0.54237 4.85988 -0.04010 -0.08095 -0.00679 0.99589
668968.305986 0.05581 -0.52064 4.83918 -0.04044 -0.08081 -0.00841 0.99587
668968.317969 0.03797 -0.49027 4.90026 -0.04018 -0.08075 -0.00930 0.99588
668968.328083 0.04378 -0.41821 5.03284 -0.03993 -0.08004 -0.01167 0.99592
668968.329951 0.06816 -0.41546 5.01681 -0.03979 -0.08004 -0.01249 0.99592
668968.338109 0.06843 -0.41073 4.97929 -0.03915 -0.07961 -0.01314 0.99597
668968.341934 0.07238 -0.37214 4.97947 -0.03938 -0.07998 -0.01343 0.99593
668968.353916 0.06450 -0.38387 5.00237 -0.03919 -0.07961 -0.01701 0.99591
668968.357126 0.06903 -0.36833 5.03766 -0.04027 -0.07911 -0.01821 0.99589
668968.365899 0.03513 -0.37955 5.11948 -0.04090 -0.08005 -0.01800 0.99579
668968.377881 0.02010 -0.34794 5.17376 -0.04061 -0.08009 -0.01804 0.99580
668968.388907 0.00655 -0.34696 5.20780 -0.03920 -0.07986 -0.02032 0.99583
668968.389864 0.02817 -0.34308 5.22163 -0.03962 -0.07981 -0.01957 0.99583
668968.393611 0.02580 -0.36215 5.27061 -0.03958 -0.08096 -0.01831 0.99576
668968.401846 0.04565 -0.30913 5.29591 -0.03915 -0.08162 -0.01805 0.99573
668968.413829 0.04354 -0.30659 5.31146 -0.03939 -0.08151 -0.01831 0.99573
668968.423028 0.07176 -0.30128 5.31079 -0.03918 -0.08203 -0.01726 0.99571
668968.425811 0.07026 -0.30485 5.30302 -0.03899 -0.08255 -0.01999 0.99562
668968.437794 0.05558 -0.29931 5.32812 -0.03918 -0.08295 -0.01884 0.99560
668968.444823 0.04383 -0.29135 5.34922 -0.03975 -0.08314 -0.02033 0.99554
668968.459542 0.03753 -0.30266 5.37553 -0.03964 -0.08221 -0.02047 0.99562
668968.461759 0.01780 -0.30098 5.40080 -0.03961 -0.08199 -0.02211 0.99560
668968.473741 0.01625 -0.29553 5.45160 -0.03908 -0.08290 -0.02411 0.99550
668968.485724 0.01702 -0.27995 5.50612 -0.03883 -0.08249 -0.02411 0.99554
668968.488257 0.00888 -0.29568 5.55120 -0.03938 -0.08259 -0.02450 0.99550
668968.497706 -0.01315 -0.30416 5.54397 -0.03911 -0.08293 -0.02515 0.99547
668968.497993 -0.01327 -0.29250 5.59504 -0.03863 -0.08261 -0.02622 0.99549
668968.509689 -0.02473 -0.29586 5.62834 -0.03985 -0.08338 -0.02585 0.99539
668968.510698 -0.02834 -0.29629 5.65208 -0.03850 -0.08363 -0.02696 0.99539
668968.521671 -0.02470 -0.31850 5.64498 -0.03915 -0.08307 -0.02376 0.99549
668968.521717 -0.01918 -0.31301 5.64460 -0.03956 -0.08317 -0.02474 0.99544
668968.533654 -0.01768 -0.30830 5.67731 -0.03951 -0.08338 -0.02381 0.99545
668968.533698 -0.00117 -0.30218 5.67850 -0.03941 -0.08367 -0.02380 0.99543
668968.545636 -0.02069 -0.30728 5.75386 -0.03930 -0.08346 -0.02460 0.99543
668968.547532 -0.03240 -0.29995 5.79756 -0.03858 -0.08309 -0.02410 0.99550
668968.563236 -0.05154 -0.29739 5.85035 -0.03831 -0.08330 -0.02435 0.99549
668968.569601 -0.05348 -0.28592 5.91174 -0.03878 -0.08365 -0.02279 0.99548
668968.577234 -0.07133 -0.30351 5.97206 -0.03918 -0.08374 -0.02171 0.99548
668968.581584 -0.06477 -0.28925 5.97935 -0.03883 -0.08387 -0.02100 0.99550
668968.593566 -0.05790 -0.27768 5.98646 -0.03809 -0.08434 -0.02072 0.99549
668968.605549 -0.05417 -0.29353 5.89813 -0.03846 -0.08605 -0.01926 0.99536
668968.617531 -0.06061 -0.28934 5.94324 -0.03875 -0.08749 -0.02129 0.99518
668968.619276 -0.07078 -0.27046 5.99395 -0.03876 -0.08775 -0.02162 0.99515
668968.629514 -0.08609 -0.27912 6.03388 -0.03801 -0.08740 -0.01971 0.99525
668968.629666 -0.09075 -0.27863 6.00106 -0.03886 -0.08815 -0.01944 0.99516
668968.641499 -0.07775 -0.28201 5.89152 -0.03926 -0.08843 -0.01929 0.99512
668968.653563 -0.07136 -0.24670 6.01734 -0.03902 -0.08886 -0.01814 0.99511
668968.665461 -0.04436 -0.26331 5.98398 -0.03898 -0.08869 -0.01707 0.99515
668968.677444 -0.06882 -0.24236 6.04766 -0.04041 -0.08922 -0.01821 0.99503
668968.685224 -0.06450 -0.27257 6.05021 -0.04112 -0.08913 -0.01830 0.99500
668968.689426 -0.07145 -0.26015 6.05988 -0.04147 -0.08944 -0.01763 0.99497
668968.698586 -0.08643 -0.26525 6.11989 -0.04216 -0.09032 -0.01710 0.99487
668968.701409 -0.09502 -0.26850 6.15550 -0.04186 -0.09048 -0.01614 0.99489
668968.706465 -0.11075 -0.26641 6.21571 -0.04210 -0.09120 -0.01659 0.99480
668968.725374 -0.13546 -0.26742 6.23238 -0.04203 -0.09077 -0.01428 0.99488
668968.727957 -0.15415 -0.28281 6.36922 -0.04272 -0.09095 -0.01607 0.99481
668968.737356 -0.16373 -0.27517 6.37931 -0.04255 -0.09109 -0.01662 0.99479
668968.749339 -0.18361 -0.29166 6.55339 -0.04241 -0.09027 -0.01611 0.99488
668968.760105 -0.17048 -0.29509 6.57193 -0.04247 -0.09016 -0.01511 0.99491
668968.761321 -0.20869 -0.31867 6.66400 -0.04161 -0.09048 -0.01444 0.99492
668968.773304 -0.19981 -0.31579 6.66328 -0.04193 -0.09090 -0.01389 0.99488
668968.785286 -0.22088 -0.30252 6.69197 -0.04141 -0.09091 -0.01446 0.99489
668968.797269 -0.25595 -0.31135 6.71658 -0.04287 -0.09002 -0.01317 0.99493
668968.809251 -0.28732 -0.29347 6.76154 -0.04313 -0.08915 -0.01173 0.99501
668968.817844 -0.31480 -0.30866 6.85519 -0.04320 -0.08977 -0.01183 0.99495
668968.821234 -0.37195 -0.35078 6.94138 -0.04338 -0.08985 -0.01045 0.99496
668968.833216 -0.37392 -0.34429 6.94692 -0.04410 -0.08924 -0.00827 0.99500
669422.329042 0.00952 -0.00563 0.08618 -0.00044 0.00107 0.00006 1.00000
669422.340926 0.00787 -0.02379 0.15319 -0.00042 0.00155 -0.00073 1.00000
669422.343489 -0.01099 -0.02358 0.20240 -0.00070 0.00183 0.00059 1.00000
669422.352908 -0.02285 -0.01909 0.25581 -0.00049 0.00220 -0.00034 1.00000
669422.354927 -0.01307 -0.02708 0.27995 -0.00040 0.00223 -0.00012 1.00000
669422.364891 -0.00854 -0.02682 0.34599 -0.00034 0.00283 0.00090 1.00000
669422.365135 0.00633 -0.01672 0.39007 -0.00034 0.00237 0.00134 1.00000
669422.376874 0.00557 -0.01683 0.42921 -0.00055 0.00267 0.00075 1.00000
669422.382533 0.00441 -0.01961 0.42370 -0.00045 0.00270 0.00211 0.99999
669422.388857 0.01853 -0.00497 0.48546 -0.00018 0.00285 0.00183 0.99999
669422.389536 0.02509 0.00680 0.52315 -0.00022 0.00285 0.00233 0.99999
669422.400841 0.02129 -0.00406 0.56412 -0.00060 0.00273 0.00328 0.99999
669422.405322 0.01654 -0.00357 0.59991 -0.00023 0.00285 0.00468 0.99998
669422.412824 0.01357 -0.01085 0.59899 0.00008 0.00261 0.00276 0.99999
669422.415708 0.00770 -0.01218 0.63759 0.00066 0.00234 0.00041 1.00000
669422.424806 0.00223 -0.01576 0.67941 0.00086 0.00268 0.00123 1.00000
669422.426576 0.00836 -0.00547 0.69426 -0.00053 0.00343 0.00264 0.99999
669422.436789 0.02216 -0.01248 0.75705 -0.00076 0.00352 0.00309 0.99999
669422.438182 0.02032 -0.02794 0.77790 -0.00001 0.00308 0.00186 0.99999
669422.448772 0.01790 -0.03145 0.82850 -0.00016 0.00338 0.00079 0.99999
669422.449627 0.01473 -0.03501 0.85126 -0.00009 0.00364 -0.00017 0.99999
669422.460755 0.01350 -0.03414 0.89683 -0.00016 0.00412 0.00012 0.99999
669422.461277 0.01148 -0.02083 0.92135 -0.00064 0.00485 0.00115 0.99999
669422.472738 0.00535 -0.01777 0.95779 -0.00097 0.00498 0.00121 0.99999
669422.472873 0.01021 -0.02981 0.99081 -0.00021 0.00461 0.00149 0.99999
669422.484722 0.00832 -0.03360 0.99394 -0.00032 0.00463 0.00144 0.99999
669422.485882 0.00328 -0.03242 1.00894 -0.00027 0.00471 0.00144 0.99999
669422.496705 0.00956 -0.03403 1.00687 -0.00122 0.00560 0.00214 0.99998
669422.499799 0.00495 -0.04189 1.00896 -0.00144 0.00621 0.00207 0.99998
669422.508687 0.00853 -0.03939 1.04309 -0.00122 0.00585 0.00035 0.99998
669422.510122 0.00894 -0.04017 1.07376 -0.00138 0.00586 -0.00041 0.99998
669422.517272 0.01499 -0.04173 1.09685 -0.00105 0.00615 -0.00085 0.99998
669422.520670 0.01110 -0.03311 1.13720 -0.00104 0.00621 0.00039 0.99998
669422.526316 0.01501 -0.04604 1.17340 -0.00085 0.00588 0.00143 0.99998
669422.532415 0.01673 -0.04751 1.19345 -0.00137 0.00585 0.00144 0.99998
669422.532653 0.01938 -0.04768 1.23029 -0.00113 0.00600 0.00140 0.99998
669422.534783 0.01726 -0.03954 1.21502 -0.00109 0.00627 -0.00043 0.99998
669422.542963 0.02190 -0.04333 1.22869 -0.00123 0.00666 -0.00033 0.99998
669422.544636 0.02505 -0.03395 1.25011 -0.00176 0.00744 0.00061 0.99997
669422.548597 0.02583 -0.02873 1.27464 -0.00149 0.00783 0.00084 0.99997
669422.556619 0.03689 -0.01922 1.30650 -0.00182 0.00799 0.00005 0.99997
669422.559469 0.02812 -0.02632 1.32996 -0.00094 0.00714 0.00032 0.99997
669422.567217 0.01259 -0.04335 1.37014 -0.00113 0.00736 0.00203 0.99997
669422.568603 0.00478 -0.04990 1.39060 -0.00146 0.00745 0.00130 0.99997
669422.569451 0.00524 -0.04437 1.41388 -0.00147 0.00756 0.00100 0.99997
669422.579418 0.01055 -0.05608 1.46829 -0.00179 0.00775 0.00163 0.99997
669422.580586 0.01061 -0.05908 1.48651 -0.00167 0.00787 0.00165 0.99997
669422.580798 0.02557 -0.04840 1.46910 -0.00214 0.00870 0.00002 0.99996
669422.585898 0.02539 -0.04796 1.46584 -0.00165 0.00869 0.00015 0.99996
669422.592568 0.02535 -0.04816 1.50631 -0.00220 0.00899 -0.00039 0.99996
669422.593358 0.03072 -0.04048 1.56343 -0.00200 0.00780 -0.00150 0.99997
669422.604551 0.02952 -0.05220 1.56301 -0.00146 0.00834 0.00060 0.99996
669422.606068 0.02524 -0.06022 1.57862 -0.00196 0.00859 -0.00012 0.99996
669422.616534 0.03711 -0.05590 1.64133 -0.00245 0.00934 0.00084 0.99995
669422.616672 0.03461 -0.04807 1.69940 -0.00230 0.00970 0.00073 0.99995
669422.628517 0.03894 -0.04552 1.76763 -0.00230 0.01018 0.00113 0.99994
669422.629927 0.03290 -0.04261 1.81006 -0.00224 0.01036 0.00075 0.99994
669422.636768 0.02591 -0.05683 1.77605 -0.00197 0.00969 -0.00012 0.99995
669422.640501 0.02189 -0.06721 1.78106 -0.00244 0.00993 -0.00027 0.99995
669422.641937 0.02729 -0.07175 1.82598 -0.00243 0.01013 -0.00014 0.99995
669422.652484 0.02347 -0.06341 1.86527 -0.00243 0.01049 -0.00005 0.99994
669422.657406 0.04004 -0.05591 1.92418 -0.00266 0.01118 0.00068 0.99993
669422.664467 0.03964 -0.05672 2.00528 -0.00263 0.01146 0.00067 0.99993
669422.666176 0.02520 -0.05853 1.97916 -0.00231 0.01059 -0.00039 0.99994
669422.676449 0.02704 -0.06410 1.97343 -0.00254 0.01100 0.00021 0.99994
669422.677081 0.03574 -0.06346 2.00648 -0.00299 0.01163 0.00110 0.99993
669422.688432 0.04132 -0.06238 2.06593 -0.00295 0.01222 0.00062 0.99992
669422.693316 0.04170 -0.06426 2.14304 -0.00286 0.01254 0.00045 0.99992
669422.700415 0.02979 -0.07343 2.16688 -0.00278 0.01190 -0.00008 0.99993
669422.703016 0.03594 -0.08030 2.21156 -0.00270 0.01205 -0.00066 0.99992
669422.712398 0.02958 -0.07588 2.24753 -0.00262 0.01251 -0.00040 0.99992
669422.716803 0.04662 -0.07380 2.26249 -0.00305 0.01331 0.00123 0.99991
669422.724382 0.04580 -0.07541 2.27605 -0.00310 0.01350 0.00168 0.99990
669422.735459 0.03616 -0.08375 2.30722 -0.00253 0.01322 -0.00067 0.99991
669422.736365 0.03478 -0.08272 2.36780 -0.00257 0.01377 -0.00080 0.99990
669422.748347 0.03642 -0.09319 2.40435 -0.00259 0.01435 -0.00051 0.99989
669422.749990 0.04749 -0.08707 2.44022 -0.00297 0.01511 0.00061 0.99988
669422.760330 0.04898 -0.08985 2.50688 -0.00273 0.01559 0.00038 0.99987
669422.771057 0.05426 -0.08846 2.59409 -0.00242 0.01593 0.00008 0.99987
669422.776004 0.05640 -0.08700 2.68984 -0.00230 0.01609 0.00014 0.99987
669422.784296 0.05732 -0.09213 2.72203 -0.00188 0.01531 -0.00040 0.99988
669422.796279 0.05832 -0.09111 2.75739 -0.00185 0.01606 -0.00047 0.99987
669422.805342 0.07063 -0.09808 2.74798 -0.00188 0.01630 -0.00031 0.99987
669422.808263 0.07132 -0.10205 2.77992 -0.00200 0.01724 0.00011 0.99985
669422.812033 0.07449 -0.10468 2.80435 -0.00169 0.01732 -0.00089 0.99985
669422.820246 0.07564 -0.11329 2.88173 -0.00129 0.01710 -0.00213 0.99985
669422.831349 0.06541 -0.11503 2.95609 -0.00108 0.01749 -0.00220 0.99984
669422.832739 0.06775 -0.10969 2.99202 -0.00109 0.01801 -0.00153 0.99984
669422.844211 0.07388 -0.10588 3.07632 -0.00125 0.01834 -0.00176 0.99983
669422.855253 0.08227 -0.10008 3.01901 -0.00108 0.01840 -0.00060 0.99983
669422.856194 0.08018 -0.10372 3.02985 -0.00111 0.01870 -0.00079 0.99982
669422.857237 0.08044 -0.11121 3.06012 -0.00116 0.01883 -0.00098 0.99982
669422.867012 0.08447 -0.11140 3.06014 -0.00126 0.01849 -0.00088 0.99983
669422.872153 0.07549 -0.12067 3.08695 -0.00091 0.01978 -0.00092 0.99980
669422.880160 0.06267 -0.11991 3.06830 -0.00053 0.02062 -0.00057 0.99979
669422.892144 0.05633 -0.11770 3.06175 -0.00058 0.02135 0.00075 0.99977
669422.893597 0.05364 -0.10876 3.11121 -0.00098 0.02140 0.00111 0.99977
669422.904127 0.06724 -0.12230 3.12523 -0.00121 0.02179 0.00020 0.99976
669422.909086 0.07954 -0.12698 3.16314 -0.00074 0.02191 -0.00040 0.99976
669422.916109 0.08348 -0.13095 3.21325 -0.00099 0.02213 0.00042 0.99975
669422.928092 0.08841 -0.12855 3.27809 -0.00100 0.02257 0.00140 0.99974
669422.930022 0.08459 -0.13084 3.32097 -0.00047 0.02295 0.00026 0.99974
669422.943598 0.07411 -0.13403 3.30727 -0.00031 0.02370 -0.00080 0.99972
669422.964042 0.07176 -0.13228 3.31559 -0.00014 0.02467 -0.00075 0.99970
669422.968014 0.07505 -0.13874 3.38943 -0.00035 0.02526 -0.00060 0.99968
669422.976025 0.06571 -0.12695 3.45983 -0.00003 0.02529 -0.00006 0.99968
669422.988007 0.07160 -0.11930 3.49060 -0.00018 0.02602 0.00141 0.99966
669422.995704 0.06954 -0.11432 3.52096 0.00028 0.02635 0.00139 0.99965
669423.011091 0.07706 -0.13970 3.58164 0.00034 0.02665 0.00029 0.99964
669423.012131 0.06745 -0.14881 3.60087 -0.00030 0.02722 0.00282 0.99963
669423.023956 0.06361 -0.14454 3.65634 -0.00063 0.02810 0.00412 0.99960
669423.026844 0.07726 -0.13812 3.70363 -0.00040 0.02823 0.00434 0.99959
669423.035788 0.08460 -0.13845 3.75120 -0.00030 0.02870 0.00189 0.99959
669423.035939 0.09481 -0.14549 3.80244 -0.00008 0.02886 0.00028 0.99958
669423.047923 0.08262 -0.14857 3.80804 -0.00017 0.02974 0.00005 0.99956
669423.048209 0.08074 -0.14640 3.83287 0.00007 0.02930 0.00215 0.99957
669423.059906 0.08212 -0.14178 3.84502 -0.00012 0.02987 0.00413 0.99955
669423.061315 0.07714 -0.14834 3.89054 -0.00027 0.03018 0.00362 0.99954
669423.071888 0.08800 -0.14664 3.89234 -0.00021 0.03089 0.00101 0.99952
669423.073747 0.09634 -0.14574 3.91806 -0.00013 0.03083 0.00067 0.99952
669423.083871 0.10439 -0.14555 3.95058 0.00034 0.03139 0.00064 0.99951
669423.095854 0.09967 -0.14716 4.01641 0.00005 0.03153 0.00480 0.99949
669423.107837 0.10291 -0.15193 4.09590 -0.00034 0.03241 0.00544 0.99946
669423.119820 0.10486 -0.16495 4.16097 -0.00057 0.03300 0.00592 0.99944
669423.131740 0.10391 -0.16784 4.20726 -0.00048 0.03373 0.00677 0.99941
669423.133522 0.11095 -0.15848 4.30752 -0.00017 0.03391 0.00529 0.99941
669423.143787 0.11990 -0.15250 4.33568 -0.00034 0.03489 0.00279 0.99939
669423.147779 0.12320 -0.16195 4.36508 0.00001 0.03511 0.00254 0.99938
669423.178007 0.13429 -0.15793 4.35333 0.00008 0.03632 0.00346 0.99933
669423.179735 0.13072 -0.16618 4.34439 -0.00036 0.03726 0.00458 0.99930
669423.181070 0.12673 -0.17880 4.36761 -0.00067 0.03755 0.00371 0.99929
669423.191718 0.13381 -0.18820 4.42946 -0.00079 0.03762 0.00567 0.99928
669423.195446 0.13013 -0.19302 4.51558 -0.00104 0.03749 0.00662 0.99927
669423.203702 0.13160 -0.18326 4.54813 -0.00083 0.03829 0.00680 0.99924
669423.207218 0.13144 -0.16989 4.54855 -0.00042 0.03855 0.00447 0.99925
669423.215685 0.13946 -0.16852 4.56009 -0.00022 0.03899 0.00394 0.99923
669423.218824 0.13502 -0.16428 4.59733 -0.00026 0.03925 0.00481 0.99922
669423.227668 0.14119 -0.15292 4.58631 -0.00012 0.04006 0.00521 0.99918
669423.228298 0.14618 -0.16885 4.66709 -0.00051 0.03995 0.00666 0.99918
669423.239650 0.14969 -0.17913 4.74266 -0.00089 0.04048 0.00790 0.99915
669423.241122 0.14965 -0.19064 4.80138 -0.00091 0.04057 0.00825 0.99914
669423.251633 0.14985 -0.19195 4.84446 -0.00116 0.04152 0.00834 0.99910
669423.254503 0.16014 -0.18497 4.87121 -0.00093 0.04143 0.00528 0.99913
669423.263616 0.16604 -0.17101 4.89570 -0.00082 0.04172 0.00551 0.99911
669423.264933 0.16102 -0.17174 4.90537 -0.00088 0.04194 0.00589 0.99910
669423.275599 0.16352 -0.17309 4.96579 -0.00108 0.04257 0.00732 0.99907
669423.284130 0.17113 -0.18107 5.05787 -0.00123 0.04290 0.00903 0.99904
669423.287583 0.17325 -0.18665 5.11429 -0.00150 0.04351 0.00951 0.99901
669423.288759 0.17892 -0.18899 5.14347 -0.00124 0.04370 0.00937 0.99900
669423.299566 0.19666 -0.18073 5.15589 -0.00135 0.04411 0.00699 0.99900
669423.307225 0.18781 -0.17082 5.16735 -0.00126 0.04419 0.00618 0.99900
669423.311548 0.18685 -0.18122 5.18956 -0.00108 0.04498 0.00646 0.99897
669423.312115 0.18959 -0.17507 5.24610 -0.00128 0.04486 0.00788 0.99896
669423.323493 0.20450 -0.18270 5.31272 -0.00152 0.04570 0.00824 0.99892
669423.327511 0.20643 -0.18493 5.33974 -0.00147 0.04577 0.00868 0.99891
669423.335514 0.20954 -0.18581 5.32463 -0.00115 0.04583 0.00662 0.99893
669423.339855 0.20127 -0.18551 5.31867 -0.00124 0.04582 0.00662 0.99893
669423.347497 0.20839 -0.18523 5.34369 -0.00120 0.04680 0.00713 0.99888
669442.900388 0.07757 -0.00201 -0.08455 0.00012 0.00184 0.00358 0.99999
669442.901724 0.15407 -0.00701 -0.03337 0.00000 0.00326 0.00347 0.99999
669442.904436 0.19094 -0.01085 0.10692 -0.00025 0.00398 0.00230 0.99999
669442.913707 0.22931 0.00256 0.21470 -0.00011 0.00500 0.00161 0.99999
669442.914038 0.22893 -0.00368 0.22068 -0.00010 0.00510 0.00231 0.99998
669442.925054 0.26117 -0.00690 0.23607 -0.00024 0.00612 0.00306 0.99998
669442.925691 0.24878 0.00598 0.26711 -0.00008 0.00673 0.00308 0.99997
669442.927479 0.24230 0.00353 0.27442 -0.00006 0.00707 0.00158 0.99997
669442.937674 0.25590 -0.00834 0.39597 -0.00027 0.00796 0.00127 0.99997
669442.938436 0.24493 -0.02873 0.40295 -0.00017 0.00873 0.00204 0.99996
669442.949656 0.28401 -0.03320 0.41138 -0.00014 0.00995 0.00299 0.99995
669442.954433 0.26176 -0.05060 0.37916 -0.00017 0.00974 0.00285 0.99995
669442.961640 0.25850 -0.04829 0.39074 -0.00014 0.01050 0.00328 0.99994
669442.973623 0.25253 -0.05674 0.41308 -0.00026 0.01005 0.00162 0.99995
669442.974223 0.26989 -0.06801 0.46306 -0.00049 0.00993 0.00135 0.99995
669442.985605 0.29769 -0.06334 0.50364 -0.00046 0.01110 0.00195 0.99994
669442.989114 0.30153 -0.06687 0.48172 -0.00019 0.01279 0.00539 0.99990
669442.997588 0.30307 -0.06442 0.45848 -0.00023 0.01441 0.00603 0.99988
669443.002532 0.29065 -0.07055 0.48943 -0.00055 0.01578 0.00601 0.99986
669443.009572 0.28853 -0.06604 0.48757 -0.00093 0.01699 0.00627 0.99984
669443.009574 0.28014 -0.07992 0.52497 -0.00100 0.01632 0.00307 0.99986
669443.021555 0.28758 -0.07302 0.59637 -0.00121 0.01705 0.00224 0.99985
669443.022794 0.28214 -0.07954 0.61865 -0.00119 0.01752 0.00214 0.99984
669443.033538 0.29782 -0.07900 0.61089 -0.00100 0.01875 0.00584 0.99981
669443.033995 0.30030 -0.07313 0.58757 -0.00067 0.02008 0.00692 0.99977
669443.045521 0.30080 -0.07349 0.57331 -0.00029 0.02151 0.00736 0.99974
669443.048862 0.30156 -0.06710 0.57070 -0.00016 0.02227 0.00804 0.99972
669443.055352 0.30310 -0.07863 0.66859 -0.00048 0.02221 0.00570 0.99974
669443.057504 0.29520 -0.09076 0.74713 -0.00090 0.02254 0.00380 0.99974
669443.060353 0.28731 -0.09527 0.77492 -0.00081 0.02333 0.00354 0.99972
669443.069486 0.29921 -0.09677 0.79362 -0.00106 0.02451 0.00354 0.99969
669443.069598 0.30774 -0.09679 0.86705 -0.00086 0.02458 0.00377 0.99969
669443.081469 0.31725 -0.09251 0.87036 -0.00086 0.02532 0.00342 0.99967
669443.084326 0.30795 -0.09253 0.83267 -0.00044 0.02641 0.00557 0.99964
669443.093453 0.31594 -0.09739 0.83753 -0.00015 0.02777 0.00635 0.99959
669443.097944 0.31302 -0.10166 0.91613 -0.00025 0.02785 0.00308 0.99961
669443.104635 0.30269 -0.10840 0.93405 -0.00019 0.02852 0.00352 0.99959
669443.105436 0.31732 -0.10285 0.94220 -0.00003 0.02962 0.00371 0.99955
669443.117419 0.32750 -0.10115 0.95610 0.00000 0.03087 0.00519 0.99951
669443.120070 0.35558 -0.11031 1.05223 -0.00007 0.03122 0.00419 0.99950
669443.129402 0.36184 -0.10161 1.08442 0.00032 0.03201 0.00390 0.99948
669443.131738 0.38093 -0.11255 1.11717 0.00045 0.03284 0.00365 0.99945
669443.141385 0.40614 -0.12201 1.14674 0.00000 0.03360 0.00304 0.99943
669443.141545 0.39778 -0.12045 1.16881 0.00026 0.03393 0.00322 0.99942
669443.153367 0.40814 -0.12501 1.17198 0.00028 0.03503 0.00325 0.99938
669443.156334 0.41506 -0.12593 1.20184 0.00046 0.03617 0.00393 0.99934
669443.165350 0.42078 -0.12913 1.22392 0.00034 0.03731 0.00390 0.99930
669443.165442 0.43013 -0.14882 1.27647 0.00002 0.03760 0.00241 0.99929
669443.177334 0.42081 -0.15863 1.25279 -0.00024 0.03844 0.00275 0.99926
669443.178453 0.41967 -0.14761 1.26586 0.00015 0.03861 0.00410 0.99925
669443.189317 0.42792 -0.13894 1.27040 0.00026 0.03984 0.00385 0.99920
669443.191131 0.43734 -0.14725 1.29622 0.00003 0.04079 0.00415 0.99916
669443.201300 0.45094 -0.15130 1.30844 -0.00009 0.04196 0.00428 0.99911
669443.201450 0.44787 -0.16896 1.33943 -0.00045 0.04209 0.00350 0.99911
669443.213283 0.44847 -0.16379 1.37036 -0.00037 0.04329 0.00250 0.99906
669443.215352 0.45309 -0.17852 1.41335 -0.00044 0.04412 0.00307 0.99902
669443.225265 0.45896 -0.18349 1.41730 -0.00042 0.04533 0.00348 0.99897
669443.225278 0.45590 -0.17094 1.43019 -0.00059 0.04561 0.00441 0.99895
669443.237248 0.45305 -0.16567 1.41069 -0.00033 0.04672 0.00475 0.99890
669660.661599 -0.00640 0.00269 -0.02255 0.00018 -0.00207 -0.00214 1.00000
669660.661749 -0.02308 0.01584 -0.05646 -0.00003 -0.00386 -0.00391 0.99998
669660.676850 -0.03133 0.01173 -0.06480 -0.00030 -0.00564 -0.00573 0.99997
669660.677421 -0.04145 0.01059 -0.06186 -0.00032 -0.00715 -0.00473 0.99996
669660.686281 -0.03518 0.01468 -0.03372 -0.00060 -0.00853 -0.00544 0.99995
669660.692100 -0.02722 0.01400 0.03115 -0.00062 -0.00968 -0.00472 0.99994
669660.692426 -0.02865 0.00683 0.10011 -0.00065 -0.01021 -0.00372 0.99994
669660.707351 -0.03711 0.00037 0.13984 -0.00050 -0.01170 -0.00382 0.99992
669660.708241 -0.04727 -0.00278 0.19506 0.00003 -0.01262 -0.00414 0.99991
669660.722600 -0.05181 -0.00094 0.21706 0.00038 -0.01378 -0.00597 0.99989
669660.723185 -0.04176 -0.00175 0.21351 0.00021 -0.01438 -0.00562 0.99988
669660.737851 -0.05603 0.00501 0.21653 0.00011 -0.01580 -0.00465 0.99986
669660.743417 -0.05383 0.00875 0.21104 -0.00001 -0.01691 -0.00384 0.99985
669660.753101 -0.06889 0.00462 0.28493 0.00005 -0.01847 -0.00334 0.99982
669660.756099 -0.06447 0.00415 0.31466 -0.00002 -0.01911 -0.00323 0.99981
669660.765747 -0.06068 0.00820 0.29348 0.00011 -0.02009 -0.00448 0.99979
669660.768353 -0.06750 -0.00111 0.28054 -0.00029 -0.02070 -0.00489 0.99977
669660.771089 -0.07544 -0.00904 0.28898 -0.00029 -0.02134 -0.00387 0.99976
669660.781146 -0.08506 -0.02054 0.33472 -0.00049 -0.02141 -0.00426 0.99976
669660.783603 -0.08486 -0.02344 0.32497 -0.00077 -0.02193 -0.00452 0.99975
669660.787670 -0.08500 -0.02733 0.32365 -0.00103 -0.02238 -0.00421 0.99974
669660.798854 -0.08406 -0.03257 0.32137 -0.00134 -0.02390 -0.00402 0.99971
669660.814104 -0.08573 -0.02770 0.32981 -0.00155 -0.02521 -0.00528 0.99967
669660.829242 -0.08871 -0.01992 0.32986 -0.00148 -0.02644 -0.00716 0.99962
669660.829355 -0.08814 -0.01110 0.33968 -0.00137 -0.02748 -0.00705 0.99960
669660.833895 -0.08427 -0.01245 0.33826 -0.00132 -0.02798 -0.00625 0.99959
669660.844604 -0.09320 -0.01472 0.33714 -0.00123 -0.02911 -0.00694 0.99955
669660.859855 -0.10438 -0.01643 0.35076 -0.00115 -0.03073 -0.00745 0.99950
669660.862625 -0.09662 -0.02617 0.44538 -0.00155 -0.03066 -0.00715 0.99950
669660.875105 -0.10779 -0.03205 0.51079 -0.00200 -0.03194 -0.00703 0.99946
669660.890357 -0.10310 -0.02804 0.46909 -0.00190 -0.03346 -0.00918 0.99940
669660.892109 -0.09859 -0.03144 0.48867 -0.00197 -0.03447 -0.00732 0.99938
669660.905607 -0.11213 -0.03581 0.51613 -0.00220 -0.03568 -0.00953 0.99932
669660.920858 -0.12830 -0.04144 0.51471 -0.00158 -0.03742 -0.01053 0.99924
669660.928343 -0.13218 -0.03620 0.52314 -0.00174 -0.03904 -0.01060 0.99918
669660.939898 -0.14315 -0.03320 0.53118 -0.00162 -0.04074 -0.01024 0.99912
669660.951358 -0.13342 -0.02594 0.52929 -0.00187 -0.04162 -0.01053 0.99908
669660.954990 -0.13051 -0.02360 0.54717 -0.00217 -0.04224 -0.01077 0.99905
669660.966608 -0.13643 -0.02521 0.54942 -0.00189 -0.04328 -0.01195 0.99899
669660.968128 -0.14461 -0.02302 0.56343 -0.00166 -0.04443 -0.01253 0.99893
669660.981859 -0.16040 -0.02345 0.57891 -0.00132 -0.04608 -0.01293 0.99885
669660.984552 -0.15577 -0.02768 0.56494 -0.00148 -0.04685 -0.01164 0.99883
669660.989613 -0.15161 -0.02315 0.56682 -0.00108 -0.04711 -0.01160 0.99882
669660.997110 -0.16500 -0.02190 0.60426 -0.00128 -0.04826 -0.01214 0.99876
669660.999034 -0.16431 -0.02471 0.65575 -0.00212 -0.04872 -0.01117 0.99875
669661.012361 -0.16407 -0.03724 0.64678 -0.00261 -0.04981 -0.01119 0.99869
669661.014495 -0.17207 -0.02762 0.67532 -0.00240 -0.05131 -0.01085 0.99862
669661.027611 -0.17847 -0.03700 0.72789 -0.00197 -0.05283 -0.01209 0.99853
669661.027738 -0.16513 -0.03288 0.75046 -0.00166 -0.05370 -0.01190 0.99848
669661.042862 -0.18572 -0.03925 0.79195 -0.00208 -0.05447 -0.01241 0.99844
669661.058111 -0.20001 -0.04517 0.80195 -0.00177 -0.05579 -0.01371 0.99835
669661.068128 -0.21132 -0.04490 0.80816 -0.00215 -0.05703 -0.01245 0.99829
669661.073362 -0.21333 -0.04410 0.82256 -0.00238 -0.05874 -0.01279 0.99819
669661.088612 -0.22011 -0.04187 0.85970 -0.00250 -0.06044 -0.01320 0.99808
669661.090303 -0.22828 -0.05719 0.92894 -0.00190 -0.06032 -0.01368 0.99808
669661.103863 -0.25172 -0.06656 0.97552 -0.00181 -0.06136 -0.01388 0.99802
669661.110902 -0.25083 -0.06998 0.98816 -0.00198 -0.06279 -0.01497 0.99791
669661.119114 -0.25762 -0.07094 1.03131 -0.00214 -0.06433 -0.01488 0.99782
669661.127501 -0.25444 -0.07567 1.04337 -0.00280 -0.06531 -0.01470 0.99775
669661.134365 -0.24961 -0.07363 1.08483 -0.00265 -0.06661 -0.01482 0.99767
669661.137009 -0.24615 -0.06778 1.06959 -0.00211 -0.06729 -0.01365 0.99764
669661.149615 -0.24626 -0.06426 1.09055 -0.00155 -0.06861 -0.01380 0.99755
669661.151223 -0.25294 -0.06816 1.16716 -0.00127 -0.06896 -0.01454 0.99751
669661.164866 -0.25372 -0.07494 1.12968 -0.00167 -0.07028 -0.01585 0.99740
669661.164888 -0.26759 -0.09025 1.17870 -0.00201 -0.07095 -0.01425 0.99738
669661.180115 -0.27798 -0.08491 1.18865 -0.00185 -0.07213 -0.01593 0.99727
669661.180285 -0.28679 -0.09065 1.20853 -0.00200 -0.07293 -0.01584 0.99721
669661.195366 -0.27554 -0.08936 1.20203 -0.00137 -0.07351 -0.01577 0.99717
669661.208079 -0.26600 -0.09722 1.18542 -0.00115 -0.07454 -0.01723 0.99707
669661.210616 -0.28485 -0.09172 1.21854 -0.00077 -0.07554 -0.01754 0.99699
669661.225867 -0.30900 -0.09366 1.24903 -0.00092 -0.07712 -0.01700 0.99688
669661.225904 -0.31319 -0.08902 1.24815 -0.00143 -0.07826 -0.01562 0.99681
669661.241118 -0.32014 -0.08909 1.24570 -0.00126 -0.07949 -0.01750 0.99668
669661.271619 -0.33371 -0.08595 1.23637 -0.00110 -0.08075 -0.01949 0.99654
669661.271704 -0.34623 -0.08855 1.26672 -0.00102 -0.08224 -0.01823 0.99645
669661.286870 -0.35829 -0.08828 1.29676 -0.00055 -0.08361 -0.01882 0.99632
669661.288007 -0.35404 -0.09462 1.31477 -0.00019 -0.08474 -0.01839 0.99623
669661.302119 -0.35380 -0.07762 1.32044 -0.00080 -0.08607 -0.01889 0.99611
669661.315359 -0.35778 -0.07767 1.33720 -0.00075 -0.08800 -0.01731 0.99597
669661.317370 -0.36542 -0.06714 1.32415 -0.00105 -0.08948 -0.01757 0.99583
669661.317580 -0.37742 -0.06700 1.37785 -0.00142 -0.09024 -0.01715 0.99577
669661.347872 -0.39307 -0.06988 1.37485 -0.00106 -0.09166 -0.01870 0.99561
669661.348688 -0.39701 -0.06842 1.38030 -0.00082 -0.09260 -0.01878 0.99553
669661.363122 -0.40330 -0.07374 1.37850 -0.00050 -0.09391 -0.02089 0.99536
669661.378373 -0.41278 -0.06962 1.37769 -0.00061 -0.09528 -0.02125 0.99522
669661.382388 -0.42753 -0.07045 1.40263 -0.00068 -0.09682 -0.02106 0.99508
669661.393623 -0.45055 -0.06664 1.42762 -0.00108 -0.09844 -0.02135 0.99491
669661.396932 -0.44197 -0.06972 1.47017 -0.00120 -0.09949 -0.02103 0.99482
669661.408873 -0.43157 -0.05049 1.43981 -0.00148 -0.10055 -0.01981 0.99473
669661.409424 -0.43460 -0.07229 1.48931 -0.00105 -0.10055 -0.01982 0.99473
669661.439374 -0.44946 -0.07165 1.47545 -0.00122 -0.10188 -0.02128 0.99457
669661.441309 -0.45480 -0.05866 1.48456 -0.00112 -0.10312 -0.02165 0.99443
669661.454625 -0.46975 -0.04303 1.49529 -0.00136 -0.10439 -0.02208 0.99429
669661.455368 -0.46858 -0.03684 1.51497 -0.00132 -0.10498 -0.02131 0.99425
669661.469876 -0.48571 -0.05028 1.52975 -0.00129 -0.10624 -0.02223 0.99409
669661.485126 -0.48798 -0.02672 1.51926 -0.00071 -0.10754 -0.02381 0.99392
669661.488435 -0.50456 -0.01166 1.52609 -0.00079 -0.10851 -0.02400 0.99381
669661.500377 -0.51451 -0.01237 1.56280 -0.00134 -0.10984 -0.02394 0.99366
669661.502040 -0.52021 -0.01663 1.54819 -0.00112 -0.11066 -0.02362 0.99358
669661.515627 -0.52684 -0.00542 1.58554 -0.00159 -0.11178 -0.02299 0.99347
669661.517510 -0.52733 -0.01822 1.60319 -0.00133 -0.11229 -0.02276 0.99341
669661.530877 -0.53939 -0.03425 1.65552 -0.00125 -0.11318 -0.02294 0.99331
669661.542294 -0.55507 -0.04060 1.67938 -0.00122 -0.11455 -0.02261 0.99316
669661.546127 -0.56221 -0.05275 1.70085 -0.00157 -0.11567 -0.02176 0.99305
669661.547644 -0.55868 -0.04224 1.73599 -0.00140 -0.11618 -0.02254 0.99297
669661.561378 -0.56943 -0.04474 1.76639 -0.00137 -0.11745 -0.02333 0.99280
669661.565857 -0.56825 -0.03129 1.82476 -0.00197 -0.11765 -0.02315 0.99278
669661.576629 -0.56823 -0.03388 1.81279 -0.00180 -0.11914 -0.02282 0.99261
669661.589806 -0.60098 -0.04879 1.88058 -0.00131 -0.11978 -0.02213 0.99255
669661.591880 -0.59594 -0.05573 1.86098 -0.00157 -0.12047 -0.02272 0.99246
669661.592150 -0.59286 -0.07267 1.86765 -0.00140 -0.12091 -0.02304 0.99240
669661.600332 -0.58882 -0.06534 1.85413 -0.00138 -0.12099 -0.02245 0.99240
669661.607130 -0.60435 -0.07003 1.85651 -0.00084 -0.12187 -0.02356 0.99227
669661.607333 -0.61025 -0.07200 1.89161 -0.00077 -0.12237 -0.02526 0.99216
669661.622381 -0.60528 -0.06050 1.83917 -0.00083 -0.12296 -0.02394 0.99212
669661.622414 -0.60166 -0.07422 1.79668 -0.00080 -0.12319 -0.02318 0.99211
669661.637630 -0.59921 -0.06894 1.79852 -0.00024 -0.12373 -0.02342 0.99204
669661.652881 -0.61166 -0.06534 1.79293 -0.00022 -0.12506 -0.02489 0.99184
669661.656771 -0.61756 -0.06243 1.77755 -0.00012 -0.12616 -0.02569 0.99168
669661.668131 -0.63169 -0.05685 1.78775 0.00010 -0.12737 -0.02537 0.99153
669661.668238 -0.64507 -0.06380 1.85467 -0.00004 -0.12813 -0.02519 0.99144
669661.683382 -0.64879 -0.06129 1.86324 0.00024 -0.12911 -0.02474 0.99132
669661.684434 -0.65330 -0.05017 1.88951 0.00041 -0.12940 -0.02426 0.99130
669661.698633 -0.64996 -0.04467 1.89174 0.00067 -0.13016 -0.02517 0.99117
669661.700171 -0.64786 -0.04920 1.88962 0.00096 -0.13067 -0.02550 0.99110
669661.713884 -0.64744 -0.04545 1.85362 0.00103 -0.13120 -0.02503 0.99104
669661.716816 -0.67584 -0.06156 1.88177 0.00154 -0.13242 -0.02765 0.99081
669661.729134 -0.69437 -0.07245 1.90465 0.00147 -0.13349 -0.02907 0.99062
669661.744385 -0.71265 -0.07199 1.94358 0.00180 -0.13500 -0.03020 0.99038
669661.747984 -0.72576 -0.07751 1.99593 0.00193 -0.13595 -0.02905 0.99029
669661.759634 -0.74152 -0.07847 2.05529 0.00251 -0.13730 -0.03024 0.99006
669661.774885 -0.74018 -0.06042 2.06530 0.00226 -0.13819 -0.03042 0.98994
669661.790135 -0.74757 -0.05645 2.07888 0.00272 -0.13955 -0.03171 0.98970
669661.790281 -0.74893 -0.04298 2.12165 0.00263 -0.14011 -0.03025 0.98967
669661.805387 -0.76635 -0.03355 2.14479 0.00249 -0.14147 -0.03056 0.98947
669661.810731 -0.75664 -0.03094 2.11280 0.00319 -0.14232 -0.03215 0.98929
669661.820637 -0.76109 -0.02886 2.13089 0.00306 -0.14315 -0.03332 0.98914
669661.824944 -0.77026 -0.04155 2.14516 0.00320 -0.14371 -0.03342 0.98905
669661.835888 -0.77096 -0.02112 2.15496 0.00300 -0.14474 -0.03486 0.98885
669661.838830 -0.77795 -0.02486 2.19333 0.00246 -0.14493 -0.03225 0.98891
669661.851138 -0.79348 -0.02553 2.21578 0.00228 -0.14590 -0.03177 0.98879
669661.866388 -0.81096 -0.02570 2.26312 0.00260 -0.14717 -0.03422 0.98852
669661.880131 -0.82908 -0.04971 2.32332 0.00157 -0.14827 -0.03318 0.98839
669661.881638 -0.84258 -0.04913 2.36095 0.00138 -0.14947 -0.03346 0.98820
669661.882739 -0.87035 -0.04649 2.40634 0.00108 -0.14996 -0.03383 0.98811
669661.896889 -0.87910 -0.04153 2.43861 0.00150 -0.15125 -0.03330 0.98793
669661.912140 -0.89397 -0.04472 2.47644 0.00165 -0.15187 -0.03483 0.98779
669661.927391 -0.90906 -0.03285 2.50965 0.00141 -0.15310 -0.03554 0.98757
669661.942641 -0.91818 -0.03807 2.53136 0.00108 -0.15420 -0.03538 0.98740
669661.944027 -0.92880 -0.04477 2.56849 0.00065 -0.15505 -0.03289 0.98736
669661.957892 -0.95836 -0.04540 2.60653 0.00035 -0.15618 -0.03313 0.98717
669661.973142 -0.97000 -0.04214 2.65420 0.00031 -0.15729 -0.03414 0.98696
669661.973800 -0.97594 -0.04808 2.69163 -0.00037 -0.15808 -0.03439 0.98683
669661.986762 -1.00795 -0.05315 2.82179 -0.00030 -0.15914 -0.03240 0.98672
669661.988367 -1.00665 -0.06682 2.84327 -0.00096 -0.16002 -0.03226 0.98659
669662.003642 -1.00659 -0.05969 2.84413 -0.00105 -0.16113 -0.03216 0.98641
669662.013410 -1.00039 -0.06712 2.82189 -0.00127 -0.16179 -0.03331 0.98626
669662.018893 -1.00726 -0.06132 2.86624 -0.00159 -0.16251 -0.03308 0.98615
669662.034144 -1.03592 -0.05126 2.92544 -0.00153 -0.16360 -0.03161 0.98602
669662.049395 -1.04432 -0.05190 2.97168 -0.00115 -0.16437 -0.03187 0.98588
669662.051585 -1.05285 -0.04903 3.00123 -0.00103 -0.16519 -0.03268 0.98572
669662.064645 -1.05414 -0.06026 3.01782 -0.00108 -0.16559 -0.03350 0.98562
669662.074584 -1.06582 -0.06002 3.01353 -0.00082 -0.16665 -0.03423 0.98542
669662.079896 -1.06654 -0.06199 3.02708 -0.00084 -0.16715 -0.03330 0.98537
669662.092597 -1.07541 -0.06968 3.04624 -0.00103 -0.16769 -0.03263 0.98530
669662.110396 -1.10515 -0.06664 3.07941 -0.00105 -0.16887 -0.03330 0.98508
669662.125646 -1.12282 -0.06086 3.09834 -0.00047 -0.16966 -0.03372 0.98493
669662.140897 -1.12254 -0.06910 3.11565 0.00014 -0.17063 -0.03506 0.98471
669662.144509 -1.12877 -0.06622 3.12634 -0.00034 -0.17137 -0.03418 0.98461
669662.156148 -1.13878 -0.07829 3.15777 -0.00002 -0.17232 -0.03552 0.98440
669662.160118 -1.13070 -0.07464 3.15035 0.00046 -0.17312 -0.03543 0.98426
669662.171399 -1.14507 -0.07422 3.19118 0.00089 -0.17392 -0.03671 0.98407
669662.186649 -1.16987 -0.07528 3.24276 0.00091 -0.17456 -0.03738 0.98394
669662.187831 -1.17125 -0.06718 3.25538 0.00057 -0.17517 -0.03548 0.98390
669662.201900 -1.20204 -0.07504 3.29923 0.00100 -0.17595 -0.03515 0.98377
669662.207328 -1.18919 -0.07522 3.28215 0.00126 -0.17623 -0.03447 0.98374
669662.217149 -1.21113 -0.05484 3.31352 0.00168 -0.17728 -0.03418 0.98357
669662.232400 -1.22891 -0.07236 3.36169 0.00252 -0.17795 -0.03713 0.98334
669662.233629 -1.24187 -0.08045 3.40241 0.00231 -0.17789 -0.03669 0.98336
669662.247650 -1.24836 -0.09284 3.39021 0.00263 -0.17895 -0.03763 0.98313
669662.249519 -1.25001 -0.07918 3.39129 0.00243 -0.17890 -0.03682 0.98318
669662.262902 -1.27242 -0.06613 3.43601 0.00213 -0.18014 -0.03597 0.98298
669662.264742 -1.26249 -0.06314 3.43838 0.00232 -0.18089 -0.03534 0.98287
669662.269808 -1.26552 -0.07772 3.48355 0.00220 -0.18111 -0.03448 0.98286
669662.278152 -1.27335 -0.07333 3.51836 0.00278 -0.18211 -0.03453 0.98267
669662.281640 -1.27084 -0.08850 3.50220 0.00301 -0.18209 -0.03509 0.98265
669662.293403 -1.30188 -0.07981 3.56399 0.00310 -0.18281 -0.03478 0.98253
669662.307728 -1.32870 -0.05534 3.59982 0.00327 -0.18387 -0.03639 0.98227
669662.308653 -1.35852 -0.04172 3.63209 0.00369 -0.18368 -0.03640 0.98230
669662.323903 -1.35401 -0.04135 3.61900 0.00416 -0.18475 -0.03735 0.98207
669662.339153 -1.34535 -0.04877 3.61813 0.00443 -0.18578 -0.03851 0.98183
669662.345018 -1.33708 -0.03187 3.62800 0.00464 -0.18645 -0.03851 0.98170
669662.354404 -1.34607 -0.04426 3.67664 0.00431 -0.18663 -0.03938 0.98163
669662.355673 -1.36821 -0.04542 3.73136 0.00388 -0.18681 -0.03856 0.98163
669662.369654 -1.40126 -0.05070 3.80819 0.00392 -0.18732 -0.03927 0.98151
669662.384906 -1.40901 -0.06232 3.82666 0.00394 -0.18844 -0.03802 0.98134
669662.385755 -1.42574 -0.04879 3.85447 0.00439 -0.18917 -0.03934 0.98115
669662.400156 -1.41805 -0.03193 3.80373 0.00428 -0.19003 -0.04079 0.98092
669662.415407 -1.41913 -0.04292 3.81197 0.00439 -0.19086 -0.04052 0.98077
669662.417591 -1.43026 -0.03658 3.84833 0.00429 -0.19124 -0.04050 0.98070
669662.430657 -1.44492 -0.02183 3.89149 0.00433 -0.19175 -0.04057 0.98060
669662.445907 -1.44390 -0.01161 3.91085 0.00448 -0.19243 -0.04186 0.98041
669662.446922 -1.45912 -0.03326 3.91054 0.00450 -0.19295 -0.04257 0.98027
669662.476408 -1.46651 -0.02486 3.88579 0.00502 -0.19407 -0.04406 0.97999
669662.479374 -1.48829 -0.01673 3.91237 0.00455 -0.19468 -0.04520 0.97982
669662.491659 -1.49638 0.00372 3.92150 0.00457 -0.19480 -0.04353 0.97987
669662.506910 -1.52495 -0.00062 3.92972 0.00510 -0.19569 -0.04425 0.97965
669662.522160 -1.54780 0.00291 3.97143 0.00571 -0.19661 -0.04493 0.97944
669662.537411 -1.54388 -0.00869 3.98134 0.00580 -0.19750 -0.04644 0.97919
669662.540210 -1.55298 -0.00502 4.01618 0.00585 -0.19764 -0.04837 0.97906
669662.553089 -1.55436 0.00291 4.04279 0.00626 -0.19807 -0.04943 0.97892
669662.567911 -1.57646 -0.01720 4.09703 0.00616 -0.19876 -0.05002 0.97875
669662.583161 -1.58880 -0.03439 4.10880 0.00620 -0.19962 -0.04808 0.97867
669662.598412 -1.61228 -0.04001 4.10842 0.00633 -0.20063 -0.04821 0.97846
669662.603773 -1.63158 -0.05724 4.12994 0.00636 -0.20098 -0.04877 0.97836
669662.614220 -1.64508 -0.04881 4.14260 0.00596 -0.20162 -0.04830 0.97825
669662.644164 -1.66229 -0.04601 4.15082 0.00595 -0.20295 -0.04986 0.97790
669662.659415 -1.66770 -0.04829 4.19097 0.00659 -0.20408 -0.05170 0.97757
669662.674664 -1.65990 -0.05487 4.16327 0.00618 -0.20498 -0.05168 0.97738
669662.689915 -1.67342 -0.04568 4.17634 0.00681 -0.20568 -0.05189 0.97722
669662.705165 -1.66766 -0.03029 4.18875 0.00675 -0.20621 -0.05130 0.97714
669662.719148 -1.67659 -0.01488 4.22530 0.00646 -0.20677 -0.05231 0.97697
669662.720417 -1.68364 -0.03586 4.22605 0.00634 -0.20691 -0.05413 0.97684
669662.723936 -1.71302 -0.03476 4.25382 0.00599 -0.20649 -0.05522 0.97687
669662.750108 -1.72888 -0.02196 4.26200 0.00612 -0.20690 -0.05801 0.97662
669662.765414 -1.72087 -0.00549 4.27145 0.00647 -0.20760 -0.05960 0.97638
669662.766168 -1.73436 0.00425 4.28412 0.00654 -0.20783 -0.06017 0.97629
669662.781793 -1.73844 0.01831 4.30014 0.00676 -0.20887 -0.06181 0.97596
669662.796668 -1.74469 0.02768 4.32285 0.00611 -0.20955 -0.06243 0.97578
669662.812962 -1.73855 0.03773 4.30017 0.00651 -0.20963 -0.06343 0.97570
669662.842421 -1.75084 0.04289 4.32833 0.00655 -0.21009 -0.06295 0.97563
669662.857671 -1.73863 0.03680 4.31459 0.00652 -0.21083 -0.06424 0.97539
669662.863413 -1.74407 0.04223 4.31155 0.00555 -0.21175 -0.06516 0.97513
669662.872922 -1.74097 0.04774 4.33934 0.00532 -0.21221 -0.06803 0.97484
669662.903422 -1.75008 0.03049 4.33249 0.00559 -0.21280 -0.06933 0.97462
669662.909902 -1.75864 0.03772 4.34777 0.00573 -0.21308 -0.07201 0.97436
669662.918672 -1.76560 0.03883 4.36546 0.00575 -0.21289 -0.07454 0.97421
669662.933923 -1.74520 0.03308 4.34373 0.00588 -0.21275 -0.07650 0.97409
669662.949174 -1.73365 0.03448 4.34006 0.00589 -0.21280 -0.07735 0.97401
669662.951602 -1.73931 0.03527 4.34064 0.00671 -0.21275 -0.07952 0.97384
669662.994926 -1.72484 0.02357 4.34616 0.00724 -0.21286 -0.08002 0.97377
669663.010175 -1.72086 0.02987 4.36908 0.00785 -0.21358 -0.08215 0.97343
669663.017124 -1.72030 0.04703 4.36638 0.00762 -0.21440 -0.08484 0.97303
669663.025426 -1.73522 0.04592 4.39718 0.00718 -0.21507 -0.08515 0.97285
669663.040676 -1.74023 0.04878 4.43496 0.00717 -0.21617 -0.08581 0.97255
669663.042495 -1.73004 0.05356 4.43349 0.00708 -0.21684 -0.08592 0.97239
669663.055927 -1.72887 0.05253 4.44133 0.00689 -0.21759 -0.08631 0.97219
669663.071178 -1.73228 0.05796 4.43254 0.00657 -0.21829 -0.08602 0.97206
669663.132179 -1.75126 0.05880 4.45731 0.00575 -0.21967 -0.08695 0.97168
669663.147430 -1.75898 0.05114 4.48096 0.00614 -0.22097 -0.08779 0.97130
669663.157342 -1.75858 0.04270 4.48886 0.00529 -0.22194 -0.08953 0.97093
669663.174080 -1.75750 0.02429 4.51541 0.00434 -0.22311 -0.09033 0.97059
669663.177932 -1.74582 0.01815 4.52855 0.00459 -0.22365 -0.08999 0.97050
669663.193182 -1.73776 0.03140 4.53400 0.00419 -0.22414 -0.08958 0.97042
669663.212516 -1.75565 0.01818 4.54460 0.00499 -0.22513 -0.09042 0.97011
669663.223683 -1.75127 0.02444 4.53674 0.00498 -0.22584 -0.09200 0.96980
669663.225737 -1.74888 0.03723 4.54544 0.00508 -0.22669 -0.09149 0.96965
669663.238934 -1.73184 0.05089 4.52600 0.00468 -0.22696 -0.09138 0.96960
669663.254183 -1.72913 0.05213 4.54015 0.00446 -0.22760 -0.09361 0.96923
669663.258897 -1.72813 0.05138 4.55930 0.00353 -0.22793 -0.09370 0.96915
669663.269434 -1.71967 0.03467 4.56840 0.00292 -0.22901 -0.09423 0.96885
669663.273438 -1.71890 0.02518 4.58307 0.00267 -0.22996 -0.09445 0.96860
669663.293645 -1.72895 -0.00126 4.65425 0.00262 -0.23137 -0.09447 0.96826
669663.299936 -1.73050 0.00067 4.68164 0.00287 -0.23222 -0.09389 0.96812
669663.315186 -1.73336 0.00301 4.70098 0.00238 -0.23375 -0.09377 0.96776
669663.321727 -1.72412 0.01199 4.66482 0.00303 -0.23503 -0.09286 0.96754
669663.559193 -1.72452 0.01065 4.66176 0.00324 -0.23559 -0.09350 0.96734
669663.681198 -1.72359 0.01499 4.66421 0.00211 -0.23533 -0.09225 0.96752
669663.726949 -1.70992 0.02230 4.65793 0.00192 -0.23560 -0.09079 0.96760
669663.738266 -1.71941 0.03775 4.67901 0.00075 -0.23564 -0.08678 0.96796
669663.742199 -1.72980 0.03037 4.67820 0.00073 -0.23542 -0.08715 0.96798
669663.757451 -1.72980 0.03037 4.67820 0.00073 -0.23542 -0.08715 0.96798
669663.787952 -1.72671 0.03703 4.68682 0.00083 -0.23532 -0.08783 0.96794
669663.803202 -1.74909 0.04575 4.72251 0.00117 -0.23567 -0.08999 0.96766
669663.803853 -1.76225 0.05397 4.76915 0.00101 -0.23611 -0.08892 0.96765
669663.818452 -1.77637 0.04248 4.80724 0.00009 -0.23665 -0.08806 0.96760
669663.833702 -1.78990 0.04269 4.81940 -0.00020 -0.23747 -0.08847 0.96736
669663.837099 -1.79459 0.04971 4.81532 -0.00032 -0.23694 -0.08912 0.96743
669663.850412 -1.78611 0.06549 4.80346 -0.00039 -0.23660 -0.09096 0.96734
669663.864723 -1.79086 0.07602 4.80906 -0.00055 -0.23742 -0.09247 0.96700
669663.882331 -1.80724 0.07225 4.84562 -0.00076 -0.23839 -0.09228 0.96677
669663.894705 -1.81240 0.07425 4.85686 -0.00134 -0.24007 -0.09147 0.96644
669663.896950 -1.81788 0.07607 4.85334 -0.00151 -0.24122 -0.09112 0.96618
669663.909956 -1.83159 0.06443 4.89450 -0.00101 -0.24248 -0.08928 0.96604
669663.927427 -1.83022 0.05959 4.88694 -0.00134 -0.24345 -0.09016 0.96571
669663.940642 -1.84192 0.04953 4.91447 -0.00232 -0.24438 -0.09102 0.96540
669663.955792 -1.85458 0.00750 4.93606 -0.00191 -0.24512 -0.09214 0.96510
669663.973331 -1.87887 0.01576 4.98431 -0.00183 -0.24575 -0.09259 0.96490
669663.988873 -1.89353 0.00929 5.02077 -0.00129 -0.24684 -0.09143 0.96473
669664.001459 -1.89560 0.01221 5.04087 -0.00055 -0.24818 -0.09408 0.96413
669664.005534 -1.91904 0.00881 5.08301 -0.00071 -0.24962 -0.09425 0.96375
669664.016709 -1.93259 0.02842 5.09828 -0.00119 -0.25075 -0.09301 0.96357
669664.016786 -1.93758 0.03294 5.13269 -0.00125 -0.25116 -0.09218 0.96355
669664.047209 -1.94365 0.05470 5.16890 0.00027 -0.25213 -0.09172 0.96334
669664.047413 -1.93515 0.06450 5.17273 0.00070 -0.25293 -0.09006 0.96328
669664.062460 -1.94605 0.07525 5.18508 0.00119 -0.25409 -0.09038 0.96295
669664.077710 -1.93769 0.06969 5.13938 0.00107 -0.25606 -0.09116 0.96235
669664.077750 -1.92790 0.07117 5.15039 0.00184 -0.25587 -0.09050 0.96246
669664.092961 -1.95216 0.08721 5.15653 0.00112 -0.25628 -0.08752 0.96263
669664.094241 -1.96734 0.10279 5.19795 -0.00030 -0.25586 -0.08709 0.96278
669664.104757 -2.00360 0.08935 5.26424 -0.00133 -0.25607 -0.08696 0.96274
669664.108212 -1.98665 0.09868 5.31894 -0.00210 -0.25596 -0.08355 0.96307
669664.123463 -1.99200 0.10649 5.31440 -0.00187 -0.25568 -0.08282 0.96321
669664.138713 -1.97579 0.09232 5.28795 -0.00108 -0.25596 -0.08352 0.96307
669664.169213 -1.97884 0.10474 5.30059 -0.00056 -0.25554 -0.08666 0.96291
669664.172092 -1.98716 0.09291 5.31028 -0.00032 -0.25569 -0.08752 0.96279
669664.198863 -1.97776 0.08233 5.29027 0.00038 -0.25562 -0.09053 0.96253
669664.199714 -1.96792 0.07049 5.29530 0.00114 -0.25542 -0.09168 0.96247
669664.214966 -1.96447 0.07239 5.28439 0.00114 -0.25530 -0.09236 0.96244
669664.244902 -1.98320 0.06822 5.25676 0.00180 -0.25543 -0.09424 0.96222
669664.260717 -1.98783 0.06905 5.26813 0.00207 -0.25632 -0.09566 0.96184
669664.275968 -1.98362 0.08478 5.28710 0.00225 -0.25664 -0.09337 0.96198
669664.291217 -1.99823 0.10139 5.31482 0.00267 -0.25805 -0.09786 0.96116
669664.292369 -2.00786 0.09314 5.32588 0.00235 -0.25857 -0.09759 0.96105
669664.306468 -2.03139 0.08509 5.36506 0.00146 -0.25904 -0.09642 0.96104
669664.311642 -2.02500 0.09792 5.33639 0.00323 -0.25946 -0.09831 0.96073
669664.321718 -1.97130 0.11161 5.30527 0.00296 -0.26046 -0.09676 0.96062
669664.326614 -1.97138 0.12506 5.28943 0.00327 -0.26067 -0.09445 0.96079
669664.336970 -1.98037 0.12273 5.30836 0.00330 -0.26089 -0.09488 0.96069
669664.345156 -1.98609 0.13381 5.32294 0.00219 -0.26165 -0.09356 0.96062
669664.352220 -2.00143 0.12781 5.33454 0.00231 -0.26276 -0.09282 0.96038
669664.367471 -2.00771 0.11709 5.33745 0.00139 -0.26374 -0.09531 0.95987
669664.368579 -2.03402 0.09961 5.37067 0.00076 -0.26402 -0.09612 0.95971
669664.382721 -2.03399 0.08511 5.36665 -0.00035 -0.26389 -0.09732 0.95963
669664.397971 -2.03041 0.10018 5.37183 0.00027 -0.26424 -0.09723 0.95954
669664.413221 -2.07470 0.10363 5.38698 0.00151 -0.26499 -0.09750 0.95931
669664.428472 -2.04529 0.13147 5.36566 0.00150 -0.26616 -0.09503 0.95923
669664.431660 -2.05613 0.11323 5.40546 0.00149 -0.26676 -0.09601 0.95897
669664.443723 -2.05257 0.09774 5.37504 0.00136 -0.26725 -0.09559 0.95887
669664.447293 -2.05445 0.09529 5.37546 0.00118 -0.26779 -0.09607 0.95867
669664.458974 -2.07092 0.10631 5.41092 -0.00018 -0.26840 -0.09763 0.95835
669664.463300 -2.07473 0.10160 5.41512 0.00021 -0.26889 -0.09865 0.95810
669664.474224 -2.08254 0.09487 5.43590 -0.00125 -0.27036 -0.09889 0.95767
669664.489475 -2.08558 0.10086 5.44351 -0.00080 -0.27154 -0.09986 0.95723
669664.493250 -2.11238 0.10368 5.47849 -0.00022 -0.27239 -0.10218 0.95675
669664.511873 -2.16592 0.09592 5.53418 0.00014 -0.27427 -0.10175 0.95626
669664.535225 -2.19751 0.12419 5.54662 -0.00060 -0.27444 -0.10117 0.95627
669664.535307 -2.21790 0.13221 5.58238 -0.00186 -0.27511 -0.10313 0.95586
669664.550500 -2.23915 0.12820 5.56347 -0.00102 -0.27542 -0.10233 0.95586
669664.565727 -2.26096 0.14128 5.57388 -0.00098 -0.27574 -0.09999 0.95602
669664.568223 -2.27074 0.14183 5.56544 -0.00038 -0.27606 -0.09958 0.95597
669664.585427 -2.31229 0.16326 5.63220 -0.00007 -0.27721 -0.10052 0.95554
669664.596228 -2.33853 0.18123 5.67452 -0.00099 -0.27859 -0.09956 0.95523
669664.611479 -2.37116 0.18644 5.71659 -0.00096 -0.27994 -0.10162 0.95462
669664.613594 -2.38228 0.18675 5.73048 -0.00213 -0.28039 -0.10018 0.95464
669664.639022 -2.42273 0.20256 5.80096 -0.00328 -0.28249 -0.10020 0.95402
669664.641979 -2.44802 0.19945 5.84175 -0.00442 -0.28347 -0.10006 0.95374
669664.687732 -2.44510 0.18192 5.82673 -0.00487 -0.28293 -0.10259 0.95362
669664.702983 -2.40472 0.19021 5.81507 -0.00486 -0.28257 -0.10248 0.95374
669664.718234 -2.43699 0.17699 5.89623 -0.00561 -0.28212 -0.10222 0.95390
669664.723018 -2.43799 0.17651 5.90603 -0.00515 -0.28184 -0.10273 0.95393
669664.733485 -2.44847 0.17539 5.85941 -0.00373 -0.28292 -0.10701 0.95315
669664.738470 -2.45120 0.17060 5.83888 -0.00377 -0.28442 -0.10732 0.95267
669664.748736 -2.45977 0.17098 5.88154 -0.00325 -0.28457 -0.10994 0.95233
669664.755146 -2.47147 0.16499 5.91523 -0.00319 -0.28574 -0.10988 0.95198
669664.763986 -2.46958 0.17606 5.89177 -0.00289 -0.28632 -0.10892 0.95192
669664.779237 -2.45915 0.17586 5.86702 -0.00359 -0.28591 -0.10805 0.95214
669664.784764 -2.46143 0.17911 5.85678 -0.00327 -0.28576 -0.10859 0.95212
669664.794488 -2.46287 0.16919 5.88174 -0.00364 -0.28542 -0.10979 0.95209
669664.809739 -2.48683 0.15366 5.90553 -0.00382 -0.28670 -0.11088 0.95157
669664.824991 -2.53371 0.14633 5.94829 -0.00375 -0.28721 -0.11052 0.95146
669664.840242 -2.51829 0.16159 5.92089 -0.00390 -0.28729 -0.11075 0.95141
669664.840309 -2.55042 0.15331 5.95313 -0.00438 -0.28679 -0.10975 0.95167
669664.855493 -2.57054 0.12826 5.99556 -0.00501 -0.28691 -0.11087 0.95151
669664.856803 -2.57967 0.11869 6.00421 -0.00492 -0.28675 -0.11128 0.95151
669664.871803 -2.57472 0.10568 5.98723 -0.00424 -0.28734 -0.11220 0.95123
669664.901246 -2.60735 0.10574 6.01396 -0.00517 -0.28679 -0.11451 0.95111
669664.902039 -2.60896 0.11205 6.06799 -0.00548 -0.28647 -0.11568 0.95106
669664.951891 -2.58240 0.09641 6.03288 -0.00598 -0.28637 -0.10989 0.95178
669664.962250 -2.56478 0.10172 6.04224 -0.00648 -0.28668 -0.11088 0.95156
669664.966221 -2.57304 0.10146 6.08568 -0.00588 -0.28657 -0.11174 0.95150
669664.977500 -2.55742 0.12984 6.07760 -0.00550 -0.28656 -0.11137 0.95155
669664.992752 -2.57006 0.13814 6.12851 -0.00559 -0.28704 -0.11253 0.95127
669665.023254 -2.58039 0.11775 6.11290 -0.00463 -0.28728 -0.11208 0.95126
669665.025164 -2.57288 0.12670 6.12954 -0.00387 -0.28757 -0.11200 0.95118
669665.038505 -2.56575 0.13427 6.11453 -0.00326 -0.28882 -0.11331 0.95065
669665.053755 -2.61013 0.15619 6.16960 -0.00398 -0.29000 -0.11235 0.95040
669665.054756 -2.61308 0.15240 6.17923 -0.00449 -0.29047 -0.11170 0.95033
669665.069007 -2.62064 0.15748 6.17155 -0.00351 -0.29056 -0.11089 0.95040
669665.084257 -2.63598 0.15282 6.19449 -0.00362 -0.29004 -0.11395 0.95020
669665.099509 -2.67345 0.14098 6.22354 -0.00314 -0.29022 -0.11471 0.95006
669665.099740 -2.67938 0.14776 6.18790 -0.00369 -0.28976 -0.11228 0.95048
669665.114759 -2.65409 0.15124 6.18879 -0.00328 -0.28956 -0.11614 0.95008
669665.130011 -2.67591 0.14862 6.18716 -0.00226 -0.28890 -0.11903 0.94993
669665.131149 -2.67660 0.15008 6.19497 -0.00171 -0.28807 -0.12067 0.94997
669665.160513 -2.65849 0.14956 6.21806 -0.00068 -0.28758 -0.12293 0.94983
669665.206266 -2.65887 0.14712 6.25894 -0.00095 -0.28621 -0.12555 0.94991
669665.221516 -2.64384 0.13820 6.26314 -0.00034 -0.28516 -0.12835 0.94985
669665.236768 -2.65381 0.13221 6.30256 0.00011 -0.28576 -0.12834 0.94967
669665.253315 -2.64094 0.13676 6.27378 0.00069 -0.28465 -0.12955 0.94984
669665.267270 -2.64197 0.12850 6.28395 0.00005 -0.28433 -0.12821 0.95012
669665.282520 -2.63984 0.11739 6.25537 0.00079 -0.28435 -0.12730 0.95023
669665.313023 -2.63732 0.11482 6.22233 0.00161 -0.28542 -0.12511 0.95020
669665.343525 -2.63330 0.11596 6.23560 0.00245 -0.28630 -0.12330 0.95017
669665.345504 -2.65053 0.12833 6.24177 0.00361 -0.28686 -0.12320 0.95001
669665.374027 -2.63156 0.13023 6.23942 0.00520 -0.28684 -0.12789 0.94939
669665.389277 -2.64753 0.14877 6.28348 0.00463 -0.28687 -0.12763 0.94942
669665.394077 -2.64939 0.14920 6.28013 0.00436 -0.28691 -0.12855 0.94928
669665.407687 -2.68041 0.14266 6.31303 0.00422 -0.28781 -0.12857 0.94901
669665.419779 -2.67525 0.13760 6.32713 0.00374 -0.28900 -0.12813 0.94871
669665.435031 -2.69194 0.14415 6.33700 0.00360 -0.28868 -0.12927 0.94865
669665.435124 -2.66966 0.13593 6.31020 0.00419 -0.28855 -0.12872 0.94877
669665.450282 -2.66584 0.15234 6.32686 0.00423 -0.28850 -0.13000 0.94860
669665.465357 -2.71104 0.15406 6.35994 0.00510 -0.28752 -0.13090 0.94877
669665.480784 -2.70738 0.15451 6.32912 0.00523 -0.28711 -0.12957 0.94908
669665.511286 -2.63997 0.12075 6.27958 0.00501 -0.28628 -0.13264 0.94891
669665.526536 -2.61337 0.09950 6.23331 0.00509 -0.28611 -0.13333 0.94886
669699.878996 0.01061 -0.00135 0.03858 0.00016 0.00142 0.00191 1.00000
669699.880817 -0.00066 -0.00490 0.10576 0.00039 0.00209 0.00079 1.00000
669699.888261 -0.01485 -0.00941 0.18326 0.00024 0.00279 0.00005 1.00000
669699.894248 -0.01713 -0.01559 0.26902 0.00052 0.00343 -0.00007 0.99999
669699.895358 -0.01947 -0.02745 0.30310 0.00051 0.00355 -0.00080 0.99999
669699.904849 -0.01225 -0.02900 0.35203 0.00048 0.00390 -0.00092 0.99999
669699.909498 -0.01386 -0.02607 0.48403 0.00073 0.00412 -0.00120 0.99999
669699.910772 -0.00309 -0.01508 0.60848 0.00119 0.00412 -0.00132 0.99999
669699.923301 -0.00843 -0.01654 0.70397 0.00135 0.00466 -0.00157 0.99999
669699.924750 0.00009 -0.01444 0.75733 0.00150 0.00457 -0.00160 0.99999
669699.927199 0.00165 -0.00161 0.81291 0.00187 0.00478 -0.00128 0.99999
669699.939521 0.00425 -0.01323 0.86446 0.00179 0.00520 -0.00128 0.99998
669699.940000 0.01269 -0.00214 0.89787 0.00228 0.00506 -0.00177 0.99998
669699.942634 0.01239 -0.00769 0.91341 0.00221 0.00537 -0.00156 0.99998
669699.954419 0.01420 -0.01011 0.89359 0.00226 0.00543 -0.00226 0.99998
669699.970503 0.01969 -0.01641 0.99443 0.00210 0.00651 -0.00082 0.99998
669699.970706 0.00566 -0.02791 1.03261 0.00218 0.00683 -0.00137 0.99997
669699.984684 0.00552 -0.02934 1.09885 0.00200 0.00756 -0.00068 0.99997
669699.985753 0.01432 -0.02505 1.18998 0.00263 0.00775 -0.00090 0.99997
669700.001005 0.01331 -0.03285 1.23346 0.00323 0.00723 -0.00133 0.99997
669700.003462 0.01205 -0.02481 1.25501 0.00317 0.00762 -0.00157 0.99996
669700.016255 0.00140 -0.01857 1.26965 0.00357 0.00821 -0.00129 0.99996
669700.018318 -0.00503 -0.02443 1.25018 0.00338 0.00756 -0.00167 0.99996
669700.031507 0.01028 -0.01817 1.27941 0.00339 0.00767 -0.00097 0.99996
669700.036121 0.01912 -0.02992 1.31757 0.00370 0.00877 -0.00046 0.99995
669700.046757 0.01300 -0.04155 1.38995 0.00345 0.00961 -0.00110 0.99995
669700.051544 0.00411 -0.03683 1.37753 0.00317 0.00878 -0.00149 0.99996
669700.062009 0.00435 -0.03495 1.40785 0.00351 0.00953 -0.00081 0.99995
669700.062347 0.00174 -0.02756 1.42131 0.00337 0.00962 -0.00101 0.99995
669700.077259 -0.00821 -0.03528 1.39589 0.00353 0.01035 -0.00100 0.99994
669700.077503 0.00337 -0.03629 1.44741 0.00300 0.01135 0.00032 0.99993
669700.092510 -0.00834 -0.03871 1.46209 0.00302 0.01203 0.00150 0.99992
669700.093852 -0.01639 -0.04565 1.46340 0.00260 0.01210 0.00212 0.99992
669700.107762 -0.01975 -0.04563 1.49837 0.00331 0.01220 0.00063 0.99992
669700.108295 0.00152 -0.02975 1.50644 0.00283 0.01261 0.00135 0.99992
669700.123012 0.02021 -0.04897 1.56654 0.00303 0.01298 0.00113 0.99991
669700.125564 0.00285 -0.05122 1.62211 0.00275 0.01313 0.00141 0.99991
669700.138264 -0.00212 -0.05182 1.68670 0.00280 0.01369 0.00229 0.99990
669700.140755 0.00382 -0.05167 1.69987 0.00330 0.01444 0.00191 0.99989
669700.153514 0.00416 -0.03574 1.74322 0.00341 0.01511 0.00259 0.99988
669700.158444 0.00322 -0.03956 1.80113 0.00326 0.01545 0.00199 0.99987
669700.168766 0.00184 -0.05432 1.86627 0.00325 0.01512 0.00095 0.99988
669700.172037 0.00159 -0.04913 1.92681 0.00324 0.01531 0.00072 0.99988
669700.184016 0.01510 -0.05087 1.95591 0.00309 0.01653 0.00279 0.99985
669700.198425 0.01156 -0.07027 2.04320 0.00324 0.01740 0.00315 0.99984
669700.199268 0.01200 -0.06930 2.10191 0.00314 0.01761 0.00346 0.99983
669700.200105 0.01382 -0.07147 2.13856 0.00320 0.01771 0.00312 0.99983
669700.214518 0.01504 -0.07199 2.13262 0.00312 0.01785 0.00229 0.99983
669700.215935 0.01543 -0.07173 2.15123 0.00308 0.01795 0.00247 0.99983
669700.229769 0.01889 -0.07153 2.18416 0.00301 0.01866 0.00276 0.99982
669700.230546 0.02227 -0.07895 2.22672 0.00323 0.01875 0.00274 0.99982
669700.245021 0.01613 -0.07237 2.25384 0.00315 0.01959 0.00298 0.99980
669700.245065 0.02272 -0.07651 2.27633 0.00320 0.02027 0.00392 0.99978
669700.260271 0.01698 -0.08113 2.28422 0.00279 0.02101 0.00565 0.99976
669700.263539 0.02516 -0.07783 2.33017 0.00249 0.02150 0.00480 0.99975
669700.275523 0.03014 -0.08657 2.39153 0.00273 0.02234 0.00554 0.99973
669700.281238 0.02529 -0.08696 2.43952 0.00285 0.02205 0.00459 0.99974
669700.290773 0.04011 -0.07562 2.52996 0.00255 0.02250 0.00420 0.99973
669700.291731 0.04060 -0.08928 2.54215 0.00251 0.02286 0.00502 0.99972
669700.306025 0.04286 -0.09148 2.60262 0.00232 0.02368 0.00606 0.99970
669700.308221 0.04149 -0.09634 2.63639 0.00238 0.02421 0.00574 0.99969
669700.321275 0.03811 -0.09357 2.66739 0.00236 0.02511 0.00524 0.99967
669700.325168 0.03439 -0.09833 2.69858 0.00226 0.02450 0.00525 0.99968
669700.336527 0.04426 -0.10882 2.74250 0.00210 0.02537 0.00600 0.99966
669700.345896 0.05529 -0.10302 2.82432 0.00212 0.02600 0.00648 0.99964
669700.351148 0.06132 -0.09113 2.85431 0.00231 0.02623 0.00647 0.99963
669700.365096 0.05972 -0.08875 2.86052 0.00191 0.02746 0.00837 0.99959
669700.367029 0.04963 -0.08934 2.86814 0.00192 0.02797 0.00774 0.99958
669700.367781 0.04261 -0.09309 2.89833 0.00155 0.02799 0.00833 0.99957
669700.379007 0.03883 -0.08120 2.91782 0.00163 0.02848 0.00898 0.99955
669700.382280 0.03480 -0.06475 2.93649 0.00203 0.02918 0.00828 0.99954
669700.386103 0.04209 -0.06815 3.00453 0.00217 0.02959 0.00884 0.99952
669700.397530 0.03136 -0.06714 3.03785 0.00186 0.02943 0.00816 0.99953
669700.412782 0.04098 -0.07474 3.04686 0.00168 0.03046 0.00967 0.99949
669700.415052 0.03972 -0.08536 3.09534 0.00139 0.03088 0.00932 0.99948
669700.428032 0.03755 -0.08232 3.12000 0.00120 0.03164 0.01050 0.99944
669700.443284 0.06065 -0.07596 3.15134 0.00119 0.03278 0.01152 0.99940
669700.448238 0.06596 -0.09395 3.22265 0.00143 0.03327 0.00992 0.99940
669700.458534 0.06374 -0.09222 3.31007 0.00101 0.03376 0.01081 0.99937
670056.215829 -0.02443 0.00076 0.00983 -0.00009 -0.00162 -0.00199 1.00000
670056.228358 -0.04658 0.00721 0.03089 -0.00012 -0.00341 -0.00306 0.99999
670056.229612 -0.04758 0.00419 0.06969 -0.00041 -0.00499 -0.00300 0.99998
670056.239173 -0.04741 0.01022 0.09235 -0.00062 -0.00636 -0.00245 0.99998
670056.242520 -0.03748 0.00628 0.10077 -0.00058 -0.00766 -0.00062 0.99997
670056.242744 -0.04419 -0.00012 0.21371 -0.00053 -0.00818 0.00012 0.99997
670056.256681 -0.05841 -0.00266 0.25031 -0.00064 -0.00968 -0.00088 0.99995
670056.256721 -0.07083 -0.00858 0.31564 -0.00088 -0.00982 -0.00094 0.99995
670056.270843 -0.06646 -0.01982 0.25280 -0.00095 -0.01115 -0.00107 0.99994
670056.270916 -0.05749 -0.01193 0.24976 -0.00099 -0.01180 -0.00086 0.99993
670056.285004 -0.06574 -0.01076 0.26042 -0.00096 -0.01322 -0.00243 0.99991
670056.285054 -0.06826 -0.00941 0.30070 -0.00045 -0.01383 -0.00140 0.99990
670056.299166 -0.07523 -0.00891 0.31048 0.00003 -0.01496 -0.00207 0.99989
670056.302173 -0.07783 -0.02234 0.37367 -0.00030 -0.01458 -0.00009 0.99989
670056.313327 -0.08187 -0.03122 0.42946 -0.00047 -0.01594 -0.00085 0.99987
670056.323024 -0.10588 -0.02158 0.49809 -0.00102 -0.01729 -0.00195 0.99985
670056.327489 -0.10747 -0.02320 0.47791 -0.00084 -0.01856 -0.00267 0.99982
670056.330671 -0.09835 -0.02889 0.55569 -0.00094 -0.01856 0.00010 0.99983
670056.341650 -0.10244 -0.03771 0.56834 -0.00094 -0.02001 -0.00091 0.99980
670056.343742 -0.10117 -0.03788 0.57005 -0.00149 -0.02033 -0.00191 0.99979
670056.355812 -0.10118 -0.04647 0.56788 -0.00142 -0.02115 -0.00209 0.99977
670056.361434 -0.11239 -0.04344 0.61199 -0.00168 -0.02240 -0.00007 0.99975
670056.369974 -0.11451 -0.04398 0.62454 -0.00152 -0.02366 -0.00145 0.99972
670056.370001 -0.11293 -0.04826 0.64826 -0.00150 -0.02413 -0.00289 0.99970
670056.384135 -0.11872 -0.05176 0.64066 -0.00131 -0.02531 -0.00424 0.99967
670056.394073 -0.12041 -0.04537 0.68213 -0.00164 -0.02593 -0.00100 0.99966
670056.398296 -0.12642 -0.04579 0.68116 -0.00185 -0.02729 -0.00172 0.99962
670056.398323 -0.13650 -0.05460 0.73858 -0.00175 -0.02743 -0.00179 0.99962
670056.412458 -0.15210 -0.06078 0.75729 -0.00166 -0.02857 -0.00361 0.99958
670056.416889 -0.14156 -0.05401 0.79317 -0.00170 -0.02840 -0.00089 0.99959
670056.426619 -0.14460 -0.06101 0.80730 -0.00153 -0.02928 -0.00139 0.99957
670056.427617 -0.13803 -0.06052 0.82158 -0.00169 -0.02974 -0.00169 0.99955
670056.437551 -0.15368 -0.06161 0.84018 -0.00160 -0.03105 -0.00358 0.99951
670056.440781 -0.15640 -0.05870 0.86662 -0.00153 -0.03256 -0.00409 0.99946
670056.442752 -0.15211 -0.06324 0.92074 -0.00167 -0.03344 -0.00405 0.99943
670056.454942 -0.14975 -0.06880 0.94196 -0.00170 -0.03409 -0.00182 0.99942
670056.460579 -0.14877 -0.07421 0.98661 -0.00174 -0.03509 -0.00126 0.99938
670056.469104 -0.14642 -0.07918 1.00734 -0.00144 -0.03614 -0.00160 0.99934
670056.476273 -0.12760 -0.06384 1.00717 -0.00130 -0.03716 -0.00284 0.99930
670056.483265 -0.12662 -0.07253 1.05873 -0.00081 -0.03823 -0.00329 0.99926
670056.483390 -0.13395 -0.07562 1.11644 -0.00091 -0.03826 -0.00252 0.99926
670056.497427 -0.13083 -0.07010 1.11222 -0.00110 -0.03952 -0.00392 0.99921
670056.499195 -0.13608 -0.07183 1.10292 -0.00074 -0.04078 -0.00495 0.99916
670056.511588 -0.14363 -0.06965 1.11061 -0.00070 -0.04229 -0.00373 0.99910
670056.513108 -0.13401 -0.07514 1.15533 -0.00085 -0.04167 -0.00324 0.99913
670056.525750 -0.14373 -0.07361 1.20324 -0.00079 -0.04258 -0.00322 0.99909
670056.528221 -0.15630 -0.07428 1.21569 -0.00063 -0.04392 -0.00504 0.99902
670056.539911 -0.14783 -0.07758 1.22599 -0.00096 -0.04507 -0.00410 0.99897
670056.540173 -0.14015 -0.08154 1.27555 -0.00097 -0.04558 -0.00375 0.99895
670056.554073 -0.14254 -0.07654 1.28530 -0.00073 -0.04703 -0.00485 0.99888
670056.554080 -0.14456 -0.07633 1.34598 -0.00065 -0.04670 -0.00314 0.99890
670056.568234 -0.14857 -0.07710 1.35654 -0.00048 -0.04795 -0.00504 0.99884
670056.570237 -0.16161 -0.08177 1.38366 -0.00069 -0.04891 -0.00475 0.99879
670056.582396 -0.16453 -0.08584 1.36816 -0.00098 -0.04994 -0.00518 0.99874
670056.587858 -0.16750 -0.09424 1.42946 -0.00117 -0.05106 -0.00330 0.99869
670056.596557 -0.17951 -0.09287 1.44813 -0.00101 -0.05257 -0.00405 0.99861
670056.597921 -0.18040 -0.09208 1.46121 -0.00115 -0.05317 -0.00449 0.99857
670056.610720 -0.19446 -0.08703 1.50713 -0.00061 -0.05452 -0.00568 0.99850
670056.610785 -0.19714 -0.09708 1.58232 -0.00103 -0.05429 -0.00389 0.99852
670056.624880 -0.20455 -0.10405 1.57626 -0.00094 -0.05555 -0.00425 0.99845
670056.628498 -0.20445 -0.10419 1.57489 -0.00119 -0.05684 -0.00575 0.99837
670056.639042 -0.20691 -0.11350 1.59831 -0.00128 -0.05794 -0.00628 0.99830
670056.644811 -0.20263 -0.10577 1.56017 -0.00120 -0.05889 -0.00630 0.99824
670056.653203 -0.20415 -0.10155 1.55912 -0.00106 -0.05982 -0.00641 0.99819
670056.656504 -0.21741 -0.09801 1.66673 -0.00128 -0.05977 -0.00473 0.99820
670056.667365 -0.22672 -0.10566 1.65669 -0.00110 -0.06080 -0.00630 0.99813
670056.667582 -0.23583 -0.11151 1.69622 -0.00121 -0.06207 -0.00679 0.99805
670056.681526 -0.24428 -0.11085 1.74788 -0.00140 -0.06348 -0.00711 0.99796
670056.683190 -0.24027 -0.11253 1.83107 -0.00177 -0.06344 -0.00519 0.99797
670056.695688 -0.24191 -0.10055 1.88102 -0.00154 -0.06453 -0.00555 0.99790
670056.701909 -0.24962 -0.11049 1.87043 -0.00133 -0.06636 -0.00690 0.99777
670056.709849 -0.25612 -0.12260 1.89974 -0.00210 -0.06727 -0.00625 0.99771
670056.712613 -0.25840 -0.12627 1.95257 -0.00223 -0.06798 -0.00639 0.99766
670056.724011 -0.26403 -0.12349 1.95384 -0.00207 -0.06925 -0.00606 0.99758
670056.725466 -0.26085 -0.12815 2.01036 -0.00220 -0.06891 -0.00545 0.99761
670056.738172 -0.27175 -0.11515 2.01022 -0.00233 -0.07003 -0.00625 0.99752
670056.738716 -0.27715 -0.12256 2.03764 -0.00262 -0.07110 -0.00763 0.99744
670056.752334 -0.28557 -0.12674 2.05033 -0.00232 -0.07236 -0.00884 0.99734
670056.753531 -0.29525 -0.12453 2.10584 -0.00232 -0.07317 -0.00714 0.99729
670056.763890 -0.30109 -0.13817 2.16802 -0.00248 -0.07355 -0.00675 0.99727
670056.768378 -0.30561 -0.13117 2.16567 -0.00295 -0.07486 -0.00611 0.99717
670056.773985 -0.32652 -0.13106 2.26923 -0.00291 -0.07564 -0.00541 0.99712
670056.780657 -0.32531 -0.12994 2.28609 -0.00331 -0.07647 -0.00645 0.99705
670056.785313 -0.31843 -0.12200 2.33924 -0.00349 -0.07728 -0.00680 0.99698
670056.794818 -0.32449 -0.11655 2.35488 -0.00322 -0.07847 -0.00720 0.99689
670056.795496 -0.32565 -0.12435 2.36045 -0.00298 -0.07907 -0.00716 0.99684
670056.808980 -0.35171 -0.12873 2.40016 -0.00311 -0.07994 -0.00674 0.99677
670056.809223 -0.37832 -0.14187 2.49985 -0.00305 -0.07982 -0.00614 0.99679
670056.821767 -0.39223 -0.13607 2.54770 -0.00323 -0.08080 -0.00622 0.99671
670056.823141 -0.38607 -0.14223 2.58006 -0.00358 -0.08215 -0.00778 0.99658
670056.828201 -0.39258 -0.13586 2.66895 -0.00369 -0.08282 -0.00663 0.99654
670056.837303 -0.38930 -0.12647 2.67818 -0.00328 -0.08413 -0.00785 0.99642
670056.851464 -0.40000 -0.13017 2.68231 -0.00381 -0.08555 -0.00653 0.99631
670056.853857 -0.39976 -0.13508 2.71800 -0.00347 -0.08649 -0.00567 0.99623
670056.865273 -0.40786 -0.13887 2.74293 -0.00353 -0.08763 -0.00428 0.99614
670056.865626 -0.40939 -0.13918 2.73801 -0.00397 -0.08809 -0.00698 0.99608
670056.878990 -0.41818 -0.16275 2.79818 -0.00446 -0.08838 -0.00665 0.99605
670056.879787 -0.43166 -0.15657 2.81409 -0.00451 -0.08955 -0.00702 0.99595
670056.880070 -0.43128 -0.15662 2.82912 -0.00413 -0.09004 -0.00511 0.99592
670056.893949 -0.44372 -0.15123 2.84295 -0.00395 -0.09118 -0.00519 0.99581
670056.902549 -0.44678 -0.15151 2.83541 -0.00384 -0.09186 -0.00563 0.99575
670056.908110 -0.45311 -0.16612 2.86069 -0.00370 -0.09300 -0.00632 0.99564
670056.920819 -0.48025 -0.16062 2.91504 -0.00355 -0.09386 -0.00630 0.99556
670056.922273 -0.48030 -0.15782 2.90963 -0.00315 -0.09470 -0.00606 0.99548
670056.923142 -0.48769 -0.15975 2.95871 -0.00390 -0.09496 -0.00471 0.99546
670056.936433 -0.48427 -0.15976 2.95908 -0.00394 -0.09615 -0.00588 0.99534
670056.939375 -0.47838 -0.16709 2.97792 -0.00385 -0.09673 -0.00595 0.99529
670056.950595 -0.48600 -0.17223 2.96730 -0.00350 -0.09772 -0.00587 0.99519
670056.957047 -0.47173 -0.17051 2.97464 -0.00375 -0.09836 -0.00596 0.99513
670056.964756 -0.48130 -0.16145 2.95798 -0.00281 -0.09911 -0.00790 0.99504
670056.978918 -0.50969 -0.17397 2.96700 -0.00228 -0.10025 -0.00929 0.99492
670056.978985 -0.51517 -0.15993 2.99783 -0.00275 -0.10070 -0.00957 0.99487
670056.993079 -0.53376 -0.15230 3.05804 -0.00232 -0.10186 -0.01068 0.99474
670056.994518 -0.55741 -0.16413 3.14325 -0.00237 -0.10272 -0.00950 0.99466
670057.007241 -0.54940 -0.16839 3.14589 -0.00208 -0.10373 -0.00865 0.99457
670057.017582 -0.53716 -0.17728 3.15322 -0.00219 -0.10467 -0.00794 0.99447
670057.021402 -0.54688 -0.17960 3.18381 -0.00213 -0.10549 -0.00794 0.99439
670057.035564 -0.56046 -0.17573 3.21847 -0.00172 -0.10677 -0.00810 0.99425
670057.038088 -0.57629 -0.16429 3.28098 -0.00193 -0.10706 -0.01039 0.99420
670057.049725 -0.58499 -0.16565 3.30192 -0.00168 -0.10828 -0.01166 0.99405
670057.051471 -0.59487 -0.18094 3.32233 -0.00214 -0.10874 -0.01121 0.99401
670057.063887 -0.59065 -0.19130 3.32952 -0.00196 -0.10951 -0.00966 0.99394
670057.065927 -0.58444 -0.19336 3.34759 -0.00198 -0.10994 -0.00827 0.99390
670057.078049 -0.58991 -0.19965 3.35634 -0.00180 -0.11090 -0.00904 0.99379
670057.080914 -0.60698 -0.20868 3.39770 -0.00201 -0.11153 -0.00759 0.99373
670057.092210 -0.60907 -0.20865 3.38107 -0.00204 -0.11220 -0.00801 0.99365
670057.095980 -0.62897 -0.20857 3.39100 -0.00179 -0.11268 -0.00901 0.99359
670057.106371 -0.63066 -0.21036 3.40169 -0.00151 -0.11390 -0.00897 0.99345
670057.120533 -0.64175 -0.20625 3.42115 -0.00123 -0.11496 -0.00927 0.99333
670057.139650 -0.65185 -0.19735 3.43460 -0.00090 -0.11596 -0.01066 0.99320
670057.148856 -0.66617 -0.19860 3.44783 -0.00090 -0.11734 -0.01019 0.99304
670057.155925 -0.68283 -0.20086 3.50979 -0.00116 -0.11823 -0.01053 0.99293
670057.163017 -0.69291 -0.19799 3.56022 -0.00085 -0.11919 -0.01033 0.99282
670057.163826 -0.70142 -0.19896 3.57345 -0.00185 -0.12036 -0.00950 0.99268
670057.177179 -0.71308 -0.19717 3.62413 -0.00239 -0.12155 -0.00949 0.99254
670057.181178 -0.71800 -0.19884 3.65411 -0.00292 -0.12244 -0.00881 0.99243
670057.191340 -0.73876 -0.20199 3.76135 -0.00233 -0.12293 -0.00909 0.99237
670057.205502 -0.76194 -0.20813 3.83754 -0.00245 -0.12387 -0.01057 0.99224
670057.205760 -0.78483 -0.20530 3.89286 -0.00233 -0.12453 -0.01057 0.99216
670057.219663 -0.80452 -0.19933 3.91023 -0.00300 -0.12581 -0.01009 0.99200
670057.222755 -0.80459 -0.20595 3.93730 -0.00333 -0.12672 -0.01005 0.99188
670057.233825 -0.79641 -0.21613 3.97507 -0.00304 -0.12719 -0.01052 0.99182
670057.235016 -0.82230 -0.20910 4.03954 -0.00363 -0.12789 -0.00908 0.99174
670057.247986 -0.83716 -0.20959 4.08228 -0.00367 -0.12880 -0.00983 0.99161
670057.251471 -0.84668 -0.20307 4.14701 -0.00375 -0.12952 -0.00881 0.99153
670057.262148 -0.85557 -0.20035 4.20899 -0.00358 -0.13039 -0.01005 0.99141
670057.262198 -0.86673 -0.20892 4.25713 -0.00382 -0.13083 -0.00961 0.99135
670057.276309 -0.88184 -0.21633 4.29464 -0.00400 -0.13184 -0.00938 0.99122
670057.277321 -0.88438 -0.21043 4.28802 -0.00449 -0.13262 -0.00794 0.99112
670057.290471 -0.89635 -0.20787 4.29512 -0.00472 -0.13384 -0.00669 0.99097
670057.294205 -0.90853 -0.20489 4.33239 -0.00488 -0.13442 -0.00811 0.99088
670057.304632 -0.93753 -0.21567 4.42324 -0.00442 -0.13439 -0.00816 0.99088
670057.304884 -0.94505 -0.22164 4.50559 -0.00473 -0.13444 -0.00829 0.99088
670057.314934 -0.96967 -0.20476 4.52859 -0.00516 -0.13570 -0.00823 0.99070
670057.318795 -0.97301 -0.20227 4.58549 -0.00522 -0.13642 -0.00799 0.99061
670057.318846 -0.97152 -0.20435 4.62571 -0.00512 -0.13674 -0.00658 0.99057
670057.328879 -0.98579 -0.19484 4.63235 -0.00508 -0.13794 -0.00733 0.99040
670057.332955 -1.00292 -0.20985 4.66528 -0.00585 -0.13820 -0.00628 0.99037
670057.335145 -1.01145 -0.20915 4.69126 -0.00601 -0.13845 -0.00652 0.99033
670057.347117 -1.00221 -0.19977 4.70454 -0.00572 -0.13937 -0.00648 0.99020
670057.349651 -0.98846 -0.21466 4.67804 -0.00578 -0.13858 -0.00696 0.99031
670057.361278 -1.01559 -0.21943 4.70469 -0.00585 -0.13942 -0.00700 0.99019
670057.362635 -1.02290 -0.21338 4.72001 -0.00579 -0.14029 -0.00763 0.99006
670057.375440 -1.03748 -0.20271 4.76816 -0.00576 -0.14148 -0.00705 0.98990
670057.375444 -1.05072 -0.22490 4.85106 -0.00629 -0.14167 -0.00706 0.98987
670057.389601 -1.06434 -0.22622 4.90073 -0.00604 -0.14296 -0.00671 0.98969
670057.391451 -1.09121 -0.22208 4.98153 -0.00591 -0.14302 -0.00571 0.98969
670057.403763 -1.09015 -0.21656 5.01895 -0.00584 -0.14380 -0.00528 0.98958
670057.406091 -1.10307 -0.21051 5.01166 -0.00568 -0.14463 -0.00558 0.98945
670057.417924 -1.11801 -0.20008 5.03711 -0.00524 -0.14539 -0.00595 0.98934
670057.422270 -1.13707 -0.20746 5.10614 -0.00554 -0.14585 -0.00606 0.98927
670057.432086 -1.12295 -0.21343 5.12043 -0.00561 -0.14542 -0.00621 0.98933
670057.434526 -1.13553 -0.21446 5.10974 -0.00539 -0.14559 -0.00573 0.98931
670057.446247 -1.12628 -0.21862 5.11471 -0.00498 -0.14658 -0.00474 0.98918
670057.460409 -1.14333 -0.20837 5.11208 -0.00451 -0.14799 -0.00622 0.98896
670057.461100 -1.15222 -0.20291 5.14588 -0.00489 -0.14894 -0.00552 0.98882
670057.474571 -1.15608 -0.20115 5.14486 -0.00499 -0.14973 -0.00592 0.98870
670057.474845 -1.16563 -0.19787 5.20504 -0.00526 -0.14970 -0.00449 0.98871
670057.488732 -1.17174 -0.18779 5.21181 -0.00457 -0.15038 -0.00458 0.98861
670057.490083 -1.17115 -0.18600 5.25640 -0.00413 -0.15062 -0.00342 0.98858
670057.502893 -1.17712 -0.17949 5.26723 -0.00428 -0.15126 -0.00408 0.98848
670057.503607 -1.18605 -0.17337 5.32697 -0.00411 -0.15182 -0.00338 0.98839
670057.517055 -1.19066 -0.17593 5.31598 -0.00339 -0.15290 -0.00540 0.98822
670057.517582 -1.21046 -0.17411 5.33121 -0.00305 -0.15357 -0.00553 0.98812
670057.526012 -1.23248 -0.18030 5.37725 -0.00287 -0.15391 -0.00606 0.98806
670057.531216 -1.26318 -0.17503 5.44770 -0.00259 -0.15442 -0.00623 0.98798
670057.535279 -1.26377 -0.17920 5.47387 -0.00231 -0.15472 -0.00532 0.98794
670057.545378 -1.28528 -0.19008 5.55134 -0.00308 -0.15466 -0.00198 0.98796
670057.548108 -1.28938 -0.18525 5.59947 -0.00286 -0.15505 -0.00236 0.98790
670057.559539 -1.28713 -0.18856 5.63711 -0.00281 -0.15574 -0.00195 0.98779
670057.560417 -1.27657 -0.18420 5.63345 -0.00235 -0.15611 -0.00259 0.98773
670057.573701 -1.31633 -0.19321 5.70548 -0.00227 -0.15619 -0.00350 0.98772
670057.582654 -1.32080 -0.19072 5.69846 -0.00239 -0.15676 -0.00237 0.98763
670057.602024 -1.32764 -0.19950 5.68708 -0.00150 -0.15820 -0.00608 0.98739
670057.616185 -1.32355 -0.19302 5.64346 -0.00099 -0.15964 -0.00789 0.98714
670057.629767 -1.34033 -0.18382 5.65363 -0.00061 -0.16072 -0.00818 0.98697
670057.630348 -1.33811 -0.18741 5.67436 -0.00021 -0.16157 -0.00748 0.98683
670057.634268 -1.35071 -0.17665 5.70585 -0.00029 -0.16213 -0.00745 0.98674
670057.644257 -1.35126 -0.17538 5.76322 -0.00055 -0.16237 -0.00752 0.98670
670057.644508 -1.33938 -0.17829 5.74561 -0.00013 -0.16305 -0.00774 0.98659
670057.651019 -1.35510 -0.17417 5.80054 -0.00059 -0.16217 -0.00489 0.98675
670057.672831 -1.37325 -0.19044 5.84252 -0.00044 -0.16332 -0.00678 0.98655
670057.675106 -1.39302 -0.18829 5.90634 -0.00052 -0.16375 -0.00582 0.98648
670057.686993 -1.42281 -0.18177 5.97345 -0.00059 -0.16469 -0.00684 0.98632
670057.689258 -1.44272 -0.17451 6.02495 -0.00093 -0.16523 -0.00640 0.98623
670057.701154 -1.44700 -0.18204 6.03976 -0.00069 -0.16570 -0.00623 0.98616
670057.705980 -1.47796 -0.18742 6.05810 0.00012 -0.16687 -0.00810 0.98595
670057.715316 -1.52005 -0.18613 6.10823 -0.00003 -0.16745 -0.00827 0.98585
670057.717077 -1.56293 -0.18962 6.17599 0.00013 -0.16816 -0.00845 0.98572
670057.729477 -1.61200 -0.18903 6.23886 0.00014 -0.16835 -0.00896 0.98569
670057.730300 -1.64145 -0.20452 6.30593 -0.00014 -0.16842 -0.00893 0.98567
670057.743639 -1.66899 -0.21371 6.35697 -0.00003 -0.16908 -0.00821 0.98557
670057.747408 -1.66685 -0.21290 6.34664 -0.00113 -0.16830 -0.00622 0.98572
670057.758092 -1.65668 -0.21513 6.34748 -0.00144 -0.16868 -0.00515 0.98566
670057.771962 -1.69945 -0.21387 6.38003 -0.00107 -0.16956 -0.00562 0.98550
670057.772001 -1.72575 -0.22501 6.39258 -0.00075 -0.17043 -0.00767 0.98534
670057.786124 -1.76767 -0.22169 6.45570 -0.00078 -0.17113 -0.00826 0.98521
670057.789202 -1.81699 -0.22432 6.53720 -0.00076 -0.17115 -0.00817 0.98521
670057.805945 -1.85228 -0.23665 6.57174 -0.00036 -0.17211 -0.00881 0.98504
670057.814446 -1.85335 -0.23240 6.57647 -0.00155 -0.17115 -0.00658 0.98522
670057.820239 -1.85889 -0.24332 6.63205 -0.00191 -0.17140 -0.00780 0.98517
670057.828608 -1.88486 -0.24798 6.69317 -0.00218 -0.17219 -0.00595 0.98504
670057.830759 -1.91966 -0.24390 6.78866 -0.00186 -0.17205 -0.00721 0.98506
670057.842769 -1.95796 -0.25270 6.83546 -0.00146 -0.17276 -0.00713 0.98494
670057.845046 -1.98552 -0.25584 6.89028 -0.00060 -0.17402 -0.00876 0.98470
670057.856931 -2.01975 -0.24630 6.96204 -0.00024 -0.17465 -0.00917 0.98459
670057.856957 -2.03088 -0.24394 6.98673 -0.00017 -0.17460 -0.00987 0.98459
670057.871092 -2.05374 -0.24165 7.01248 0.00019 -0.17524 -0.01104 0.98446
670057.871847 -2.06817 -0.24742 7.01940 -0.00035 -0.17547 -0.00894 0.98444
670057.885254 -2.07489 -0.24149 7.06470 -0.00090 -0.17476 -0.00854 0.98457
670057.899415 -2.10274 -0.24540 7.13418 -0.00123 -0.17532 -0.00809 0.98448
670057.900758 -2.11889 -0.24959 7.15877 -0.00129 -0.17566 -0.00802 0.98442
670057.913577 -2.14408 -0.25548 7.20776 -0.00104 -0.17600 -0.00800 0.98436
670057.923075 -2.16869 -0.24851 7.27175 -0.00106 -0.17666 -0.00828 0.98424
670057.927738 -2.19574 -0.24757 7.30265 -0.00075 -0.17714 -0.00859 0.98415
670057.935627 -2.17185 -0.24787 7.27482 -0.00120 -0.17665 -0.00803 0.98424
670057.941900 -2.17929 -0.24124 7.29646 -0.00083 -0.17714 -0.00878 0.98415
670057.947357 -2.20634 -0.24762 7.34517 -0.00053 -0.17770 -0.00874 0.98405
670057.956061 -2.23695 -0.24590 7.40417 0.00012 -0.17876 -0.01028 0.98384
670057.960852 -2.24396 -0.24823 7.43968 0.00052 -0.17935 -0.01164 0.98372
670057.970223 -2.26932 -0.23583 7.49421 0.00117 -0.17964 -0.01196 0.98366
670057.984384 -2.28124 -0.24093 7.52846 -0.00022 -0.17942 -0.01007 0.98372
670057.988072 -2.28393 -0.24206 7.55922 -0.00032 -0.17967 -0.00954 0.98368
670058.012707 -2.27246 -0.24664 7.57068 -0.00021 -0.18072 -0.00956 0.98349
670058.016327 -2.29024 -0.24419 7.62062 -0.00027 -0.18159 -0.00961 0.98333
670058.026870 -2.28525 -0.24232 7.63258 -0.00072 -0.18237 -0.01014 0.98318
670058.026909 -2.31224 -0.23217 7.67666 -0.00119 -0.18251 -0.01021 0.98315
670058.055192 -2.32264 -0.25253 7.71428 -0.00058 -0.18369 -0.01228 0.98291
670058.060758 -2.33839 -0.25339 7.73249 0.00006 -0.18412 -0.01373 0.98281
670058.069353 -2.33942 -0.24431 7.73019 0.00015 -0.18426 -0.01571 0.98275
670058.083515 -2.34711 -0.23972 7.75711 0.00010 -0.18495 -0.01596 0.98262
670058.083536 -2.33820 -0.24298 7.75348 -0.00068 -0.18516 -0.01571 0.98258
670058.097676 -2.36801 -0.23989 7.82638 -0.00024 -0.18562 -0.01651 0.98248
670058.111838 -2.36084 -0.22580 7.81499 -0.00023 -0.18521 -0.01703 0.98255
670058.117188 -2.35864 -0.22351 7.80434 -0.00027 -0.18544 -0.01711 0.98251
670058.125999 -2.37083 -0.22831 7.82213 -0.00059 -0.18580 -0.01790 0.98242
670058.128776 -2.37948 -0.22753 7.83004 -0.00031 -0.18621 -0.01763 0.98235
670058.143145 -2.37229 -0.22340 7.85497 0.00047 -0.18693 -0.01943 0.98218
670058.154322 -2.38946 -0.22787 7.86564 0.00008 -0.18760 -0.01954 0.98205
670058.157843 -2.39861 -0.22548 7.89045 -0.00056 -0.18815 -0.01989 0.98194
670058.173611 -2.40183 -0.22390 7.90007 -0.00133 -0.18856 -0.01904 0.98188
670058.182646 -2.41587 -0.23137 7.93239 -0.00173 -0.18928 -0.01823 0.98175
670058.196807 -2.44019 -0.22987 7.97891 -0.00204 -0.18994 -0.01990 0.98159
670058.197025 -2.44966 -0.23162 8.02701 -0.00131 -0.18962 -0.01944 0.98166
670058.210968 -2.45857 -0.22601 8.06362 -0.00139 -0.18995 -0.01974 0.98159
670058.213686 -2.46900 -0.22602 8.07612 -0.00130 -0.19019 -0.01974 0.98155
670058.239291 -2.47688 -0.22124 8.10665 -0.00171 -0.19103 -0.01916 0.98140
670058.240144 -2.47214 -0.21560 8.09962 -0.00169 -0.19106 -0.01963 0.98138
670058.253453 -2.47692 -0.22045 8.10601 -0.00214 -0.19141 -0.02059 0.98129
670058.267614 -2.47701 -0.23483 8.10400 -0.00199 -0.19223 -0.02308 0.98108
670058.270169 -2.48693 -0.21533 8.13213 -0.00163 -0.19265 -0.02434 0.98096
670058.281776 -2.51802 -0.20454 8.17853 -0.00138 -0.19319 -0.02576 0.98082
670058.282892 -2.53191 -0.20088 8.19243 -0.00197 -0.19333 -0.02574 0.98079
670058.310099 -2.55901 -0.20840 8.20518 -0.00208 -0.19363 -0.02575 0.98073
670058.317430 -2.57530 -0.20291 8.24001 -0.00287 -0.19387 -0.02225 0.98077
670058.324260 -2.59774 -0.19768 8.25882 -0.00246 -0.19426 -0.02119 0.98072
670058.337455 -2.64434 -0.19532 8.30841 -0.00208 -0.19472 -0.02018 0.98065
670058.352583 -2.65295 -0.20388 8.32494 -0.00193 -0.19589 -0.02099 0.98040
670058.366745 -2.64584 -0.20975 8.33286 -0.00176 -0.19583 -0.02032 0.98043
670058.380906 -2.63609 -0.20694 8.32635 -0.00133 -0.19636 -0.02031 0.98032
670058.395068 -2.64156 -0.19312 8.33596 -0.00135 -0.19720 -0.02213 0.98011
670058.409229 -2.64529 -0.19044 8.36593 -0.00175 -0.19895 -0.02222 0.97976
670058.423392 -2.67835 -0.19069 8.40129 -0.00211 -0.19988 -0.02205 0.97957
670058.437552 -2.70496 -0.18567 8.42977 -0.00126 -0.20063 -0.02453 0.97936
670058.441207 -2.70059 -0.18836 8.43827 -0.00163 -0.20036 -0.02199 0.97947
670058.451714 -2.70760 -0.18687 8.46758 -0.00170 -0.20046 -0.02064 0.97948
670058.451773 -2.71739 -0.17677 8.48896 -0.00221 -0.20086 -0.01947 0.97942
670058.465875 -2.72683 -0.18137 8.50996 -0.00146 -0.20087 -0.02193 0.97937
670058.469895 -2.73591 -0.19396 8.52179 -0.00186 -0.20088 -0.02164 0.97937
670058.480037 -2.72932 -0.20866 8.52209 -0.00254 -0.20142 -0.02075 0.97928
670058.504193 -2.71171 -0.19363 8.51981 -0.00252 -0.20177 -0.02331 0.97915
670058.514895 -2.72841 -0.20598 8.55617 -0.00277 -0.20192 -0.02290 0.97913
670058.549754 -2.72849 -0.20900 8.56517 -0.00291 -0.20266 -0.02446 0.97894
670058.570529 -2.71383 -0.23186 8.56409 -0.00120 -0.20434 -0.02860 0.97848
670058.584612 -2.71453 -0.23625 8.57124 -0.00105 -0.20514 -0.03032 0.97826
670058.609473 -2.75669 -0.25179 8.63567 -0.00221 -0.20578 -0.02958 0.97815
670058.654329 -2.75215 -0.24532 8.63515 -0.00298 -0.20590 -0.02820 0.97816
670058.689188 -2.76038 -0.24833 8.64775 -0.00293 -0.20594 -0.02800 0.97816
670058.724046 -2.78656 -0.24397 8.64898 -0.00367 -0.20622 -0.02521 0.97817
670058.758905 -2.77377 -0.23861 8.62931 -0.00489 -0.20580 -0.02270 0.97832
670058.780879 -2.76648 -0.23837 8.62392 -0.00559 -0.20544 -0.02229 0.97840
670058.793763 -2.75686 -0.22667 8.61856 -0.00521 -0.20510 -0.02004 0.97852
670058.815935 -2.75873 -0.22142 8.59619 -0.00491 -0.20559 -0.02026 0.97842
670058.849574 -2.75304 -0.22672 8.59858 -0.00630 -0.20491 -0.01814 0.97859
670058.863480 -2.75642 -0.22882 8.60925 -0.00569 -0.20442 -0.01819 0.97870
670058.886337 -2.75878 -0.23788 8.61707 -0.00602 -0.20432 -0.02069 0.97867
670058.898339 -2.77264 -0.23928 8.64848 -0.00630 -0.20446 -0.02125 0.97862
670058.933197 -2.76776 -0.21905 8.64644 -0.00664 -0.20455 -0.02146 0.97860
670058.968056 -2.75888 -0.23059 8.64161 -0.00667 -0.20480 -0.01750 0.97862
670059.133100 -2.75563 -0.20413 8.73312 -0.01077 -0.20070 -0.00535 0.97958
670059.142348 -2.75372 -0.19603 8.74682 -0.01065 -0.20005 -0.00789 0.97970
670059.177207 -2.78399 -0.18940 8.77181 -0.01088 -0.20034 -0.00728 0.97964
670059.210475 -2.80800 -0.17017 8.80246 -0.01172 -0.19996 -0.00585 0.97972
670059.281782 -2.81773 -0.17733 8.80273 -0.01206 -0.20035 -0.00462 0.97964
670059.351499 -2.82653 -0.17074 8.81498 -0.01109 -0.20079 -0.00725 0.97955
670059.386358 -2.82164 -0.16311 8.81346 -0.01092 -0.20047 -0.00721 0.97961
670059.441995 -2.82639 -0.15173 8.81017 -0.01075 -0.20079 -0.00633 0.97956
670059.490934 -2.83419 -0.15986 8.82289 -0.01217 -0.20101 -0.00482 0.97950
670059.516547 -2.83586 -0.16207 8.83939 -0.01218 -0.20046 -0.00418 0.97962
670059.525793 -2.81754 -0.18347 8.81843 -0.01168 -0.20118 -0.00312 0.97948
670059.549835 -2.80336 -0.18529 8.81814 -0.01175 -0.20142 -0.00251 0.97943
670059.560651 -2.79822 -0.17815 8.82217 -0.01130 -0.20169 -0.00293 0.97938
670060.107170 -0.00852 -0.00324 0.03794 -0.00033 0.00005 -0.00045 1.00000
670060.118384 -0.01688 0.01369 0.03900 -0.00087 0.00063 -0.00069 1.00000
670060.141526 0.03915 0.00938 0.11396 -0.00251 0.00194 -0.00333 0.99999
670060.153242 0.04417 0.01776 0.15846 -0.00251 0.00239 -0.00394 0.99999
670060.179197 0.04837 0.04665 0.22129 -0.00357 0.00280 -0.00471 0.99998
670060.188100 0.04466 0.04901 0.29533 -0.00380 0.00326 -0.00467 0.99998
670060.212444 0.03469 0.05318 0.30676 -0.00339 0.00285 -0.00270 0.99999
670060.218829 0.04488 0.05054 0.41041 -0.00293 0.00264 -0.00200 0.99999
670060.222958 0.05766 0.05875 0.45022 -0.00346 0.00288 -0.00057 0.99999
670060.244725 0.03136 0.05890 0.50163 -0.00364 0.00227 0.00025 0.99999
670060.257816 0.03208 0.05094 0.53651 -0.00372 0.00169 -0.00037 0.99999
670060.284142 0.01837 0.00849 0.55162 -0.00330 0.00233 -0.00199 0.99999
670060.292674 0.03257 -0.00230 0.59414 -0.00392 0.00267 -0.00260 0.99999
670060.314491 0.02990 -0.01228 0.60583 -0.00296 0.00288 -0.00197 0.99999
670060.324982 0.00105 -0.01184 0.63157 -0.00295 0.00341 -0.00334 0.99998
670060.327532 0.03693 -0.01223 0.55468 -0.00233 0.00359 -0.00382 0.99998
670060.362390 0.04998 0.00348 0.45884 -0.00246 0.00373 -0.00264 0.99999
670060.392405 0.14658 0.02798 0.36321 -0.00312 0.00762 0.00963 0.99992
670060.396259 0.22652 -0.01941 0.55027 -0.00496 0.00689 0.00004 0.99996
670060.431417 0.19359 -0.00318 0.52731 -0.00628 0.00824 0.00747 0.99992
670060.466965 0.20598 -0.03044 0.50979 -0.00605 0.00798 0.00653 0.99993
670060.491053 0.21661 -0.04122 0.50485 -0.00541 0.00790 0.00530 0.99994
670060.501823 0.21370 -0.04396 0.48921 -0.00549 0.00816 0.00680 0.99993
670060.780687 0.02738 0.01608 -0.00488 0.00005 0.00021 -0.00005 1.00000
670060.801997 0.05465 0.01531 0.00154 -0.00155 0.00068 0.00016 1.00000
670060.808535 0.07563 -0.00094 0.05547 -0.00256 0.00070 -0.00104 1.00000
670060.815545 0.07547 -0.00832 0.10066 -0.00266 0.00085 -0.00128 1.00000
670060.849762 0.05750 -0.01726 0.23724 -0.00314 0.00020 -0.00145 0.99999
670060.850403 0.04638 -0.00150 0.22858 -0.00388 0.00032 -0.00111 0.99999
670060.876026 0.05476 -0.00876 0.23742 -0.00383 -0.00062 -0.00125 0.99999
670060.885261 0.05729 -0.02043 0.24399 -0.00490 -0.00115 -0.00235 0.99998
670060.908178 0.09816 -0.06381 0.14702 -0.00710 -0.00124 -0.00664 0.99995
670060.920119 0.10115 -0.09388 0.16154 -0.00757 -0.00088 -0.00658 0.99995
670060.942833 0.08521 -0.07116 0.18253 -0.00748 -0.00037 -0.00760 0.99994
670060.954977 0.08469 -0.06566 0.26717 -0.00705 -0.00002 -0.00807 0.99994
670060.988702 0.09342 -0.07358 0.31206 -0.00607 0.00016 -0.00977 0.99993
670061.013744 0.10255 -0.05121 0.35438 -0.00477 -0.00137 -0.01160 0.99992
670061.024692 0.09239 -0.05210 0.35493 -0.00437 -0.00166 -0.01058 0.99993
670061.050365 0.10718 -0.05536 0.32717 -0.00402 -0.00146 -0.01277 0.99991
670061.059550 0.12541 -0.04257 0.28286 -0.00373 -0.00153 -0.01488 0.99988
670061.084612 0.13530 -0.03560 0.29916 -0.00385 -0.00175 -0.01343 0.99990
670061.094408 0.14721 -0.04474 0.30113 -0.00527 -0.00267 -0.01261 0.99990
670061.119112 0.16521 -0.04590 0.33323 -0.00672 -0.00281 -0.00972 0.99993
670061.129266 0.16823 -0.05621 0.33982 -0.00749 -0.00216 -0.01036 0.99992
670061.154437 0.18115 -0.07245 0.31869 -0.00724 -0.00211 -0.00784 0.99994
670061.164124 0.18151 -0.07913 0.35783 -0.00723 -0.00180 -0.00697 0.99995
670061.198982 0.17062 -0.07424 0.36307 -0.00800 -0.00176 -0.00564 0.99995
670061.225054 0.17501 -0.05478 0.36314 -0.00816 -0.00181 -0.00578 0.99995
670061.233840 0.18788 -0.05905 0.39998 -0.00837 -0.00162 -0.00579 0.99995
670061.255811 0.12705 -0.05680 0.48632 -0.00848 -0.00235 -0.00596 0.99994
670061.268698 0.12281 -0.06864 0.44653 -0.00862 -0.00208 -0.00677 0.99994
670061.292191 0.12068 -0.07157 0.42898 -0.00808 -0.00218 -0.00620 0.99995
670061.303556 0.14215 -0.06063 0.46081 -0.00773 -0.00254 -0.00923 0.99992
670061.338414 0.14513 -0.05842 0.46746 -0.00817 -0.00248 -0.00936 0.99992
670061.359302 0.16570 -0.05761 0.50957 -0.00784 -0.00253 -0.00894 0.99993
670061.408130 0.18057 -0.03561 0.50831 -0.00805 -0.00338 -0.01018 0.99991
670061.438135 0.18079 -0.02193 0.53315 -0.00753 -0.00444 -0.01124 0.99990
670061.442988 0.18573 -0.02991 0.54770 -0.00713 -0.00442 -0.01070 0.99991
670061.547562 0.18044 -0.04320 0.55178 -0.00684 -0.00433 -0.00832 0.99993
670061.572938 0.17860 -0.03467 0.56965 -0.00690 -0.00467 -0.00634 0.99995
670061.582420 0.18836 -0.03963 0.55942 -0.00642 -0.00437 -0.00759 0.99994
670061.608076 0.20172 -0.03708 0.59652 -0.00707 -0.00483 -0.00625 0.99994
670061.617278 0.20872 -0.02950 0.61550 -0.00680 -0.00555 -0.00427 0.99995
670061.618368 0.20435 -0.02692 0.61908 -0.00702 -0.00570 -0.00295 0.99995
670061.619456 0.20974 -0.01424 0.62151 -0.00687 -0.00555 -0.00224 0.99996
670061.620545 0.21846 -0.00736 0.62071 -0.00650 -0.00555 -0.00108 0.99996
670061.621634 0.22882 -0.00253 0.62602 -0.00633 -0.00556 -0.00006 0.99996
670061.622723 0.23275 -0.00730 0.62321 -0.00660 -0.00561 0.00069 0.99996
670061.624901 0.24520 -0.00298 0.63311 -0.00674 -0.00566 0.00138 0.99996
670061.627206 0.26171 0.00166 0.65565 -0.00631 -0.00527 0.00126 0.99997
670061.633613 0.26769 0.00110 0.68913 -0.00581 -0.00510 0.00281 0.99997
670061.634703 0.26409 0.00792 0.74121 -0.00592 -0.00527 0.00300 0.99996
670061.635791 0.26398 0.02113 0.76587 -0.00589 -0.00535 0.00516 0.99996
670061.637969 0.25827 0.02991 0.78552 -0.00591 -0.00548 0.00660 0.99995
670061.640147 0.25756 0.03138 0.80353 -0.00630 -0.00492 0.00714 0.99994
670061.641237 0.25758 0.03423 0.82019 -0.00648 -0.00459 0.00725 0.99994
670061.643811 0.25597 0.04348 0.85275 -0.00669 -0.00441 0.00754 0.99994
670061.646681 0.24835 0.02745 0.83646 -0.00598 -0.00538 0.00623 0.99995
670061.651037 0.23511 0.01372 0.84813 -0.00577 -0.00555 0.00219 0.99997
670061.651182 0.22433 0.00427 0.85581 -0.00593 -0.00501 -0.00045 0.99997
670061.655394 0.22221 -0.00023 0.88450 -0.00629 -0.00478 -0.00022 0.99997
670061.656482 0.22495 -0.00439 0.89028 -0.00663 -0.00501 -0.00005 0.99997
670061.658660 0.24165 0.00857 0.91903 -0.00712 -0.00410 0.00242 0.99996
670061.664106 0.25659 0.01290 0.92800 -0.00705 -0.00389 0.00605 0.99995
670061.667372 0.25405 0.01859 0.95898 -0.00720 -0.00424 0.00737 0.99994
670061.669550 0.25555 0.01661 0.97637 -0.00719 -0.00422 0.00629 0.99995
670061.671728 0.24579 0.00629 0.95362 -0.00694 -0.00522 0.00447 0.99995
670061.677173 0.23860 -0.00494 0.98013 -0.00656 -0.00496 0.00135 0.99997
670061.684797 0.23205 -0.00795 1.04112 -0.00660 -0.00473 0.00017 0.99997
670061.686975 0.22741 -0.00117 1.07988 -0.00628 -0.00447 0.00015 0.99997
670061.690241 0.24009 0.00774 1.12817 -0.00670 -0.00364 0.00227 0.99997
670061.691330 0.24559 0.01431 1.13928 -0.00720 -0.00351 0.00561 0.99995
670061.692419 0.25161 0.02134 1.13654 -0.00699 -0.00363 0.00646 0.99995
670061.694032 0.25695 0.02298 1.15299 -0.00701 -0.00393 0.00760 0.99994
670061.696572 0.25839 0.02480 1.16421 -0.00726 -0.00405 0.00797 0.99993
670061.697864 0.26121 0.02402 1.18778 -0.00703 -0.00382 0.00757 0.99994
670061.701132 0.25266 0.02502 1.22130 -0.00724 -0.00378 0.00798 0.99993
670061.703310 0.25598 0.01933 1.24579 -0.00750 -0.00366 0.00756 0.99994
670061.704398 0.26020 0.02459 1.25200 -0.00735 -0.00378 0.00796 0.99993
670061.705488 0.26107 0.02379 1.25901 -0.00728 -0.00365 0.00783 0.99994
670061.706576 0.26007 0.02912 1.26067 -0.00710 -0.00372 0.00770 0.99994
670061.708754 0.25419 0.02438 1.28543 -0.00719 -0.00350 0.00744 0.99994
670061.710932 0.24141 0.00720 1.26990 -0.00666 -0.00417 0.00389 0.99996
670061.713110 0.23717 -0.00562 1.28410 -0.00696 -0.00407 0.00152 0.99997
670061.715288 0.22944 0.00507 1.32159 -0.00679 -0.00388 0.00185 0.99997
670061.716377 0.23271 -0.00516 1.31797 -0.00706 -0.00376 0.00117 0.99997
670061.718555 0.23287 -0.00471 1.32402 -0.00691 -0.00374 0.00159 0.99997
670061.720733 0.24767 0.00397 1.36279 -0.00762 -0.00295 0.00486 0.99995
670061.725089 0.25582 0.01696 1.43914 -0.00723 -0.00290 0.00698 0.99995
670061.727267 0.24082 0.00589 1.42531 -0.00687 -0.00391 0.00434 0.99996
670061.728357 0.22779 -0.00553 1.41794 -0.00653 -0.00371 0.00035 0.99997
670061.730535 0.21270 -0.00241 1.43937 -0.00649 -0.00329 -0.00077 0.99997
670061.731623 0.21270 -0.00489 1.44541 -0.00667 -0.00322 -0.00059 0.99997
670061.733801 0.23190 0.00794 1.46641 -0.00726 -0.00229 0.00244 0.99997
670061.737068 0.24415 0.01521 1.49810 -0.00769 -0.00235 0.00642 0.99995
670061.739246 0.25009 0.01561 1.51753 -0.00768 -0.00251 0.00723 0.99994
670061.740335 0.24888 0.01876 1.53333 -0.00770 -0.00256 0.00710 0.99994
670061.742513 0.23940 0.00772 1.51154 -0.00693 -0.00353 0.00371 0.99996
670061.744691 0.23835 -0.00253 1.53157 -0.00699 -0.00344 0.00231 0.99997
670061.747958 0.23935 -0.00141 1.55046 -0.00705 -0.00346 0.00254 0.99997
670061.749048 0.23693 0.00489 1.56893 -0.00691 -0.00329 0.00230 0.99997
670061.750136 0.23797 0.00484 1.57474 -0.00687 -0.00329 0.00226 0.99997
670061.753404 0.23362 -0.00065 1.60603 -0.00691 -0.00311 0.00154 0.99997
670061.754492 0.23809 0.00008 1.60858 -0.00701 -0.00326 0.00215 0.99997
670061.755582 0.23623 0.00062 1.62120 -0.00697 -0.00317 0.00226 0.99997
670061.756670 0.23612 0.00120 1.62363 -0.00703 -0.00311 0.00183 0.99997
670061.757760 0.23012 0.00074 1.64800 -0.00705 -0.00304 0.00180 0.99997
670061.758017 0.22936 0.00007 1.64692 -0.00677 -0.00282 0.00126 0.99997
670061.759937 0.23009 -0.00032 1.65665 -0.00678 -0.00295 0.00187 0.99997
670061.762115 0.23217 0.00285 1.68260 -0.00684 -0.00301 0.00229 0.99997
670061.766471 0.24158 -0.01040 1.69082 -0.00724 -0.00302 0.00231 0.99997
670061.768649 0.23494 0.00419 1.73600 -0.00684 -0.00277 0.00227 0.99997
670061.769739 0.23491 0.00283 1.74131 -0.00661 -0.00286 0.00191 0.99997
670061.773900 0.23645 0.00617 1.75152 -0.00693 -0.00286 0.00222 0.99997
670061.775183 0.23421 0.00244 1.77849 -0.00677 -0.00275 0.00214 0.99997
670061.778451 0.23141 0.00895 1.81310 -0.00674 -0.00256 0.00217 0.99997
670061.779539 0.22717 0.01017 1.82485 -0.00657 -0.00252 0.00164 0.99997
670061.783895 0.22877 0.01140 1.84885 -0.00678 -0.00233 0.00188 0.99997
670061.784984 0.23032 0.00383 1.87339 -0.00661 -0.00238 0.00109 0.99997
670061.787162 0.23449 0.00674 1.89026 -0.00648 -0.00234 0.00126 0.99998
670061.792608 0.23232 0.00157 1.92511 -0.00701 -0.00241 0.00138 0.99997
670061.795874 0.23200 -0.00094 1.95814 -0.00713 -0.00222 0.00143 0.99997
670061.796964 0.23471 -0.00110 1.95468 -0.00707 -0.00222 0.00193 0.99997
670061.799142 0.23567 0.00270 1.97107 -0.00705 -0.00209 0.00197 0.99997
670061.803498 0.23217 -0.00001 2.00390 -0.00692 -0.00216 0.00153 0.99997
670061.804586 0.22726 0.00394 2.02912 -0.00687 -0.00197 0.00175 0.99997
670061.805675 0.23146 -0.00085 2.03451 -0.00682 -0.00194 0.00139 0.99997
670061.808942 0.22973 -0.00369 2.04795 -0.00694 -0.00181 0.00142 0.99997
670061.810031 0.23000 0.00370 2.06123 -0.00686 -0.00180 0.00128 0.99997
670061.811120 0.23104 0.00016 2.07095 -0.00679 -0.00183 0.00115 0.99997
670061.815476 0.23178 -0.00186 2.10959 -0.00726 -0.00176 0.00138 0.99997
670061.816565 0.22613 -0.00001 2.11561 -0.00717 -0.00171 0.00175 0.99997
670061.818743 0.23105 -0.00050 2.13676 -0.00721 -0.00174 0.00074 0.99997
670061.823099 0.22653 0.00727 2.14937 -0.00677 -0.00160 0.00072 0.99998
670061.824189 0.22644 0.00217 2.15567 -0.00721 -0.00145 0.00077 0.99997
670061.827455 0.22568 0.00244 2.19115 -0.00678 -0.00149 0.00148 0.99997
670061.831811 0.23019 0.00127 2.23124 -0.00681 -0.00143 0.00113 0.99998
670061.832900 0.23297 -0.00490 2.25028 -0.00686 -0.00129 0.00109 0.99998
670061.835078 0.23790 0.00371 2.28073 -0.00667 -0.00144 0.00116 0.99998
670061.837256 0.23266 0.00094 2.28638 -0.00681 -0.00136 0.00142 0.99997
670061.839434 0.22705 -0.00077 2.30247 -0.00695 -0.00125 0.00101 0.99997
670061.842702 0.22492 0.00613 2.31246 -0.00677 -0.00098 0.00043 0.99998
670061.844880 0.21845 0.00516 2.36431 -0.00682 -0.00092 0.00103 0.99998
670061.846096 0.22713 0.00398 2.38883 -0.00659 -0.00107 0.00110 0.99998
670061.849236 0.22775 0.00657 2.38471 -0.00676 -0.00104 0.00149 0.99998
670061.850628 0.22851 -0.00247 2.41035 -0.00679 -0.00090 0.00060 0.99998
670061.852502 0.22450 0.00448 2.42460 -0.00675 -0.00074 0.00125 0.99998
670061.856858 0.22028 0.00223 2.44936 -0.00667 -0.00057 0.00108 0.99998
670061.859036 0.22283 0.00432 2.46225 -0.00670 -0.00050 0.00135 0.99998
670061.863393 0.22580 0.00038 2.49037 -0.00686 -0.00058 0.00056 0.99998
670061.869927 0.22938 -0.01038 2.53741 -0.00687 -0.00048 0.00108 0.99998
670061.872105 0.23912 -0.01783 2.57239 -0.00695 -0.00050 0.00067 0.99998
670061.876460 0.23960 -0.01304 2.60024 -0.00709 -0.00065 0.00095 0.99997
670105.680403 0.00885 -0.00113 0.05875 -0.00026 0.00074 0.00019 1.00000
670105.681491 0.00288 -0.00264 0.07661 -0.00017 0.00091 0.00022 1.00000
670105.683669 -0.00040 -0.00141 0.09583 -0.00019 0.00119 0.00018 1.00000
670105.684759 -0.00093 -0.00449 0.13741 -0.00043 0.00134 -0.00067 1.00000
670105.685847 0.00160 -0.00430 0.11060 -0.00029 0.00124 0.00015 1.00000
670105.688025 0.00449 -0.00095 0.14319 -0.00037 0.00129 0.00032 1.00000
670105.690203 -0.00065 -0.00421 0.17220 -0.00020 0.00145 0.00017 1.00000
670105.692381 0.00609 -0.01110 0.17611 -0.00034 0.00160 0.00061 1.00000
670105.694559 0.00060 -0.00477 0.17478 -0.00043 0.00184 0.00009 1.00000
670105.695648 0.00903 -0.00180 0.20631 -0.00051 0.00165 0.00060 1.00000
670105.696738 0.00619 -0.00114 0.21686 -0.00018 0.00187 0.00034 1.00000
670105.698916 0.00326 -0.01029 0.23164 -0.00029 0.00204 0.00045 1.00000
670105.700004 0.00503 -0.00696 0.22573 -0.00035 0.00206 0.00059 1.00000
670105.703272 0.00729 -0.00963 0.23336 -0.00048 0.00210 0.00091 1.00000
670105.704360 0.00413 -0.01095 0.25723 -0.00041 0.00248 0.00005 1.00000
670105.706538 0.00481 -0.00596 0.28899 -0.00025 0.00259 0.00020 1.00000
670105.708716 0.00534 -0.01097 0.30755 -0.00038 0.00270 0.00010 1.00000
670105.710894 0.00545 -0.00770 0.32768 -0.00031 0.00273 0.00032 1.00000
670105.711984 0.00428 -0.00598 0.33885 -0.00026 0.00275 0.00070 1.00000
670105.713072 0.00470 -0.00419 0.31650 0.00020 0.00220 0.00040 1.00000
670105.713093 0.01078 -0.00228 0.31541 0.00030 0.00207 0.00077 1.00000
670105.716339 0.00681 -0.01464 0.29742 0.00009 0.00238 0.00096 1.00000
670105.717428 0.01401 -0.00732 0.32751 -0.00008 0.00226 0.00107 1.00000
670105.718517 0.01001 -0.00885 0.31181 0.00011 0.00245 0.00132 1.00000
670105.719936 0.01038 -0.01327 0.34856 0.00012 0.00254 0.00142 1.00000
670105.721785 0.00826 -0.00329 0.35823 0.00038 0.00210 0.00055 1.00000
670105.723963 0.00773 -0.00157 0.34993 0.00024 0.00230 0.00082 1.00000
670105.725051 0.01718 -0.01272 0.33035 -0.00031 0.00213 0.00150 1.00000
670105.726141 0.01741 -0.01396 0.33514 -0.00041 0.00221 0.00142 1.00000
670105.727478 0.01583 -0.01530 0.34791 -0.00044 0.00230 0.00168 1.00000
670105.729407 0.01674 -0.01582 0.34983 -0.00033 0.00227 0.00164 1.00000
670105.730497 0.01686 -0.01476 0.35402 -0.00038 0.00254 0.00129 1.00000
670105.732675 0.01402 -0.01879 0.36032 -0.00054 0.00264 0.00231 0.99999
670105.733763 0.01178 -0.00514 0.39949 -0.00029 0.00283 0.00131 1.00000
670105.735058 0.00816 -0.00441 0.43026 0.00005 0.00282 0.00111 1.00000
670105.738119 0.01073 -0.00153 0.42969 -0.00002 0.00312 0.00087 0.99999
670105.739208 0.00968 -0.00479 0.44182 0.00001 0.00321 0.00101 0.99999
670105.740297 0.01911 -0.02097 0.39122 -0.00051 0.00308 0.00169 0.99999
670105.741386 0.01845 -0.02362 0.38581 -0.00080 0.00316 0.00171 0.99999
670105.742476 0.01624 -0.01606 0.40073 -0.00043 0.00335 0.00183 0.99999
670105.743564 0.01617 -0.01602 0.42949 -0.00081 0.00323 0.00184 0.99999
670105.744654 0.01212 -0.01889 0.42809 -0.00062 0.00361 0.00162 0.99999
670105.745742 0.01620 -0.01458 0.43994 -0.00048 0.00355 0.00219 0.99999
670105.746832 0.01593 -0.01842 0.44039 -0.00053 0.00354 0.00192 0.99999
670105.747920 0.02006 -0.01177 0.45939 -0.00028 0.00366 0.00166 0.99999
670105.749010 0.01745 -0.01141 0.46954 -0.00021 0.00369 0.00169 0.99999
670105.750098 0.00747 -0.00565 0.49140 -0.00039 0.00413 0.00103 0.99999
670105.751228 0.00857 0.00082 0.49033 -0.00013 0.00420 0.00155 0.99999
670105.754454 0.00955 -0.00711 0.51254 -0.00028 0.00435 0.00116 0.99999
670105.755544 -0.00037 -0.00309 0.53497 -0.00031 0.00479 0.00130 0.99999
670105.756632 0.00399 -0.00415 0.53014 -0.00030 0.00494 0.00115 0.99999
670105.757722 0.00888 -0.01862 0.49835 -0.00035 0.00418 0.00183 0.99999
670105.757956 0.01773 -0.02194 0.47525 -0.00084 0.00406 0.00225 0.99999
670105.760988 0.01800 -0.02278 0.50939 -0.00059 0.00422 0.00234 0.99999
670105.761005 0.02097 -0.01922 0.51151 -0.00075 0.00416 0.00208 0.99999
670105.763166 0.01888 -0.02115 0.51303 -0.00076 0.00422 0.00264 0.99999
670105.765345 0.02408 -0.02348 0.54931 -0.00085 0.00438 0.00229 0.99999
670105.766433 0.02077 -0.02380 0.56457 -0.00082 0.00451 0.00249 0.99999
670105.768611 0.01560 -0.02403 0.55658 -0.00074 0.00488 0.00180 0.99999
670105.769701 0.01134 -0.00890 0.59933 -0.00008 0.00497 0.00184 0.99999
670105.771607 -0.00066 -0.00603 0.60918 -0.00030 0.00526 0.00182 0.99998
670105.772967 0.00592 -0.01008 0.64284 -0.00030 0.00532 0.00153 0.99998
670105.773045 0.00591 -0.01181 0.66039 -0.00036 0.00539 0.00122 0.99998
670105.775145 0.01352 -0.00031 0.68272 -0.00015 0.00523 0.00188 0.99998
670105.776235 0.00667 -0.00655 0.67945 -0.00026 0.00538 0.00184 0.99998
670105.778413 0.01667 -0.01717 0.64657 -0.00078 0.00526 0.00238 0.99998
670105.778757 0.02175 -0.02072 0.64786 -0.00077 0.00506 0.00289 0.99998
670105.781679 0.02370 -0.02422 0.65147 -0.00081 0.00525 0.00241 0.99998
670105.781769 0.02342 -0.02272 0.64513 -0.00080 0.00532 0.00237 0.99998
670105.782976 0.02993 -0.02015 0.66942 -0.00065 0.00523 0.00239 0.99998
670105.786035 0.01766 -0.01958 0.70552 -0.00078 0.00556 0.00220 0.99998
670105.787124 0.01372 -0.01161 0.71257 -0.00036 0.00575 0.00162 0.99998
670105.788214 0.00942 -0.01404 0.71055 -0.00048 0.00602 0.00154 0.99998
670105.790392 0.00907 -0.02125 0.74265 -0.00050 0.00619 0.00146 0.99998
670105.793658 0.01438 -0.01490 0.74452 -0.00055 0.00620 0.00180 0.99998
670105.794748 0.01455 -0.01331 0.77415 -0.00042 0.00636 0.00158 0.99998
670105.795836 0.02796 -0.02115 0.74245 -0.00071 0.00592 0.00230 0.99998
670105.797021 0.02977 -0.02246 0.72668 -0.00087 0.00580 0.00285 0.99998
670105.799104 0.02774 -0.02313 0.74375 -0.00095 0.00623 0.00217 0.99998
670105.800192 0.02752 -0.02443 0.75489 -0.00114 0.00625 0.00263 0.99998
670105.802370 0.02653 -0.01793 0.77375 -0.00080 0.00627 0.00276 0.99998
670105.802389 0.03265 -0.01864 0.77579 -0.00079 0.00632 0.00295 0.99998
670105.804548 0.02798 -0.02202 0.79784 -0.00104 0.00631 0.00302 0.99997
670105.805637 0.02047 -0.02007 0.80048 -0.00102 0.00690 0.00220 0.99997
670105.807815 0.01396 -0.01426 0.83090 -0.00073 0.00711 0.00269 0.99997
670105.807843 0.01323 -0.02368 0.81634 -0.00104 0.00721 0.00221 0.99997
670105.808904 0.01544 -0.01533 0.83051 -0.00078 0.00719 0.00220 0.99997
670105.811083 0.01131 -0.02327 0.84924 -0.00093 0.00740 0.00204 0.99997
670105.812171 0.01116 -0.01111 0.87472 -0.00071 0.00754 0.00206 0.99997
670105.813261 0.01912 -0.01524 0.86754 -0.00095 0.00742 0.00246 0.99997
670105.815439 0.02245 -0.01786 0.90155 -0.00092 0.00746 0.00222 0.99997
670105.817617 0.01684 -0.01470 0.91597 -0.00059 0.00769 0.00245 0.99997
670105.819795 0.03240 -0.02984 0.87669 -0.00083 0.00744 0.00294 0.99997
670105.821973 0.03174 -0.02535 0.89547 -0.00108 0.00745 0.00358 0.99997
670105.824151 0.03427 -0.02934 0.90292 -0.00107 0.00757 0.00327 0.99997
670105.826329 0.03441 -0.02982 0.91391 -0.00105 0.00781 0.00266 0.99997
670105.827417 0.03427 -0.02979 0.93353 -0.00128 0.00778 0.00282 0.99996
670105.829595 0.01834 -0.01948 0.98285 -0.00064 0.00826 0.00197 0.99996
670105.831165 0.01839 -0.02392 0.96067 -0.00087 0.00846 0.00224 0.99996
670105.833951 0.01471 -0.01866 1.00048 -0.00091 0.00851 0.00216 0.99996
670105.835040 0.02383 -0.01895 1.02858 -0.00080 0.00866 0.00237 0.99996
670105.837218 0.02233 -0.02011 1.04886 -0.00078 0.00879 0.00188 0.99996
670105.838308 0.02016 -0.02101 1.05600 -0.00063 0.00917 0.00222 0.99996
670105.840486 0.01434 -0.02141 1.05734 -0.00085 0.00921 0.00148 0.99996
670105.842664 0.01809 -0.02080 1.07244 -0.00068 0.00943 0.00140 0.99995
670105.842781 0.01935 -0.02052 1.08198 -0.00098 0.00938 0.00216 0.99995
670105.844842 0.03182 -0.02508 1.03424 -0.00091 0.00884 0.00213 0.99996
670105.845930 0.03791 -0.03075 1.03135 -0.00111 0.00884 0.00230 0.99996
670105.847020 0.03739 -0.02365 1.03389 -0.00087 0.00900 0.00213 0.99996
670105.849198 0.03806 -0.02745 1.05854 -0.00125 0.00903 0.00288 0.99995
670105.850286 0.04421 -0.03128 1.06306 -0.00117 0.00910 0.00292 0.99995
670105.852464 0.03721 -0.02902 1.08058 -0.00103 0.00944 0.00295 0.99995
670105.853553 0.04070 -0.03076 1.07709 -0.00111 0.00936 0.00303 0.99995
670105.856820 0.04223 -0.02867 1.10143 -0.00118 0.00964 0.00248 0.99995
670105.860087 0.03174 -0.02809 1.13956 -0.00110 0.01003 0.00286 0.99995
670105.863355 0.03467 -0.02941 1.19396 -0.00079 0.01037 0.00173 0.99994
670105.865595 0.02504 -0.02807 1.20885 -0.00099 0.01048 0.00181 0.99994
670105.865902 0.02467 -0.02840 1.20960 -0.00090 0.01073 0.00193 0.99994
670105.867482 0.02362 -0.02260 1.22061 -0.00040 0.01079 0.00162 0.99994
670105.870447 0.02810 -0.01902 1.26123 -0.00061 0.01087 0.00240 0.99994
670105.872067 0.03148 -0.01650 1.22023 -0.00100 0.01040 0.00331 0.99994
670105.873155 0.04649 -0.02891 1.19164 -0.00123 0.01046 0.00368 0.99994
670105.874245 0.04615 -0.03747 1.20065 -0.00148 0.01052 0.00352 0.99994
670105.878600 0.04491 -0.03419 1.24333 -0.00134 0.01086 0.00353 0.99993
670105.880778 0.04607 -0.02861 1.24643 -0.00128 0.01097 0.00328 0.99993
670105.881868 0.04307 -0.03313 1.26056 -0.00114 0.01121 0.00316 0.99993
670105.882956 0.04460 -0.03717 1.28351 -0.00162 0.01123 0.00319 0.99993
670105.885001 0.04285 -0.03123 1.29231 -0.00131 0.01133 0.00336 0.99993
670105.887312 0.03674 -0.02443 1.37264 -0.00122 0.01176 0.00286 0.99993
670105.891668 0.03198 -0.02529 1.38914 -0.00118 0.01208 0.00253 0.99992
670105.894936 0.03210 -0.01719 1.42722 -0.00082 0.01242 0.00249 0.99992
670105.897114 0.03491 -0.02146 1.44550 -0.00090 0.01253 0.00271 0.99992
670105.898202 0.02993 -0.02663 1.44068 -0.00100 0.01273 0.00317 0.99991
670105.899291 0.03092 -0.02620 1.44535 -0.00110 0.01274 0.00252 0.99992
670105.900380 0.03719 -0.02375 1.47656 -0.00121 0.01280 0.00280 0.99991
670105.904737 0.03959 -0.03042 1.44808 -0.00126 0.01268 0.00357 0.99991
670105.906915 0.05093 -0.03371 1.43121 -0.00105 0.01267 0.00368 0.99991
670105.909093 0.04568 -0.02594 1.45903 -0.00114 0.01303 0.00405 0.99991
670105.913449 0.04864 -0.02948 1.49424 -0.00107 0.01356 0.00300 0.99990
670105.915627 0.05174 -0.03695 1.50330 -0.00143 0.01351 0.00318 0.99990
670105.916715 0.03680 -0.03347 1.55866 -0.00120 0.01392 0.00245 0.99990
670105.918893 0.03828 -0.02859 1.57480 -0.00123 0.01416 0.00265 0.99990
670105.919983 0.04049 -0.03057 1.57688 -0.00125 0.01402 0.00257 0.99990
670105.921071 0.04305 -0.03095 1.59044 -0.00140 0.01406 0.00247 0.99990
670105.923249 0.03837 -0.03405 1.59620 -0.00136 0.01427 0.00257 0.99989
670105.924338 0.04322 -0.03387 1.61556 -0.00133 0.01446 0.00225 0.99989
670105.927606 0.04165 -0.02518 1.64756 -0.00128 0.01466 0.00240 0.99989
670105.928694 0.04459 -0.03400 1.62824 -0.00152 0.01467 0.00297 0.99989
670105.929784 0.05422 -0.03064 1.58411 -0.00127 0.01441 0.00383 0.99989
670105.931962 0.05452 -0.02854 1.59358 -0.00137 0.01442 0.00357 0.99989
670105.936318 0.05060 -0.03651 1.62266 -0.00149 0.01500 0.00350 0.99988
670105.938496 0.04586 -0.03623 1.70078 -0.00139 0.01508 0.00264 0.99988
670105.940674 0.04177 -0.03375 1.70578 -0.00145 0.01533 0.00260 0.99988
670105.941762 0.04235 -0.03643 1.72364 -0.00168 0.01565 0.00237 0.99987
670105.942433 0.04327 -0.03340 1.72279 -0.00135 0.01559 0.00265 0.99987
670105.943940 0.04575 -0.03939 1.73684 -0.00178 0.01566 0.00292 0.99987
670105.951563 0.05125 -0.04011 1.78161 -0.00175 0.01626 0.00282 0.99986
670105.952653 0.05306 -0.03786 1.80784 -0.00163 0.01626 0.00315 0.99986
670105.953741 0.05028 -0.03061 1.81851 -0.00169 0.01639 0.00323 0.99986
670105.955919 0.04952 -0.03602 1.84208 -0.00191 0.01650 0.00355 0.99986
670105.959187 0.05919 -0.03387 1.77696 -0.00147 0.01634 0.00363 0.99986
670105.962453 0.06199 -0.03994 1.80019 -0.00182 0.01662 0.00404 0.99985
670105.964631 0.05946 -0.03827 1.88529 -0.00174 0.01675 0.00352 0.99985
670105.967899 0.05678 -0.04212 1.90463 -0.00185 0.01728 0.00292 0.99984
670105.968987 0.05514 -0.03890 1.92496 -0.00179 0.01709 0.00370 0.99985
670105.971165 0.05945 -0.04121 1.94417 -0.00197 0.01743 0.00330 0.99984
670105.973343 0.06621 -0.03604 1.90470 -0.00183 0.01735 0.00389 0.99984
670105.976610 0.06814 -0.04437 1.93026 -0.00185 0.01757 0.00409 0.99984
670105.978811 0.07083 -0.03178 1.96800 -0.00161 0.01764 0.00435 0.99983
670105.979878 0.07336 -0.03762 1.96814 -0.00159 0.01778 0.00428 0.99983
670105.982056 0.06160 -0.03817 1.99971 -0.00200 0.01805 0.00302 0.99983
670105.985322 0.06325 -0.03968 2.03822 -0.00216 0.01843 0.00367 0.99982
670105.987500 0.06484 -0.03753 2.05940 -0.00178 0.01856 0.00356 0.99982
670105.989678 0.07007 -0.03961 2.08154 -0.00198 0.01877 0.00354 0.99982
670105.990768 0.06723 -0.04393 2.09739 -0.00179 0.01898 0.00328 0.99981
670105.992901 0.06725 -0.04507 2.09188 -0.00196 0.01883 0.00355 0.99981
670105.992945 0.06651 -0.04727 2.07569 -0.00188 0.01890 0.00371 0.99981
670105.994125 0.06718 -0.04489 2.09971 -0.00196 0.01910 0.00285 0.99981
670105.996212 0.07195 -0.04536 2.10530 -0.00194 0.01916 0.00394 0.99981
670105.997301 0.07547 -0.04399 2.06191 -0.00184 0.01912 0.00385 0.99981
670106.001657 0.07947 -0.04224 2.08496 -0.00185 0.01916 0.00417 0.99981
670106.003835 0.08047 -0.03860 2.12828 -0.00192 0.01940 0.00424 0.99980
670106.006292 0.08332 -0.03936 2.13792 -0.00178 0.01975 0.00371 0.99980
670106.009281 0.07815 -0.04600 2.21591 -0.00199 0.02005 0.00412 0.99979
670106.011459 0.06925 -0.04797 2.22866 -0.00206 0.02050 0.00367 0.99978
670106.014815 0.07762 -0.04555 2.25389 -0.00199 0.02061 0.00356 0.99978
670106.016903 0.08469 -0.04216 2.23412 -0.00212 0.02062 0.00420 0.99978
670106.019081 0.09125 -0.04107 2.26596 -0.00190 0.02082 0.00424 0.99977
670106.022348 0.08405 -0.04779 2.31782 -0.00197 0.02109 0.00427 0.99977
670106.024526 0.08539 -0.04618 2.33067 -0.00223 0.02123 0.00463 0.99976
670106.026400 0.09977 -0.03496 2.33875 -0.00196 0.02132 0.00479 0.99976
670106.027794 0.10090 -0.04115 2.34529 -0.00195 0.02133 0.00458 0.99976
670106.028882 0.10227 -0.04974 2.33344 -0.00218 0.02148 0.00463 0.99976
670106.031060 0.08392 -0.04075 2.38528 -0.00222 0.02178 0.00432 0.99975
670106.032150 0.07924 -0.03561 2.40709 -0.00233 0.02181 0.00407 0.99975
670106.033238 0.07948 -0.03335 2.42100 -0.00227 0.02207 0.00426 0.99974
670106.034328 0.06928 -0.03391 2.43322 -0.00231 0.02219 0.00406 0.99974
670106.036506 0.08016 -0.03941 2.42573 -0.00257 0.02233 0.00401 0.99974
670106.037594 0.07958 -0.03893 2.44235 -0.00218 0.02248 0.00357 0.99974
670106.039772 0.08053 -0.03852 2.46353 -0.00253 0.02272 0.00390 0.99973
670106.043039 0.09013 -0.04218 2.48277 -0.00227 0.02278 0.00438 0.99973
670106.044129 0.08291 -0.03512 2.50599 -0.00222 0.02307 0.00303 0.99973
670106.047395 0.08550 -0.03420 2.50630 -0.00233 0.02317 0.00413 0.99972
670106.049573 0.09240 -0.03516 2.54039 -0.00200 0.02333 0.00412 0.99972
670106.050663 0.09006 -0.04080 2.52793 -0.00229 0.02358 0.00355 0.99971
670106.052841 0.09152 -0.04901 2.57062 -0.00234 0.02363 0.00362 0.99971
670106.055019 0.09466 -0.04988 2.56676 -0.00242 0.02387 0.00360 0.99971
670106.056107 0.08981 -0.05007 2.57928 -0.00256 0.02397 0.00407 0.99970
670106.057197 0.08816 -0.04852 2.59179 -0.00294 0.02411 0.00429 0.99970
670106.058286 0.09860 -0.05239 2.58349 -0.00272 0.02401 0.00394 0.99970
670106.063730 0.10039 -0.04840 2.62734 -0.00258 0.02446 0.00417 0.99969
670106.065856 0.10071 -0.05042 2.63698 -0.00265 0.02449 0.00421 0.99969
670106.069176 0.09754 -0.04765 2.64582 -0.00260 0.02499 0.00441 0.99967
670106.070264 0.09722 -0.04467 2.68543 -0.00277 0.02514 0.00371 0.99967
670106.073532 0.10898 -0.04967 2.69539 -0.00275 0.02515 0.00415 0.99967
670427.771503 0.00194 -0.00311 0.04280 -0.00034 0.00044 0.00010 1.00000
670427.772591 0.00295 -0.00111 0.05972 -0.00014 0.00023 -0.00004 1.00000
670427.773681 -0.00043 -0.00335 0.05301 -0.00018 0.00046 0.00001 1.00000
670427.773806 0.00166 -0.00133 0.05656 -0.00039 0.00037 0.00028 1.00000
670427.775859 0.00112 0.00064 0.06766 -0.00025 0.00053 0.00050 1.00000
670427.776153 -0.00135 0.00052 0.08469 -0.00020 0.00055 -0.00042 1.00000
670427.776947 0.00153 -0.00417 0.07758 -0.00032 0.00035 0.00014 1.00000
670427.778036 0.00359 -0.00859 0.08823 -0.00060 0.00050 -0.00008 1.00000
670427.779125 -0.00059 -0.00235 0.10037 -0.00036 0.00055 -0.00027 1.00000
670427.780214 -0.00154 -0.00655 0.11125 -0.00051 0.00057 -0.00041 1.00000
670427.781303 -0.00012 -0.00529 0.12297 -0.00043 0.00073 -0.00073 1.00000
670427.783481 -0.00616 -0.00918 0.14131 -0.00041 0.00084 -0.00045 1.00000
670427.785660 -0.00020 -0.00332 0.14000 -0.00002 0.00067 0.00034 1.00000
670427.786748 -0.00336 -0.00043 0.16481 -0.00020 0.00095 -0.00062 1.00000
670427.787107 -0.00093 -0.00499 0.16280 -0.00022 0.00081 -0.00014 1.00000
670427.787838 0.00195 -0.00790 0.15825 -0.00027 0.00076 0.00023 1.00000
670427.788926 -0.00082 -0.00649 0.18092 -0.00020 0.00081 0.00003 1.00000
670427.790016 0.00027 -0.00563 0.18583 -0.00006 0.00094 -0.00029 1.00000
670427.791104 -0.00396 -0.00483 0.19565 0.00021 0.00031 -0.00109 1.00000
670427.792194 -0.00146 -0.00466 0.18934 0.00037 0.00029 -0.00116 1.00000
670427.793282 -0.00078 -0.00372 0.16712 0.00047 0.00034 0.00031 1.00000
670427.794372 0.00352 -0.00723 0.18700 0.00044 0.00032 -0.00017 1.00000
670427.794929 -0.00055 -0.00936 0.18464 0.00042 0.00040 0.00020 1.00000
670427.794992 -0.00149 -0.00298 0.18616 0.00031 0.00043 -0.00016 1.00000
670427.796550 -0.00033 0.00403 0.20152 0.00071 0.00062 0.00011 1.00000
670427.797638 0.00374 -0.00851 0.20699 -0.00009 0.00087 -0.00017 1.00000
670427.798099 0.00183 -0.00879 0.20551 -0.00008 0.00097 -0.00047 1.00000
670427.799816 0.00355 -0.01036 0.21671 -0.00013 0.00086 -0.00003 1.00000
670427.800905 0.00169 -0.00789 0.22630 -0.00010 0.00099 -0.00073 1.00000
670427.801994 0.00400 -0.01249 0.23603 -0.00030 0.00093 -0.00027 1.00000
670427.803083 0.00833 -0.01298 0.21333 -0.00011 0.00052 -0.00051 1.00000
670427.807439 0.00534 -0.01389 0.24325 -0.00025 0.00064 -0.00005 1.00000
670427.808529 0.00428 -0.01115 0.25366 -0.00030 0.00054 -0.00021 1.00000
670427.809617 0.00381 -0.01208 0.26817 -0.00020 0.00071 -0.00048 1.00000
670427.810707 0.00746 -0.00760 0.26981 -0.00001 0.00059 0.00036 1.00000
670427.812885 0.00498 -0.01314 0.28439 -0.00005 0.00081 -0.00048 1.00000
670427.813973 0.00338 -0.01259 0.30165 -0.00029 0.00134 -0.00094 1.00000
670427.816151 0.00137 -0.01329 0.31312 -0.00044 0.00124 -0.00099 1.00000
670427.817241 0.00436 -0.01312 0.32892 -0.00043 0.00127 -0.00069 1.00000
670427.818329 0.00290 -0.01198 0.33121 -0.00005 0.00129 -0.00076 1.00000
670427.818745 -0.00029 -0.01612 0.32814 -0.00037 0.00131 -0.00074 1.00000
670427.819419 0.00176 -0.01433 0.33311 -0.00043 0.00134 -0.00052 1.00000
670427.821597 0.00355 -0.01265 0.34556 -0.00039 0.00132 -0.00069 1.00000
670427.822685 -0.00092 -0.01306 0.35969 -0.00044 0.00153 -0.00109 1.00000
670427.823774 -0.00121 -0.01746 0.37422 -0.00044 0.00154 -0.00114 1.00000
670427.824863 0.00064 -0.01778 0.34813 -0.00053 0.00142 -0.00070 1.00000
670427.827041 0.00483 -0.01433 0.36796 -0.00036 0.00132 0.00010 1.00000
670427.829219 0.00649 -0.01691 0.38804 -0.00035 0.00154 -0.00030 1.00000
670427.830308 0.00116 -0.01287 0.40243 -0.00029 0.00161 -0.00061 1.00000
670427.831398 0.00319 -0.01330 0.39574 -0.00017 0.00147 -0.00053 1.00000
670427.833576 0.00730 -0.02153 0.41180 -0.00059 0.00153 -0.00006 1.00000
670427.834664 0.01017 -0.02189 0.40702 -0.00040 0.00163 0.00009 1.00000
670427.835754 0.00517 -0.02083 0.41845 -0.00051 0.00155 0.00020 1.00000
670427.837318 0.00512 -0.02168 0.43379 -0.00054 0.00173 0.00014 1.00000
670427.838509 0.00694 -0.02232 0.43215 -0.00032 0.00183 -0.00024 1.00000
670427.839020 0.00230 -0.01617 0.45015 -0.00042 0.00178 -0.00021 1.00000
670427.841198 0.00672 -0.02179 0.45683 -0.00049 0.00191 -0.00003 1.00000
670427.842288 0.00721 -0.01508 0.46743 -0.00054 0.00201 -0.00002 1.00000
670427.843376 0.00285 -0.02040 0.47027 -0.00022 0.00152 -0.00030 1.00000
670427.845554 0.00490 -0.01559 0.49065 -0.00004 0.00134 -0.00039 1.00000
670427.846643 0.00344 -0.01347 0.48996 -0.00007 0.00153 -0.00016 1.00000
670427.847732 0.00856 -0.01842 0.50487 -0.00018 0.00149 -0.00005 1.00000
670427.848821 0.00899 -0.01742 0.50519 -0.00024 0.00144 -0.00026 1.00000
670427.849910 0.00801 -0.01617 0.51264 -0.00016 0.00166 0.00013 1.00000
670427.850999 0.00402 -0.02111 0.50977 -0.00031 0.00209 -0.00008 1.00000
670427.852088 0.00675 -0.01930 0.52259 -0.00020 0.00211 -0.00023 1.00000
670427.853177 0.00396 -0.02188 0.53809 -0.00053 0.00212 -0.00005 1.00000
670427.854267 0.00623 -0.02377 0.50898 -0.00040 0.00171 -0.00001 1.00000
670427.857533 0.01253 -0.02268 0.52634 -0.00024 0.00176 0.00017 1.00000
670427.858623 0.00782 -0.02147 0.54751 -0.00041 0.00207 -0.00044 1.00000
670427.859711 0.00988 -0.02027 0.54819 -0.00043 0.00198 -0.00027 1.00000
670427.860801 0.00659 -0.01834 0.54198 -0.00034 0.00199 -0.00039 1.00000
670427.861889 0.01147 -0.01714 0.54555 -0.00034 0.00209 0.00022 1.00000
670427.865157 0.01108 -0.01662 0.57565 -0.00009 0.00213 -0.00038 1.00000
670427.867335 0.00735 -0.01465 0.60260 -0.00020 0.00223 0.00025 1.00000
670427.869512 0.01265 -0.02054 0.60689 -0.00032 0.00235 0.00011 1.00000
670427.870601 0.01495 -0.01537 0.61620 -0.00019 0.00225 0.00040 1.00000
670427.872133 0.00846 -0.02021 0.64130 -0.00043 0.00240 -0.00021 1.00000
670427.876210 0.01440 -0.01950 0.65840 -0.00029 0.00237 0.00070 1.00000
670427.878224 0.01300 -0.02195 0.66602 -0.00043 0.00237 -0.00022 1.00000
670427.878672 0.01210 -0.02195 0.66974 -0.00026 0.00244 -0.00039 1.00000
670427.885848 0.01602 -0.02361 0.72858 -0.00030 0.00251 -0.00003 1.00000
670427.886936 0.01282 -0.02061 0.72589 -0.00041 0.00268 0.00009 1.00000
670427.888026 0.01299 -0.02146 0.74332 -0.00011 0.00280 -0.00051 1.00000
670427.889676 0.00962 -0.01874 0.72888 -0.00035 0.00260 -0.00001 1.00000
670427.896737 0.01167 -0.02311 0.78562 -0.00036 0.00269 0.00005 1.00000
670427.897826 0.01076 -0.02393 0.80246 -0.00044 0.00287 -0.00025 1.00000
670427.901093 0.00718 -0.02139 0.83074 -0.00035 0.00307 -0.00067 0.99999
670427.902183 0.01076 -0.01982 0.84989 -0.00047 0.00308 -0.00002 1.00000
670427.904361 0.00581 -0.01818 0.85999 -0.00018 0.00319 -0.00056 0.99999
670427.906539 0.01150 -0.02187 0.85877 -0.00051 0.00321 -0.00025 0.99999
670427.909805 0.01167 -0.01809 0.88739 -0.00024 0.00321 -0.00081 0.99999
670427.910895 0.00896 -0.02363 0.89239 -0.00051 0.00341 -0.00055 0.99999
670427.913073 0.00706 -0.02011 0.91675 -0.00052 0.00340 -0.00056 0.99999
670427.916339 0.01347 -0.02149 0.93612 -0.00041 0.00339 -0.00013 0.99999
670427.917428 0.01325 -0.02011 0.94766 -0.00040 0.00342 -0.00044 0.99999
670427.918517 0.01198 -0.02469 0.94868 -0.00031 0.00363 -0.00095 0.99999
670427.921784 0.01226 -0.02083 0.98465 -0.00028 0.00353 -0.00062 0.99999
670427.925052 0.01661 -0.02981 0.99183 -0.00056 0.00370 -0.00027 0.99999
670427.926235 0.01079 -0.02460 1.00582 -0.00038 0.00383 0.00006 0.99999
670427.930496 0.01820 -0.02695 1.02598 -0.00040 0.00371 0.00001 0.99999
670427.933764 0.01651 -0.03130 1.05892 -0.00078 0.00381 -0.00036 0.99999
670427.934852 0.01607 -0.02405 1.08098 -0.00054 0.00399 -0.00030 0.99999
670427.938120 0.01418 -0.02261 1.10956 -0.00054 0.00403 -0.00034 0.99999
670427.939208 0.01565 -0.02439 1.08249 -0.00034 0.00373 -0.00057 0.99999
670427.941386 0.01714 -0.02245 1.10234 -0.00046 0.00385 -0.00098 0.99999
670427.943564 0.01678 -0.02821 1.12185 -0.00055 0.00387 -0.00057 0.99999
670427.944653 0.01622 -0.02439 1.12343 -0.00071 0.00406 -0.00063 0.99999
670427.949009 0.02074 -0.02503 1.16183 -0.00042 0.00412 -0.00067 0.99999
670427.950099 0.01492 -0.02808 1.16848 -0.00057 0.00427 -0.00083 0.99999
670427.952373 0.01345 -0.02823 1.18201 -0.00068 0.00424 -0.00099 0.99999
670427.954455 0.01839 -0.03185 1.20001 -0.00052 0.00433 -0.00102 0.99999
670427.959899 0.01715 -0.02100 1.22026 -0.00060 0.00430 -0.00018 0.99999
670427.963166 0.02097 -0.02594 1.27260 -0.00054 0.00448 -0.00017 0.99999
670427.967522 0.02184 -0.02735 1.30102 -0.00047 0.00462 -0.00020 0.99999
670427.969700 0.02378 -0.02498 1.31840 -0.00038 0.00462 -0.00004 0.99999
670427.974056 0.02552 -0.02795 1.34287 -0.00069 0.00480 -0.00057 0.99999
670427.976234 0.02977 -0.02746 1.35757 -0.00065 0.00469 -0.00019 0.99999
670427.984272 0.02760 -0.03317 1.40680 -0.00087 0.00497 -0.00068 0.99999
670427.986035 0.02418 -0.03700 1.37801 -0.00115 0.00475 -0.00115 0.99999
670427.992569 0.02252 -0.03982 1.42120 -0.00110 0.00510 -0.00105 0.99999
670427.993659 0.02442 -0.04058 1.45305 -0.00110 0.00516 -0.00084 0.99999
670427.996925 0.02599 -0.03786 1.47088 -0.00130 0.00523 -0.00149 0.99998
670427.999103 0.02391 -0.03742 1.49371 -0.00116 0.00541 -0.00114 0.99998
670428.000193 0.01911 -0.04062 1.50877 -0.00136 0.00560 -0.00147 0.99998
670428.001281 0.01903 -0.03657 1.51353 -0.00106 0.00576 -0.00161 0.99998
670428.007815 0.02492 -0.03477 1.56021 -0.00099 0.00586 -0.00108 0.99998
670428.007937 0.02653 -0.02991 1.57134 -0.00082 0.00585 -0.00041 0.99998
670428.017616 0.02586 -0.03212 1.61328 -0.00112 0.00635 -0.00075 0.99998
670428.018706 0.02974 -0.03438 1.64950 -0.00121 0.00617 -0.00084 0.99998
670428.021972 0.02242 -0.04161 1.64129 -0.00143 0.00628 -0.00135 0.99998
670428.027418 0.02629 -0.04092 1.69746 -0.00161 0.00629 -0.00167 0.99998
670428.027585 0.02503 -0.03721 1.71198 -0.00144 0.00644 -0.00176 0.99998
670428.032089 0.02467 -0.03418 1.70495 -0.00142 0.00652 -0.00151 0.99998
670428.035040 0.02736 -0.03965 1.71211 -0.00106 0.00672 -0.00080 0.99998
670428.036129 0.02808 -0.03970 1.72029 -0.00143 0.00678 -0.00078 0.99998
670428.037218 0.02980 -0.03283 1.74291 -0.00142 0.00671 -0.00061 0.99998
670428.041575 0.03170 -0.03343 1.75919 -0.00130 0.00688 -0.00036 0.99998
670428.043753 0.02499 -0.03509 1.77521 -0.00160 0.00716 -0.00101 0.99997
670428.047019 0.02461 -0.03971 1.80806 -0.00152 0.00745 -0.00147 0.99997
670428.049197 0.03052 -0.03437 1.81953 -0.00120 0.00729 -0.00078 0.99997
670428.052465 0.02809 -0.03381 1.84186 -0.00127 0.00741 -0.00118 0.99997
670428.053553 0.02984 -0.04070 1.86052 -0.00142 0.00739 -0.00057 0.99997
670428.053666 0.03229 -0.04340 1.90086 -0.00160 0.00714 -0.00182 0.99997
670428.056820 0.03153 -0.04394 1.92437 -0.00182 0.00719 -0.00179 0.99997
670428.058998 0.03252 -0.04367 1.93899 -0.00168 0.00716 -0.00201 0.99997
670428.063354 0.03442 -0.04407 1.97272 -0.00196 0.00729 -0.00142 0.99997
670428.066622 0.03815 -0.04250 1.99561 -0.00169 0.00748 -0.00135 0.99997
670428.068800 0.03420 -0.04558 2.02149 -0.00179 0.00768 -0.00213 0.99997
670428.073156 0.03636 -0.04802 2.05857 -0.00215 0.00777 -0.00172 0.99997
670428.075334 0.03576 -0.04763 2.07737 -0.00201 0.00792 -0.00191 0.99996
670428.077512 0.04150 -0.03555 2.05006 -0.00154 0.00779 -0.00094 0.99997
670428.081867 0.03988 -0.03340 2.05349 -0.00149 0.00801 -0.00112 0.99997
670428.082956 0.03607 -0.03982 2.06038 -0.00170 0.00812 -0.00114 0.99996
670428.088401 0.04223 -0.04202 2.09207 -0.00165 0.00827 -0.00079 0.99996
670428.089780 0.04170 -0.03569 2.11823 -0.00173 0.00847 -0.00057 0.99996
670428.093847 0.04075 -0.04475 2.14047 -0.00194 0.00856 -0.00108 0.99996
670428.094935 0.03613 -0.04119 2.14570 -0.00186 0.00873 -0.00146 0.99996
670428.096025 0.03340 -0.05523 2.17702 -0.00234 0.00840 -0.00191 0.99996
670428.097113 0.03753 -0.05326 2.18871 -0.00231 0.00843 -0.00194 0.99996
670428.103647 0.04062 -0.05289 2.24096 -0.00240 0.00856 -0.00177 0.99996
670428.104736 0.04092 -0.05042 2.24859 -0.00225 0.00848 -0.00169 0.99996
670428.105825 0.03907 -0.04720 2.26609 -0.00243 0.00880 -0.00173 0.99996
670428.106914 0.04194 -0.05455 2.27236 -0.00244 0.00879 -0.00119 0.99996
670428.110182 0.04264 -0.04888 2.30716 -0.00237 0.00878 -0.00145 0.99996
670428.113448 0.04302 -0.04229 2.26390 -0.00207 0.00929 -0.00050 0.99995
670428.113539 0.04013 -0.04415 2.23817 -0.00193 0.00918 -0.00078 0.99996
670428.116716 0.04259 -0.04729 2.26905 -0.00211 0.00926 -0.00051 0.99995
670428.119982 0.04574 -0.04914 2.28844 -0.00219 0.00960 -0.00073 0.99995
670428.121072 0.04667 -0.05102 2.29494 -0.00231 0.00935 -0.00085 0.99995
670428.122160 0.04689 -0.04554 2.30625 -0.00240 0.00935 -0.00021 0.99995
670428.126516 0.04696 -0.04477 2.34565 -0.00205 0.00972 -0.00064 0.99995
670428.128188 0.03887 -0.05441 2.40005 -0.00250 0.00949 -0.00139 0.99995
670428.129783 0.03607 -0.05361 2.42113 -0.00249 0.00968 -0.00184 0.99995
670428.135229 0.04447 -0.05703 2.45442 -0.00263 0.00987 -0.00173 0.99995
670428.137407 0.04289 -0.05461 2.47445 -0.00274 0.00990 -0.00125 0.99995
670428.139585 0.03792 -0.05527 2.49324 -0.00286 0.01007 -0.00177 0.99994
670428.141193 0.04146 -0.05753 2.50891 -0.00298 0.01007 -0.00144 0.99994
670428.141308 0.04151 -0.05469 2.50397 -0.00279 0.01022 -0.00099 0.99994
670428.142851 0.05611 -0.05334 2.46882 -0.00244 0.01005 -0.00065 0.99995
670428.143941 0.05727 -0.05023 2.44532 -0.00263 0.00989 0.00013 0.99995
670428.147341 0.05473 -0.04852 2.44789 -0.00241 0.01005 0.00024 0.99995
670428.149338 0.05779 -0.05126 2.47578 -0.00262 0.01017 0.00045 0.99994
670428.151857 0.04771 -0.04867 2.49722 -0.00252 0.01023 -0.00036 0.99994
670428.153741 0.05804 -0.05200 2.50918 -0.00238 0.01037 0.00023 0.99994
670428.159186 0.05674 -0.05458 2.53367 -0.00237 0.01055 -0.00049 0.99994
670428.163542 0.05512 -0.04972 2.59314 -0.00256 0.01075 -0.00027 0.99994
670428.164632 0.05025 -0.05771 2.65549 -0.00293 0.01074 -0.00111 0.99994
670428.165720 0.04518 -0.05828 2.68987 -0.00308 0.01077 -0.00159 0.99994
670428.168988 0.04746 -0.05957 2.70478 -0.00305 0.01088 -0.00151 0.99994
670428.173343 0.04675 -0.05576 2.72927 -0.00286 0.01109 -0.00110 0.99993
670428.176610 0.05176 -0.06266 2.75725 -0.00299 0.01127 -0.00177 0.99993
670428.179013 0.05879 -0.05050 2.71054 -0.00213 0.01106 -0.00108 0.99994
670428.179877 0.06047 -0.04644 2.66444 -0.00191 0.01103 -0.00030 0.99994
670428.186539 0.06273 -0.05795 2.69389 -0.00229 0.01144 -0.00017 0.99993
670428.189679 0.05637 -0.05668 2.74010 -0.00231 0.01173 -0.00056 0.99993
670428.191255 0.05704 -0.04870 2.73715 -0.00188 0.01174 -0.00061 0.99993
670428.194035 0.06452 -0.05294 2.75608 -0.00205 0.01161 -0.00023 0.99993
670428.197301 0.05693 -0.06213 2.82609 -0.00273 0.01183 -0.00056 0.99993
670428.201657 0.05143 -0.06160 2.89176 -0.00274 0.01205 -0.00109 0.99992
670428.203836 0.05641 -0.06672 2.91746 -0.00283 0.01205 -0.00104 0.99992
670428.204924 0.06295 -0.06498 2.92642 -0.00258 0.01200 -0.00131 0.99992
670428.206014 0.06058 -0.06705 2.93604 -0.00287 0.01201 -0.00068 0.99992
670428.208192 0.06286 -0.06993 2.95040 -0.00268 0.01213 -0.00109 0.99992
670428.211458 0.06191 -0.06431 2.97768 -0.00271 0.01230 -0.00086 0.99992
670428.214726 0.05824 -0.06344 3.02212 -0.00265 0.01253 -0.00056 0.99992
670428.215814 0.06582 -0.05530 2.94771 -0.00222 0.01249 -0.00030 0.99992
670428.220170 0.06343 -0.06368 2.91830 -0.00225 0.01268 -0.00002 0.99992
670428.222348 0.06830 -0.06093 2.93775 -0.00221 0.01287 -0.00011 0.99991
670428.223641 0.07186 -0.06164 2.94579 -0.00219 0.01274 0.00016 0.99992
670428.225615 0.06824 -0.05898 2.97055 -0.00208 0.01291 0.00030 0.99991
670428.227793 0.05621 -0.06410 3.03420 -0.00268 0.01290 -0.00079 0.99991
670428.233239 0.05615 -0.06481 3.07531 -0.00262 0.01316 -0.00116 0.99991
670428.235414 0.06560 -0.06596 3.11277 -0.00244 0.01335 -0.00183 0.99991
670428.236505 0.06765 -0.06074 3.03096 -0.00192 0.01313 -0.00022 0.99991
670428.238683 0.06906 -0.06301 3.03299 -0.00218 0.01319 -0.00025 0.99991
670428.239289 0.07164 -0.06398 3.03609 -0.00189 0.01327 -0.00041 0.99991
670428.244128 0.07494 -0.06740 3.07342 -0.00204 0.01336 -0.00035 0.99991
670428.246306 0.07659 -0.06583 3.07978 -0.00196 0.01360 -0.00024 0.99991
670428.247395 0.07457 -0.06731 3.08409 -0.00198 0.01367 -0.00033 0.99990
670428.249574 0.07525 -0.07291 3.09368 -0.00199 0.01371 -0.00050 0.99990
670428.251752 0.06316 -0.07244 3.17002 -0.00255 0.01388 -0.00110 0.99990
670428.253930 0.05703 -0.06643 3.21257 -0.00226 0.01388 -0.00158 0.99990
670428.256466 0.05161 -0.06698 3.21378 -0.00242 0.01427 -0.00136 0.99989
670428.258518 0.05893 -0.07086 3.23263 -0.00240 0.01411 -0.00134 0.99990
670428.261645 0.05828 -0.06350 3.26143 -0.00208 0.01431 -0.00157 0.99989
670428.263730 0.06342 -0.06311 3.27362 -0.00224 0.01420 -0.00125 0.99990
670428.266997 0.06000 -0.06951 3.29793 -0.00221 0.01439 -0.00101 0.99989
670428.269175 0.05948 -0.06685 3.29856 -0.00201 0.01468 -0.00130 0.99989
670428.273531 0.06308 -0.06896 3.32696 -0.00187 0.01482 -0.00163 0.99989
670428.275709 0.08013 -0.06955 3.28810 -0.00136 0.01468 -0.00094 0.99989
670428.281155 0.08442 -0.07512 3.29258 -0.00131 0.01499 -0.00037 0.99989
670428.286599 0.09073 -0.07816 3.35334 -0.00121 0.01494 -0.00041 0.99989
670428.293133 0.08802 -0.08431 3.38967 -0.00131 0.01533 -0.00086 0.99988
670428.294222 0.08692 -0.07506 3.41746 -0.00125 0.01556 -0.00071 0.99988
670428.295511 0.08757 -0.07814 3.41549 -0.00134 0.01552 -0.00062 0.99988
670428.300659 0.08287 -0.08369 3.50131 -0.00179 0.01549 -0.00085 0.99988
670428.300886 0.07889 -0.08001 3.51325 -0.00178 0.01572 -0.00077 0.99987
670428.307379 0.08143 -0.08813 3.55106 -0.00174 0.01590 -0.00124 0.99987
670428.309468 0.08197 -0.07674 3.58556 -0.00150 0.01594 -0.00117 0.99987
670428.312735 0.07904 -0.08184 3.60452 -0.00158 0.01629 -0.00136 0.99987
670428.314913 0.08140 -0.08737 3.61891 -0.00169 0.01640 -0.00183 0.99986
670428.320421 0.08713 -0.07576 3.59029 -0.00096 0.01675 -0.00102 0.99986
670428.321008 0.08941 -0.07629 3.60544 -0.00068 0.01664 -0.00078 0.99986
670428.323625 0.09449 -0.08286 3.61159 -0.00091 0.01680 -0.00026 0.99986
670428.324715 0.09672 -0.08383 3.63486 -0.00069 0.01676 -0.00081 0.99986
670428.326893 0.10148 -0.07827 3.65703 -0.00065 0.01686 -0.00055 0.99986
670428.330159 0.08368 -0.08360 3.72328 -0.00141 0.01684 -0.00125 0.99986
670428.331249 0.08561 -0.08393 3.73656 -0.00137 0.01696 -0.00159 0.99985
670428.335724 0.08763 -0.08433 3.74968 -0.00110 0.01733 -0.00114 0.99985
670428.340126 0.10105 -0.07957 3.71232 -0.00058 0.01721 -0.00055 0.99985
670428.343228 0.10270 -0.08643 3.71347 -0.00077 0.01719 -0.00075 0.99985
670428.345406 0.10698 -0.08309 3.76180 -0.00044 0.01738 -0.00037 0.99985
670428.348605 0.10797 -0.08500 3.77708 -0.00062 0.01749 0.00006 0.99985
670428.349762 0.10542 -0.08420 3.79170 -0.00038 0.01767 -0.00070 0.99984
670428.351940 0.10281 -0.08149 3.79113 -0.00044 0.01763 -0.00049 0.99984
670428.354118 0.10373 -0.08435 3.81555 -0.00050 0.01788 -0.00075 0.99984
670428.355963 0.10922 -0.08335 3.82634 -0.00055 0.01791 -0.00032 0.99984
670428.356296 0.10520 -0.08923 3.83867 -0.00057 0.01796 -0.00061 0.99984
670428.358473 0.09874 -0.09074 3.87898 -0.00115 0.01782 -0.00119 0.99984
670428.363918 0.09679 -0.09392 3.93492 -0.00104 0.01822 -0.00120 0.99983
670428.366097 0.09823 -0.08676 3.94801 -0.00102 0.01817 -0.00099 0.99983
670428.367185 0.10470 -0.09174 3.94564 -0.00097 0.01835 -0.00112 0.99983
670428.368275 0.10140 -0.09446 3.97428 -0.00116 0.01833 -0.00086 0.99983
670428.370453 0.10015 -0.09053 3.97691 -0.00094 0.01835 -0.00110 0.99983
670428.372631 0.10047 -0.09203 3.99620 -0.00067 0.01860 -0.00096 0.99983
670428.373719 0.09417 -0.08476 4.02468 -0.00051 0.01880 -0.00170 0.99982
670428.373731 0.10172 -0.09054 3.95870 -0.00030 0.01879 -0.00050 0.99982
670428.378871 0.10482 -0.09191 3.98581 -0.00017 0.01912 -0.00075 0.99982
670428.382431 0.10709 -0.08666 4.00731 0.00002 0.01924 -0.00067 0.99981
670428.383520 0.10729 -0.09312 4.02292 -0.00020 0.01941 -0.00101 0.99981
670428.384609 0.11321 -0.08016 4.03912 0.00035 0.01941 -0.00129 0.99981
670428.386787 0.11721 -0.09254 4.03608 0.00009 0.01940 -0.00088 0.99981
670428.391144 0.10827 -0.08697 4.08730 0.00013 0.01973 -0.00024 0.99981
670428.392715 0.11343 -0.09183 4.17684 -0.00057 0.01948 -0.00062 0.99981
670428.397678 0.11179 -0.09289 4.21093 -0.00055 0.01978 -0.00059 0.99980
670428.398766 0.10910 -0.09103 4.21304 -0.00037 0.01993 -0.00078 0.99980
670428.400944 0.10818 -0.09365 4.23936 -0.00028 0.02016 -0.00068 0.99980
670428.405300 0.11390 -0.09699 4.25688 -0.00024 0.02030 -0.00080 0.99979
670428.406389 0.11356 -0.10351 4.27712 -0.00082 0.02023 -0.00095 0.99979
670428.407478 0.11514 -0.09985 4.28798 -0.00036 0.02034 -0.00076 0.99979
670428.408567 0.10813 -0.09415 4.30157 -0.00014 0.02043 -0.00094 0.99979
670428.411835 0.11330 -0.09106 4.32911 -0.00007 0.02058 -0.00129 0.99979
670428.414013 0.11002 -0.09203 4.33663 -0.00012 0.02070 -0.00125 0.99978
670428.418369 0.12096 -0.08585 4.28016 0.00062 0.02071 -0.00064 0.99979
670428.420547 0.12496 -0.08836 4.27312 0.00060 0.02067 -0.00047 0.99979
670428.421635 0.12610 -0.09248 4.27759 0.00048 0.02083 -0.00016 0.99978
670428.424903 0.12543 -0.09509 4.29841 0.00061 0.02089 -0.00001 0.99978
670428.429258 0.12583 -0.09005 4.34613 0.00064 0.02129 -0.00039 0.99977
670428.429274 0.12913 -0.08848 4.35714 0.00086 0.02116 -0.00012 0.99978
670428.431436 0.12819 -0.09700 4.36232 0.00053 0.02118 0.00003 0.99978
670428.432525 0.13380 -0.08946 4.36789 0.00067 0.02122 0.00015 0.99977
670428.434461 0.13109 -0.09145 4.37191 0.00079 0.02136 0.00024 0.99977
670428.437970 0.12463 -0.09893 4.45976 0.00025 0.02130 -0.00051 0.99977
670428.439060 0.12203 -0.09941 4.47359 0.00016 0.02153 -0.00071 0.99977
670428.445594 0.11906 -0.10170 4.51751 0.00025 0.02185 -0.00132 0.99976
682551.330479 -0.01581 0.00052 -0.02718 -0.00026 -0.00162 -0.00236 1.00000
682551.335352 -0.03170 0.00490 -0.01422 -0.00037 -0.00339 -0.00214 0.99999
682551.340979 -0.02215 0.00220 0.00795 -0.00078 -0.00445 -0.00226 0.99999
682551.351478 -0.03671 0.00128 0.02955 -0.00098 -0.00583 -0.00151 0.99998
682551.361976 -0.03790 0.00406 0.05289 -0.00093 -0.00710 -0.00307 0.99997
682551.365977 -0.04506 0.00836 0.10228 -0.00084 -0.00791 -0.00253 0.99997
682551.372474 -0.04992 0.00818 0.12064 -0.00083 -0.00925 -0.00277 0.99995
682551.382974 -0.04780 0.00177 0.18450 -0.00051 -0.01011 -0.00232 0.99995
682551.393473 -0.05405 0.00231 0.22043 -0.00095 -0.01144 -0.00331 0.99993
682551.403971 -0.06733 0.00689 0.24975 -0.00116 -0.01273 -0.00510 0.99991
682551.414469 -0.09755 0.00683 0.29484 -0.00108 -0.01412 -0.00496 0.99989
682551.419333 -0.09796 0.00872 0.36320 -0.00144 -0.01507 -0.00426 0.99988
682551.424969 -0.10564 0.00319 0.43023 -0.00147 -0.01591 -0.00337 0.99987
682551.437251 -0.08358 0.01152 0.43361 -0.00162 -0.01686 -0.00339 0.99985
682551.445965 -0.09297 0.01852 0.50573 -0.00152 -0.01816 -0.00234 0.99983
682551.453600 -0.09824 0.01043 0.54198 -0.00106 -0.01945 -0.00325 0.99981
682551.456464 -0.09770 0.01433 0.59891 -0.00115 -0.02010 -0.00187 0.99980
682551.466964 -0.11387 0.01148 0.66835 -0.00166 -0.02109 -0.00244 0.99977
682551.467018 -0.13318 0.00238 0.73768 -0.00183 -0.02069 -0.00266 0.99978
682551.477463 -0.14506 -0.00060 0.77820 -0.00163 -0.02190 -0.00324 0.99975
682551.487960 -0.14726 0.00614 0.82849 -0.00210 -0.02307 -0.00249 0.99973
682551.508958 -0.16429 0.00398 0.84905 -0.00210 -0.02494 -0.00346 0.99968
682551.516523 -0.15648 -0.00120 0.92822 -0.00223 -0.02601 -0.00245 0.99966
682551.520009 -0.16515 0.00155 0.97401 -0.00239 -0.02734 -0.00415 0.99961
682551.529954 -0.16699 0.00520 1.00295 -0.00272 -0.02871 -0.00474 0.99957
682551.533226 -0.17191 0.01241 1.05192 -0.00287 -0.02968 -0.00378 0.99955
682551.550952 -0.18501 0.01166 1.08264 -0.00316 -0.03150 -0.00392 0.99949
682551.551612 -0.18859 0.00412 1.14868 -0.00319 -0.03239 -0.00296 0.99947
682551.560530 -0.20461 0.00591 1.21767 -0.00315 -0.03255 -0.00340 0.99946
682551.573971 -0.21544 0.01058 1.20583 -0.00356 -0.03406 -0.00416 0.99940
682551.582447 -0.23090 0.01028 1.23124 -0.00351 -0.03523 -0.00469 0.99936
682551.592946 -0.23859 0.01678 1.25939 -0.00270 -0.03566 -0.00341 0.99935
682551.595551 -0.23404 0.02179 1.26154 -0.00266 -0.03590 -0.00329 0.99935
682551.603444 -0.23993 0.01406 1.31960 -0.00257 -0.03618 -0.00392 0.99933
682551.613942 -0.24054 0.01489 1.35442 -0.00226 -0.03743 -0.00495 0.99928
682551.623566 -0.23612 0.01754 1.38293 -0.00218 -0.03861 -0.00495 0.99924
682551.624441 -0.23003 0.01810 1.42302 -0.00193 -0.03926 -0.00483 0.99922
682551.625120 -0.24432 0.02072 1.48529 -0.00287 -0.04023 -0.00448 0.99918
682551.638989 -0.25282 0.01714 1.52530 -0.00306 -0.04148 -0.00510 0.99912
682551.645439 -0.26687 0.01722 1.57135 -0.00334 -0.04293 -0.00569 0.99906
682551.645839 -0.27876 0.01755 1.65071 -0.00342 -0.04342 -0.00405 0.99904
682551.655937 -0.28473 0.01406 1.69741 -0.00345 -0.04463 -0.00412 0.99899
682551.666781 -0.29948 0.00883 1.72625 -0.00341 -0.04585 -0.00396 0.99893
682551.676934 -0.29311 -0.00474 1.77327 -0.00279 -0.04584 -0.00343 0.99894
682551.687432 -0.31064 -0.00822 1.83350 -0.00271 -0.04683 -0.00481 0.99889
682551.688640 -0.31677 -0.00094 1.87638 -0.00323 -0.04821 -0.00478 0.99882
682551.697930 -0.31697 -0.00143 1.91749 -0.00372 -0.04947 -0.00431 0.99876
682551.708429 -0.32035 0.00222 1.94249 -0.00345 -0.05052 -0.00619 0.99870
682551.718927 -0.33227 0.01398 1.94791 -0.00377 -0.05201 -0.00585 0.99862
682551.729427 -0.34805 0.01386 1.96796 -0.00276 -0.05238 -0.00552 0.99861
682551.739925 -0.36185 0.00147 2.00376 -0.00266 -0.05337 -0.00544 0.99856
682551.750424 -0.37024 -0.00627 2.03814 -0.00247 -0.05449 -0.00628 0.99849
682551.755330 -0.37069 -0.01885 2.07981 -0.00313 -0.05515 -0.00506 0.99846
682551.760922 -0.37944 -0.01516 2.10121 -0.00373 -0.05639 -0.00596 0.99838
682551.773305 -0.38664 -0.02053 2.14125 -0.00387 -0.05804 -0.00645 0.99829
682551.792417 -0.38672 -0.01935 2.16197 -0.00392 -0.05962 -0.00774 0.99818
682551.793144 -0.39174 -0.00585 2.14538 -0.00406 -0.06104 -0.00794 0.99810
682551.802915 -0.40336 -0.00977 2.16549 -0.00355 -0.06133 -0.00733 0.99808
682551.803231 -0.41045 -0.02634 2.20314 -0.00340 -0.06178 -0.00598 0.99807
682551.813415 -0.41439 -0.02710 2.22964 -0.00352 -0.06295 -0.00542 0.99800
682551.823913 -0.43228 -0.02145 2.24990 -0.00386 -0.06417 -0.00525 0.99792
682551.834412 -0.44090 -0.02093 2.27450 -0.00377 -0.06537 -0.00724 0.99783
682551.844910 -0.44196 -0.02415 2.31363 -0.00387 -0.06592 -0.00878 0.99778
682551.855314 -0.44525 -0.01931 2.32482 -0.00405 -0.06674 -0.00895 0.99772
682551.855315 -0.45220 -0.02717 2.37749 -0.00426 -0.06747 -0.00905 0.99767
682551.876405 -0.45812 -0.01998 2.36779 -0.00434 -0.06912 -0.00897 0.99756
682551.886903 -0.46134 -0.02658 2.40158 -0.00452 -0.07055 -0.00819 0.99746
682551.887131 -0.45977 -0.03577 2.41936 -0.00428 -0.07186 -0.00867 0.99737
682551.897402 -0.46618 -0.03176 2.44658 -0.00425 -0.07348 -0.00949 0.99724
682551.905551 -0.47698 -0.03706 2.42160 -0.00472 -0.07381 -0.00649 0.99724
682551.917968 -0.48521 -0.04187 2.40246 -0.00467 -0.07547 -0.00814 0.99710
682551.918400 -0.49294 -0.02882 2.45074 -0.00494 -0.07621 -0.00867 0.99704
682551.928898 -0.48811 -0.01952 2.46882 -0.00443 -0.07737 -0.00909 0.99695
682551.938409 -0.49475 -0.02077 2.51786 -0.00437 -0.07785 -0.00727 0.99693
682551.939397 -0.50519 -0.03398 2.58732 -0.00450 -0.07879 -0.00666 0.99686
682551.949895 -0.49698 -0.04654 2.58527 -0.00455 -0.08008 -0.00778 0.99675
682551.960393 -0.51661 -0.03711 2.61513 -0.00510 -0.08135 -0.00925 0.99663
682551.970891 -0.54658 -0.04817 2.67159 -0.00512 -0.08254 -0.00998 0.99653
682551.973865 -0.55992 -0.05506 2.69099 -0.00522 -0.08329 -0.00939 0.99647
682551.981390 -0.56954 -0.06280 2.73984 -0.00534 -0.08421 -0.00925 0.99639
682551.991888 -0.58372 -0.05091 2.79633 -0.00524 -0.08545 -0.00973 0.99628
682552.002388 -0.58740 -0.05841 2.80585 -0.00511 -0.08693 -0.00982 0.99615
682552.012886 -0.60052 -0.06858 2.80532 -0.00522 -0.08829 -0.00890 0.99604
682552.014671 -0.61578 -0.06857 2.85629 -0.00533 -0.08889 -0.00755 0.99600
682552.033883 -0.60663 -0.07477 2.86469 -0.00537 -0.09033 -0.00897 0.99586
682552.044381 -0.61212 -0.07191 2.85476 -0.00483 -0.09185 -0.00977 0.99571
682552.054879 -0.63339 -0.07130 2.92119 -0.00532 -0.09305 -0.01191 0.99558
682552.064646 -0.65963 -0.08729 3.03554 -0.00581 -0.09425 -0.01018 0.99548
682552.065378 -0.69018 -0.08036 3.12110 -0.00579 -0.09515 -0.01121 0.99538
682552.070031 -0.71547 -0.08643 3.21181 -0.00570 -0.09578 -0.01237 0.99531
682552.076526 -0.73771 -0.08565 3.30667 -0.00579 -0.09663 -0.01253 0.99522
682552.086487 -0.72852 -0.08082 3.28038 -0.00544 -0.09733 -0.01103 0.99518
682552.096874 -0.73051 -0.08049 3.27776 -0.00532 -0.09863 -0.01069 0.99505
682552.107373 -0.74872 -0.09169 3.32107 -0.00516 -0.10011 -0.01068 0.99491
682552.107682 -0.75166 -0.09749 3.37345 -0.00547 -0.10068 -0.00866 0.99487
682552.117871 -0.76605 -0.10110 3.40301 -0.00565 -0.10226 -0.01202 0.99467
682552.128370 -0.77584 -0.10446 3.40051 -0.00583 -0.10375 -0.01326 0.99450
682552.138867 -0.78140 -0.10555 3.41384 -0.00552 -0.10516 -0.01310 0.99435
682552.140270 -0.80586 -0.09569 3.46916 -0.00565 -0.10596 -0.01357 0.99426
682552.159864 -0.81550 -0.09536 3.52963 -0.00507 -0.10726 -0.01224 0.99414
682552.161996 -0.82973 -0.09570 3.62788 -0.00465 -0.10776 -0.01163 0.99410
682552.180968 -0.84473 -0.09648 3.63709 -0.00456 -0.10916 -0.01459 0.99391
682552.254351 -0.85111 -0.10651 3.64397 -0.00431 -0.10977 -0.01371 0.99385
682552.264850 -0.86375 -0.09250 3.67172 -0.00438 -0.10962 -0.01274 0.99388
682552.275349 -0.85673 -0.08985 3.67733 -0.00435 -0.10986 -0.01214 0.99386
682552.296346 -0.84620 -0.09748 3.69212 -0.00464 -0.11073 -0.01382 0.99374
682552.298052 -0.83493 -0.09293 3.67946 -0.00546 -0.11131 -0.01311 0.99368
682552.306844 -0.81646 -0.09552 3.69533 -0.00559 -0.11089 -0.01340 0.99373
682552.317342 -0.80221 -0.09797 3.67699 -0.00548 -0.11072 -0.01453 0.99373
682552.322263 -0.77591 -0.10401 3.64955 -0.00624 -0.11034 -0.01206 0.99380
682552.327840 -0.76168 -0.11740 3.63593 -0.00597 -0.11029 -0.01176 0.99381
682552.338339 -0.76955 -0.10443 3.66916 -0.00566 -0.11040 -0.01329 0.99378
682552.338766 -0.79743 -0.10134 3.69784 -0.00538 -0.11141 -0.01365 0.99367
682552.343588 -0.80522 -0.10117 3.70436 -0.00540 -0.11204 -0.01420 0.99359
682552.348837 -0.81554 -0.10313 3.69939 -0.00502 -0.11283 -0.01473 0.99349
682552.353967 -0.81900 -0.10311 3.70374 -0.00494 -0.11380 -0.01429 0.99339
682552.354019 -0.82286 -0.08833 3.69025 -0.00469 -0.11439 -0.01599 0.99330
682552.356741 -0.83427 -0.08715 3.68276 -0.00436 -0.11561 -0.01743 0.99313
682552.361961 -0.83992 -0.09662 3.70486 -0.00492 -0.11665 -0.01775 0.99300
682552.365897 -0.84488 -0.09520 3.75020 -0.00494 -0.11710 -0.01915 0.99292
682552.367210 -0.86317 -0.10154 3.78718 -0.00497 -0.11797 -0.01984 0.99281
682552.368522 -0.86796 -0.10863 3.83738 -0.00539 -0.11803 -0.01841 0.99282
682552.373772 -0.87175 -0.10887 3.85898 -0.00511 -0.11890 -0.02006 0.99269
682552.375085 -0.86978 -0.11654 3.87869 -0.00547 -0.11920 -0.01855 0.99268
682552.376397 -0.86531 -0.11204 3.89593 -0.00577 -0.11929 -0.01687 0.99270
682552.388210 -0.87699 -0.11286 3.96595 -0.00631 -0.11939 -0.01352 0.99274
682552.389523 -0.88922 -0.11927 3.97414 -0.00631 -0.12026 -0.01429 0.99262
682552.402647 -0.90057 -0.11194 3.99777 -0.00548 -0.12184 -0.01565 0.99241
682552.418376 -0.89704 -0.13730 4.01313 -0.00575 -0.12364 -0.01666 0.99217
682552.445954 -0.89546 -0.12951 3.96327 -0.00619 -0.12445 -0.01824 0.99204
682552.490847 -0.91012 -0.11452 3.91577 -0.00522 -0.12608 -0.01978 0.99181
682552.515507 -0.90321 -0.12046 3.87692 -0.00487 -0.12662 -0.02137 0.99171
682552.586374 -0.89030 -0.12354 3.84062 -0.00479 -0.12597 -0.02207 0.99178
682552.627256 -0.79385 -0.10134 3.62059 -0.00658 -0.12299 -0.02713 0.99201
682552.657240 -0.81477 -0.09643 3.61491 -0.00731 -0.12385 -0.02692 0.99191
682552.728106 -0.82132 -0.09209 3.65209 -0.00683 -0.12351 -0.02520 0.99200
682552.798972 -0.81733 -0.09519 3.65833 -0.00637 -0.12340 -0.02523 0.99202
682552.841794 -0.81709 -0.08127 3.63199 -0.00600 -0.12332 -0.02385 0.99206
682552.869837 -0.84235 -0.07615 3.68441 -0.00657 -0.12447 -0.02263 0.99194
682552.916461 -0.85148 -0.08216 3.66450 -0.00732 -0.12407 -0.02197 0.99200
682552.940703 -0.86046 -0.08359 3.65838 -0.00800 -0.12257 -0.02233 0.99218
682552.983373 -0.85561 -0.08732 3.67487 -0.00872 -0.12278 -0.02200 0.99215
682553.011570 -0.84437 -0.08115 3.66246 -0.00929 -0.12289 -0.02156 0.99214
682553.054240 -0.84459 -0.06458 3.62691 -0.01052 -0.12317 -0.02144 0.99210
682553.072191 -0.84987 -0.05295 3.62330 -0.01053 -0.12266 -0.02197 0.99215
682553.153302 -0.86676 -0.07580 3.59629 -0.01067 -0.12313 -0.02128 0.99211
682553.195877 -0.89657 -0.07336 3.64013 -0.01138 -0.12245 -0.01921 0.99222
682553.224168 -0.87528 -0.06523 3.62516 -0.01168 -0.12115 -0.02127 0.99234
682553.295033 -0.87118 -0.04738 3.58912 -0.01160 -0.12186 -0.02224 0.99223
682553.339662 -0.86113 -0.03983 3.57469 -0.01240 -0.12232 -0.02209 0.99217
682553.365899 -0.88247 -0.03337 3.59307 -0.01210 -0.12310 -0.02143 0.99209
682553.429568 -0.89068 -0.03015 3.58154 -0.01197 -0.12382 -0.02395 0.99194
682553.436765 -0.90518 -0.05072 3.57811 -0.01145 -0.12377 -0.02182 0.99200
682553.507632 -0.87478 -0.03661 3.55350 -0.01228 -0.12395 -0.02266 0.99195
682553.550864 -0.92210 -0.04920 3.57423 -0.01174 -0.12342 -0.02131 0.99206
682553.570312 -0.90509 -0.07304 3.53187 -0.01178 -0.12523 -0.02049 0.99185
682553.649364 -0.91203 -0.09554 3.50317 -0.01219 -0.12566 -0.02054 0.99179
682553.720229 -0.93897 -0.09497 3.52200 -0.01031 -0.12642 -0.02123 0.99170
682553.764648 -0.94999 -0.06568 3.57046 -0.01002 -0.12643 -0.02082 0.99171
682553.791095 -0.92856 -0.08061 3.48552 -0.01053 -0.12698 -0.01785 0.99169
682553.819267 -0.92182 -0.09414 3.45778 -0.01125 -0.12704 -0.01854 0.99166
682553.842276 -0.93873 -0.09333 3.45037 -0.01215 -0.12714 -0.01887 0.99163
682553.862945 -0.95593 -0.07577 3.49472 -0.01310 -0.12647 -0.01872 0.99171
682553.889521 -0.96827 -0.06184 3.51254 -0.01295 -0.12670 -0.01930 0.99167
682553.922330 -0.95756 -0.04859 3.50835 -0.01315 -0.12599 -0.02020 0.99174
682553.936734 -0.95931 -0.06789 3.53590 -0.01429 -0.12529 -0.02032 0.99181
682553.953825 -0.97015 -0.06389 3.54735 -0.01624 -0.12590 -0.01716 0.99176
682553.966415 -0.98638 -0.10184 3.54447 -0.01815 -0.12592 -0.01542 0.99175
682553.984008 -0.98902 -0.11045 3.56674 -0.01921 -0.12605 -0.01509 0.99172
682553.999756 -0.98311 -0.10511 3.58966 -0.01947 -0.12624 -0.01511 0.99169
682554.003347 -0.99740 -0.12544 3.59138 -0.02047 -0.12632 -0.01163 0.99171
682554.026004 -1.01538 -0.12276 3.61693 -0.02084 -0.12622 -0.00757 0.99175
682554.035189 -1.03166 -0.09819 3.62823 -0.02024 -0.12646 -0.00572 0.99175
682554.038164 -1.02160 -0.11000 3.61751 -0.01988 -0.12552 -0.00487 0.99188
682554.047522 -1.03599 -0.11177 3.65019 -0.01999 -0.12607 -0.00485 0.99181
682554.057430 -1.05142 -0.11703 3.66432 -0.02029 -0.12599 -0.00457 0.99181
682554.075872 -1.05398 -0.12833 3.70639 -0.02038 -0.12611 -0.00386 0.99180
682554.107369 -1.05866 -0.13383 3.69537 -0.02044 -0.12749 -0.00413 0.99162
682827.677775 0.02598 -0.00233 0.04433 -0.00023 0.00151 0.00175 1.00000
682827.684235 0.02897 0.00105 0.15578 -0.00053 0.00279 0.00171 0.99999
682827.689484 0.02597 -0.00299 0.25542 -0.00061 0.00354 0.00112 0.99999
682827.692110 0.01315 -0.00621 0.37594 -0.00065 0.00397 0.00079 0.99999
682827.696503 0.01186 -0.01134 0.45875 -0.00058 0.00443 0.00011 0.99999
682827.702610 0.01329 -0.00165 0.49463 -0.00067 0.00506 0.00025 0.99999
682827.705234 0.01329 -0.00222 0.55765 -0.00058 0.00538 0.00027 0.99999
682827.711079 0.01541 -0.00328 0.58314 -0.00047 0.00577 0.00041 0.99998
682827.718360 0.01696 -0.00784 0.63081 -0.00072 0.00628 0.00012 0.99998
682827.718377 0.01444 -0.00832 0.63148 -0.00066 0.00658 0.00079 0.99998
682827.728860 0.02128 -0.00526 0.71258 -0.00044 0.00696 0.00118 0.99998
682827.734110 0.01934 -0.01099 0.76708 -0.00064 0.00707 0.00178 0.99997
682827.739360 0.02583 0.00013 0.78013 -0.00046 0.00762 0.00129 0.99997
682827.740148 0.02291 -0.01029 0.84415 -0.00058 0.00772 0.00115 0.99997
682827.744609 0.02287 -0.00850 0.89754 -0.00063 0.00828 0.00093 0.99997
682827.749859 0.02501 -0.00052 0.87765 -0.00072 0.00859 0.00038 0.99996
682827.757735 0.02684 -0.00564 0.96447 -0.00090 0.00928 0.00133 0.99996
682827.760359 0.02506 -0.00733 0.97394 -0.00055 0.00899 0.00037 0.99996
682827.764023 0.03441 -0.01337 0.99591 -0.00055 0.00897 0.00047 0.99996
682827.765609 0.02711 -0.01613 0.97795 -0.00051 0.00928 0.00037 0.99996
682827.765985 0.02786 -0.01835 0.95247 0.00003 0.00809 -0.00120 0.99997
682827.770859 0.03062 -0.00419 0.91105 0.00014 0.00768 -0.00084 0.99997
682827.773485 0.03312 -0.00997 0.89861 0.00003 0.00765 0.00043 0.99997
682827.776109 0.04658 -0.00872 0.97366 -0.00063 0.00886 0.00179 0.99996
682827.783985 0.04542 -0.01927 1.07589 -0.00079 0.00982 0.00121 0.99995
682827.789235 0.03726 -0.01060 1.12876 -0.00075 0.01045 0.00096 0.99994
682827.791859 0.03697 -0.01681 1.17260 -0.00079 0.01072 0.00049 0.99994
682827.794485 0.03875 -0.01007 1.19158 -0.00079 0.01085 0.00083 0.99994
682827.798999 0.03040 -0.00972 1.14112 -0.00085 0.01111 0.00015 0.99994
682827.799734 0.02201 -0.00578 1.11884 -0.00065 0.01083 -0.00019 0.99994
682827.804984 0.02464 -0.01476 1.14520 -0.00045 0.01095 -0.00104 0.99994
682827.807610 0.02163 -0.01902 1.14012 -0.00083 0.01119 -0.00023 0.99994
682827.808773 0.03757 -0.01827 1.21742 -0.00117 0.01185 0.00146 0.99993
682827.812860 0.04290 -0.02224 1.28355 -0.00147 0.01215 0.00181 0.99992
682827.818110 0.05128 -0.02057 1.29042 -0.00131 0.01267 0.00230 0.99992
682827.822006 0.04626 -0.02326 1.33617 -0.00129 0.01285 0.00128 0.99992
682827.825984 0.04713 -0.01867 1.32405 -0.00129 0.01255 0.00138 0.99992
682827.833860 0.03579 -0.02354 1.34764 -0.00114 0.01316 0.00060 0.99991
682827.839110 0.02953 -0.02570 1.34394 -0.00120 0.01374 0.00050 0.99990
682827.841734 0.02145 -0.02549 1.34702 -0.00121 0.01413 -0.00033 0.99990
682827.842935 0.03020 -0.02457 1.38537 -0.00095 0.01414 -0.00029 0.99990
682827.844360 0.02681 -0.02491 1.40374 -0.00100 0.01442 -0.00077 0.99990
682827.852234 0.04952 -0.02394 1.48020 -0.00117 0.01535 0.00135 0.99988
682827.854859 0.06319 -0.02435 1.53944 -0.00121 0.01551 0.00161 0.99988
682827.857485 0.05426 -0.01920 1.58007 -0.00102 0.01562 0.00186 0.99988
682827.867985 0.06699 -0.02122 1.63636 -0.00141 0.01622 0.00277 0.99986
682827.870609 0.07021 -0.02160 1.66208 -0.00131 0.01638 0.00270 0.99986
682827.873235 0.07215 -0.02704 1.66171 -0.00131 0.01667 0.00223 0.99986
682827.886359 0.07692 -0.02848 1.74468 -0.00167 0.01764 0.00283 0.99984
682827.891609 0.07602 -0.03047 1.74779 -0.00134 0.01770 0.00103 0.99984
682827.892205 0.07013 -0.02219 1.77745 -0.00099 0.01779 0.00120 0.99984
682827.896859 0.07200 -0.02176 1.82045 -0.00092 0.01812 0.00131 0.99983
682827.904735 0.07934 -0.02546 1.83965 -0.00102 0.01859 0.00161 0.99983
682827.912610 0.08285 -0.02606 1.90675 -0.00120 0.01929 0.00182 0.99981
682827.913177 0.08208 -0.03073 1.96585 -0.00156 0.01964 0.00176 0.99980
682827.917860 0.09578 -0.03368 1.98572 -0.00162 0.02008 0.00222 0.99979
682827.922166 0.10007 -0.03303 2.03892 -0.00158 0.02042 0.00233 0.99979
682827.925734 0.09080 -0.02999 2.05601 -0.00117 0.02082 0.00157 0.99978
682827.930838 0.09320 -0.02708 2.09854 -0.00137 0.02124 0.00206 0.99977
682827.933248 0.09172 -0.02730 2.12691 -0.00136 0.02136 0.00260 0.99977
682827.936234 0.09607 -0.02687 2.16079 -0.00147 0.02188 0.00212 0.99976
682827.945744 0.09406 -0.03274 2.11982 -0.00097 0.02163 0.00063 0.99977
682827.946734 0.08434 -0.02463 2.15432 -0.00086 0.02209 0.00031 0.99976
682827.954610 0.09321 -0.03038 2.17020 -0.00123 0.02255 0.00110 0.99974
682827.959860 0.09226 -0.02584 2.22029 -0.00107 0.02322 0.00140 0.99973
682827.964237 0.09323 -0.03124 2.23836 -0.00092 0.02342 0.00096 0.99972
682827.967735 0.09780 -0.03132 2.27898 -0.00147 0.02413 0.00206 0.99971
682827.972985 0.09776 -0.03364 2.34908 -0.00159 0.02448 0.00239 0.99970
682827.975609 0.11128 -0.02103 2.39166 -0.00156 0.02485 0.00296 0.99969
682827.980635 0.09801 -0.02218 2.42104 -0.00144 0.02517 0.00217 0.99968
682827.988823 0.10389 -0.02757 2.43919 -0.00161 0.02603 0.00310 0.99965
682827.996609 0.10682 -0.03697 2.44966 -0.00169 0.02659 0.00238 0.99964
682828.012359 0.11807 -0.04064 2.52691 -0.00187 0.02784 0.00348 0.99960
682828.014985 0.12345 -0.04598 2.61241 -0.00236 0.02853 0.00294 0.99959
682828.020234 0.12953 -0.03621 2.67713 -0.00246 0.02877 0.00285 0.99958
682828.022860 0.12881 -0.03966 2.69378 -0.00227 0.02915 0.00318 0.99957
682828.028110 0.12122 -0.03798 2.75257 -0.00233 0.02985 0.00291 0.99955
682828.035984 0.13045 -0.03433 2.79881 -0.00212 0.03042 0.00256 0.99953
682828.043860 0.13519 -0.03710 2.81945 -0.00211 0.03091 0.00262 0.99952
682828.055724 0.14646 -0.04004 2.86927 -0.00240 0.03200 0.00379 0.99948
682828.056984 0.14367 -0.04394 2.88745 -0.00232 0.03228 0.00253 0.99947
682828.062234 0.13943 -0.04340 2.96352 -0.00274 0.03302 0.00196 0.99945
682828.067484 0.13974 -0.04482 3.00364 -0.00274 0.03343 0.00253 0.99943
682828.072734 0.14111 -0.04223 3.01915 -0.00286 0.03423 0.00217 0.99941
682828.085859 0.15968 -0.03613 3.09435 -0.00290 0.03509 0.00273 0.99938
682828.088485 0.16298 -0.04671 3.16788 -0.00295 0.03555 0.00290 0.99936
682828.093735 0.17095 -0.02981 3.25375 -0.00277 0.03592 0.00228 0.99935
682828.103759 0.17117 -0.02102 3.31696 -0.00297 0.03682 0.00249 0.99931
682828.106621 0.16730 -0.01830 3.34513 -0.00294 0.03724 0.00284 0.99930
682828.109485 0.16751 -0.01926 3.37491 -0.00287 0.03778 0.00309 0.99928
682828.122609 0.17383 -0.02748 3.40169 -0.00298 0.03855 0.00261 0.99925
682828.125235 0.17607 -0.03120 3.44965 -0.00293 0.03903 0.00115 0.99923
682828.135734 0.18818 -0.02860 3.48200 -0.00311 0.03990 0.00245 0.99920
682828.138360 0.18973 -0.02752 3.52260 -0.00315 0.04015 0.00272 0.99919
682828.140984 0.20196 -0.03228 3.55632 -0.00315 0.04050 0.00303 0.99917
682828.143610 0.19617 -0.02094 3.57215 -0.00348 0.04054 0.00222 0.99917
682828.151238 0.19026 -0.01808 3.62102 -0.00348 0.04105 0.00301 0.99915
682828.154110 0.20970 -0.01937 3.63405 -0.00344 0.04165 0.00300 0.99912
682828.158375 0.20456 -0.02528 3.67134 -0.00368 0.04171 0.00246 0.99912
682828.161984 0.20604 -0.03020 3.70088 -0.00398 0.04251 0.00338 0.99908
682828.167234 0.19429 -0.03815 3.72030 -0.00375 0.04329 0.00251 0.99905
682828.169860 0.20203 -0.03164 3.75685 -0.00365 0.04384 0.00138 0.99903
682828.172484 0.20769 -0.03102 3.77106 -0.00355 0.04398 0.00102 0.99903
682828.177734 0.20959 -0.03320 3.81114 -0.00376 0.04436 0.00149 0.99901
682828.190462 0.20728 -0.03297 3.85371 -0.00365 0.04569 0.00222 0.99895
682828.198735 0.20508 -0.01863 3.92253 -0.00413 0.04645 0.00254 0.99891
682828.200482 0.21080 -0.01931 3.93973 -0.00415 0.04720 0.00180 0.99888
682828.219735 0.22852 -0.01614 3.98685 -0.00449 0.04859 0.00334 0.99880
682828.227609 0.24170 -0.02970 4.08078 -0.00444 0.04972 0.00224 0.99875
682828.230881 0.23705 -0.02663 4.16637 -0.00432 0.04950 0.00123 0.99876
682828.232859 0.24356 -0.01274 4.22924 -0.00425 0.04995 0.00081 0.99874
682828.253860 0.25681 -0.01410 4.27345 -0.00443 0.05170 0.00092 0.99865
682828.259110 0.26981 -0.01705 4.36488 -0.00457 0.05259 0.00135 0.99861
682828.261734 0.27310 -0.00760 4.40413 -0.00431 0.05298 0.00102 0.99859
682828.266984 0.28384 -0.00636 4.45592 -0.00446 0.05338 0.00128 0.99856
682828.272234 0.28804 -0.01149 4.50639 -0.00454 0.05424 0.00124 0.99852
682828.274860 0.30202 -0.01131 4.53478 -0.00458 0.05443 0.00099 0.99851
682828.282734 0.30880 -0.02438 4.56831 -0.00460 0.05528 0.00220 0.99846
682828.290610 0.31935 -0.02921 4.60146 -0.00500 0.05613 0.00165 0.99841
682828.293815 0.32905 -0.02349 4.64248 -0.00477 0.05653 0.00130 0.99839
682828.298484 0.33000 -0.02632 4.70158 -0.00516 0.05710 0.00138 0.99835
682828.308985 0.34340 -0.02125 4.74893 -0.00502 0.05803 0.00215 0.99830
682828.311609 0.35113 -0.02775 4.77447 -0.00528 0.05844 0.00193 0.99827
682828.311988 0.35853 -0.02774 4.76268 -0.00521 0.05851 0.00167 0.99827
682828.319485 0.36538 -0.01792 4.81106 -0.00500 0.05928 0.00205 0.99823
682828.322109 0.36824 -0.01756 4.81389 -0.00522 0.05952 0.00240 0.99821
682828.324735 0.37265 -0.02797 4.81746 -0.00535 0.06001 0.00106 0.99818
682828.329985 0.38588 -0.03004 4.84715 -0.00568 0.06035 0.00154 0.99816
682828.332609 0.39590 -0.03274 4.86585 -0.00567 0.06066 0.00105 0.99814
682828.340322 0.41482 -0.03374 4.91791 -0.00580 0.06131 0.00240 0.99810
682828.345735 0.42184 -0.04064 4.97398 -0.00575 0.06189 0.00312 0.99806
682828.348359 0.41223 -0.04232 5.01645 -0.00590 0.06239 0.00228 0.99803
682828.353609 0.41798 -0.03642 5.06157 -0.00567 0.06306 0.00196 0.99799
682828.357881 0.41194 -0.03153 5.11572 -0.00569 0.06346 0.00187 0.99797
682828.374610 0.44077 -0.01626 5.14928 -0.00617 0.06511 0.00318 0.99785
682828.378407 0.44171 -0.01598 5.15164 -0.00618 0.06514 0.00321 0.99785
682828.385110 0.47407 -0.01839 5.25429 -0.00638 0.06645 0.00282 0.99777
682828.387734 0.46672 -0.02283 5.29424 -0.00636 0.06712 0.00176 0.99772
682828.390407 0.46497 -0.02351 5.35396 -0.00603 0.06774 0.00243 0.99768
682828.395610 0.47485 -0.02326 5.40366 -0.00610 0.06858 0.00196 0.99762
682828.406110 0.47085 -0.02269 5.46061 -0.00625 0.06972 0.00166 0.99755
682828.408314 0.46579 -0.01854 5.47502 -0.00642 0.07023 0.00182 0.99751
682828.421859 0.49265 -0.01456 5.54634 -0.00656 0.07161 0.00209 0.99741
682828.427109 0.49576 -0.01386 5.57085 -0.00666 0.07254 0.00151 0.99734
682828.434985 0.50722 -0.00402 5.68288 -0.00662 0.07364 0.00203 0.99726
682828.442859 0.50984 0.00755 5.70717 -0.00655 0.07457 0.00249 0.99719
682828.448277 0.51361 -0.00163 5.77010 -0.00653 0.07538 0.00154 0.99713
682828.450735 0.53381 -0.01292 5.84351 -0.00703 0.07596 0.00056 0.99709
682828.451494 0.52854 -0.02157 5.80779 -0.00714 0.07605 0.00029 0.99708
682828.453359 0.53058 -0.01530 5.84832 -0.00693 0.07606 0.00173 0.99708
682828.455985 0.53475 -0.00066 5.87956 -0.00684 0.07642 0.00124 0.99705
682828.457663 0.54587 -0.01082 5.89962 -0.00680 0.07673 0.00065 0.99703
682828.458609 0.53790 -0.01216 5.89544 -0.00722 0.07701 0.00161 0.99700
682828.459478 0.54459 -0.01596 5.85559 -0.00703 0.07728 0.00025 0.99698
682828.463859 0.55049 -0.01370 5.90527 -0.00710 0.07743 0.00061 0.99697
682828.466485 0.55347 -0.00877 5.95583 -0.00719 0.07769 0.00217 0.99695
682828.476984 0.57570 -0.00182 5.99425 -0.00692 0.07886 0.00253 0.99686
682828.479610 0.57093 0.00079 6.01697 -0.00712 0.07955 0.00179 0.99680
682828.482234 0.58483 0.01143 6.10057 -0.00710 0.08019 0.00123 0.99675
682828.487484 0.58341 -0.00355 6.06711 -0.00718 0.08076 0.00090 0.99671
682828.490110 0.59606 0.00210 6.02032 -0.00692 0.08092 0.00179 0.99669
682828.495360 0.59775 0.00436 6.08850 -0.00675 0.08139 0.00219 0.99666
682828.500007 0.60807 -0.00709 6.12352 -0.00677 0.08185 0.00143 0.99662
682828.503234 0.60315 -0.01304 6.19117 -0.00698 0.08287 0.00066 0.99654
682828.508484 0.60876 -0.01472 6.20896 -0.00719 0.08374 0.00044 0.99646
682828.509331 0.61721 0.00378 6.27406 -0.00704 0.08368 0.00109 0.99647
682828.511110 0.63116 0.01079 6.21482 -0.00694 0.08384 -0.00032 0.99646
682828.513734 0.63507 0.00300 6.23528 -0.00651 0.08417 0.00006 0.99643
682828.514496 0.63514 0.00296 6.26176 -0.00701 0.08451 0.00160 0.99640
682828.516360 0.63086 0.00700 6.27111 -0.00679 0.08466 -0.00028 0.99639
682828.518984 0.63170 0.01206 6.30338 -0.00698 0.08518 0.00098 0.99634
682828.521610 0.63825 -0.00312 6.32537 -0.00708 0.08526 0.00130 0.99633
682828.524234 0.63843 -0.01376 6.31364 -0.00710 0.08552 0.00134 0.99631
682828.526859 0.66463 -0.02862 6.30074 -0.00756 0.08579 0.00043 0.99628
682828.539985 0.70315 -0.04107 6.41998 -0.00780 0.08737 0.00107 0.99614
682828.545235 0.69370 -0.04053 6.43741 -0.00821 0.08815 0.00283 0.99607
682828.547859 0.69559 -0.02116 6.51838 -0.00772 0.08873 0.00099 0.99603
682828.549006 0.70148 -0.02020 6.51487 -0.00757 0.08910 0.00100 0.99599
682828.550485 0.70838 -0.01035 6.50565 -0.00837 0.08910 0.00045 0.99599
682828.553109 0.70692 -0.02992 6.55780 -0.00829 0.08919 0.00279 0.99598
682828.555735 0.71502 -0.03639 6.49446 -0.00806 0.08990 0.00305 0.99591
682828.558359 0.72048 -0.01663 6.50270 -0.00802 0.09001 0.00143 0.99591
682828.559797 0.73943 -0.04071 6.53896 -0.00844 0.09036 0.00190 0.99587
682828.560985 0.73982 -0.03818 6.54466 -0.00829 0.09054 0.00070 0.99586
682828.563609 0.72882 -0.02396 6.56881 -0.00825 0.09104 0.00008 0.99581
682828.566235 0.72854 -0.00723 6.59803 -0.00766 0.09148 -0.00042 0.99578
682828.568859 0.73194 -0.03045 6.67062 -0.00783 0.09207 0.00057 0.99572
682861.653445 0.00314 0.02126 -0.07550 -0.00011 0.00085 0.00144 1.00000
682861.695138 0.00717 0.02529 -0.07356 0.00078 0.00058 0.00182 1.00000
682861.709876 -0.00517 0.03650 -0.06970 0.00152 0.00040 0.00096 1.00000
682861.751114 0.01843 0.02094 -0.04880 0.00189 0.00059 0.00177 1.00000
682861.764725 0.03835 0.02253 -0.05771 0.00159 0.00160 0.00437 0.99999
682861.766306 0.04188 0.03427 -0.04199 0.00210 0.00205 0.00379 0.99999
682861.803066 0.04797 0.13043 -0.37766 0.00091 0.00135 0.01533 0.99988
682861.816353 0.02723 0.15724 -0.47890 0.00058 0.00170 0.01516 0.99988
682861.822737 0.00279 0.15830 -0.64470 0.00078 0.00152 0.01578 0.99987
682861.861530 -0.00838 0.16056 -0.70842 0.00042 0.00176 0.01500 0.99989
682861.879165 -0.00256 0.19125 -0.77040 0.00013 0.00225 0.01198 0.99993
682861.926755 0.04139 0.26261 -0.82157 0.00134 0.00272 0.01559 0.99987
682861.935596 0.04193 0.29230 -0.80501 0.00155 0.00234 0.01073 0.99994
682861.972388 0.06404 0.32469 -0.76970 0.00165 0.00131 0.00616 0.99998
682861.984953 0.06905 0.29900 -0.79262 0.00099 0.00056 0.00561 0.99998
682861.992026 0.06738 0.29072 -0.79243 0.00033 0.00107 0.00511 0.99999
682862.312180 -0.02474 -0.00995 -0.12384 0.00019 0.00005 -0.00003 1.00000
682862.327735 -0.02266 0.02837 -0.31183 0.00066 0.00031 -0.00113 1.00000
682862.330606 -0.00441 0.06626 -0.33501 0.00057 0.00059 -0.00134 1.00000
682862.369168 -0.03037 0.06637 -0.34893 0.00086 -0.00003 -0.00030 1.00000
682862.377628 -0.02734 0.02621 -0.17012 0.00071 -0.00088 0.00031 1.00000
682862.387037 -0.05780 0.09065 -0.28522 0.00050 -0.00112 0.00276 1.00000
682862.427597 -0.05181 0.07920 -0.26260 0.00115 -0.00244 0.00451 0.99999
682862.612757 0.02160 -0.00507 0.05214 0.00080 0.00060 0.00040 1.00000
682862.650647 0.05103 -0.00934 0.18674 0.00074 0.00141 0.00184 1.00000
682862.669185 0.07786 0.01626 0.26248 0.00110 0.00095 0.00289 0.99999
682862.705974 0.08282 0.02933 0.22789 0.00298 0.00073 0.00453 0.99999
682862.724252 0.08453 0.02187 0.16187 0.00343 0.00076 0.00572 0.99998
682862.725616 0.06621 0.04193 0.18310 0.00347 0.00074 0.00796 0.99996
682863.116913 0.00424 0.00119 0.01082 -0.00018 0.00010 -0.00067 1.00000
682863.120626 0.02280 -0.00717 -0.01882 -0.00012 0.00020 -0.00212 1.00000
682863.160726 0.04690 0.00192 -0.03825 -0.00018 0.00032 -0.00297 1.00000
682863.177057 0.07693 -0.01610 -0.02811 -0.00024 0.00040 -0.00123 1.00000
682863.216716 0.08069 0.00340 0.00066 -0.00022 0.00075 -0.00027 1.00000
682863.232086 0.09868 0.00712 0.01584 0.00013 0.00096 0.00086 1.00000
682863.233485 0.10342 -0.00748 -0.01792 -0.00011 0.00124 0.00048 1.00000
682863.329252 0.00988 0.01508 -0.06483 0.00037 -0.00039 -0.00228 1.00000
682863.342988 0.03788 0.02403 -0.08516 0.00166 -0.00037 -0.00377 0.99999
682863.346346 0.05378 0.01822 -0.07138 0.00177 -0.00067 -0.00329 0.99999
682863.384460 0.04443 0.02843 -0.04768 0.00211 -0.00028 -0.00164 1.00000
682863.402490 0.04112 0.03073 -0.04975 0.00335 0.00021 -0.00094 0.99999
682863.402775 0.03969 0.04369 -0.03562 0.00436 0.00058 -0.00142 0.99999
682863.442559 0.04392 0.02466 -0.04276 0.00499 0.00151 -0.00376 0.99998
682863.450583 0.04814 0.01880 -0.06269 0.00518 0.00256 -0.00474 0.99997
682863.459205 0.04897 0.03403 -0.09406 0.00502 0.00369 -0.00443 0.99997
682863.501278 0.06056 0.05309 -0.10788 0.00563 0.00359 -0.00374 0.99997
682863.515636 0.05311 0.04408 -0.11868 0.00575 0.00394 -0.00403 0.99997
682863.555892 0.07132 0.04465 -0.13076 0.00650 0.00420 -0.00600 0.99995
682863.567582 0.07329 0.04274 -0.10659 0.00705 0.00452 -0.00646 0.99994
682863.613961 0.06409 0.04254 -0.11598 0.00767 0.00390 -0.00976 0.99992
682863.628495 0.07030 0.03317 -0.08964 0.00747 0.00455 -0.01081 0.99990
682863.674366 0.05648 0.01306 -0.08208 0.00681 0.00425 -0.01024 0.99992
682863.684926 0.06785 -0.00239 -0.00202 0.00666 0.00425 -0.00774 0.99994
682863.730742 0.03178 0.01739 0.00294 0.00791 0.00476 -0.00390 0.99995
682863.741356 0.03801 0.02608 -0.04694 0.00820 0.00464 -0.00229 0.99995
682863.780631 0.04070 0.03344 -0.03275 0.00809 0.00478 0.00008 0.99996
682863.797785 0.03621 0.04090 -0.02627 0.00703 0.00493 0.00135 0.99996
682863.840521 0.03174 0.03582 -0.01033 0.00640 0.00530 0.00135 0.99996
682863.854216 0.03135 0.03219 0.01174 0.00609 0.00569 0.00201 0.99996
682863.893957 0.03282 0.03113 0.01860 0.00645 0.00570 0.00182 0.99996
682863.910646 0.04233 0.02883 0.03394 0.00678 0.00601 -0.00020 0.99996
682863.948372 0.04193 0.03333 0.02175 0.00688 0.00640 -0.00062 0.99996
682863.963888 0.05388 0.04523 -0.01052 0.00678 0.00630 -0.00227 0.99995
682863.967077 0.05969 0.04501 -0.01254 0.00710 0.00644 -0.00355 0.99995
682864.008190 0.05572 0.05228 0.01075 0.00866 0.00620 -0.00372 0.99994
682864.022913 0.05551 0.05872 0.01771 0.00912 0.00654 -0.00242 0.99993
682864.023505 0.07807 0.07055 -0.01842 0.00937 0.00672 -0.00170 0.99993
682864.065061 0.06415 0.08815 -0.02864 0.00991 0.00666 -0.00189 0.99993
682864.079936 0.06391 0.10201 -0.05767 0.01021 0.00716 -0.00197 0.99992
682864.119679 0.06742 0.11398 -0.09967 0.01029 0.00760 -0.00183 0.99992
682864.136366 0.06841 0.10639 -0.11927 0.01020 0.00820 -0.00042 0.99991
682864.180091 0.09086 0.09583 -0.15067 0.00944 0.01056 0.00181 0.99990
682864.192795 0.09575 0.09824 -0.14602 0.00968 0.01061 0.00380 0.99989
682864.235731 0.11413 0.10923 -0.15768 0.00997 0.01058 0.00433 0.99988
682864.249226 0.12332 0.10667 -0.21047 0.00950 0.01058 0.00275 0.99990
682864.290268 0.11311 0.11956 -0.18875 0.01012 0.01147 0.00286 0.99988
682864.305656 0.11722 0.11861 -0.15530 0.01122 0.01253 0.00198 0.99986
682864.342846 0.12120 0.11489 -0.05909 0.01062 0.01416 0.00467 0.99983
682864.362087 0.12214 0.10726 -0.05704 0.01049 0.01505 0.00621 0.99981
682864.399078 0.09537 0.09524 -0.04484 0.01179 0.01499 0.00824 0.99978
682864.418515 0.10599 0.10788 -0.04262 0.01166 0.01519 0.00461 0.99981
682864.456446 0.11267 0.12695 -0.06659 0.01052 0.01559 0.00580 0.99981
682864.474946 0.11085 0.13355 -0.06417 0.01109 0.01623 0.00709 0.99978
682864.514745 0.12508 0.13095 -0.05605 0.01251 0.01643 0.00806 0.99975
682864.531377 0.14370 0.14255 -0.06389 0.01280 0.01587 0.01009 0.99974
682864.569437 0.15259 0.16352 -0.09678 0.01288 0.01448 0.01043 0.99976
682864.587805 0.15514 0.17263 -0.09124 0.01246 0.01477 0.00942 0.99977
682864.631196 0.17475 0.17213 -0.09678 0.01273 0.01518 0.01039 0.99975
682864.640879 0.17592 0.18421 -0.04093 0.01297 0.01587 0.01249 0.99971
682864.644236 0.17602 0.17467 -0.00963 0.01320 0.01591 0.01251 0.99971
682864.683238 0.19472 0.16669 0.04203 0.01197 0.01561 0.01150 0.99974
682864.700666 0.20060 0.16806 0.08566 0.01135 0.01518 0.01098 0.99976
682864.747846 0.20548 0.17920 0.12253 0.01203 0.01535 0.00976 0.99976
682864.757097 0.22083 0.18302 0.10959 0.01154 0.01524 0.00809 0.99978
682864.812839 0.22093 0.19092 0.12029 0.01166 0.01444 0.00899 0.99979
682864.813525 0.21926 0.18327 0.14447 0.01189 0.01402 0.01218 0.99976
682864.852691 0.23002 0.18650 0.16942 0.01180 0.01409 0.01189 0.99976
682864.869956 0.23844 0.19576 0.21149 0.01123 0.01537 0.01072 0.99976
682864.910957 0.22109 0.19577 0.20353 0.01169 0.01519 0.01160 0.99975
682864.926387 0.22458 0.20007 0.19600 0.01101 0.01557 0.01259 0.99974
682864.963885 0.21559 0.18811 0.23146 0.01150 0.01601 0.01583 0.99968
682864.982815 0.21536 0.18136 0.26500 0.01178 0.01642 0.01742 0.99964
682865.024654 0.21015 0.18022 0.26277 0.01168 0.01683 0.01601 0.99966
682865.152107 0.22134 0.19297 0.31077 0.01208 0.01693 0.01408 0.99968
682865.196637 0.22270 0.19414 0.31057 0.01195 0.01601 0.01389 0.99970
682865.248144 0.22506 0.19820 0.31107 0.01199 0.01642 0.01454 0.99969
682865.264966 0.22528 0.18724 0.34010 0.01242 0.01691 0.01525 0.99966
682865.321397 0.22412 0.19757 0.32355 0.01329 0.01701 0.01628 0.99963
682865.361128 0.23933 0.19603 0.30906 0.01333 0.01722 0.01817 0.99960
682865.369908 0.23785 0.18177 0.28826 0.01375 0.01675 0.02014 0.99956
682865.377825 0.23165 0.18083 0.30155 0.01318 0.01621 0.02161 0.99955
682865.418842 0.22281 0.17284 0.28649 0.01260 0.01660 0.02308 0.99952
682865.434256 0.21924 0.18061 0.28602 0.01194 0.01717 0.02071 0.99957
682865.479361 0.24854 0.19315 0.34928 0.01219 0.01689 0.02218 0.99954
682865.528247 0.24643 0.18401 0.32508 0.01239 0.01721 0.02293 0.99951
682865.547117 0.24434 0.19480 0.31940 0.01217 0.01751 0.02347 0.99950
682865.603545 0.25875 0.20668 0.31660 0.01194 0.01845 0.02197 0.99952
682865.645726 0.25879 0.22394 0.36022 0.01126 0.01769 0.02307 0.99951
682865.658864 0.26346 0.21218 0.40646 0.01071 0.01680 0.02288 0.99954
682865.716407 0.25981 0.21899 0.40602 0.00982 0.01703 0.02231 0.99956
682865.772835 0.27172 0.22431 0.42041 0.00899 0.01691 0.02117 0.99959
682865.870195 0.31389 0.22529 0.46274 0.00779 0.01768 0.02506 0.99950
682866.038762 0.30682 0.23057 0.49451 0.00759 0.01751 0.02228 0.99957
682866.111417 0.30337 0.22627 0.49679 0.00701 0.01729 0.02250 0.99957
682866.151791 0.31680 0.22806 0.50365 0.00701 0.01742 0.02381 0.99954
682866.224276 0.31471 0.24065 0.50294 0.00721 0.01712 0.02359 0.99955
682866.383917 0.32837 0.25235 0.52125 0.00737 0.01736 0.02302 0.99956
682866.449996 0.34211 0.24212 0.50357 0.00645 0.01859 0.02322 0.99954
682866.506427 0.34483 0.23235 0.50887 0.00694 0.01948 0.02219 0.99954
682866.562855 0.33890 0.25019 0.51553 0.00741 0.01958 0.02388 0.99950
682866.609791 0.35520 0.25647 0.47463 0.00843 0.01870 0.02396 0.99950
682866.673331 0.32922 0.24236 0.40965 0.00796 0.01828 0.02469 0.99950
682866.732145 0.32412 0.23710 0.38329 0.00810 0.01817 0.02392 0.99952
682866.769752 0.31674 0.24164 0.39645 0.00793 0.01753 0.02510 0.99950
682866.788576 0.31233 0.24603 0.40702 0.00749 0.01767 0.02530 0.99950
682866.845006 0.32346 0.24122 0.41677 0.00849 0.01752 0.02505 0.99950
682866.885262 0.32346 0.24122 0.41677 0.00849 0.01752 0.02505 0.99950
682866.957865 0.31342 0.25139 0.41524 0.00796 0.01683 0.02393 0.99954
682867.121687 0.30578 0.26893 0.41676 0.00740 0.01675 0.02436 0.99954
682867.180964 0.32177 0.25787 0.45277 0.00709 0.01688 0.02447 0.99953
682867.183586 0.31726 0.26014 0.45666 0.00729 0.01715 0.02527 0.99951
682867.240016 0.30843 0.24691 0.45865 0.00746 0.01763 0.02670 0.99946
682867.296447 0.30771 0.24142 0.46704 0.00761 0.01780 0.02796 0.99942
682867.335474 0.31584 0.24412 0.50673 0.00744 0.01737 0.02731 0.99945
682867.352875 0.31253 0.23695 0.53627 0.00702 0.01677 0.02642 0.99949
682867.397823 0.31532 0.23924 0.53504 0.00811 0.01715 0.02664 0.99947
682867.409306 0.32426 0.24150 0.51336 0.00866 0.01760 0.02583 0.99947
682867.465737 0.32647 0.25823 0.49227 0.00814 0.01785 0.02699 0.99944
682867.503643 0.30575 0.25068 0.46043 0.00770 0.01850 0.02730 0.99943
682867.522165 0.30084 0.24852 0.48955 0.00768 0.01862 0.02726 0.99943
682867.567809 0.29065 0.26066 0.51131 0.00694 0.01862 0.02651 0.99945
682867.578596 0.30095 0.24933 0.55901 0.00632 0.01935 0.02670 0.99944
682867.691457 0.30233 0.24048 0.57871 0.00632 0.01957 0.02710 0.99942
682867.747885 0.30711 0.24070 0.55771 0.00562 0.01887 0.02737 0.99943
682867.804316 0.31244 0.23715 0.58461 0.00704 0.01933 0.02655 0.99944
682867.860747 0.30858 0.25361 0.60675 0.00730 0.01983 0.02814 0.99938
682867.903476 0.31744 0.25341 0.61203 0.00776 0.02051 0.02859 0.99935
682867.917175 0.31999 0.24309 0.61554 0.00764 0.02060 0.02836 0.99936
682867.959245 0.31324 0.25665 0.58853 0.00777 0.02004 0.02990 0.99932
682867.973606 0.30408 0.25010 0.60492 0.00839 0.02032 0.02971 0.99932
682868.030036 0.28992 0.24146 0.62104 0.00799 0.02040 0.02902 0.99934
682868.086465 0.28031 0.23224 0.59931 0.00886 0.02104 0.02889 0.99932
682868.142895 0.30254 0.24581 0.58622 0.00891 0.02087 0.03049 0.99928
682868.181238 0.30486 0.25179 0.63794 0.00864 0.02084 0.02953 0.99931
682868.199326 0.30719 0.25335 0.68812 0.00930 0.02079 0.02990 0.99929
682868.255757 0.30892 0.24699 0.68988 0.00984 0.02062 0.03019 0.99928
682868.312185 0.31357 0.25205 0.71151 0.01006 0.02081 0.02982 0.99929
682868.350722 0.31140 0.26799 0.75438 0.00987 0.02060 0.03108 0.99926
682868.368616 0.30347 0.27505 0.78557 0.00999 0.02056 0.03298 0.99919
682868.421112 0.30158 0.29636 0.81709 0.01030 0.02094 0.03490 0.99912
682868.481475 0.29366 0.28529 0.82698 0.01063 0.02064 0.03487 0.99912
682868.574772 0.28692 0.29527 0.95092 0.01081 0.02195 0.03425 0.99911
682868.594336 0.29494 0.30158 0.97736 0.01111 0.02223 0.03457 0.99909
682868.695909 0.32609 0.31817 0.97253 0.01069 0.02168 0.03254 0.99918
682868.763626 0.33431 0.30248 1.01757 0.01079 0.02165 0.03140 0.99921
682868.820056 0.33059 0.30721 0.98421 0.01087 0.02178 0.03155 0.99921
682868.989346 0.33297 0.30262 0.97307 0.01113 0.02165 0.03067 0.99923
682869.082893 0.35212 0.28333 0.98392 0.01240 0.02109 0.03088 0.99922
682869.102205 0.38423 0.27514 0.97951 0.01236 0.02097 0.03096 0.99922
682869.158636 0.38265 0.27755 0.98773 0.01225 0.02026 0.02999 0.99927
682869.197314 0.38047 0.27299 0.97547 0.01218 0.02151 0.03081 0.99922
682869.215066 0.37797 0.28156 0.99223 0.01201 0.02216 0.03185 0.99917
682869.252205 0.37148 0.28549 1.00337 0.01248 0.02288 0.03156 0.99916
682869.271495 0.36828 0.28025 1.03043 0.01302 0.02346 0.03154 0.99914
682869.318347 0.38311 0.27901 1.03307 0.01274 0.02393 0.03107 0.99915
682869.364765 0.39157 0.28205 1.08966 0.01221 0.02494 0.03015 0.99916
682869.384356 0.39951 0.29914 1.08706 0.01253 0.02497 0.03015 0.99915
682869.440787 0.39815 0.30713 1.10468 0.01288 0.02520 0.03014 0.99915
682869.477604 0.39282 0.31283 1.21098 0.01340 0.02620 0.02885 0.99915
682869.497215 0.37231 0.32760 1.20135 0.01323 0.02596 0.02905 0.99915
682869.537739 0.38605 0.31633 1.22508 0.01356 0.02610 0.02957 0.99913
682869.553646 0.39069 0.31176 1.24822 0.01255 0.02633 0.03017 0.99912
682869.595175 0.38843 0.31655 1.28698 0.01250 0.02662 0.03091 0.99909
682869.610077 0.42543 0.32114 1.28770 0.01271 0.02682 0.03216 0.99904
682869.647749 0.41450 0.30685 1.27192 0.01275 0.02673 0.03079 0.99909
682869.666505 0.42151 0.29892 1.27582 0.01295 0.02671 0.03104 0.99908
682869.707404 0.42967 0.29874 1.25141 0.01345 0.02692 0.03163 0.99905
682869.722936 0.43994 0.31653 1.24954 0.01323 0.02703 0.03233 0.99902
682869.766220 0.42600 0.32644 1.25199 0.01321 0.02615 0.03336 0.99901
682869.779366 0.42614 0.32051 1.25496 0.01284 0.02567 0.03483 0.99898
682869.822319 0.42999 0.34274 1.25089 0.01281 0.02436 0.03427 0.99903
682869.892225 0.41888 0.32179 1.23535 0.01276 0.02422 0.03457 0.99903
682869.935799 0.41299 0.35384 1.23510 0.01193 0.02416 0.03148 0.99914
682869.948656 0.41162 0.36796 1.20633 0.01181 0.02398 0.02942 0.99921
682869.986569 0.41213 0.38508 1.24747 0.01182 0.02443 0.02793 0.99924
1033603.302453 0.00834 -0.00223 0.09275 0.00002 0.00063 0.00054 1.00000
1033603.326144 0.01284 -0.00840 0.16760 0.00012 0.00090 0.00037 1.00000
1033603.338300 0.01045 -0.00405 0.23888 -0.00001 0.00072 -0.00005 1.00000
1033603.342781 0.00422 -0.00224 0.26550 -0.00022 0.00076 0.00055 1.00000
1033603.352939 0.00373 -0.00181 0.31180 0.00012 0.00100 0.00035 1.00000
1033603.369667 0.00479 -0.00267 0.36742 0.00019 0.00122 -0.00047 1.00000
1033603.378628 0.00584 -0.00063 0.39083 0.00027 0.00141 -0.00043 1.00000
1033603.387590 0.00099 0.00155 0.43100 0.00043 0.00147 -0.00056 1.00000
1033603.392265 -0.00105 -0.00058 0.45771 0.00005 0.00157 -0.00091 1.00000
1033603.405514 0.00267 0.00379 0.49651 0.00041 0.00167 -0.00036 1.00000
1033603.410057 0.00477 0.00137 0.51791 0.00045 0.00151 -0.00079 1.00000
1033603.423437 0.00317 -0.00058 0.55689 0.00076 0.00154 -0.00157 1.00000
1033603.432399 0.00261 -0.00151 0.59075 0.00064 0.00142 -0.00159 1.00000
1033603.441361 0.00390 -0.00147 0.62667 0.00102 0.00157 -0.00194 1.00000
1033603.450323 0.00183 0.00323 0.65658 0.00081 0.00136 -0.00076 1.00000
1033603.459285 -0.00227 0.01432 0.66894 0.00085 0.00086 -0.00207 1.00000
1033603.468247 -0.00456 0.02175 0.70501 0.00093 0.00058 -0.00123 1.00000
1033603.477208 -0.00690 0.02719 0.73077 0.00115 0.00100 -0.00043 1.00000
1033603.479821 -0.00958 0.02576 0.76214 0.00113 0.00114 -0.00106 1.00000
1033603.495132 0.00793 0.01302 0.80134 0.00171 0.00162 -0.00176 1.00000
1033603.504094 0.00549 0.01023 0.84014 0.00155 0.00169 -0.00189 1.00000
1033603.508575 0.00286 0.00921 0.86327 0.00128 0.00187 -0.00168 1.00000
1033603.518341 0.00117 0.00395 0.90154 0.00111 0.00219 -0.00193 1.00000
1033603.530979 0.00349 0.02023 0.91412 0.00085 0.00139 -0.00119 1.00000
1033603.535460 -0.00298 0.02192 0.93025 0.00104 0.00161 -0.00028 1.00000
1033603.542529 -0.00880 0.02885 0.94669 0.00123 0.00167 -0.00160 1.00000
1033603.553384 0.00853 0.02053 0.98102 0.00164 0.00247 -0.00124 0.99999
1033603.557865 0.00831 0.02047 1.03546 0.00158 0.00236 -0.00135 1.00000
1033603.566826 0.00202 0.02139 1.08645 0.00140 0.00259 -0.00129 0.99999
1033603.575788 0.00309 0.01589 1.12504 0.00105 0.00309 -0.00105 0.99999
1033603.580269 -0.00871 0.02869 1.08145 0.00080 0.00226 -0.00098 1.00000
1033603.589231 -0.00992 0.02298 1.11399 0.00095 0.00233 -0.00223 0.99999
1033603.600225 -0.00804 0.02341 1.15839 0.00111 0.00260 -0.00129 1.00000
1033603.607155 -0.00909 0.02309 1.18306 0.00087 0.00290 -0.00200 0.99999
1033603.612221 -0.00814 0.02616 1.20008 0.00097 0.00285 -0.00158 0.99999
1033603.620597 0.00240 0.01462 1.22659 0.00110 0.00361 -0.00117 0.99999
1033603.621113 0.00108 0.01304 1.24642 0.00136 0.00385 -0.00171 0.99999
1033603.632990 0.00346 0.01043 1.28484 0.00139 0.00399 -0.00194 0.99999
1033603.638097 0.00666 0.01400 1.32194 0.00145 0.00391 -0.00153 0.99999
1033603.643002 -0.00410 0.01559 1.30573 0.00095 0.00324 -0.00255 0.99999
1033603.647483 -0.00569 0.01684 1.32428 0.00106 0.00327 -0.00245 0.99999
1033603.656445 -0.00396 0.01728 1.36015 0.00094 0.00330 -0.00213 0.99999
1033603.660925 -0.00487 0.01921 1.36719 0.00090 0.00352 -0.00215 0.99999
1033603.667164 -0.00198 0.01669 1.38928 0.00098 0.00362 -0.00218 0.99999
1033603.678849 0.01054 0.00983 1.44064 0.00136 0.00432 -0.00169 0.99999
1033603.685906 0.00797 0.01019 1.48364 0.00144 0.00441 -0.00200 0.99999
1033603.694801 0.00717 0.00819 1.51890 0.00155 0.00446 -0.00272 0.99999
1033603.700069 0.00487 0.01097 1.55591 0.00149 0.00463 -0.00212 0.99999
1033603.701253 -0.00196 0.02050 1.52816 0.00119 0.00397 -0.00283 0.99999
1033603.714696 0.00264 0.01977 1.55791 0.00126 0.00397 -0.00291 0.99999
1033603.717508 0.00098 0.02084 1.59190 0.00132 0.00409 -0.00206 0.99999
1033603.723658 0.00249 0.02116 1.60766 0.00129 0.00411 -0.00266 0.99999
1033603.732620 0.00354 0.01755 1.65275 0.00151 0.00427 -0.00285 0.99999
1033603.737100 0.00760 0.00964 1.68288 0.00170 0.00502 -0.00329 0.99998
1033603.746062 0.01064 0.00879 1.70294 0.00172 0.00483 -0.00336 0.99998
1033603.755024 0.01336 0.00718 1.73638 0.00201 0.00516 -0.00360 0.99998
1033603.759505 0.00495 0.01586 1.73587 0.00154 0.00490 -0.00377 0.99998
1033603.763986 0.00341 0.01333 1.75068 0.00130 0.00497 -0.00277 0.99998
1033603.772947 0.00577 0.01407 1.78075 0.00140 0.00497 -0.00305 0.99998
1033603.777428 0.00428 0.01683 1.80804 0.00126 0.00498 -0.00337 0.99998
1033603.790017 0.00861 0.01406 1.84785 0.00141 0.00537 -0.00341 0.99998
1033603.791030 0.01365 0.00462 1.88586 0.00180 0.00582 -0.00343 0.99998
1033603.799833 0.01911 0.00311 1.92948 0.00181 0.00579 -0.00304 0.99998
1033603.804314 0.01546 0.00971 1.95559 0.00209 0.00584 -0.00244 0.99998
1033603.808794 0.01170 0.00985 1.98481 0.00168 0.00585 -0.00327 0.99998
1033603.813275 0.00636 0.01478 1.97357 0.00131 0.00518 -0.00343 0.99998
1033603.822237 0.01109 0.01728 1.99531 0.00144 0.00537 -0.00385 0.99998
1033603.826718 0.00844 0.01718 2.02907 0.00150 0.00545 -0.00355 0.99998
1033603.835680 0.00710 0.01684 2.05434 0.00161 0.00582 -0.00388 0.99997
1033603.835832 0.00701 0.02047 2.06146 0.00149 0.00560 -0.00398 0.99998
1033603.844641 0.01660 0.01002 2.09161 0.00213 0.00620 -0.00337 0.99997
1033603.853603 0.02105 0.00410 2.12890 0.00168 0.00647 -0.00331 0.99997
1033603.858084 0.02276 0.00252 2.15943 0.00174 0.00647 -0.00394 0.99997
1033603.862565 0.02040 0.00641 2.19523 0.00184 0.00612 -0.00398 0.99997
1033603.871527 0.02159 0.00165 2.22978 0.00164 0.00652 -0.00449 0.99997
1033603.876008 0.01158 0.00725 2.22720 0.00119 0.00579 -0.00461 0.99997
1033603.881362 0.01324 0.00847 2.24213 0.00120 0.00585 -0.00443 0.99997
1033603.886447 0.01279 0.00882 2.26166 0.00116 0.00603 -0.00405 0.99997
1033603.893931 0.01431 0.00892 2.29862 0.00107 0.00567 -0.00428 0.99997
1033603.899721 0.01561 0.00443 2.32415 0.00117 0.00615 -0.00431 0.99997
1033603.907374 0.02302 -0.00067 2.37603 0.00176 0.00674 -0.00453 0.99997
1033603.911855 0.02298 -0.00293 2.39884 0.00197 0.00683 -0.00533 0.99996
1033603.920816 0.02143 -0.00290 2.43621 0.00177 0.00715 -0.00520 0.99996
1033603.925297 0.01957 -0.00195 2.46592 0.00169 0.00707 -0.00473 0.99996
1033603.929778 0.02169 -0.00198 2.48219 0.00187 0.00721 -0.00526 0.99996
1033603.935246 0.01106 0.00877 2.47722 0.00165 0.00640 -0.00559 0.99996
1033603.941761 0.01198 0.00665 2.50111 0.00140 0.00645 -0.00463 0.99997
1033603.947702 0.01069 0.01033 2.52362 0.00164 0.00673 -0.00482 0.99996
1033603.956663 0.01236 0.00749 2.56474 0.00141 0.00681 -0.00488 0.99996
1033603.961144 0.02078 -0.00181 2.60549 0.00170 0.00749 -0.00403 0.99996
1033603.965625 0.02419 0.00028 2.63294 0.00219 0.00739 -0.00525 0.99996
1033603.972993 0.02724 -0.00114 2.66128 0.00157 0.00744 -0.00521 0.99996
1033603.974587 0.02409 0.00187 2.67804 0.00202 0.00766 -0.00481 0.99996
1033603.983549 0.02752 -0.00072 2.71025 0.00182 0.00758 -0.00441 0.99996
1033603.988029 0.01659 0.00884 2.70053 0.00143 0.00694 -0.00402 0.99997
1033603.994800 0.01168 0.01036 2.72094 0.00139 0.00747 -0.00457 0.99996
1033604.001472 0.01483 0.01110 2.74202 0.00202 0.00756 -0.00466 0.99996
1033604.005953 0.01430 0.00797 2.77651 0.00167 0.00757 -0.00470 0.99996
1033604.010434 0.02652 0.00172 2.80779 0.00205 0.00818 -0.00416 0.99996
1033604.018854 0.03184 -0.00006 2.83999 0.00218 0.00822 -0.00445 0.99995
1033604.023876 0.02725 0.00199 2.88109 0.00196 0.00817 -0.00473 0.99995
1033604.029873 0.02897 0.00090 2.91049 0.00199 0.00841 -0.00503 0.99995
1033604.032838 0.01545 0.00672 2.87634 0.00191 0.00776 -0.00509 0.99996
1033604.041800 0.02591 0.00615 2.90251 0.00167 0.00785 -0.00511 0.99995
1033604.046281 0.02204 0.00398 2.93279 0.00158 0.00792 -0.00489 0.99996
1033604.050762 0.02181 0.00646 2.95412 0.00168 0.00808 -0.00487 0.99995
1033604.055243 0.02102 0.00393 2.97755 0.00150 0.00802 -0.00503 0.99995
1033604.059723 0.03447 0.00096 3.01592 0.00197 0.00866 -0.00452 0.99995
1033604.065046 0.03441 0.00375 3.03732 0.00208 0.00864 -0.00471 0.99995
1033604.068685 0.03299 0.00162 3.06376 0.00213 0.00850 -0.00470 0.99995
1033604.077085 0.03839 0.00040 3.09096 0.00232 0.00877 -0.00452 0.99995
1033604.082128 0.03432 0.00327 3.12203 0.00225 0.00890 -0.00454 0.99995
1033604.086609 0.02337 0.00242 3.10188 0.00221 0.00841 -0.00542 0.99995
1033604.095570 0.02948 0.00291 3.13919 0.00193 0.00878 -0.00517 0.99995
1033604.100051 0.02607 -0.00133 3.16626 0.00152 0.00871 -0.00518 0.99995
1033604.104532 0.02585 0.00231 3.19551 0.00167 0.00873 -0.00549 0.99995
1033604.109380 0.02381 0.00111 3.21954 0.00184 0.00905 -0.00557 0.99994
1033604.116493 0.03311 -0.00160 3.26148 0.00221 0.00981 -0.00495 0.99994
1033604.122456 0.03486 0.00305 3.30129 0.00242 0.00964 -0.00478 0.99994
1033604.126937 0.03522 0.00291 3.32103 0.00251 0.00988 -0.00460 0.99994
1033604.131417 0.03424 -0.00072 3.34887 0.00234 0.00978 -0.00510 0.99994
1033604.135898 0.03592 -0.00064 3.36390 0.00244 0.01015 -0.00440 0.99994
1033604.140379 0.03025 0.00458 3.34776 0.00234 0.00934 -0.00541 0.99994
1033604.144860 0.02839 0.00273 3.37022 0.00208 0.00951 -0.00542 0.99994
1033604.149341 0.03007 0.00015 3.39291 0.00183 0.00951 -0.00527 0.99994
1033604.153822 0.03024 -0.00028 3.41417 0.00207 0.00945 -0.00544 0.99994
1033604.158303 0.03023 -0.00198 3.44130 0.00191 0.00940 -0.00556 0.99994
1033604.162784 0.04087 -0.00105 3.47945 0.00231 0.01000 -0.00422 0.99994
1033604.171745 0.04719 -0.00133 3.51340 0.00232 0.01000 -0.00406 0.99994
1033604.175186 0.04608 0.00370 3.53662 0.00222 0.01038 -0.00376 0.99994
1033604.180707 0.04582 0.00071 3.56277 0.00249 0.01043 -0.00442 0.99993
1033604.185194 0.04336 -0.00090 3.58594 0.00258 0.01051 -0.00400 0.99993
1033604.194130 0.03633 0.00035 3.58883 0.00253 0.01001 -0.00490 0.99993
1033604.198631 0.03985 0.00173 3.61538 0.00242 0.01000 -0.00528 0.99993
1033604.203111 0.04243 -0.00183 3.63314 0.00245 0.01014 -0.00504 0.99993
1033604.207787 0.03878 -0.00109 3.66518 0.00232 0.01008 -0.00555 0.99993
1033604.212073 0.04594 0.00033 3.70090 0.00286 0.01033 -0.00395 0.99993
1033604.221035 0.05653 -0.00138 3.73550 0.00283 0.01048 -0.00421 0.99993
1033604.225516 0.05353 -0.00110 3.76582 0.00300 0.01058 -0.00420 0.99993
1033604.229997 0.05476 -0.00225 3.78346 0.00316 0.01063 -0.00450 0.99993
1033604.234478 0.05536 -0.00647 3.81009 0.00283 0.01056 -0.00392 0.99993
1033604.238958 0.05561 -0.00750 3.82803 0.00290 0.01070 -0.00454 0.99993
1033604.243913 0.04926 -0.00133 3.82186 0.00249 0.01038 -0.00482 0.99993
1033604.252401 0.05024 -0.00094 3.85918 0.00250 0.01042 -0.00505 0.99993
1033604.257671 0.05411 -0.00230 3.88652 0.00245 0.01067 -0.00490 0.99993
1033604.265844 0.05801 -0.00486 3.93100 0.00287 0.01060 -0.00508 0.99993
1033604.270325 0.06732 -0.00625 3.97833 0.00279 0.01137 -0.00406 0.99992
1033604.274168 0.06143 -0.00659 4.01031 0.00313 0.01116 -0.00363 0.99993
1033604.274805 0.06182 -0.00264 4.02774 0.00318 0.01108 -0.00401 0.99993
1033604.279286 0.06439 -0.00112 4.03257 0.00318 0.01122 -0.00395 0.99992
1033604.288248 0.05955 -0.00420 4.04679 0.00257 0.01082 -0.00492 0.99993
1033604.292729 0.06350 0.00408 4.07485 0.00296 0.01068 -0.00453 0.99993
1033604.297210 0.06323 0.00128 4.09281 0.00303 0.01085 -0.00464 0.99993
1033604.301691 0.06310 0.00240 4.11451 0.00314 0.01102 -0.00420 0.99993
1033604.302003 0.06878 -0.00538 4.13383 0.00323 0.01134 -0.00347 0.99992
1033604.310652 0.07465 -0.00685 4.17456 0.00320 0.01139 -0.00365 0.99992
1033604.319384 0.07890 -0.01005 4.21301 0.00328 0.01149 -0.00348 0.99992
1033604.321159 0.07792 -0.01290 4.22562 0.00311 0.01139 -0.00383 0.99992
1033604.328576 0.08071 -0.01107 4.25901 0.00297 0.01151 -0.00328 0.99992
1033604.333057 0.07131 -0.00521 4.26259 0.00319 0.01139 -0.00432 0.99992
1033604.337538 0.07109 -0.00487 4.27482 0.00317 0.01177 -0.00412 0.99992
1033604.342737 0.07049 -0.00025 4.31439 0.00345 0.01191 -0.00450 0.99991
1033604.348770 0.07181 -0.00138 4.33866 0.00322 0.01185 -0.00411 0.99992
1033604.355461 0.08037 -0.00616 4.38436 0.00347 0.01202 -0.00361 0.99992
1033604.360409 0.08760 -0.00903 4.42431 0.00350 0.01194 -0.00294 0.99992
1033604.364423 0.08486 -0.01126 4.44100 0.00361 0.01204 -0.00338 0.99992
1033604.368904 0.08739 -0.01159 4.46107 0.00324 0.01197 -0.00376 0.99992
1033604.373385 0.08496 -0.01301 4.49212 0.00363 0.01222 -0.00366 0.99991
1033604.377866 0.07809 -0.00468 4.48193 0.00317 0.01192 -0.00469 0.99991
1033604.382350 0.07957 -0.00286 4.49517 0.00328 0.01217 -0.00394 0.99991
1033604.387873 0.08171 0.00044 4.52684 0.00339 0.01196 -0.00338 0.99992
1033604.395789 0.08748 -0.00099 4.57503 0.00350 0.01201 -0.00345 0.99992
1033604.400270 0.08419 -0.00054 4.59595 0.00350 0.01264 -0.00397 0.99991
1033604.406882 0.09519 -0.01111 4.63718 0.00385 0.01247 -0.00326 0.99991
1033604.409232 0.09195 -0.01236 4.65416 0.00376 0.01270 -0.00332 0.99991
1033604.418193 0.09530 -0.01899 4.70806 0.00355 0.01270 -0.00361 0.99991
1033604.422674 0.09525 -0.01660 4.73221 0.00346 0.01277 -0.00342 0.99991
1033604.427155 0.08782 -0.00775 4.72384 0.00340 0.01277 -0.00388 0.99991
1033604.436117 0.09189 -0.00542 4.77001 0.00377 0.01279 -0.00406 0.99990
1033604.440598 0.08940 -0.00563 4.80375 0.00367 0.01283 -0.00415 0.99990
1033604.442002 0.08499 -0.00878 4.81220 0.00339 0.01302 -0.00432 0.99990
1033604.449560 0.09563 -0.00485 4.84756 0.00345 0.01288 -0.00419 0.99990
1033604.454040 0.10277 -0.01477 4.89318 0.00376 0.01299 -0.00370 0.99990
1033604.458521 0.10149 -0.02544 4.92561 0.00355 0.01321 -0.00491 0.99989
1033604.463874 0.09950 -0.02657 4.95175 0.00330 0.01360 -0.00479 0.99989
1033604.471964 0.10717 -0.02416 4.99888 0.00334 0.01320 -0.00388 0.99990
1033604.477397 0.09642 -0.01543 4.99658 0.00272 0.01331 -0.00411 0.99990
1033604.484407 0.09715 -0.01239 5.03015 0.00313 0.01351 -0.00423 0.99989
1033604.489887 0.09623 -0.01007 5.06478 0.00324 0.01377 -0.00489 0.99989
1033604.494368 0.09373 -0.00869 5.09360 0.00353 0.01390 -0.00499 0.99988
1033604.498849 0.09453 -0.00712 5.12191 0.00378 0.01357 -0.00440 0.99989
1033604.503330 0.11305 -0.01959 5.16303 0.00338 0.01356 -0.00372 0.99990
1033604.511299 0.11499 -0.02552 5.20511 0.00326 0.01377 -0.00353 0.99989
1033604.512292 0.11432 -0.02550 5.21746 0.00315 0.01371 -0.00409 0.99989
1033604.521254 0.11869 -0.02810 5.26027 0.00319 0.01385 -0.00386 0.99989
1033604.526601 0.11271 -0.01568 5.26119 0.00310 0.01385 -0.00446 0.99989
1033604.534696 0.11339 -0.01251 5.28039 0.00321 0.01383 -0.00376 0.99989
1033604.539177 0.11895 -0.01348 5.29122 0.00331 0.01404 -0.00339 0.99989
1033604.548139 0.12437 -0.01669 5.34769 0.00300 0.01413 -0.00389 0.99989
1033604.552620 0.11928 -0.01801 5.39537 0.00304 0.01404 -0.00462 0.99989
1033604.557101 0.12215 -0.02986 5.43608 0.00308 0.01398 -0.00390 0.99989
1033604.561581 0.12530 -0.02692 5.48152 0.00297 0.01424 -0.00390 0.99989
1033604.566062 0.12636 -0.02188 5.50520 0.00322 0.01431 -0.00375 0.99989
1033604.570543 0.12751 -0.02881 5.52967 0.00319 0.01435 -0.00408 0.99988
1033604.574923 0.12998 -0.02118 5.51524 0.00300 0.01440 -0.00374 0.99988
1033604.579505 0.13003 -0.01717 5.51625 0.00296 0.01423 -0.00435 0.99988
1033604.583986 0.13164 -0.01813 5.52805 0.00316 0.01451 -0.00366 0.99988
1033604.588467 0.13525 -0.02075 5.56671 0.00300 0.01418 -0.00366 0.99989
1033604.592948 0.13853 -0.02152 5.58250 0.00282 0.01435 -0.00411 0.99988
1033604.597428 0.13233 -0.02493 5.63623 0.00328 0.01472 -0.00415 0.99988
1033604.606390 0.12730 -0.03078 5.69743 0.00291 0.01483 -0.00463 0.99988
1033604.610871 0.12802 -0.02511 5.74965 0.00328 0.01500 -0.00431 0.99987
1033604.615352 0.12831 -0.02218 5.70805 0.00316 0.01478 -0.00462 0.99988
1033604.624314 0.13639 -0.02616 5.73150 0.00302 0.01465 -0.00397 0.99988
1033604.628795 0.14132 -0.02643 5.76842 0.00288 0.01472 -0.00397 0.99988
1033604.637756 0.14419 -0.02306 5.82299 0.00287 0.01471 -0.00400 0.99988
1033604.642237 0.14078 -0.04092 5.86982 0.00280 0.01501 -0.00428 0.99987
1033604.647342 0.13801 -0.03613 5.90682 0.00280 0.01510 -0.00422 0.99987
1033604.655680 0.13872 -0.04205 5.93110 0.00282 0.01528 -0.00396 0.99987
1033604.660161 0.13792 -0.04091 5.98058 0.00275 0.01533 -0.00398 0.99987
1033604.669122 0.14438 -0.03233 5.96605 0.00258 0.01515 -0.00394 0.99987
1033604.673603 0.14696 -0.03445 5.99517 0.00276 0.01536 -0.00436 0.99987
1033604.680664 0.14707 -0.03547 6.04004 0.00260 0.01546 -0.00429 0.99987
1033604.691527 0.15247 -0.03965 6.11499 0.00255 0.01554 -0.00424 0.99987
1033604.696008 0.14783 -0.04114 6.14119 0.00284 0.01551 -0.00369 0.99987
1033604.700489 0.14827 -0.03541 6.18444 0.00280 0.01569 -0.00404 0.99986
1033604.709450 0.14009 -0.04412 6.20893 0.00295 0.01592 -0.00371 0.99986
1033604.716749 0.14909 -0.05047 6.27062 0.00245 0.01571 -0.00447 0.99986
1033604.722893 0.15514 -0.04777 6.26062 0.00261 0.01572 -0.00424 0.99986
1033604.727374 0.15834 -0.04522 6.30630 0.00243 0.01577 -0.00438 0.99986
1033604.731855 0.16200 -0.04371 6.34380 0.00238 0.01579 -0.00405 0.99986
1033604.740816 0.17156 -0.04948 6.38290 0.00236 0.01575 -0.00360 0.99987
1033604.745297 0.15453 -0.05637 6.41484 0.00234 0.01599 -0.00372 0.99986
1033604.749778 0.14712 -0.05197 6.44450 0.00238 0.01626 -0.00398 0.99986
1033604.758740 0.15382 -0.05155 6.48722 0.00227 0.01637 -0.00345 0.99986
1033604.763221 0.15959 -0.04910 6.54404 0.00219 0.01627 -0.00285 0.99986
1033604.772183 0.16655 -0.04907 6.54641 0.00204 0.01615 -0.00411 0.99986
1033604.781144 0.17216 -0.05754 6.59782 0.00195 0.01616 -0.00488 0.99986
1033604.787068 0.16891 -0.05214 6.63853 0.00196 0.01639 -0.00430 0.99985
1033604.790106 0.17168 -0.05031 6.67248 0.00187 0.01631 -0.00407 0.99986
1033604.799068 0.17822 -0.05697 6.70433 0.00174 0.01601 -0.00390 0.99986
1033604.808030 0.18223 -0.05646 6.77576 0.00176 0.01632 -0.00382 0.99986
1033604.812510 0.17184 -0.06460 6.76221 0.00192 0.01655 -0.00368 0.99985
1033604.816991 0.17525 -0.06311 6.81407 0.00167 0.01659 -0.00358 0.99985
1033604.821472 0.18206 -0.06540 6.82492 0.00158 0.01658 -0.00359 0.99985
1033604.830434 0.18444 -0.06398 6.89079 0.00180 0.01656 -0.00354 0.99986
1033604.834915 0.18155 -0.05685 6.87252 0.00152 0.01633 -0.00390 0.99986
1033604.843877 0.17715 -0.06223 6.90650 0.00150 0.01669 -0.00463 0.99985
1033604.848357 0.17538 -0.05865 6.95901 0.00141 0.01666 -0.00480 0.99985
1033604.857319 0.18244 -0.05539 7.03679 0.00150 0.01682 -0.00442 0.99985
1033604.861800 0.18321 -0.05927 7.06014 0.00130 0.01680 -0.00413 0.99985
1033604.866301 0.18832 -0.07101 7.07446 0.00127 0.01690 -0.00385 0.99985
1033604.875243 0.19539 -0.07594 7.09978 0.00128 0.01685 -0.00375 0.99985
1033604.884204 0.20049 -0.08113 7.18708 0.00118 0.01706 -0.00431 0.99984
1033604.888685 0.19387 -0.07374 7.23049 0.00096 0.01696 -0.00380 0.99985
1033604.893166 0.20380 -0.06324 7.21228 0.00092 0.01683 -0.00381 0.99985
1033604.902129 0.20373 -0.07522 7.26634 0.00090 0.01702 -0.00471 0.99984
1033604.906609 0.20730 -0.07397 7.29036 0.00070 0.01694 -0.00421 0.99985
1033604.911197 0.21752 -0.08128 7.30847 0.00072 0.01701 -0.00376 0.99985
1033604.922184 0.21867 -0.07564 7.36809 0.00079 0.01694 -0.00425 0.99985
1033604.929013 0.22050 -0.08808 7.42214 0.00096 0.01697 -0.00438 0.99985
1033604.933494 0.22271 -0.09356 7.45569 0.00069 0.01703 -0.00411 0.99985
1033604.937990 0.22429 -0.08982 7.48253 0.00066 0.01724 -0.00357 0.99984
1033604.946937 0.22438 -0.09895 7.49187 0.00022 0.01697 -0.00409 0.99985
1033604.951418 0.22902 -0.09164 7.52798 0.00024 0.01687 -0.00380 0.99985
1033604.955898 0.22620 -0.08991 7.56853 0.00036 0.01696 -0.00356 0.99985
1033604.960379 0.22821 -0.09418 7.60369 0.00026 0.01708 -0.00387 0.99985
1033604.969341 0.22754 -0.08756 7.64416 0.00025 0.01715 -0.00366 0.99985
1033604.973822 0.23248 -0.09310 7.66633 0.00010 0.01703 -0.00369 0.99985
1033604.978303 0.22635 -0.09117 7.70105 0.00024 0.01734 -0.00313 0.99984
1033604.987265 0.23591 -0.09527 7.75745 0.00031 0.01736 -0.00287 0.99985
1033604.996226 0.23667 -0.10061 7.81169 0.00001 0.01728 -0.00317 0.99985
1033605.000707 0.24937 -0.10266 7.85872 -0.00036 0.01712 -0.00257 0.99985
1033605.005189 0.23728 -0.09488 7.83658 -0.00013 0.01696 -0.00358 0.99985
1033605.014150 0.23904 -0.09543 7.92264 -0.00028 0.01725 -0.00371 0.99984
1033605.023112 0.23870 -0.09838 7.98193 -0.00000 0.01737 -0.00336 0.99984
1033605.027592 0.23540 -0.09506 8.01443 -0.00042 0.01728 -0.00317 0.99985
1033605.032073 0.24267 -0.10516 8.00470 -0.00025 0.01738 -0.00301 0.99984
1033605.036554 0.24842 -0.11095 8.01665 -0.00049 0.01713 -0.00331 0.99985
1033605.041035 0.24712 -0.10946 8.05428 -0.00040 0.01725 -0.00361 0.99984
1033605.049997 0.25891 -0.11270 8.09888 -0.00036 0.01714 -0.00254 0.99985
1033605.054074 0.25662 -0.11389 8.14758 -0.00063 0.01706 -0.00293 0.99985
1033605.063439 0.26013 -0.11202 8.21703 -0.00072 0.01701 -0.00283 0.99985
1033605.067920 0.25643 -0.10406 8.23635 -0.00067 0.01713 -0.00312 0.99985
1033605.072401 0.25577 -0.10653 8.25776 -0.00067 0.01708 -0.00224 0.99985
1033605.081363 0.25827 -0.11021 8.30165 -0.00083 0.01714 -0.00358 0.99985
1033605.085844 0.26508 -0.10742 8.34903 -0.00073 0.01710 -0.00314 0.99985
1033605.090325 0.25931 -0.10524 8.37655 -0.00092 0.01713 -0.00246 0.99985
1033605.094806 0.26322 -0.11487 8.36039 -0.00087 0.01722 -0.00270 0.99985
1033605.103767 0.27570 -0.11471 8.41381 -0.00096 0.01711 -0.00243 0.99985
1033605.108248 0.27783 -0.11590 8.44044 -0.00121 0.01701 -0.00241 0.99985
1033605.116525 0.27676 -0.12129 8.48203 -0.00119 0.01694 -0.00219 0.99985
1033605.121691 0.27903 -0.11378 8.53067 -0.00123 0.01686 -0.00287 0.99985
1033605.130654 0.28361 -0.12372 8.57168 -0.00111 0.01679 -0.00289 0.99985
1033605.135133 0.28380 -0.12478 8.63130 -0.00139 0.01681 -0.00276 0.99985
1033605.139615 0.27789 -0.12024 8.66066 -0.00154 0.01675 -0.00323 0.99985
1033605.148576 0.28957 -0.11875 8.71880 -0.00139 0.01675 -0.00291 0.99985
1033605.153057 0.27933 -0.11515 8.71431 -0.00179 0.01682 -0.00261 0.99985
1033605.157538 0.28313 -0.12241 8.75189 -0.00183 0.01676 -0.00234 0.99986
1033605.166500 0.28904 -0.12175 8.81296 -0.00189 0.01670 -0.00303 0.99985
1033605.170980 0.29136 -0.12310 8.83685 -0.00199 0.01669 -0.00212 0.99986
1033605.175461 0.28993 -0.12355 8.88071 -0.00172 0.01659 -0.00254 0.99986
1033605.181088 0.28918 -0.12875 8.89844 -0.00160 0.01658 -0.00265 0.99986
1033605.184423 0.28892 -0.12252 8.90675 -0.00154 0.01665 -0.00261 0.99986
1033605.193385 0.29504 -0.12423 8.99250 -0.00183 0.01654 -0.00340 0.99986
1033605.196878 0.28622 -0.12906 9.01038 -0.00207 0.01661 -0.00325 0.99985
1033605.202347 0.29353 -0.12465 9.00495 -0.00198 0.01665 -0.00272 0.99986
1033605.211308 0.28994 -0.12066 9.06214 -0.00209 0.01651 -0.00260 0.99986
1033605.220270 0.29558 -0.12326 9.11054 -0.00201 0.01634 -0.00297 0.99986
1033605.224751 0.29511 -0.12295 9.16212 -0.00235 0.01643 -0.00337 0.99986
1033605.229232 0.30107 -0.12527 9.20298 -0.00215 0.01644 -0.00280 0.99986
1033605.233713 0.29710 -0.12404 9.23658 -0.00231 0.01643 -0.00283 0.99986
1033605.239198 0.30101 -0.12027 9.25354 -0.00231 0.01620 -0.00238 0.99986
1033605.247155 0.30256 -0.12284 9.31667 -0.00233 0.01623 -0.00296 0.99986
1033605.256117 0.29437 -0.13079 9.30108 -0.00249 0.01626 -0.00277 0.99986
1033605.260598 0.30393 -0.12868 9.34000 -0.00260 0.01618 -0.00257 0.99986
1033605.265079 0.30899 -0.11987 9.36481 -0.00250 0.01605 -0.00228 0.99987
1033605.269560 0.30546 -0.12728 9.41541 -0.00262 0.01618 -0.00279 0.99986
1033605.275316 0.29412 -0.12490 9.46197 -0.00252 0.01617 -0.00237 0.99986
1033605.280223 0.30695 -0.12192 9.49239 -0.00249 0.01604 -0.00166 0.99987
1033605.283003 0.31171 -0.12744 9.50871 -0.00276 0.01602 -0.00160 0.99987
1033605.289254 0.31319 -0.13054 9.54022 -0.00259 0.01586 -0.00209 0.99987
1033605.296446 0.31424 -0.13032 9.60052 -0.00282 0.01579 -0.00186 0.99987
1033605.305408 0.31152 -0.12738 9.64077 -0.00268 0.01578 -0.00177 0.99987
1033605.309889 0.32096 -0.13156 9.64570 -0.00297 0.01581 -0.00243 0.99987
1033605.318585 0.31815 -0.13134 9.69689 -0.00297 0.01567 -0.00257 0.99987
1033605.318851 0.32779 -0.13233 9.70536 -0.00289 0.01544 -0.00222 0.99987
1033605.327813 0.32457 -0.13537 9.74419 -0.00302 0.01538 -0.00213 0.99987
1033605.332294 0.31792 -0.12920 9.76787 -0.00281 0.01541 -0.00194 0.99988
1033605.336775 0.32815 -0.13167 9.81381 -0.00299 0.01514 -0.00170 0.99988
1033605.345737 0.32348 -0.13231 9.87978 -0.00306 0.01498 -0.00169 0.99988
1033605.350218 0.32357 -0.13120 9.92263 -0.00317 0.01504 -0.00171 0.99988
1033605.354699 0.32300 -0.13724 9.95398 -0.00322 0.01505 -0.00206 0.99988
1033605.359180 0.31987 -0.12557 9.95235 -0.00333 0.01514 -0.00193 0.99988
1033605.366745 0.32363 -0.12782 9.98418 -0.00327 0.01506 -0.00222 0.99988
1033605.372623 0.32625 -0.13467 10.03014 -0.00351 0.01501 -0.00222 0.99988
1033605.377104 0.33262 -0.13106 10.08849 -0.00333 0.01489 -0.00168 0.99988
1033605.386066 0.32769 -0.13064 10.13220 -0.00342 0.01475 -0.00198 0.99988
1033605.395028 0.34391 -0.13536 10.15797 -0.00360 0.01437 -0.00088 0.99989
1033605.400684 0.34712 -0.14162 10.21513 -0.00398 0.01413 -0.00164 0.99989
1033605.408471 0.35019 -0.15062 10.22990 -0.00419 0.01417 -0.00128 0.99989
1033605.417433 0.34888 -0.15301 10.31048 -0.00438 0.01382 -0.00161 0.99989
1033605.426395 0.35924 -0.14131 10.31229 -0.00413 0.01389 -0.00186 0.99989
1033605.430876 0.35589 -0.13523 10.35105 -0.00394 0.01360 -0.00117 0.99990
1033605.439838 0.36633 -0.14442 10.42860 -0.00439 0.01349 -0.00138 0.99990
1033605.444319 0.35535 -0.13308 10.48025 -0.00421 0.01366 -0.00159 0.99990
1033605.448800 0.34877 -0.13458 10.48067 -0.00400 0.01396 -0.00183 0.99989
1033605.457762 0.35657 -0.14270 10.54598 -0.00448 0.01381 -0.00148 0.99989
1033605.462243 0.35629 -0.13553 10.57426 -0.00428 0.01358 -0.00137 0.99990
1033605.466724 0.35247 -0.13798 10.60789 -0.00442 0.01368 -0.00168 0.99990
1033605.475686 0.35952 -0.13807 10.65588 -0.00445 0.01316 -0.00132 0.99990
1033605.484648 0.36752 -0.14205 10.69693 -0.00454 0.01299 -0.00163 0.99990
1033605.489129 0.36567 -0.13843 10.72287 -0.00464 0.01308 -0.00182 0.99990
1033605.493610 0.37717 -0.14099 10.76184 -0.00473 0.01293 -0.00161 0.99990
1033605.498091 0.37451 -0.14374 10.79662 -0.00469 0.01281 -0.00151 0.99991
1033605.502572 0.37235 -0.15236 10.82377 -0.00515 0.01266 -0.00247 0.99990
1033605.507053 0.36218 -0.14502 10.83424 -0.00508 0.01299 -0.00191 0.99990
1033605.513739 0.36143 -0.14891 10.89034 -0.00515 0.01292 -0.00186 0.99990
1033605.520496 0.36220 -0.13920 10.91789 -0.00500 0.01294 -0.00135 0.99990
1033605.529458 0.36918 -0.13879 10.96377 -0.00499 0.01275 -0.00184 0.99990
1033605.533939 0.37176 -0.15219 10.96842 -0.00532 0.01235 -0.00182 0.99991
1033605.538420 0.37856 -0.15721 11.01821 -0.00539 0.01216 -0.00187 0.99991
1033605.547382 0.38559 -0.16187 11.07085 -0.00572 0.01196 -0.00234 0.99991
1033605.551863 0.38280 -0.16103 11.10757 -0.00584 0.01192 -0.00244 0.99991
1033605.560825 0.37897 -0.14953 11.13605 -0.00569 0.01197 -0.00189 0.99991
1033605.565306 0.38498 -0.15330 11.14814 -0.00556 0.01165 -0.00102 0.99992
1033605.572860 0.39898 -0.16004 11.20278 -0.00596 0.01138 -0.00111 0.99992
1033605.574268 0.39454 -0.15881 11.20049 -0.00584 0.01134 -0.00171 0.99992
1033605.579754 0.39358 -0.16570 11.25382 -0.00602 0.01139 -0.00111 0.99992
1033605.587711 0.38743 -0.16926 11.27503 -0.00612 0.01131 -0.00257 0.99991
1033605.592192 0.39012 -0.15444 11.32761 -0.00585 0.01123 -0.00188 0.99992
1033605.596673 0.38921 -0.14882 11.37999 -0.00546 0.01111 -0.00212 0.99992
1033605.601154 0.39229 -0.15249 11.39874 -0.00558 0.01113 -0.00166 0.99992
1033605.605635 0.39368 -0.15467 11.42805 -0.00602 0.01098 -0.00168 0.99992
1033605.610116 0.39627 -0.15920 11.47096 -0.00613 0.01085 -0.00274 0.99992
1033605.614597 0.39776 -0.16170 11.45264 -0.00609 0.01077 -0.00142 0.99992
1033605.623559 0.41093 -0.16732 11.49030 -0.00616 0.01031 -0.00155 0.99993
1033605.628040 0.40303 -0.17250 11.51397 -0.00628 0.01033 -0.00195 0.99993
1033605.633193 0.40031 -0.16852 11.58222 -0.00663 0.01033 -0.00198 0.99992
1033605.641132 0.42132 -0.16682 11.59025 -0.00659 0.00984 -0.00185 0.99993
1033605.645964 0.42661 -0.18369 11.62593 -0.00664 0.00971 -0.00159 0.99993
1033605.650445 0.42689 -0.17787 11.64923 -0.00681 0.00958 -0.00214 0.99993
1033605.654926 0.43193 -0.18883 11.68712 -0.00702 0.00932 -0.00149 0.99993
1033605.659407 0.43507 -0.18621 11.74408 -0.00709 0.00913 -0.00185 0.99993
1033605.663888 0.43526 -0.17970 11.72740 -0.00677 0.00917 -0.00140 0.99993
1033605.668369 0.44452 -0.17995 11.72804 -0.00674 0.00873 -0.00124 0.99994
1033605.672850 0.45125 -0.18665 11.74724 -0.00691 0.00865 -0.00099 0.99994
1033605.677331 0.45215 -0.19383 11.76324 -0.00694 0.00838 -0.00092 0.99994
1033605.686293 0.46155 -0.18807 11.81593 -0.00721 0.00803 -0.00076 0.99994
1033605.695255 0.47079 -0.19804 11.86159 -0.00741 0.00795 -0.00054 0.99994
1033605.699737 0.47996 -0.20765 11.89965 -0.00777 0.00767 -0.00139 0.99994
1033605.704217 0.46985 -0.20210 11.95271 -0.00749 0.00748 -0.00045 0.99994
1033605.708698 0.46186 -0.19314 11.98633 -0.00738 0.00758 -0.00156 0.99994
1033605.717660 0.45520 -0.19424 12.06535 -0.00769 0.00741 -0.00155 0.99994
1033605.722141 0.44660 -0.18370 12.10654 -0.00754 0.00758 -0.00155 0.99994
1033605.726622 0.44768 -0.18350 12.09014 -0.00762 0.00753 -0.00124 0.99994
1033605.731103 0.45242 -0.18527 12.10721 -0.00760 0.00745 -0.00125 0.99994
1033605.735584 0.45609 -0.19274 12.13179 -0.00773 0.00707 -0.00125 0.99994
1033605.740065 0.46345 -0.19249 12.15022 -0.00783 0.00678 -0.00111 0.99995
1033605.744546 0.46806 -0.19780 12.20411 -0.00799 0.00676 -0.00168 0.99994
1033605.749027 0.46767 -0.19209 12.25091 -0.00787 0.00665 -0.00170 0.99995
1033605.753508 0.46070 -0.19059 12.29418 -0.00799 0.00661 -0.00151 0.99995
1033605.762470 0.46538 -0.19141 12.33149 -0.00790 0.00641 -0.00117 0.99995
1033605.766951 0.46904 -0.18905 12.36347 -0.00794 0.00608 -0.00179 0.99995
1033605.771432 0.46479 -0.19064 12.33509 -0.00774 0.00622 -0.00112 0.99995
1033605.777487 0.47390 -0.20528 12.35527 -0.00802 0.00595 -0.00096 0.99995
1033605.784875 0.48402 -0.20415 12.40964 -0.00819 0.00548 -0.00131 0.99995
1033605.789356 0.47164 -0.20182 12.45503 -0.00808 0.00553 -0.00111 0.99995
1033605.798318 0.46399 -0.19818 12.50997 -0.00815 0.00527 -0.00122 0.99995
1033605.802799 0.47623 -0.20112 12.56397 -0.00805 0.00531 -0.00112 0.99995
1033605.807280 0.47721 -0.20151 12.60011 -0.00834 0.00516 -0.00143 0.99995
1033605.811761 0.47318 -0.19797 12.64098 -0.00823 0.00517 -0.00131 0.99995
1033605.816242 0.46475 -0.19612 12.67620 -0.00818 0.00512 -0.00107 0.99995
1033605.825204 0.46390 -0.18569 12.75914 -0.00809 0.00511 -0.00106 0.99995
1033605.829685 0.45785 -0.18721 12.78179 -0.00812 0.00493 -0.00080 0.99995
1033605.838115 0.45438 -0.18724 12.78538 -0.00771 0.00453 -0.00052 0.99996
1033605.843128 0.45964 -0.18957 12.80292 -0.00767 0.00441 -0.00100 0.99996
1033605.849383 0.46965 -0.18893 12.85534 -0.00812 0.00395 -0.00070 0.99996
1033605.855792 0.47060 -0.19223 12.89605 -0.00821 0.00358 -0.00055 0.99996
1033605.861052 0.47557 -0.18826 12.91828 -0.00793 0.00323 -0.00015 0.99996
1033605.865533 0.48892 -0.19934 12.98116 -0.00829 0.00327 -0.00071 0.99996
1033605.871109 0.48977 -0.19810 13.03595 -0.00856 0.00302 -0.00020 0.99996
1033605.878976 0.47665 -0.19024 13.10116 -0.00810 0.00308 0.00036 0.99996
1033605.887938 0.46474 -0.19330 13.18368 -0.00833 0.00284 -0.00024 0.99996
1033605.892419 0.46975 -0.18963 13.12854 -0.00843 0.00265 -0.00036 0.99996
1033605.896900 0.47699 -0.18630 13.12979 -0.00834 0.00210 0.00039 0.99996
1033605.901381 0.47794 -0.18750 13.19556 -0.00806 0.00217 -0.00021 0.99997
1033605.906360 0.47787 -0.18204 13.22142 -0.00825 0.00191 0.00006 0.99996
1033605.914824 0.47706 -0.18316 13.24692 -0.00830 0.00154 0.00030 0.99996
1033605.919305 0.48653 -0.18321 13.34079 -0.00846 0.00182 0.00043 0.99996
1033605.923957 0.48171 -0.19070 13.37835 -0.00851 0.00147 0.00040 0.99996
1033605.932748 0.47673 -0.18711 13.44160 -0.00841 0.00117 0.00025 0.99996
1033605.933457 0.48643 -0.18145 13.44286 -0.00827 0.00100 0.00057 0.99997
1033605.941710 0.47595 -0.18224 13.41663 -0.00818 0.00079 0.00037 0.99997
1033605.946191 0.46466 -0.18266 13.45597 -0.00850 0.00078 0.00111 0.99996
1033605.950672 0.47528 -0.18718 13.48534 -0.00869 0.00035 0.00048 0.99996
1033605.955153 0.48233 -0.19230 13.53795 -0.00861 0.00009 -0.00026 0.99996
1033605.964115 0.48217 -0.18236 13.60606 -0.00866 -0.00051 0.00025 0.99996
1033605.968596 0.47722 -0.17996 13.68121 -0.00859 -0.00032 0.00063 0.99996
1033605.973077 0.47087 -0.17843 13.72043 -0.00872 -0.00017 0.00059 0.99996
1033605.982039 0.46017 -0.18716 13.76397 -0.00878 -0.00054 0.00030 0.99996
1033605.986520 0.46116 -0.17546 13.81717 -0.00885 -0.00067 -0.00003 0.99996
1033605.991001 0.45195 -0.17475 13.86260 -0.00867 -0.00074 0.00022 0.99996
1033605.995482 0.45422 -0.17742 13.82757 -0.00879 -0.00094 -0.00039 0.99996
1033605.999962 0.45183 -0.18528 13.87091 -0.00885 -0.00108 -0.00055 0.99996
1033606.008925 0.46108 -0.19072 13.90622 -0.00911 -0.00170 0.00011 0.99996
1033606.013406 0.47344 -0.19437 13.92566 -0.00887 -0.00215 -0.00019 0.99996
1033606.017887 0.48437 -0.19785 13.95273 -0.00932 -0.00255 0.00115 0.99995
1033606.026849 0.49901 -0.20057 14.00818 -0.00964 -0.00303 0.00007 0.99995
1033606.031330 0.51271 -0.19367 14.07100 -0.00935 -0.00367 0.00076 0.99995
1033606.035811 0.49516 -0.18702 14.10897 -0.00917 -0.00370 0.00110 0.99995
1033606.042246 0.49064 -0.18965 14.08180 -0.00923 -0.00383 0.00079 0.99995
1033606.049254 0.50791 -0.19708 14.09049 -0.00941 -0.00426 0.00069 0.99995
1033606.053735 0.51893 -0.19470 14.11105 -0.00968 -0.00480 0.00051 0.99994
1033606.062697 0.52813 -0.20991 14.14520 -0.00954 -0.00569 0.00151 0.99994
1033606.067178 0.53003 -0.21306 14.20402 -0.00984 -0.00596 0.00099 0.99993
1033606.071659 0.53471 -0.21838 14.23470 -0.00971 -0.00630 0.00184 0.99993
1033606.080621 0.54371 -0.21439 14.30044 -0.00985 -0.00679 0.00139 0.99993
1033606.085102 0.54423 -0.21650 14.34482 -0.00988 -0.00712 0.00150 0.99992
1033606.089583 0.55828 -0.21044 14.37019 -0.00994 -0.00760 0.00101 0.99992
1033606.094064 0.54863 -0.20624 14.46806 -0.00988 -0.00760 0.00083 0.99992
1033606.099243 0.53295 -0.19095 14.44680 -0.00963 -0.00738 0.00067 0.99993
1033606.107507 0.52670 -0.20310 14.47978 -0.00966 -0.00768 0.00059 0.99992
1033606.111988 0.50819 -0.19533 14.50497 -0.00969 -0.00780 0.00050 0.99992
1033606.116469 0.50504 -0.19865 14.51987 -0.00973 -0.00792 0.00100 0.99992
1033606.120950 0.50728 -0.20962 14.55545 -0.00993 -0.00842 0.00151 0.99991
1033606.125431 0.48709 -0.21172 14.61094 -0.01035 -0.00826 0.00074 0.99991
1033606.129912 0.49140 -0.22402 14.64646 -0.01056 -0.00859 0.00137 0.99991
1033606.134393 0.48362 -0.21796 14.68814 -0.01070 -0.00885 0.00148 0.99990
1033606.143355 0.46722 -0.21255 14.72014 -0.01024 -0.00916 0.00124 0.99990
1033606.147836 0.47531 -0.21036 14.79519 -0.01065 -0.00938 0.00136 0.99990
1033606.152317 0.46809 -0.20059 14.75675 -0.01024 -0.00935 0.00047 0.99990
1033606.156798 0.48199 -0.19678 14.80419 -0.01009 -0.00972 0.00097 0.99990
1033606.161279 0.47697 -0.19146 14.83102 -0.00987 -0.01017 0.00110 0.99990
1033606.167778 0.46749 -0.18291 14.88742 -0.00989 -0.01037 0.00138 0.99990
1033606.174722 0.47484 -0.19924 14.89128 -0.01017 -0.01104 0.00243 0.99988
1033606.179203 0.48106 -0.20188 14.95475 -0.01030 -0.01130 0.00177 0.99988
1033606.183684 0.47326 -0.21121 14.97688 -0.01052 -0.01188 0.00168 0.99987
1033606.188165 0.47233 -0.21149 15.00380 -0.01081 -0.01186 0.00185 0.99987
1033606.192646 0.48199 -0.22111 15.01353 -0.01119 -0.01255 0.00216 0.99986
1033606.197127 0.49311 -0.21155 14.98705 -0.01078 -0.01267 0.00196 0.99986
1033606.201220 0.49800 -0.22303 15.01347 -0.01077 -0.01319 0.00218 0.99985
1033606.204885 0.49704 -0.20818 15.03882 -0.01075 -0.01345 0.00200 0.99985
1033606.206089 0.48978 -0.20463 15.09255 -0.01048 -0.01358 0.00229 0.99985
1033606.210570 0.49522 -0.21346 15.10654 -0.01114 -0.01359 0.00225 0.99984
1033606.215051 0.49357 -0.23055 15.11164 -0.01163 -0.01396 0.00221 0.99983
1033606.219532 0.48576 -0.23073 15.13724 -0.01162 -0.01415 0.00200 0.99983
1033606.224013 0.48357 -0.23678 15.17029 -0.01178 -0.01459 0.00281 0.99982
1033606.228494 0.48297 -0.24267 15.20155 -0.01194 -0.01480 0.00207 0.99982
1033606.232975 0.48988 -0.22845 15.20348 -0.01130 -0.01498 0.00195 0.99982
1033606.237456 0.48240 -0.22082 15.22571 -0.01137 -0.01528 0.00214 0.99982
1033606.241937 0.48894 -0.22355 15.23559 -0.01148 -0.01588 0.00196 0.99981
1033606.245418 0.49263 -0.22481 15.23957 -0.01146 -0.01595 0.00202 0.99981
1033606.246418 0.48833 -0.23362 15.24777 -0.01200 -0.01593 0.00224 0.99980
1033606.250899 0.48704 -0.24732 15.23126 -0.01247 -0.01621 0.00247 0.99979
1033606.255380 0.49292 -0.26191 15.25975 -0.01275 -0.01677 0.00249 0.99977
1033606.259861 0.48742 -0.26190 15.28457 -0.01289 -0.01678 0.00179 0.99977
1033606.264342 0.48604 -0.25532 15.31894 -0.01244 -0.01711 0.00239 0.99977
1033606.267708 0.48927 -0.24596 15.33156 -0.01247 -0.01737 0.00273 0.99977
1033606.273304 0.48617 -0.24351 15.35129 -0.01235 -0.01799 0.00285 0.99976
1033606.277785 0.48882 -0.24360 15.40366 -0.01248 -0.01829 0.00244 0.99975
1033606.282266 0.47719 -0.24417 15.43372 -0.01266 -0.01826 0.00236 0.99975
1033606.282344 0.47468 -0.24121 15.45765 -0.01319 -0.01818 0.00245 0.99974
1033606.286747 0.47755 -0.25132 15.49291 -0.01304 -0.01821 0.00166 0.99975
1033606.288682 0.48410 -0.25621 15.50988 -0.01308 -0.01894 0.00186 0.99973
1033606.295709 0.47218 -0.23303 15.49376 -0.01269 -0.01894 0.00234 0.99974
1033606.299723 0.46572 -0.23542 15.52512 -0.01257 -0.01936 0.00251 0.99973
1033606.300190 0.46348 -0.23457 15.53141 -0.01244 -0.01948 0.00216 0.99973
1033606.304671 0.46461 -0.24007 15.52583 -0.01251 -0.01978 0.00202 0.99972
1033606.309152 0.47791 -0.24440 15.59754 -0.01299 -0.02038 0.00175 0.99971
1033606.313633 0.48245 -0.24863 15.64025 -0.01371 -0.02064 0.00178 0.99969
1033606.315002 0.49527 -0.24885 15.65751 -0.01380 -0.02102 0.00153 0.99968
1033606.322595 0.49848 -0.24993 15.72048 -0.01402 -0.02134 0.00195 0.99967
1033606.324917 0.49971 -0.26413 15.71777 -0.01439 -0.02172 0.00205 0.99966
1033606.327076 0.49453 -0.26905 15.63004 -0.01362 -0.02170 0.00222 0.99967
1033606.331557 0.49152 -0.27097 15.63886 -0.01368 -0.02223 0.00253 0.99966
1033606.336038 0.49174 -0.26723 15.62504 -0.01417 -0.02263 0.00273 0.99964
1033606.340376 0.49076 -0.27778 15.65299 -0.01446 -0.02287 0.00247 0.99963
1033606.340519 0.48575 -0.28165 15.64331 -0.01437 -0.02297 0.00271 0.99963
1033606.345000 0.48431 -0.27441 15.77218 -0.01476 -0.02273 0.00230 0.99963
1033606.349481 0.48261 -0.26798 15.80601 -0.01483 -0.02324 0.00242 0.99962
1033606.350142 0.47556 -0.26835 15.83189 -0.01491 -0.02311 0.00199 0.99962
1033606.353962 0.48655 -0.25725 15.83841 -0.01490 -0.02353 0.00233 0.99961
1033606.358443 0.46493 -0.25796 15.91179 -0.01500 -0.02377 0.00239 0.99960
1033606.362924 0.48043 -0.25785 15.84678 -0.01453 -0.02426 0.00239 0.99960
1033606.367405 0.46147 -0.26323 15.84259 -0.01458 -0.02461 0.00308 0.99959
1033606.371886 0.44402 -0.26919 15.84543 -0.01490 -0.02480 0.00243 0.99958
1033606.375533 0.45658 -0.26645 15.86743 -0.01476 -0.02523 0.00238 0.99957
1033606.376367 0.45951 -0.27229 15.91278 -0.01510 -0.02475 0.00198 0.99958
1033606.380848 0.45828 -0.26558 15.98489 -0.01524 -0.02514 0.00209 0.99957
1033606.385329 0.46471 -0.27063 16.01333 -0.01578 -0.02575 0.00233 0.99954
1033606.388723 0.46780 -0.27082 16.03406 -0.01586 -0.02605 0.00242 0.99953
1033606.394291 0.46589 -0.27150 16.07245 -0.01557 -0.02666 0.00247 0.99952
1033606.395599 0.47553 -0.26550 16.02576 -0.01508 -0.02716 0.00238 0.99951
1033606.401696 0.46958 -0.26648 16.05046 -0.01489 -0.02756 0.00224 0.99951
1033606.403253 0.46017 -0.26815 16.07392 -0.01534 -0.02757 0.00161 0.99950
1033606.407734 0.47341 -0.26402 16.09834 -0.01515 -0.02826 0.00168 0.99948
1033606.412215 0.45841 -0.25979 16.12248 -0.01509 -0.02863 0.00174 0.99947
1033606.416696 0.46629 -0.26869 16.17511 -0.01599 -0.02831 0.00205 0.99947
1033606.418727 0.45639 -0.26031 16.22444 -0.01608 -0.02841 0.00160 0.99947
1033606.421177 0.46165 -0.27112 16.19546 -0.01631 -0.02851 0.00206 0.99946
1033606.425658 0.45711 -0.27486 16.22857 -0.01652 -0.02896 0.00182 0.99944
1033606.425993 0.47990 -0.26525 16.18278 -0.01557 -0.02942 0.00195 0.99944
1033606.434620 0.47170 -0.27461 16.21713 -0.01570 -0.03031 0.00195 0.99942
1033606.434901 0.46027 -0.26418 16.24013 -0.01540 -0.03036 0.00189 0.99942
1033606.443582 0.45367 -0.26133 16.28340 -0.01538 -0.03112 0.00165 0.99940
1033606.448058 0.45893 -0.26602 16.34333 -0.01613 -0.03071 0.00208 0.99940
1033606.452544 0.44724 -0.27921 16.36092 -0.01670 -0.03106 0.00173 0.99938
1033606.456799 0.44020 -0.27221 16.40863 -0.01662 -0.03130 0.00134 0.99937
1033606.459745 0.43360 -0.26869 16.45292 -0.01661 -0.03150 0.00176 0.99936
1033606.461506 0.43969 -0.26875 16.36984 -0.01576 -0.03188 0.00177 0.99937
1033606.465987 0.43798 -0.27502 16.37804 -0.01579 -0.03262 0.00191 0.99934
1033606.470468 0.43663 -0.27978 16.40592 -0.01601 -0.03307 0.00197 0.99932
1033606.471121 0.45366 -0.27856 16.40207 -0.01610 -0.03352 0.00252 0.99931
1033606.474949 0.45574 -0.28962 16.40702 -0.01658 -0.03392 0.00253 0.99928
1033606.479430 0.45167 -0.28810 16.47022 -0.01684 -0.03339 0.00166 0.99930
1033606.483911 0.44078 -0.28983 16.50114 -0.01691 -0.03363 0.00213 0.99929
1033606.486162 0.43521 -0.29112 16.51652 -0.01699 -0.03394 0.00177 0.99928
1033606.488392 0.42470 -0.28559 16.57003 -0.01722 -0.03381 0.00187 0.99928
1033606.492873 0.42069 -0.29395 16.52805 -0.01636 -0.03461 0.00173 0.99927
1033606.497354 0.41339 -0.28973 16.52492 -0.01630 -0.03511 0.00194 0.99925
1033606.501835 0.40297 -0.29099 16.57669 -0.01632 -0.03532 0.00171 0.99924
1033606.504555 0.39000 -0.29019 16.62020 -0.01627 -0.03535 0.00186 0.99924
1033606.506316 0.41221 -0.28349 16.62293 -0.01691 -0.03488 0.00221 0.99925
1033606.510797 0.40284 -0.27241 16.66106 -0.01694 -0.03513 0.00220 0.99924
1033606.515278 0.39410 -0.28533 16.68004 -0.01700 -0.03581 0.00189 0.99921
1033606.519759 0.38079 -0.29436 16.69501 -0.01726 -0.03622 0.00285 0.99919
1033606.522877 0.39901 -0.29115 16.66735 -0.01647 -0.03699 0.00188 0.99918
1033606.524240 0.40650 -0.29043 16.66197 -0.01644 -0.03737 0.00184 0.99916
1033606.532635 0.39582 -0.30074 16.71731 -0.01651 -0.03828 0.00193 0.99913
1033606.533202 0.40102 -0.29383 16.75720 -0.01649 -0.03835 0.00199 0.99913
1033606.537683 0.39979 -0.29387 16.76067 -0.01730 -0.03771 0.00272 0.99914
1033606.542164 0.38646 -0.29961 16.81062 -0.01734 -0.03812 0.00206 0.99912
1033606.546645 0.36541 -0.29401 16.84263 -0.01732 -0.03844 0.00282 0.99911
1033606.551126 0.36879 -0.29312 16.90153 -0.01726 -0.03879 0.00180 0.99910
1033606.552306 0.38077 -0.28810 16.85936 -0.01648 -0.03954 0.00187 0.99908
1033606.555607 0.39904 -0.29656 16.87733 -0.01661 -0.03989 0.00207 0.99906
1033606.560088 0.38117 -0.29914 16.90623 -0.01656 -0.04047 0.00224 0.99904
1033606.564569 0.37823 -0.29486 16.93991 -0.01679 -0.04067 0.00293 0.99903
1033606.569050 0.37293 -0.29413 16.97394 -0.01641 -0.04136 0.00275 0.99901
1033606.570133 0.37333 -0.29668 16.97808 -0.01718 -0.04067 0.00302 0.99902
1033606.573531 0.36480 -0.30499 16.96723 -0.01752 -0.04069 0.00390 0.99901
1033606.578012 0.36113 -0.31037 16.98890 -0.01754 -0.04118 0.00356 0.99899
1033606.581271 0.35065 -0.29652 17.05478 -0.01730 -0.04163 0.00322 0.99898
1033606.582493 0.36916 -0.29280 17.00719 -0.01664 -0.04177 0.00291 0.99898
1033606.584095 0.37413 -0.29881 17.00801 -0.01678 -0.04236 0.00372 0.99895
1033606.591455 0.36842 -0.30042 17.02590 -0.01669 -0.04318 0.00279 0.99892
1033606.595936 0.36713 -0.30328 17.09326 -0.01671 -0.04375 0.00395 0.99889
1033606.597532 0.36421 -0.28974 17.12467 -0.01712 -0.04307 0.00374 0.99892
1033606.600417 0.36159 -0.29946 17.13275 -0.01727 -0.04338 0.00379 0.99890
1033606.604898 0.35315 -0.30410 17.15065 -0.01735 -0.04376 0.00380 0.99888
1033606.609379 0.34920 -0.30923 17.18949 -0.01754 -0.04432 0.00354 0.99886
1033606.613860 0.34406 -0.30607 17.15662 -0.01661 -0.04484 0.00304 0.99885
1033606.618341 0.34456 -0.30246 17.19127 -0.01660 -0.04527 0.00284 0.99883
1033606.619785 0.34214 -0.30851 17.19349 -0.01679 -0.04550 0.00311 0.99882
1033606.622822 0.34330 -0.30173 17.21078 -0.01662 -0.04575 0.00273 0.99881
1033606.627303 0.33785 -0.30930 17.23077 -0.01738 -0.04561 0.00415 0.99880
1033606.631326 0.34336 -0.31198 17.25707 -0.01739 -0.04605 0.00383 0.99878
1033606.631784 0.33758 -0.31307 17.28729 -0.01745 -0.04621 0.00409 0.99877
1033606.636265 0.34430 -0.31670 17.29184 -0.01754 -0.04644 0.00443 0.99876
1033606.638152 0.32199 -0.30827 17.33881 -0.01748 -0.04677 0.00430 0.99874
1033606.640746 0.33130 -0.30532 17.30362 -0.01665 -0.04691 0.00350 0.99875
1033606.645227 0.34054 -0.30435 17.30866 -0.01638 -0.04783 0.00327 0.99872
1033606.648710 0.34439 -0.30323 17.32463 -0.01669 -0.04847 0.00381 0.99868
1033606.649708 0.34285 -0.30250 17.36303 -0.01662 -0.04851 0.00404 0.99868
1033606.654189 0.33522 -0.30684 17.40600 -0.01722 -0.04824 0.00458 0.99868
1033606.658316 0.32723 -0.31148 17.42989 -0.01732 -0.04853 0.00468 0.99866
1033606.658670 0.31747 -0.30948 17.45039 -0.01713 -0.04845 0.00376 0.99867
1033606.663151 0.31035 -0.31309 17.48194 -0.01743 -0.04863 0.00376 0.99866
1033606.667632 0.29603 -0.30836 17.45109 -0.01651 -0.04955 0.00392 0.99863
1033606.672113 0.30195 -0.30901 17.48980 -0.01662 -0.05024 0.00369 0.99859
1033606.675784 0.30546 -0.30367 17.50827 -0.01643 -0.05086 0.00395 0.99856
1033606.676594 0.30371 -0.29764 17.54677 -0.01644 -0.05094 0.00414 0.99856
1033606.681075 0.29783 -0.30845 17.56516 -0.01667 -0.05039 0.00400 0.99858
1033606.684844 0.28797 -0.31791 17.60570 -0.01737 -0.05070 0.00409 0.99855
1033606.685556 0.29155 -0.32408 17.59479 -0.01743 -0.05084 0.00398 0.99855
1033606.690037 0.28587 -0.30816 17.64580 -0.01731 -0.05126 0.00419 0.99853
1033606.694518 0.28479 -0.31023 17.68619 -0.01721 -0.05199 0.00383 0.99849
1033606.698999 0.27155 -0.30356 17.66668 -0.01644 -0.05216 0.00314 0.99850
1033606.703480 0.26637 -0.30100 17.70092 -0.01651 -0.05265 0.00271 0.99847
1033606.707961 0.25998 -0.30568 17.73132 -0.01654 -0.05309 0.00316 0.99845
1033606.712442 0.25888 -0.30733 17.78920 -0.01702 -0.05299 0.00368 0.99844
1033606.716923 0.26204 -0.31089 17.83302 -0.01718 -0.05361 0.00369 0.99841
1033606.721258 0.25407 -0.30955 17.85043 -0.01726 -0.05413 0.00381 0.99838
1033606.721404 0.26382 -0.30332 17.78907 -0.01653 -0.05423 0.00349 0.99839
1033606.725885 0.24333 -0.29393 17.84164 -0.01651 -0.05451 0.00370 0.99837
1033606.730366 0.24620 -0.29684 17.86925 -0.01644 -0.05498 0.00320 0.99835
1033606.734847 0.23583 -0.29283 17.90500 -0.01651 -0.05539 0.00312 0.99832
1033606.739328 0.23935 -0.30275 17.96730 -0.01694 -0.05525 0.00340 0.99832
1033606.740126 0.23732 -0.30315 17.96971 -0.01687 -0.05557 0.00319 0.99831
1033606.743809 0.23329 -0.30949 17.98303 -0.01713 -0.05592 0.00314 0.99828
1033606.748290 0.22729 -0.30046 17.94972 -0.01680 -0.05635 0.00349 0.99826
1033606.752771 0.22394 -0.29819 17.99228 -0.01688 -0.05705 0.00386 0.99822
1033606.753602 0.22614 -0.29154 18.02492 -0.01675 -0.05730 0.00367 0.99821
1033606.757252 0.21278 -0.28759 18.02922 -0.01649 -0.05728 0.00377 0.99822
1033606.761733 0.21488 -0.30246 18.07069 -0.01734 -0.05707 0.00326 0.99821
1033606.766214 0.20186 -0.30907 18.12621 -0.01736 -0.05769 0.00333 0.99818
1033606.770695 0.20113 -0.31531 18.13602 -0.01783 -0.05831 0.00397 0.99813
1033606.771526 0.19590 -0.30364 18.17029 -0.01738 -0.05825 0.00352 0.99814
1033606.775176 0.19215 -0.29984 18.11044 -0.01694 -0.05876 0.00393 0.99812
1033606.779657 0.20100 -0.29336 18.14344 -0.01656 -0.05939 0.00360 0.99809
1033606.781724 0.19744 -0.29922 18.15435 -0.01704 -0.05960 0.00413 0.99807
1033606.784138 0.20306 -0.31192 18.18253 -0.01788 -0.05937 0.00393 0.99807
1033606.787767 0.19577 -0.31588 18.21283 -0.01787 -0.05975 0.00415 0.99805
1033606.788619 0.19504 -0.31965 18.22277 -0.01807 -0.05991 0.00412 0.99803
1033606.793100 0.17594 -0.32113 18.22683 -0.01819 -0.06015 0.00444 0.99801
1033606.797581 0.16334 -0.31731 18.29275 -0.01798 -0.06067 0.00394 0.99799
1033606.801982 0.17280 -0.29941 18.27107 -0.01714 -0.06112 0.00381 0.99798
1033606.802062 0.17961 -0.30340 18.26464 -0.01713 -0.06166 0.00415 0.99794
1033606.806543 0.18034 -0.30306 18.28063 -0.01726 -0.06219 0.00371 0.99791
1033606.811024 0.16858 -0.31280 18.30194 -0.01794 -0.06171 0.00406 0.99792
1033606.812362 0.16420 -0.31997 18.33781 -0.01819 -0.06169 0.00459 0.99792
1033606.815505 0.15619 -0.31894 18.33287 -0.01811 -0.06191 0.00421 0.99791
1033606.819986 0.14889 -0.31209 18.40237 -0.01811 -0.06253 0.00416 0.99787
1033606.822400 0.15405 -0.30711 18.38430 -0.01734 -0.06336 0.00438 0.99783
1033606.824467 0.15921 -0.30599 18.38537 -0.01749 -0.06359 0.00477 0.99781
1033606.828750 0.14834 -0.30150 18.41810 -0.01729 -0.06399 0.00482 0.99779
1033606.828948 0.14966 -0.30176 18.43464 -0.01740 -0.06422 0.00491 0.99777
1033606.833429 0.14224 -0.30063 18.45970 -0.01717 -0.06470 0.00489 0.99774
1033606.837910 0.13662 -0.31757 18.46149 -0.01818 -0.06408 0.00476 0.99777
1033606.842391 0.13104 -0.31913 18.49350 -0.01826 -0.06457 0.00437 0.99774
1033606.846872 0.13851 -0.31486 18.51680 -0.01846 -0.06525 0.00481 0.99769
1033606.847230 0.13628 -0.30987 18.50585 -0.01774 -0.06577 0.00588 0.99766
1033606.851353 0.13095 -0.31081 18.53217 -0.01775 -0.06591 0.00529 0.99765
1033606.855571 0.12676 -0.30278 18.57072 -0.01756 -0.06667 0.00504 0.99761
1033606.855834 0.12730 -0.30503 18.58269 -0.01753 -0.06678 0.00515 0.99760
1033606.860315 0.12163 -0.31648 18.58940 -0.01829 -0.06638 0.00441 0.99762
1033606.864553 0.11586 -0.32156 18.59358 -0.01819 -0.06679 0.00405 0.99759
1033606.864796 0.12331 -0.31839 18.60163 -0.01843 -0.06697 0.00448 0.99757
1033606.869277 0.11128 -0.32138 18.65653 -0.01853 -0.06747 0.00464 0.99754
1033606.873758 0.11501 -0.31075 18.65678 -0.01799 -0.06823 0.00497 0.99750
1033606.878239 0.11300 -0.30804 18.67563 -0.01795 -0.06884 0.00541 0.99745
1033606.879836 0.10365 -0.30915 18.69794 -0.01772 -0.06919 0.00464 0.99744
1033606.882720 0.11101 -0.31926 18.68918 -0.01847 -0.06849 0.00470 0.99747
1033606.887201 0.10584 -0.32145 18.71564 -0.01842 -0.06918 0.00500 0.99742
1033606.891412 0.10336 -0.31845 18.74594 -0.01852 -0.06974 0.00464 0.99738
1033606.891682 0.09757 -0.32281 18.74818 -0.01856 -0.06973 0.00459 0.99738
1033606.896162 0.10284 -0.30941 18.75942 -0.01815 -0.07047 0.00483 0.99734
1033606.900644 0.10044 -0.31361 18.79323 -0.01835 -0.07120 0.00535 0.99728
1033606.905125 0.09685 -0.31093 18.81830 -0.01836 -0.07202 0.00549 0.99722
1033606.909606 0.08274 -0.31542 18.85400 -0.01844 -0.07152 0.00481 0.99726
1033606.914087 0.07088 -0.31169 18.89335 -0.01847 -0.07202 0.00464 0.99722
1033606.918568 0.06302 -0.30696 18.94627 -0.01845 -0.07252 0.00475 0.99719
1033606.923049 0.07017 -0.31663 18.92679 -0.01840 -0.07303 0.00560 0.99714
1033606.927530 0.06089 -0.31894 18.95342 -0.01826 -0.07372 0.00570 0.99710
1033606.932011 0.04994 -0.31277 18.97966 -0.01856 -0.07347 0.00437 0.99711
1033606.934950 0.04354 -0.31486 19.01734 -0.01866 -0.07387 0.00472 0.99708
1033606.936492 0.04124 -0.31225 19.02481 -0.01883 -0.07399 0.00456 0.99707
1033606.940973 0.04373 -0.31155 19.03674 -0.01853 -0.07468 0.00478 0.99702
1033606.945454 0.03389 -0.30921 19.07366 -0.01861 -0.07543 0.00448 0.99697
1033606.946199 0.03421 -0.30788 19.07428 -0.01839 -0.07519 0.00557 0.99698
1033606.949935 0.03153 -0.30551 19.08982 -0.01823 -0.07550 0.00572 0.99696
1033606.953277 0.03069 -0.31360 19.12544 -0.01866 -0.07619 0.00550 0.99690
1033606.954416 0.02532 -0.30519 19.13827 -0.01867 -0.07585 0.00500 0.99693
1033606.957648 0.02539 -0.31796 19.13749 -0.01901 -0.07627 0.00496 0.99689
1033606.958897 0.02336 -0.31953 19.15997 -0.01899 -0.07657 0.00475 0.99687
1033606.963378 0.01016 -0.31029 19.20612 -0.01892 -0.07673 0.00516 0.99686
1033606.967859 0.00632 -0.30753 19.23549 -0.01899 -0.07743 0.00519 0.99680
1033606.972340 0.00142 -0.30274 19.24674 -0.01845 -0.07773 0.00540 0.99679
1033606.974566 -0.00130 -0.30343 19.25743 -0.01855 -0.07824 0.00559 0.99675
1033606.976821 0.00174 -0.30580 19.25670 -0.01848 -0.07838 0.00541 0.99674
1033606.978541 0.00021 -0.30035 19.28803 -0.01864 -0.07826 0.00513 0.99675
1033606.981302 -0.00334 -0.31255 19.28872 -0.01897 -0.07855 0.00497 0.99672
1033606.985442 -0.00823 -0.30768 19.31206 -0.01896 -0.07906 0.00536 0.99668
1033606.985783 -0.01368 -0.30932 19.34503 -0.01887 -0.07919 0.00509 0.99667
1033606.990264 -0.02227 -0.31411 19.37271 -0.01920 -0.07977 0.00571 0.99661
1033606.990563 -0.00439 -0.30736 19.32607 -0.01888 -0.07982 0.00616 0.99661
1033606.994745 -0.01421 -0.30656 19.37397 -0.01889 -0.08018 0.00556 0.99659
1033606.999226 -0.03162 -0.31069 19.39910 -0.01879 -0.08081 0.00524 0.99654
1033607.002142 -0.02410 -0.31103 19.41145 -0.01925 -0.08066 0.00518 0.99654
1033607.003707 -0.02808 -0.30731 19.44234 -0.01915 -0.08088 0.00533 0.99653
1033607.008188 -0.03993 -0.30525 19.48416 -0.01900 -0.08133 0.00494 0.99649
1033607.012669 -0.03120 -0.30904 19.47269 -0.01898 -0.08199 0.00536 0.99644
1033607.012852 -0.03643 -0.30706 19.46694 -0.01903 -0.08178 0.00553 0.99645
1033607.017150 -0.04408 -0.29555 19.50472 -0.01887 -0.08216 0.00568 0.99642
1033607.021631 -0.05262 -0.30102 19.55202 -0.01886 -0.08287 0.00608 0.99636
1033607.026112 -0.05217 -0.30811 19.56853 -0.01934 -0.08313 0.00507 0.99634
1033607.030593 -0.06374 -0.30510 19.61819 -0.01932 -0.08395 0.00543 0.99627
1033607.031085 -0.06185 -0.30631 19.61664 -0.01936 -0.08385 0.00555 0.99627
1033607.035074 -0.05450 -0.29883 19.59204 -0.01884 -0.08385 0.00605 0.99628
1033607.039555 -0.05998 -0.29660 19.61449 -0.01899 -0.08461 0.00551 0.99622
1033607.039711 -0.05963 -0.29774 19.62650 -0.01890 -0.08462 0.00586 0.99622
1033607.044036 -0.07285 -0.29835 19.66968 -0.01917 -0.08512 0.00591 0.99617
1033607.048517 -0.07459 -0.29889 19.69683 -0.01898 -0.08582 0.00509 0.99612
1033607.052243 -0.08452 -0.30277 19.73851 -0.01923 -0.08647 0.00586 0.99605
1033607.052998 -0.08531 -0.30432 19.74049 -0.01927 -0.08640 0.00542 0.99606
1033607.057479 -0.08423 -0.30521 19.75716 -0.01931 -0.08717 0.00525 0.99599
1033607.058017 -0.08329 -0.30424 19.72302 -0.01926 -0.08657 0.00564 0.99604
1033607.061960 -0.07535 -0.30278 19.73137 -0.01925 -0.08712 0.00579 0.99600
1033607.065413 -0.08694 -0.30181 19.76503 -0.01915 -0.08744 0.00600 0.99597
1033607.066441 -0.09270 -0.30043 19.77333 -0.01897 -0.08800 0.00595 0.99592
1033607.070922 -0.10631 -0.30201 19.83362 -0.01930 -0.08805 0.00580 0.99591
1033607.074989 -0.11712 -0.29760 19.88113 -0.01923 -0.08856 0.00582 0.99587
1033607.075403 -0.11970 -0.29968 19.87293 -0.01939 -0.08850 0.00560 0.99587
1033607.077646 -0.11343 -0.29647 19.88874 -0.01905 -0.08888 0.00562 0.99584
1033607.079884 -0.11465 -0.29499 19.86724 -0.01906 -0.08843 0.00593 0.99588
1033607.084365 -0.11630 -0.29553 19.87613 -0.01906 -0.08916 0.00603 0.99582
1033607.088846 -0.11291 -0.30319 19.89816 -0.01934 -0.08986 0.00613 0.99575
1033607.091523 -0.12564 -0.29393 19.93834 -0.01931 -0.09019 0.00665 0.99571
1033607.093327 -0.13749 -0.30132 19.96816 -0.01957 -0.09024 0.00554 0.99571
1033607.095160 -0.14273 -0.30179 19.98740 -0.01956 -0.09040 0.00527 0.99570
1033607.097808 -0.15237 -0.29822 20.01078 -0.01946 -0.09053 0.00507 0.99569
1033607.102289 -0.16124 -0.29507 20.04790 -0.01937 -0.09122 0.00517 0.99563
1033607.104163 -0.14803 -0.29133 20.00765 -0.01894 -0.09091 0.00581 0.99566
1033607.106770 -0.15581 -0.29046 20.02359 -0.01926 -0.09117 0.00585 0.99563
1033607.111181 -0.16510 -0.28806 20.07219 -0.01912 -0.09163 0.00549 0.99559
1033607.111251 -0.16348 -0.28604 20.06575 -0.01903 -0.09191 0.00562 0.99557
1033607.115732 -0.17286 -0.29500 20.10269 -0.01928 -0.09249 0.00489 0.99551
1033607.118207 -0.17266 -0.29521 20.13211 -0.01954 -0.09315 0.00577 0.99544
1033607.120213 -0.17351 -0.29011 20.14810 -0.01918 -0.09344 0.00555 0.99542
1033607.124694 -0.17244 -0.28984 20.15032 -0.01932 -0.09347 0.00519 0.99542
1033607.127885 -0.17956 -0.28311 20.18564 -0.01903 -0.09405 0.00542 0.99537
1033607.129175 -0.19166 -0.28465 20.19962 -0.01899 -0.09400 0.00528 0.99538
1033607.133655 -0.20552 -0.28264 20.25054 -0.01919 -0.09459 0.00479 0.99532
1033607.134902 -0.19544 -0.28617 20.20958 -0.01929 -0.09439 0.00521 0.99533
1033607.138137 -0.19951 -0.28978 20.22737 -0.01938 -0.09463 0.00504 0.99531
1033607.142618 -0.20436 -0.29142 20.25736 -0.01951 -0.09528 0.00470 0.99525
1033607.146004 -0.20231 -0.28714 20.27553 -0.01921 -0.09599 0.00549 0.99518
1033607.147099 -0.20492 -0.28653 20.27746 -0.01912 -0.09601 0.00529 0.99518
1033607.151580 -0.21262 -0.29296 20.29834 -0.01944 -0.09657 0.00525 0.99512
1033607.156061 -0.21822 -0.28942 20.32205 -0.01955 -0.09721 0.00530 0.99506
1033607.159038 -0.21807 -0.29068 20.33682 -0.01956 -0.09686 0.00481 0.99509
1033607.160542 -0.22859 -0.28599 20.36628 -0.01935 -0.09731 0.00496 0.99505
1033607.165023 -0.23651 -0.28354 20.39774 -0.01936 -0.09757 0.00485 0.99503
1033607.166950 -0.23849 -0.28114 20.40579 -0.01935 -0.09787 0.00508 0.99500
1033607.169504 -0.24458 -0.28726 20.42507 -0.01966 -0.09806 0.00523 0.99497
1033607.170617 -0.24401 -0.27868 20.44097 -0.01947 -0.09853 0.00536 0.99493
1033607.173985 -0.24717 -0.28239 20.44588 -0.01924 -0.09930 0.00617 0.99485
1033607.178466 -0.24570 -0.28276 20.45555 -0.01944 -0.09914 0.00545 0.99487
1033607.182947 -0.26195 -0.28047 20.50366 -0.01959 -0.09973 0.00506 0.99481
1033607.184774 -0.26169 -0.28769 20.49134 -0.01972 -0.09945 0.00469 0.99484
1033607.187428 -0.27020 -0.27613 20.52018 -0.01959 -0.09973 0.00526 0.99481
1033607.190006 -0.27424 -0.27836 20.54608 -0.01956 -0.10001 0.00465 0.99478
1033607.191909 -0.26973 -0.28802 20.54585 -0.01969 -0.10061 0.00537 0.99472
1033607.196390 -0.27408 -0.27980 20.55770 -0.01951 -0.10079 0.00528 0.99470
1033607.196632 -0.27244 -0.27429 20.56318 -0.01947 -0.10088 0.00534 0.99469
1033607.200871 -0.26971 -0.27786 20.57371 -0.01938 -0.10146 0.00574 0.99463
1033607.205352 -0.29043 -0.28016 20.63260 -0.01973 -0.10238 0.00543 0.99454
1033607.206738 -0.30134 -0.27304 20.63393 -0.01965 -0.10177 0.00523 0.99460
1033607.209833 -0.30100 -0.27361 20.64905 -0.01964 -0.10233 0.00511 0.99454
1033607.214314 -0.31378 -0.26908 20.67629 -0.01937 -0.10277 0.00509 0.99450
1033607.218795 -0.31596 -0.27912 20.70005 -0.01944 -0.10341 0.00500 0.99444
1033607.222742 -0.32790 -0.27654 20.74156 -0.01965 -0.10408 0.00495 0.99436
1033607.223276 -0.33117 -0.27272 20.75730 -0.01948 -0.10424 0.00506 0.99435
1033607.227757 -0.32782 -0.26649 20.76940 -0.01972 -0.10423 0.00514 0.99434
1033607.232238 -0.34373 -0.26658 20.79301 -0.01982 -0.10463 0.00492 0.99430
1033607.233918 -0.33349 -0.27670 20.79337 -0.01975 -0.10527 0.00481 0.99424
1033607.236719 -0.33886 -0.27798 20.79923 -0.01957 -0.10532 0.00429 0.99424
1033607.241200 -0.35001 -0.28155 20.83277 -0.02008 -0.10597 0.00440 0.99416
1033607.245681 -0.35989 -0.27687 20.87997 -0.02002 -0.10661 0.00463 0.99409
1033607.249722 -0.35838 -0.26414 20.89416 -0.01999 -0.10650 0.00551 0.99410
1033607.250162 -0.35762 -0.26352 20.89498 -0.01998 -0.10669 0.00559 0.99408
1033607.253415 -0.37137 -0.26468 20.92532 -0.01983 -0.10690 0.00539 0.99406
1033607.254643 -0.37481 -0.26171 20.93903 -0.01984 -0.10695 0.00468 0.99406
1033607.259124 -0.39010 -0.25766 20.99676 -0.01983 -0.10772 0.00490 0.99397
1033607.260914 -0.37931 -0.27600 20.94038 -0.02011 -0.10794 0.00443 0.99394
1033607.263605 -0.38490 -0.27789 20.96632 -0.02032 -0.10826 0.00494 0.99390
1033607.268086 -0.39546 -0.27521 20.99723 -0.02035 -0.10898 0.00457 0.99383
1033607.269917 -0.39243 -0.28016 21.01131 -0.02031 -0.10942 0.00491 0.99378
1033607.272567 -0.39771 -0.26478 21.03119 -0.02000 -0.10881 0.00492 0.99385
1033607.275212 -0.39811 -0.26552 21.04901 -0.02031 -0.10931 0.00441 0.99379
1033607.277048 -0.41039 -0.25998 21.06808 -0.02000 -0.10936 0.00473 0.99379
1033607.281529 -0.41453 -0.26086 21.10670 -0.02002 -0.11008 0.00535 0.99371
1033607.284547 -0.41437 -0.27283 21.08442 -0.02025 -0.11056 0.00542 0.99365
1033607.286010 -0.42103 -0.27201 21.09546 -0.02034 -0.11083 0.00543 0.99362
1033607.288242 -0.42056 -0.27618 21.12051 -0.02041 -0.11120 0.00563 0.99357
1033607.290491 -0.42404 -0.27880 21.12901 -0.02012 -0.11142 0.00595 0.99355
1033607.294972 -0.43425 -0.26865 21.15758 -0.02036 -0.11202 0.00534 0.99348
1033607.295737 -0.43604 -0.26286 21.17167 -0.02039 -0.11152 0.00457 0.99354
1033607.299453 -0.44412 -0.25848 21.19953 -0.01981 -0.11189 0.00485 0.99351
1033607.303934 -0.45226 -0.26023 21.23278 -0.02026 -0.11265 0.00549 0.99341
1033607.307076 -0.45800 -0.26973 21.24000 -0.02062 -0.11331 0.00587 0.99333
1033607.308415 -0.46380 -0.27179 21.25869 -0.02079 -0.11348 0.00535 0.99331
1033607.312896 -0.46970 -0.27246 21.29159 -0.02063 -0.11422 0.00562 0.99323
1033607.317377 -0.48112 -0.26755 21.33137 -0.02090 -0.11490 0.00535 0.99314
1033607.321654 -0.48399 -0.25649 21.34285 -0.02067 -0.11446 0.00567 0.99320
1033607.321858 -0.48637 -0.25798 21.34493 -0.02061 -0.11444 0.00492 0.99320
1033607.326339 -0.49061 -0.25518 21.38255 -0.02063 -0.11501 0.00500 0.99314
1033607.330153 -0.50273 -0.26637 21.39932 -0.02093 -0.11594 0.00512 0.99302
1033607.330820 -0.50020 -0.27058 21.40998 -0.02114 -0.11612 0.00514 0.99300
1033607.335301 -0.51403 -0.26864 21.45270 -0.02120 -0.11663 0.00547 0.99293
1033607.339782 -0.51001 -0.25005 21.46262 -0.02067 -0.11649 0.00458 0.99297
1033607.341288 -0.51835 -0.25885 21.46341 -0.02095 -0.11686 0.00468 0.99292
1033607.344263 -0.51681 -0.25216 21.47799 -0.02088 -0.11704 0.00533 0.99289
1033607.348692 -0.52485 -0.26805 21.50701 -0.02138 -0.11791 0.00456 0.99278
1033607.348744 -0.53373 -0.26476 21.52257 -0.02120 -0.11787 0.00539 0.99279
1033607.353225 -0.53624 -0.27143 21.53250 -0.02151 -0.11840 0.00465 0.99272
1033607.354588 -0.52815 -0.26167 21.52969 -0.02144 -0.11879 0.00572 0.99267
1033607.357706 -0.53581 -0.26184 21.55964 -0.02135 -0.11910 0.00502 0.99264
1033607.362187 -0.55075 -0.26132 21.58304 -0.02103 -0.11905 0.00442 0.99266
1033607.366668 -0.56263 -0.26169 21.63470 -0.02147 -0.11972 0.00461 0.99256
1033607.371149 -0.57001 -0.26121 21.66371 -0.02148 -0.12055 0.00524 0.99246
1033607.375630 -0.57681 -0.26128 21.67477 -0.02137 -0.12096 0.00450 0.99242
1033607.379843 -0.57166 -0.25854 21.69514 -0.02148 -0.12172 0.00487 0.99232
1033607.380111 -0.56724 -0.26383 21.68349 -0.02155 -0.12184 0.00486 0.99230
1033607.383573 -0.57985 -0.25645 21.71989 -0.02145 -0.12161 0.00471 0.99234
1033607.384592 -0.58260 -0.25610 21.73005 -0.02158 -0.12187 0.00529 0.99230
1033607.389073 -0.60733 -0.25610 21.77171 -0.02133 -0.12210 0.00445 0.99228
1033607.392434 -0.61665 -0.25018 21.81484 -0.02136 -0.12253 0.00494 0.99222
1033607.393554 -0.59975 -0.25189 21.78386 -0.02147 -0.12288 0.00458 0.99218
1033607.398035 -0.61546 -0.25740 21.81917 -0.02181 -0.12359 0.00422 0.99208
1033607.402516 -0.62075 -0.25970 21.84746 -0.02174 -0.12424 0.00431 0.99200
1033607.405642 -0.62683 -0.26166 21.85849 -0.02187 -0.12381 0.00471 0.99205
1033607.406997 -0.62996 -0.26005 21.86184 -0.02158 -0.12400 0.00408 0.99204
1033607.411478 -0.64582 -0.25400 21.90255 -0.02160 -0.12437 0.00445 0.99199
1033607.415959 -0.64503 -0.25318 21.91552 -0.02163 -0.12514 0.00426 0.99189
1033607.416630 -0.64721 -0.24851 21.92380 -0.02174 -0.12530 0.00443 0.99187
1033607.420440 -0.65590 -0.25582 21.94916 -0.02201 -0.12561 0.00348 0.99183
1033607.424921 -0.66796 -0.25540 21.99241 -0.02192 -0.12636 0.00400 0.99173
1033607.425461 -0.66575 -0.24744 21.99113 -0.02155 -0.12595 0.00370 0.99180
1033607.429402 -0.66786 -0.24799 22.01478 -0.02156 -0.12651 0.00433 0.99172
1033607.432917 -0.68586 -0.25053 22.05170 -0.02186 -0.12698 0.00418 0.99166
1033607.433883 -0.68163 -0.25052 22.04205 -0.02167 -0.12697 0.00447 0.99166
1033607.438364 -0.69256 -0.25009 22.05523 -0.02180 -0.12730 0.00354 0.99162
1033607.442845 -0.70663 -0.24785 22.10428 -0.02189 -0.12777 0.00354 0.99156
1033607.446856 -0.71565 -0.24857 22.12560 -0.02183 -0.12842 0.00325 0.99147
1033607.447326 -0.70715 -0.24529 22.11542 -0.02166 -0.12804 0.00346 0.99153
1033607.451807 -0.71245 -0.24052 22.13290 -0.02161 -0.12856 0.00376 0.99146
1033607.454841 -0.71714 -0.24239 22.16808 -0.02161 -0.12935 0.00428 0.99135
1033607.456288 -0.72262 -0.24511 22.17300 -0.02184 -0.12924 0.00355 0.99137
1033607.460769 -0.73510 -0.24743 22.20557 -0.02191 -0.12971 0.00392 0.99130
1033607.462856 -0.73085 -0.24939 22.21450 -0.02220 -0.13034 0.00368 0.99121
1033607.465250 -0.73441 -0.24900 22.23190 -0.02186 -0.13078 0.00343 0.99116
1033607.469731 -0.74964 -0.23771 22.28415 -0.02189 -0.13147 0.00386 0.99107
1033607.473280 -0.74993 -0.24621 22.28016 -0.02164 -0.13144 0.00393 0.99108
1033607.474212 -0.75241 -0.23936 22.28682 -0.02177 -0.13160 0.00453 0.99105
1033607.478693 -0.76317 -0.23929 22.32584 -0.02146 -0.13197 0.00360 0.99101
1033607.480167 -0.76857 -0.23991 22.31412 -0.02153 -0.13173 0.00341 0.99105
1033607.483174 -0.76007 -0.24538 22.31834 -0.02180 -0.13213 0.00346 0.99099
1033607.486278 -0.77879 -0.24029 22.36310 -0.02188 -0.13284 0.00346 0.99089
1033607.487655 -0.77597 -0.23312 22.34035 -0.02143 -0.13252 0.00439 0.99094
1033607.492136 -0.78430 -0.23474 22.37990 -0.02155 -0.13321 0.00421 0.99084
1033607.493060 -0.79131 -0.22944 22.40274 -0.02155 -0.13342 0.00478 0.99081
1033607.496617 -0.79366 -0.23533 22.40198 -0.02147 -0.13365 0.00360 0.99079
1033607.498758 -0.78516 -0.24058 22.39434 -0.02161 -0.13357 0.00378 0.99080
1033607.501098 -0.78568 -0.24242 22.39967 -0.02173 -0.13394 0.00370 0.99074
1033607.503738 -0.79799 -0.24131 22.42809 -0.02159 -0.13427 0.00330 0.99070
1033607.505579 -0.79799 -0.23750 22.44192 -0.02191 -0.13456 0.00397 0.99066
1033607.507334 -0.81261 -0.22938 22.46659 -0.02164 -0.13473 0.00391 0.99064
1033607.510060 -0.81114 -0.23053 22.48606 -0.02155 -0.13514 0.00497 0.99058
1033607.513222 -0.82913 -0.23052 22.52289 -0.02168 -0.13566 0.00441 0.99051
1033607.514541 -0.83570 -0.22741 22.53506 -0.02161 -0.13558 0.00386 0.99052
1033607.519022 -0.81849 -0.23862 22.50466 -0.02176 -0.13569 0.00334 0.99051
1033607.523503 -0.82240 -0.23843 22.53014 -0.02209 -0.13641 0.00387 0.99040
1033607.524259 -0.82658 -0.23830 22.54977 -0.02179 -0.13638 0.00406 0.99041
1033607.527984 -0.84133 -0.23325 22.58277 -0.02158 -0.13682 0.00412 0.99035
1033607.529401 -0.84430 -0.22748 22.60633 -0.02131 -0.13718 0.00431 0.99031
1033607.532465 -0.85234 -0.22668 22.61545 -0.02157 -0.13746 0.00383 0.99026
1033607.536946 -0.85499 -0.23660 22.61541 -0.02179 -0.13753 0.00356 0.99025
1033607.541427 -0.87607 -0.23738 22.65771 -0.02187 -0.13805 0.00295 0.99018
1033607.545908 -0.87689 -0.23161 22.68885 -0.02159 -0.13860 0.00374 0.99011
1033607.550389 -0.87718 -0.22881 22.71097 -0.02172 -0.13932 0.00390 0.99000
1033607.551396 -0.88358 -0.23160 22.73292 -0.02192 -0.13943 0.00369 0.98998
1033607.554870 -0.89006 -0.23705 22.71020 -0.02193 -0.13906 0.00354 0.99003
1033607.556804 -0.89767 -0.22874 22.74145 -0.02171 -0.13939 0.00313 0.98999
1033607.559351 -0.90699 -0.23590 22.75948 -0.02193 -0.13976 0.00318 0.98994
1033607.561640 -0.90397 -0.22703 22.77595 -0.02152 -0.14003 0.00423 0.98991
1033607.563832 -0.91146 -0.22508 22.79412 -0.02142 -0.14031 0.00365 0.98987
1033607.567298 -0.92426 -0.22853 22.82286 -0.02150 -0.14085 0.00334 0.98979
1033607.568313 -0.92549 -0.22652 22.83187 -0.02171 -0.14090 0.00396 0.98978
1033607.572794 -0.94175 -0.22625 22.87071 -0.02183 -0.14140 0.00439 0.98970
1033607.577275 -0.93897 -0.22261 22.86625 -0.02140 -0.14158 0.00320 0.98969
1033607.581756 -0.95134 -0.22147 22.89995 -0.02145 -0.14215 0.00269 0.98961
1033607.585467 -0.96192 -0.22612 22.93091 -0.02171 -0.14249 0.00343 0.98955
1033607.586237 -0.96656 -0.22644 22.94493 -0.02191 -0.14250 0.00369 0.98955
1033607.588842 -0.96665 -0.22651 22.95438 -0.02183 -0.14305 0.00357 0.98947
1033607.590718 -0.96813 -0.22788 22.97066 -0.02182 -0.14338 0.00351 0.98942
1033607.591456 -0.96661 -0.22095 22.95037 -0.02142 -0.14293 0.00352 0.98949
1033607.595199 -0.96381 -0.22146 22.96548 -0.02164 -0.14362 0.00343 0.98939
1033607.596845 -0.97951 -0.21922 22.99206 -0.02162 -0.14384 0.00296 0.98936
1033607.599680 -0.99035 -0.21859 23.01600 -0.02135 -0.14398 0.00290 0.98935
1033607.604161 -1.00049 -0.22480 23.05485 -0.02169 -0.14491 0.00390 0.98920
1033607.607149 -1.01576 -0.22123 23.09265 -0.02179 -0.14522 0.00394 0.98915
1033607.608642 -1.00783 -0.21548 23.10009 -0.02153 -0.14553 0.00364 0.98911
1033607.613123 -1.01590 -0.21207 23.09091 -0.02135 -0.14540 0.00267 0.98914
1033607.617604 -1.02852 -0.21047 23.14174 -0.02123 -0.14621 0.00283 0.98902
1033607.621746 -1.04261 -0.22477 23.15819 -0.02182 -0.14669 0.00404 0.98893
1033607.622085 -1.03760 -0.22364 23.16472 -0.02197 -0.14698 0.00394 0.98889
1033607.626566 -1.04149 -0.22540 23.18833 -0.02166 -0.14718 0.00379 0.98887
1033607.627119 -1.04680 -0.22542 23.19332 -0.02193 -0.14760 0.00360 0.98880
1033607.631047 -1.05167 -0.21293 23.18741 -0.02153 -0.14702 0.00267 0.98890
1033607.631365 -1.05495 -0.21286 23.20047 -0.02153 -0.14701 0.00251 0.98890
1033607.635528 -1.06178 -0.20625 23.22416 -0.02143 -0.14775 0.00274 0.98879
1033607.640009 -1.08206 -0.21201 23.27374 -0.02121 -0.14868 0.00310 0.98865
1033607.644490 -1.07869 -0.21735 23.29385 -0.02170 -0.14884 0.00363 0.98862
1033607.645643 -1.08039 -0.21153 23.29364 -0.02142 -0.14889 0.00331 0.98862
1033607.648971 -1.08753 -0.21035 23.31479 -0.02130 -0.14934 0.00354 0.98855
1033607.649650 -1.09536 -0.21266 23.32387 -0.02160 -0.14951 0.00321 0.98852
1033607.653452 -1.09919 -0.21121 23.32304 -0.02174 -0.14937 0.00213 0.98854
1033607.656139 -1.11503 -0.20697 23.35616 -0.02144 -0.14989 0.00176 0.98847
1033607.657933 -1.11456 -0.21056 23.36879 -0.02170 -0.15018 0.00262 0.98842
1033607.660064 -1.12816 -0.20078 23.40121 -0.02119 -0.15053 0.00218 0.98838
1033607.662414 -1.11380 -0.20779 23.39410 -0.02144 -0.15042 0.00246 0.98839
1033607.662632 -1.12172 -0.20572 23.39750 -0.02117 -0.15051 0.00236 0.98838
1033607.666895 -1.13506 -0.20724 23.42739 -0.02146 -0.15091 0.00259 0.98831
1033607.670851 -1.13746 -0.20247 23.45962 -0.02138 -0.15189 0.00304 0.98816
1033607.671376 -1.13640 -0.20581 23.46796 -0.02112 -0.15228 0.00342 0.98811
1033607.672094 -1.14472 -0.21042 23.44985 -0.02155 -0.15177 0.00245 0.98818
1033607.675857 -1.15337 -0.20688 23.47430 -0.02163 -0.15221 0.00120 0.98811
1033607.678522 -1.17319 -0.20642 23.50700 -0.02127 -0.15239 0.00220 0.98809
1033607.680338 -1.17042 -0.20621 23.50718 -0.02134 -0.15287 0.00219 0.98801
1033607.683858 -1.18209 -0.20423 23.54351 -0.02153 -0.15338 0.00195 0.98793
1033607.684819 -1.17135 -0.19888 23.53154 -0.02116 -0.15273 0.00277 0.98804
1033607.689300 -1.18221 -0.19771 23.56465 -0.02120 -0.15331 0.00246 0.98795
1033607.692929 -1.17596 -0.20365 23.58240 -0.02139 -0.15424 0.00251 0.98780
1033607.693781 -1.18648 -0.21055 23.56396 -0.02143 -0.15424 0.00168 0.98780
1033607.698262 -1.19989 -0.21098 23.60608 -0.02181 -0.15497 0.00251 0.98768
1033607.702664 -1.21788 -0.20414 23.64944 -0.02185 -0.15563 0.00283 0.98757
1033607.702743 -1.20175 -0.20040 23.62080 -0.02134 -0.15468 0.00266 0.98773
1033607.705162 -1.21408 -0.20179 23.64627 -0.02136 -0.15502 0.00250 0.98768
1033607.707224 -1.21708 -0.19604 23.67329 -0.02133 -0.15522 0.00219 0.98765
1033607.711705 -1.23392 -0.19970 23.69255 -0.02135 -0.15587 0.00204 0.98754
1033607.716186 -1.24164 -0.20543 23.71409 -0.02161 -0.15643 0.00150 0.98745
1033607.716572 -1.24151 -0.20979 23.70182 -0.02177 -0.15696 0.00107 0.98736
1033607.720667 -1.25050 -0.21057 23.73239 -0.02200 -0.15744 0.00091 0.98728
1033607.725148 -1.27367 -0.20458 23.79044 -0.02164 -0.15804 0.00065 0.98720
1033607.729629 -1.27252 -0.20247 23.80673 -0.02172 -0.15742 0.00181 0.98729
1033607.734110 -1.28850 -0.19567 23.84688 -0.02168 -0.15812 0.00119 0.98718
1033607.738591 -1.29829 -0.20026 23.84251 -0.02172 -0.15908 0.00005 0.98703
1033607.743072 -1.30609 -0.20872 23.87984 -0.02230 -0.15989 0.00099 0.98688
1033607.747553 -1.31376 -0.21439 23.89577 -0.02218 -0.16060 0.00088 0.98677
1033607.752034 -1.32744 -0.20502 23.94095 -0.02215 -0.15995 0.00163 0.98687
1033607.756515 -1.34256 -0.20267 23.98125 -0.02204 -0.16056 0.00183 0.98678
1033607.760996 -1.35360 -0.19707 23.99559 -0.02198 -0.16192 0.00060 0.98656
1033607.765477 -1.36487 -0.20074 24.03576 -0.02227 -0.16254 0.00092 0.98645
1033607.769958 -1.36916 -0.19788 24.05866 -0.02211 -0.16215 0.00117 0.98652
1033607.772964 -1.38376 -0.20250 24.07444 -0.02203 -0.16249 0.00076 0.98646
1033607.774439 -1.37606 -0.19742 24.08889 -0.02229 -0.16293 0.00127 0.98638
1033607.778920 -1.39971 -0.20116 24.10337 -0.02205 -0.16404 0.00030 0.98621
1033607.781414 -1.40124 -0.19611 24.10792 -0.02207 -0.16447 -0.00042 0.98613
1033607.783401 -1.41542 -0.19427 24.15239 -0.02223 -0.16466 0.00029 0.98610
1033607.787882 -1.42037 -0.19042 24.19393 -0.02180 -0.16435 0.00092 0.98616
1033607.791327 -1.43249 -0.19636 24.21476 -0.02216 -0.16490 0.00065 0.98606
1033607.792363 -1.43175 -0.19071 24.21728 -0.02202 -0.16510 0.00140 0.98603
1033607.796813 -1.44148 -0.18603 24.23212 -0.02198 -0.16590 0.00076 0.98590
1033607.796844 -1.44667 -0.19505 24.24701 -0.02201 -0.16562 0.00038 0.98594
1033607.801325 -1.45568 -0.19602 24.26680 -0.02239 -0.16671 0.00024 0.98575
1033607.804431 -1.46779 -0.20183 24.26878 -0.02222 -0.16700 -0.00036 0.98571
1033607.805806 -1.46339 -0.19526 24.28069 -0.02249 -0.16714 -0.00051 0.98568
1033607.810287 -1.47386 -0.19582 24.31143 -0.02239 -0.16803 -0.00069 0.98553
1033607.814768 -1.48315 -0.19248 24.35590 -0.02201 -0.16777 0.00019 0.98558
1033607.818797 -1.49292 -0.19556 24.36958 -0.02228 -0.16833 0.00165 0.98548
1033607.819249 -1.50069 -0.18590 24.39328 -0.02204 -0.16829 0.00134 0.98549
1033607.821223 -1.48873 -0.18701 24.35948 -0.02188 -0.16883 -0.00117 0.98540
1033607.823730 -1.48431 -0.19373 24.35035 -0.02245 -0.16916 -0.00092 0.98533
1033607.827463 -1.50655 -0.19506 24.38695 -0.02259 -0.16980 -0.00056 0.98522
1033607.828211 -1.50465 -0.19819 24.40133 -0.02251 -0.16986 -0.00068 0.98521
1033607.832692 -1.52575 -0.20405 24.43058 -0.02264 -0.17046 -0.00108 0.98510
1033607.833228 -1.52380 -0.19476 24.44781 -0.02237 -0.16953 0.00026 0.98527
1033607.837173 -1.52479 -0.19848 24.46520 -0.02217 -0.17008 -0.00007 0.98518
1033607.841654 -1.53465 -0.20678 24.48518 -0.02239 -0.17092 0.00037 0.98503
1033607.846135 -1.55422 -0.20258 24.53258 -0.02244 -0.17164 -0.00032 0.98490
1033607.850616 -1.56781 -0.19964 24.51818 -0.02263 -0.17278 -0.00105 0.98470
1033607.853058 -1.58407 -0.19597 24.55849 -0.02271 -0.17302 -0.00108 0.98466
1033607.855097 -1.59622 -0.18596 24.59218 -0.02225 -0.17306 -0.00162 0.98466
1033607.858599 -1.58456 -0.20441 24.59087 -0.02219 -0.17261 -0.00027 0.98474
1033607.859578 -1.58098 -0.19517 24.60956 -0.02212 -0.17281 -0.00021 0.98471
1033607.864059 -1.58922 -0.19609 24.63118 -0.02246 -0.17359 0.00062 0.98456
1033607.868540 -1.60605 -0.19283 24.63764 -0.02282 -0.17512 -0.00042 0.98428
1033607.873021 -1.62431 -0.19501 24.68223 -0.02266 -0.17578 -0.00052 0.98417
1033607.877502 -1.64660 -0.19139 24.73149 -0.02282 -0.17619 -0.00117 0.98409
1033607.881983 -1.63767 -0.19361 24.74354 -0.02204 -0.17540 -0.00080 0.98425
1033607.882162 -1.62303 -0.19227 24.72669 -0.02218 -0.17567 0.00004 0.98420
1033607.886464 -1.63951 -0.18780 24.76003 -0.02222 -0.17591 -0.00062 0.98416
1033607.890945 -1.65657 -0.19017 24.75892 -0.02253 -0.17755 -0.00067 0.98385
1033607.895426 -1.67325 -0.19181 24.80036 -0.02252 -0.17855 -0.00047 0.98367
1033607.897068 -1.68052 -0.18967 24.82940 -0.02279 -0.17869 -0.00080 0.98364
1033607.899907 -1.66621 -0.19129 24.82288 -0.02212 -0.17766 -0.00041 0.98384
1033607.902529 -1.67423 -0.18459 24.83845 -0.02182 -0.17788 -0.00144 0.98381
1033607.904388 -1.69131 -0.18277 24.86223 -0.02210 -0.17831 -0.00021 0.98373
1033607.908869 -1.70079 -0.18523 24.89480 -0.02196 -0.17894 -0.00073 0.98361
1033607.911673 -1.72425 -0.18964 24.92625 -0.02181 -0.17920 -0.00070 0.98357
1033607.913350 -1.70911 -0.18031 24.90536 -0.02263 -0.18034 -0.00119 0.98334
1033607.913881 -1.70355 -0.18934 24.89380 -0.02255 -0.18053 -0.00073 0.98331
1033607.917831 -1.71896 -0.19190 24.93032 -0.02245 -0.18092 -0.00093 0.98324
1033607.922312 -1.72990 -0.19161 24.96295 -0.02261 -0.18193 -0.00050 0.98305
1033607.924723 -1.73241 -0.19057 24.95738 -0.02235 -0.18226 -0.00119 0.98299
1033607.926793 -1.73853 -0.19598 24.98797 -0.02213 -0.18119 -0.00049 0.98320
1033607.931274 -1.75518 -0.18791 25.03270 -0.02161 -0.18173 -0.00146 0.98311
1033607.931315 -1.77392 -0.18258 25.06539 -0.02168 -0.18170 -0.00049 0.98311
1033607.935755 -1.78328 -0.17294 25.09086 -0.02152 -0.18229 -0.00129 0.98301
1033607.940236 -1.79647 -0.18251 25.11636 -0.02174 -0.18294 -0.00086 0.98288
1033607.944717 -1.79911 -0.17967 25.10609 -0.02211 -0.18440 -0.00221 0.98260
1033607.944908 -1.79791 -0.18047 25.11297 -0.02216 -0.18501 -0.00134 0.98249
1033607.949198 -1.79875 -0.18933 25.12878 -0.02236 -0.18564 -0.00162 0.98236
1033607.953679 -1.81732 -0.18829 25.15201 -0.02242 -0.18610 -0.00146 0.98227
1033607.958160 -1.82780 -0.18174 25.20114 -0.02196 -0.18505 -0.00119 0.98248
1033607.959587 -1.83438 -0.18255 25.22278 -0.02189 -0.18496 -0.00105 0.98250
1033607.962641 -1.84826 -0.18388 25.25143 -0.02184 -0.18549 -0.00095 0.98240
1033607.963893 -1.83510 -0.17971 25.20498 -0.02195 -0.18666 -0.00194 0.98218
1033607.967122 -1.83692 -0.18459 25.21261 -0.02211 -0.18708 -0.00144 0.98209
1033607.971603 -1.86315 -0.18319 25.24799 -0.02211 -0.18782 -0.00212 0.98195
1033607.976084 -1.87386 -0.18064 25.29060 -0.02185 -0.18846 -0.00223 0.98184
1033607.980565 -1.87566 -0.18938 25.31563 -0.02202 -0.18935 -0.00183 0.98166
1033607.985046 -1.87719 -0.18585 25.33833 -0.02165 -0.18831 -0.00152 0.98187
1033607.988047 -1.90411 -0.18483 25.38306 -0.02168 -0.18874 -0.00047 0.98179
1033607.989527 -1.91483 -0.18050 25.42008 -0.02163 -0.18882 -0.00187 0.98177
1033607.991436 -1.91031 -0.17963 25.40939 -0.02145 -0.18920 -0.00141 0.98170
1033607.994008 -1.91530 -0.18110 25.37950 -0.02171 -0.19037 -0.00273 0.98147
1033607.998489 -1.91548 -0.18152 25.40055 -0.02165 -0.19081 -0.00195 0.98139
1033607.999212 -1.92115 -0.17692 25.42681 -0.02172 -0.19107 -0.00154 0.98133
1033608.002970 -1.93239 -0.18330 25.43395 -0.02165 -0.19191 -0.00213 0.98117
1033608.007451 -1.94313 -0.18531 25.48316 -0.02153 -0.19097 -0.00141 0.98136
1033608.011932 -1.95778 -0.18375 25.51211 -0.02111 -0.19157 -0.00217 0.98125
1033608.016413 -1.98220 -0.18249 25.56135 -0.02137 -0.19222 -0.00134 0.98112
1033608.017571 -1.95557 -0.17686 25.50139 -0.02145 -0.19307 -0.00207 0.98095
1033608.020894 -1.95435 -0.19200 25.48985 -0.02178 -0.19344 -0.00263 0.98087
1033608.021777 -1.95212 -0.19026 25.49426 -0.02169 -0.19392 -0.00186 0.98078
1033608.025375 -1.96432 -0.18955 25.53084 -0.02138 -0.19421 -0.00247 0.98072
1033608.029856 -1.97664 -0.18613 25.56404 -0.02113 -0.19356 -0.00257 0.98086
1033608.034337 -2.00162 -0.18373 25.60108 -0.02067 -0.19409 -0.00271 0.98076
1033608.038818 -2.02058 -0.18066 25.65390 -0.02079 -0.19477 -0.00191 0.98063
1033608.043299 -2.01816 -0.17690 25.63710 -0.02092 -0.19626 -0.00318 0.98032
1033608.047780 -2.03026 -0.18430 25.66748 -0.02124 -0.19696 -0.00301 0.98018
1033608.049077 -2.04417 -0.17818 25.68261 -0.02108 -0.19734 -0.00337 0.98010
1033608.052261 -2.03798 -0.17750 25.70906 -0.02041 -0.19609 -0.00270 0.98037
1033608.056742 -2.06091 -0.18166 25.74794 -0.02056 -0.19686 -0.00290 0.98021
1033608.059378 -2.07371 -0.18226 25.77574 -0.02063 -0.19721 -0.00277 0.98014
1033608.061223 -2.08520 -0.17193 25.78027 -0.02029 -0.19715 -0.00286 0.98016
1033608.065704 -2.08690 -0.18445 25.79710 -0.02048 -0.19810 -0.00233 0.97996
1033608.070185 -2.08968 -0.17502 25.79387 -0.02086 -0.19927 -0.00339 0.97972
1033608.074666 -2.10296 -0.17416 25.82535 -0.02076 -0.20010 -0.00302 0.97955
1033608.076964 -2.11260 -0.17684 25.83950 -0.02065 -0.20028 -0.00261 0.97952
1033608.079147 -2.11529 -0.17876 25.85393 -0.02073 -0.20068 -0.00292 0.97943
1033608.083628 -2.11140 -0.19310 25.86961 -0.02094 -0.20035 -0.00253 0.97950
1033608.087831 -2.13362 -0.18682 25.92134 -0.02049 -0.20115 -0.00255 0.97934
1033608.088109 -2.12023 -0.18533 25.93311 -0.02092 -0.20138 -0.00159 0.97929
1033608.092590 -2.13227 -0.19175 25.95972 -0.02097 -0.20197 -0.00169 0.97917
1033608.096296 -2.12982 -0.19011 25.92535 -0.02124 -0.20299 -0.00294 0.97895
1033608.097071 -2.14881 -0.17519 25.92952 -0.02083 -0.20268 -0.00360 0.97902
1033608.101552 -2.16510 -0.17729 25.96484 -0.02060 -0.20340 -0.00363 0.97887
1033608.106033 -2.16237 -0.18572 25.97621 -0.02080 -0.20392 -0.00339 0.97876
1033608.110514 -2.17371 -0.18725 26.00940 -0.02006 -0.20383 -0.00287 0.97880
1033608.114023 -2.19993 -0.18868 26.07844 -0.02026 -0.20442 -0.00265 0.97867
1033608.114995 -2.22374 -0.17136 26.09338 -0.01994 -0.20421 -0.00328 0.97872
1033608.119476 -2.22766 -0.17482 26.10808 -0.01981 -0.20487 -0.00280 0.97858
1033608.119484 -2.21180 -0.17020 26.05665 -0.02017 -0.20543 -0.00384 0.97846
1033608.123957 -2.21300 -0.18353 26.06816 -0.02022 -0.20595 -0.00424 0.97835
1033608.128438 -2.23836 -0.17509 26.12423 -0.02060 -0.20671 -0.00352 0.97818
1033608.132919 -2.25138 -0.17566 26.16486 -0.02033 -0.20754 -0.00380 0.97801
1033608.137145 -2.27249 -0.16968 26.21123 -0.01986 -0.20687 -0.00281 0.97816
1033608.141881 -2.28908 -0.16887 26.24661 -0.01971 -0.20743 -0.00305 0.97805
1033608.142894 -2.30528 -0.16649 26.28159 -0.01933 -0.20782 -0.00327 0.97797
1033608.146362 -2.30040 -0.16209 26.23921 -0.01986 -0.20839 -0.00289 0.97784
1033608.150843 -2.30702 -0.16461 26.27235 -0.01999 -0.20922 -0.00319 0.97766
1033608.151602 -2.29399 -0.17664 26.25138 -0.01983 -0.20954 -0.00321 0.97759
1033608.155324 -2.30209 -0.16579 26.25770 -0.01987 -0.20971 -0.00315 0.97756
1033608.159805 -2.32916 -0.17254 26.31588 -0.01989 -0.21048 -0.00364 0.97739
1033608.164286 -2.34994 -0.17708 26.38473 -0.01966 -0.21021 -0.00363 0.97745
1033608.167371 -2.38034 -0.17270 26.42073 -0.01935 -0.21036 -0.00426 0.97742
1033608.168767 -2.37727 -0.16511 26.42274 -0.01927 -0.21100 -0.00352 0.97729
1033608.173248 -2.40385 -0.16137 26.46015 -0.01933 -0.21137 -0.00393 0.97721
1033608.177729 -2.38304 -0.15546 26.40434 -0.01955 -0.21212 -0.00408 0.97704
1033608.178422 -2.37270 -0.16301 26.38964 -0.01964 -0.21249 -0.00442 0.97696
1033608.182210 -2.36804 -0.16903 26.39601 -0.01965 -0.21305 -0.00458 0.97683
1033608.186691 -2.39178 -0.16154 26.44343 -0.02001 -0.21376 -0.00400 0.97667
1033608.191172 -2.42136 -0.15995 26.51139 -0.01905 -0.21353 -0.00412 0.97674
1033608.193713 -2.44524 -0.16288 26.56240 -0.01942 -0.21412 -0.00414 0.97660
1033608.195653 -2.44222 -0.16908 26.55745 -0.01934 -0.21429 -0.00432 0.97657
1033608.200134 -2.44567 -0.17229 26.58189 -0.01952 -0.21510 -0.00443 0.97639
1033608.204615 -2.42896 -0.16706 26.52945 -0.01970 -0.21574 -0.00427 0.97624
1033608.209096 -2.44102 -0.16028 26.56361 -0.01960 -0.21671 -0.00457 0.97603
1033608.209408 -2.44641 -0.15823 26.57430 -0.01946 -0.21685 -0.00430 0.97600
1033608.213577 -2.44121 -0.16557 26.57339 -0.01970 -0.21726 -0.00400 0.97591
1033608.218058 -2.46886 -0.16273 26.61747 -0.01981 -0.21799 -0.00397 0.97574
1033608.219971 -2.48034 -0.18048 26.65065 -0.01953 -0.21740 -0.00451 0.97588
1033608.222539 -2.50832 -0.16990 26.70170 -0.01941 -0.21758 -0.00479 0.97584
1033608.227020 -2.51894 -0.16477 26.73819 -0.01942 -0.21837 -0.00479 0.97566
1033608.231501 -2.53045 -0.17562 26.75091 -0.01989 -0.21882 -0.00458 0.97555
1033608.232036 -2.52751 -0.16293 26.72167 -0.02003 -0.21943 -0.00413 0.97541
1033608.235982 -2.52072 -0.15894 26.73542 -0.01981 -0.22017 -0.00426 0.97525
1033608.240463 -2.53653 -0.15584 26.75137 -0.01966 -0.22060 -0.00509 0.97515
1033608.244944 -2.55335 -0.16810 26.80474 -0.01928 -0.22035 -0.00547 0.97522
1033608.245118 -2.55913 -0.16107 26.82202 -0.01935 -0.22054 -0.00451 0.97518
1033608.249425 -2.56923 -0.16176 26.83805 -0.01930 -0.22100 -0.00522 0.97507
1033608.253906 -2.59760 -0.16739 26.88261 -0.01929 -0.22169 -0.00537 0.97491
1033608.258387 -2.58405 -0.15439 26.84702 -0.01976 -0.22256 -0.00488 0.97471
1033608.262868 -2.58762 -0.15790 26.86336 -0.01963 -0.22348 -0.00488 0.97450
1033608.266802 -2.60053 -0.16340 26.89897 -0.01997 -0.22398 -0.00464 0.97438
1033608.267349 -2.61321 -0.16348 26.91099 -0.01988 -0.22403 -0.00441 0.97437
1033608.271830 -2.62168 -0.15912 26.95891 -0.01962 -0.22384 -0.00469 0.97442
1033608.275698 -2.64040 -0.15475 26.98957 -0.01942 -0.22429 -0.00519 0.97431
1033608.276311 -2.63399 -0.16419 26.97563 -0.01956 -0.22439 -0.00484 0.97429
1033608.280792 -2.66951 -0.15958 27.02979 -0.01957 -0.22493 -0.00525 0.97416
1033608.285273 -2.69084 -0.16422 27.05779 -0.01963 -0.22555 -0.00488 0.97402
1033608.289754 -2.69095 -0.14642 27.06207 -0.01953 -0.22681 -0.00531 0.97373
1033608.294235 -2.71093 -0.14790 27.09321 -0.01991 -0.22732 -0.00559 0.97360
1033608.295784 -2.70756 -0.14191 27.09546 -0.01983 -0.22771 -0.00553 0.97351
1033608.298716 -2.73679 -0.14192 27.14488 -0.01959 -0.22795 -0.00579 0.97346
1033608.303197 -2.73530 -0.14956 27.14064 -0.01947 -0.22738 -0.00583 0.97359
1033608.307678 -2.74785 -0.14533 27.18238 -0.01936 -0.22804 -0.00582 0.97344
1033608.312159 -2.73332 -0.14689 27.16798 -0.01957 -0.22875 -0.00581 0.97327
1033608.312527 -2.75052 -0.14105 27.16731 -0.01984 -0.22951 -0.00514 0.97309
1033608.316640 -2.75938 -0.13667 27.19069 -0.01987 -0.22988 -0.00496 0.97300
1033608.321121 -2.79201 -0.13356 27.24787 -0.01990 -0.23060 -0.00509 0.97283
1033608.322702 -2.79515 -0.13580 27.26022 -0.01964 -0.23101 -0.00567 0.97274
1033608.325602 -2.78864 -0.14351 27.27142 -0.01945 -0.23027 -0.00609 0.97291
1033608.330083 -2.80759 -0.13919 27.30320 -0.01984 -0.23095 -0.00606 0.97274
1033608.334564 -2.83359 -0.13737 27.34973 -0.01972 -0.23146 -0.00617 0.97262
1033608.339045 -2.85387 -0.13508 27.37404 -0.01950 -0.23206 -0.00594 0.97249
1033608.343526 -2.84677 -0.13682 27.34953 -0.02040 -0.23314 -0.00508 0.97222
1033608.344552 -2.83876 -0.13073 27.35457 -0.02033 -0.23354 -0.00530 0.97212
1033608.348007 -2.87155 -0.13173 27.39282 -0.02050 -0.23369 -0.00484 0.97208
1033608.352488 -2.86029 -0.13258 27.38417 -0.02033 -0.23450 -0.00552 0.97189
1033608.356969 -2.87170 -0.13874 27.43311 -0.01999 -0.23398 -0.00627 0.97202
1033608.358793 -2.89790 -0.14057 27.48199 -0.02016 -0.23460 -0.00666 0.97186
1033608.361450 -2.90910 -0.13382 27.50266 -0.02009 -0.23466 -0.00643 0.97185
1033608.365931 -2.94030 -0.13769 27.53236 -0.02013 -0.23543 -0.00651 0.97166
1033608.370412 -2.93120 -0.13331 27.50298 -0.02069 -0.23620 -0.00577 0.97147
1033608.374893 -2.94520 -0.13255 27.53201 -0.02034 -0.23687 -0.00586 0.97131
1033608.379374 -2.97386 -0.12420 27.57232 -0.02060 -0.23750 -0.00569 0.97115
1033608.382574 -2.96524 -0.12909 27.59483 -0.01994 -0.23716 -0.00650 0.97124
1033608.383855 -2.97203 -0.14010 27.61925 -0.02051 -0.23740 -0.00568 0.97118
1033608.388336 -2.99836 -0.13032 27.66437 -0.02014 -0.23771 -0.00601 0.97111
1033608.392817 -3.01617 -0.12845 27.68438 -0.01982 -0.23810 -0.00658 0.97102
1033608.397298 -3.03165 -0.12697 27.66543 -0.02032 -0.23913 -0.00601 0.97076
1033608.401779 -3.03971 -0.11946 27.69086 -0.02026 -0.23969 -0.00571 0.97062
1033608.405239 -3.04715 -0.12115 27.70926 -0.02023 -0.24026 -0.00602 0.97048
1033608.406260 -3.04612 -0.12366 27.75289 -0.02015 -0.23964 -0.00580 0.97064
1033608.410741 -3.05517 -0.12031 27.77059 -0.01986 -0.24045 -0.00627 0.97044
1033608.415222 -3.07169 -0.13309 27.80678 -0.02005 -0.24116 -0.00673 0.97026
1033608.419703 -3.07003 -0.14322 27.80178 -0.02052 -0.24171 -0.00579 0.97011
1033608.423500 -3.08093 -0.12948 27.80363 -0.02058 -0.24252 -0.00450 0.96992
1033608.424184 -3.07933 -0.11497 27.79195 -0.02042 -0.24264 -0.00517 0.96989
1033608.428665 -3.09128 -0.11654 27.82342 -0.02037 -0.24341 -0.00475 0.96970
1033608.431810 -3.10783 -0.12348 27.85694 -0.02027 -0.24376 -0.00521 0.96961
1033608.433146 -3.11130 -0.13680 27.88722 -0.02048 -0.24308 -0.00572 0.96977
1033608.437627 -3.12014 -0.13037 27.90145 -0.02018 -0.24351 -0.00620 0.96967
1033608.442108 -3.11772 -0.13651 27.92757 -0.02057 -0.24440 -0.00632 0.96943
1033608.445013 -3.12663 -0.13874 27.93152 -0.02016 -0.24490 -0.00637 0.96932
1033608.446589 -3.14916 -0.13276 27.96753 -0.02036 -0.24501 -0.00615 0.96929
1033608.451070 -3.14645 -0.11955 27.92391 -0.02058 -0.24599 -0.00523 0.96904
1033608.451451 -3.14157 -0.12301 27.93486 -0.02035 -0.24609 -0.00566 0.96902
1033608.455551 -3.14720 -0.11746 27.94309 -0.02041 -0.24641 -0.00531 0.96894
1033608.460032 -3.16352 -0.12758 27.95631 -0.02047 -0.24712 -0.00549 0.96875
1033608.463813 -3.15733 -0.14467 27.97908 -0.02020 -0.24653 -0.00602 0.96890
1033608.464513 -3.17940 -0.14054 28.03883 -0.02013 -0.24684 -0.00560 0.96883
1033608.468994 -3.20222 -0.12310 28.08199 -0.01953 -0.24747 -0.00599 0.96868
1033608.469171 -3.18966 -0.12574 28.06855 -0.01979 -0.24762 -0.00620 0.96863
1033608.473475 -3.19249 -0.12129 28.03414 -0.02036 -0.24828 -0.00546 0.96846
1033608.477955 -3.20302 -0.10938 28.05191 -0.01991 -0.24875 -0.00552 0.96835
1033608.479304 -3.21247 -0.11221 28.05542 -0.01962 -0.24889 -0.00519 0.96832
1033608.482437 -3.21565 -0.09882 28.08660 -0.01950 -0.24948 -0.00629 0.96816
1033608.486918 -3.24386 -0.10522 28.12900 -0.01967 -0.25024 -0.00563 0.96797
1033608.487322 -3.25029 -0.11819 28.17598 -0.01910 -0.24969 -0.00676 0.96811
1033608.491399 -3.26863 -0.12336 28.20227 -0.01935 -0.25005 -0.00667 0.96802
1033608.495880 -3.29728 -0.11948 28.24046 -0.01898 -0.25063 -0.00747 0.96787
1033608.497293 -3.30216 -0.12161 28.25166 -0.01895 -0.25103 -0.00724 0.96777
1033608.500361 -3.26825 -0.10089 28.18602 -0.01919 -0.25127 -0.00658 0.96771
1033608.504842 -3.26935 -0.10570 28.18604 -0.01926 -0.25195 -0.00614 0.96753
1033608.505429 -3.27511 -0.09463 28.18822 -0.01888 -0.25187 -0.00671 0.96755
1033608.509323 -3.28385 -0.09991 28.22172 -0.01914 -0.25264 -0.00620 0.96735
1033608.513804 -3.31883 -0.10527 28.25851 -0.01929 -0.25307 -0.00675 0.96723
1033608.518285 -3.37313 -0.11970 28.35546 -0.01883 -0.25268 -0.00827 0.96733
1033608.518805 -3.38052 -0.12270 28.37026 -0.01883 -0.25299 -0.00767 0.96726
1033608.522766 -3.37504 -0.10371 28.39760 -0.01856 -0.25350 -0.00776 0.96713
1033608.527247 -3.41326 -0.10895 28.44563 -0.01833 -0.25405 -0.00777 0.96699
1033608.531728 -3.38621 -0.09621 28.38394 -0.01878 -0.25486 -0.00664 0.96677
1033608.533667 -3.36931 -0.08822 28.37155 -0.01838 -0.25523 -0.00649 0.96668
1033608.536209 -3.37139 -0.09437 28.36873 -0.01851 -0.25563 -0.00691 0.96657
1033608.540690 -3.39875 -0.09534 28.40433 -0.01814 -0.25615 -0.00678 0.96644
1033608.543664 -3.42715 -0.09963 28.49519 -0.01806 -0.25570 -0.00799 0.96656
1033608.545171 -3.43843 -0.09897 28.51156 -0.01818 -0.25575 -0.00819 0.96654
1033608.549652 -3.44955 -0.09295 28.53106 -0.01822 -0.25646 -0.00788 0.96635
1033608.552378 -3.46243 -0.10122 28.55938 -0.01841 -0.25674 -0.00727 0.96628
1033608.554133 -3.47664 -0.10058 28.57448 -0.01822 -0.25692 -0.00739 0.96623
1033608.558614 -3.45268 -0.09340 28.49653 -0.01840 -0.25793 -0.00705 0.96596
1033608.559508 -3.45323 -0.08540 28.48755 -0.01817 -0.25794 -0.00774 0.96596
1033608.563095 -3.44288 -0.09636 28.49400 -0.01836 -0.25843 -0.00686 0.96583
1033608.567576 -3.50156 -0.10556 28.61178 -0.01834 -0.25808 -0.00717 0.96592
1033608.572057 -3.51719 -0.09876 28.63246 -0.01795 -0.25897 -0.00704 0.96569
1033608.572184 -3.51789 -0.10700 28.62282 -0.01841 -0.25888 -0.00718 0.96571
1033608.576538 -3.52867 -0.11101 28.64926 -0.01812 -0.25922 -0.00787 0.96562
1033608.581019 -3.55513 -0.10767 28.68979 -0.01795 -0.26008 -0.00771 0.96539
1033608.585133 -3.55439 -0.09277 28.66283 -0.01813 -0.26110 -0.00627 0.96512
1033608.587440 -3.55949 -0.08760 28.67138 -0.01776 -0.26142 -0.00702 0.96504
1033608.589981 -3.55422 -0.08706 28.66718 -0.01786 -0.26158 -0.00626 0.96500
1033608.594462 -3.58134 -0.08547 28.70996 -0.01767 -0.26222 -0.00713 0.96482
1033608.596302 -3.58791 -0.10272 28.74921 -0.01755 -0.26133 -0.00775 0.96506
1033608.598943 -3.60927 -0.09875 28.78065 -0.01720 -0.26146 -0.00809 0.96503
1033608.603424 -3.63117 -0.09725 28.81294 -0.01713 -0.26209 -0.00840 0.96485
1033608.607905 -3.63758 -0.09475 28.83976 -0.01694 -0.26281 -0.00874 0.96466
1033608.612386 -3.64461 -0.08585 28.81543 -0.01756 -0.26393 -0.00648 0.96436
1033608.613020 -3.62928 -0.08346 28.80300 -0.01724 -0.26397 -0.00733 0.96435
1033608.616867 -3.63234 -0.08661 28.81372 -0.01741 -0.26449 -0.00647 0.96421
1033608.621348 -3.64327 -0.09697 28.81932 -0.01723 -0.26513 -0.00738 0.96403
1033608.622158 -3.65778 -0.10259 28.87396 -0.01703 -0.26408 -0.00807 0.96432
1033608.625829 -3.69143 -0.09416 28.91933 -0.01679 -0.26433 -0.00874 0.96425
1033608.630310 -3.68671 -0.08951 28.92767 -0.01671 -0.26509 -0.00841 0.96404
1033608.631174 -3.70642 -0.09422 28.95651 -0.01669 -0.26517 -0.00783 0.96403
1033608.634791 -3.69197 -0.07975 28.90579 -0.01737 -0.26595 -0.00690 0.96380
1033608.639272 -3.68191 -0.08143 28.89073 -0.01691 -0.26658 -0.00755 0.96363
1033608.643753 -3.68740 -0.08422 28.90493 -0.01670 -0.26705 -0.00816 0.96350
1033608.648234 -3.69494 -0.09736 28.91045 -0.01696 -0.26765 -0.00777 0.96334
1033608.652715 -3.71406 -0.09937 28.95895 -0.01692 -0.26755 -0.00897 0.96335
1033608.653437 -3.72876 -0.08872 29.00763 -0.01661 -0.26772 -0.00934 0.96331
1033608.657196 -3.74936 -0.09195 29.01604 -0.01610 -0.26769 -0.00958 0.96332
1033608.661677 -3.77059 -0.09462 29.06270 -0.01624 -0.26871 -0.00921 0.96304
1033608.663215 -3.73468 -0.09432 28.99068 -0.01672 -0.26928 -0.00775 0.96289
1033608.666158 -3.73378 -0.08842 29.00035 -0.01662 -0.26951 -0.00910 0.96281
1033608.670639 -3.73428 -0.08741 29.01341 -0.01646 -0.27019 -0.00785 0.96263
1033608.673465 -3.74271 -0.08700 29.00678 -0.01673 -0.27082 -0.00810 0.96245
1033608.675120 -3.75818 -0.08365 29.05322 -0.01643 -0.27091 -0.00764 0.96243
1033608.679601 -3.80201 -0.09657 29.12220 -0.01661 -0.27058 -0.00854 0.96252
1033608.684082 -3.82612 -0.09022 29.14857 -0.01629 -0.27070 -0.00862 0.96249
1033608.685197 -3.83385 -0.08847 29.16130 -0.01619 -0.27103 -0.00901 0.96239
1033608.688563 -3.85136 -0.09012 29.19918 -0.01640 -0.27137 -0.00844 0.96230
1033608.693044 -3.83622 -0.07938 29.16718 -0.01658 -0.27248 -0.00827 0.96198
1033608.697525 -3.84669 -0.08537 29.18508 -0.01691 -0.27333 -0.00744 0.96174
1033608.702006 -3.87577 -0.07812 29.23808 -0.01700 -0.27397 -0.00732 0.96156
1033608.706077 -3.87472 -0.08214 29.23850 -0.01682 -0.27447 -0.00896 0.96141
1033608.706487 -3.87770 -0.08796 29.25991 -0.01661 -0.27318 -0.00905 0.96178
1033608.710968 -3.89788 -0.09121 29.26956 -0.01688 -0.27354 -0.00857 0.96167
1033608.715449 -3.90059 -0.08491 29.28571 -0.01684 -0.27395 -0.00865 0.96156
1033608.719930 -3.94537 -0.09055 29.35085 -0.01679 -0.27467 -0.00856 0.96135
1033608.724411 -3.96838 -0.07744 29.38859 -0.01688 -0.27507 -0.00890 0.96123
1033608.728892 -3.98244 -0.07186 29.38458 -0.01721 -0.27634 -0.00830 0.96087
1033608.733373 -3.99098 -0.07444 29.41367 -0.01744 -0.27711 -0.00756 0.96065
1033608.737365 -4.00906 -0.07516 29.45006 -0.01738 -0.27774 -0.00747 0.96047
1033608.737854 -3.98680 -0.07956 29.44313 -0.01721 -0.27651 -0.00820 0.96082
1033608.742335 -4.01650 -0.08053 29.47347 -0.01707 -0.27670 -0.00856 0.96077
1033608.746816 -4.04211 -0.08298 29.50747 -0.01701 -0.27728 -0.00905 0.96060
1033608.750124 -4.05679 -0.08771 29.52673 -0.01739 -0.27764 -0.00898 0.96049
1033608.751297 -4.02781 -0.07731 29.47957 -0.01766 -0.27854 -0.00871 0.96022
1033608.755778 -4.01953 -0.08095 29.47586 -0.01803 -0.27944 -0.00854 0.95996
1033608.760259 -4.03287 -0.07014 29.48390 -0.01762 -0.27959 -0.00852 0.95992
1033608.764740 -4.06682 -0.07699 29.52740 -0.01824 -0.28017 -0.00852 0.95974
1033608.768241 -4.08431 -0.09180 29.58139 -0.01803 -0.27941 -0.00859 0.95996
1033608.769648 -4.11779 -0.08229 29.64449 -0.01815 -0.27955 -0.00859 0.95992
1033608.773702 -4.14264 -0.07538 29.65843 -0.01752 -0.27966 -0.00898 0.95990
1033608.778183 -4.15232 -0.08248 29.66796 -0.01805 -0.28007 -0.00799 0.95978
1033608.782664 -4.12599 -0.06733 29.61911 -0.01817 -0.28126 -0.00829 0.95942
1033608.784645 -4.12250 -0.07059 29.61834 -0.01832 -0.28172 -0.00847 0.95928
1033608.787493 -4.14213 -0.06431 29.63529 -0.01826 -0.28171 -0.00920 0.95928
1033608.791626 -4.15910 -0.06014 29.66967 -0.01807 -0.28236 -0.00849 0.95910
1033608.796107 -4.17713 -0.06840 29.70853 -0.01844 -0.28291 -0.00783 0.95894
1033608.800588 -4.22207 -0.07853 29.78949 -0.01845 -0.28221 -0.00848 0.95914
1033608.805069 -4.26302 -0.07733 29.82416 -0.01863 -0.28238 -0.00821 0.95909
1033608.805475 -4.26873 -0.07132 29.84368 -0.01845 -0.28275 -0.00879 0.95898
1033608.812084 -4.29083 -0.08351 29.87570 -0.01870 -0.28343 -0.00845 0.95877
1033608.814031 -4.26033 -0.06161 29.81651 -0.01868 -0.28416 -0.00850 0.95856
1033608.818512 -4.26307 -0.07092 29.81509 -0.01905 -0.28461 -0.00717 0.95843
1033608.822993 -4.30250 -0.05341 29.87256 -0.01901 -0.28521 -0.00680 0.95825
1033608.827240 -4.31588 -0.06314 29.89566 -0.01895 -0.28551 -0.00730 0.95816
1033608.827474 -4.32132 -0.06194 29.90163 -0.01912 -0.28574 -0.00690 0.95809
1033608.831955 -4.36401 -0.07023 29.99804 -0.01918 -0.28499 -0.00760 0.95831
1033608.836436 -4.40427 -0.06747 30.05142 -0.01929 -0.28549 -0.00811 0.95815
1033608.840917 -4.43282 -0.06007 30.09158 -0.01914 -0.28578 -0.00809 0.95807
1033608.845398 -4.44979 -0.05959 30.10889 -0.01916 -0.28624 -0.00751 0.95794
1033608.849879 -4.43771 -0.04842 30.06636 -0.01942 -0.28751 -0.00750 0.95755
1033608.850628 -4.42324 -0.05307 30.04809 -0.01965 -0.28768 -0.00689 0.95750
1033608.858841 -4.46683 -0.04647 30.10139 -0.01986 -0.28843 -0.00660 0.95727
1033608.863322 -4.49499 -0.04733 30.14908 -0.01992 -0.28884 -0.00674 0.95715
1033608.867803 -4.53745 -0.06231 30.23117 -0.01965 -0.28797 -0.00687 0.95741
1033608.872284 -4.57061 -0.05351 30.28668 -0.01982 -0.28834 -0.00734 0.95730
1033608.876765 -4.59807 -0.05607 30.32004 -0.01967 -0.28858 -0.00751 0.95722
1033608.881246 -4.61244 -0.05663 30.33788 -0.01998 -0.28927 -0.00738 0.95701
1033608.885727 -4.59932 -0.04589 30.29448 -0.02022 -0.29045 -0.00722 0.95665
1033608.885986 -4.57717 -0.04429 30.26182 -0.02023 -0.29063 -0.00681 0.95660
1033608.894689 -4.57093 -0.04947 30.25993 -0.02044 -0.29129 -0.00644 0.95639
1033608.897871 -4.60923 -0.05212 30.30527 -0.02040 -0.29169 -0.00652 0.95627
1033608.899170 -4.65730 -0.03882 30.37606 -0.02066 -0.29187 -0.00574 0.95622
1033608.903651 -4.67483 -0.05173 30.43306 -0.02014 -0.29124 -0.00672 0.95641
1033608.908132 -4.71402 -0.05536 30.50369 -0.02003 -0.29137 -0.00656 0.95638
1033608.912613 -4.73724 -0.05989 30.51865 -0.02054 -0.29155 -0.00667 0.95631
1033608.917094 -4.76249 -0.05619 30.55641 -0.02027 -0.29206 -0.00677 0.95616
1033608.921575 -4.73964 -0.04736 30.51107 -0.02046 -0.29342 -0.00686 0.95574
1033608.926056 -4.74581 -0.04261 30.49779 -0.02074 -0.29406 -0.00546 0.95555
1033608.930537 -4.76908 -0.04452 30.51861 -0.02071 -0.29438 -0.00598 0.95544
1033608.935018 -4.79015 -0.03608 30.55962 -0.02060 -0.29496 -0.00533 0.95527
1033608.939499 -4.81116 -0.04596 30.60901 -0.02110 -0.29540 -0.00534 0.95513
1033608.943980 -4.82592 -0.05520 30.66599 -0.02034 -0.29437 -0.00614 0.95545
1033608.948461 -4.87461 -0.05191 30.73519 -0.02044 -0.29456 -0.00573 0.95540
1033608.952942 -4.89761 -0.04862 30.76690 -0.01997 -0.29508 -0.00621 0.95524
1033608.957423 -4.93308 -0.04894 30.79270 -0.02009 -0.29537 -0.00573 0.95516
1033608.958969 -4.91229 -0.04019 30.74503 -0.02069 -0.29645 -0.00525 0.95481
1033608.965758 -4.91963 -0.03576 30.72907 -0.02028 -0.29724 -0.00576 0.95457
1033608.966385 -4.90635 -0.03093 30.72055 -0.02000 -0.29736 -0.00572 0.95454
1033608.970866 -4.94324 -0.02591 30.76989 -0.02006 -0.29768 -0.00585 0.95444
1033608.975347 -4.96878 -0.02854 30.79422 -0.02029 -0.29801 -0.00571 0.95433
1033608.979828 -4.97236 -0.03796 30.83391 -0.01986 -0.29679 -0.00508 0.95472
1033608.984309 -5.01651 -0.04137 30.89920 -0.01975 -0.29696 -0.00607 0.95467
1033608.988790 -5.05450 -0.04318 30.97119 -0.01986 -0.29738 -0.00574 0.95454
1033608.993271 -5.09367 -0.03517 31.03376 -0.01956 -0.29792 -0.00562 0.95438
1033608.997752 -5.07696 -0.02322 30.98180 -0.01944 -0.29922 -0.00637 0.95397
1033609.002233 -5.06680 -0.02930 30.93077 -0.01946 -0.29980 -0.00591 0.95379
1033609.005083 -5.08637 -0.03130 30.95826 -0.01982 -0.30007 -0.00572 0.95370
1033609.006714 -5.10351 -0.02047 30.98560 -0.01935 -0.30019 -0.00558 0.95367
1033609.014984 -5.12604 -0.02395 31.01778 -0.01904 -0.29904 -0.00554 0.95404
1033609.015676 -5.14551 -0.02506 31.04910 -0.01893 -0.29901 -0.00663 0.95404
1033609.023544 -5.16125 -0.04500 31.09189 -0.01889 -0.29957 -0.00683 0.95386
1033609.024638 -5.20063 -0.04243 31.16490 -0.01906 -0.29989 -0.00638 0.95376
1033609.031125 -5.22823 -0.04274 31.21549 -0.01901 -0.30055 -0.00620 0.95356
1033609.038081 -5.23061 -0.03964 31.18199 -0.01922 -0.30217 -0.00561 0.95304
1033609.042562 -5.22680 -0.02835 31.16360 -0.01897 -0.30280 -0.00494 0.95285
1033609.044378 -5.24116 -0.02320 31.18047 -0.01901 -0.30296 -0.00458 0.95280
1033609.051524 -5.26292 -0.03091 31.24203 -0.01864 -0.30190 -0.00521 0.95314
1033609.056005 -5.31682 -0.03893 31.33208 -0.01831 -0.30223 -0.00587 0.95304
1033609.060486 -5.35876 -0.03371 31.38098 -0.01839 -0.30272 -0.00529 0.95289
1033609.064967 -5.36625 -0.03250 31.40142 -0.01819 -0.30274 -0.00496 0.95289
1033609.068610 -5.36285 -0.04002 31.37492 -0.01817 -0.30425 -0.00498 0.95241
1033609.073929 -5.35560 -0.02900 31.35098 -0.01829 -0.30503 -0.00425 0.95216
1033609.078410 -5.38769 -0.02115 31.39760 -0.01829 -0.30564 -0.00391 0.95196
1033609.079321 -5.40385 -0.02600 31.45578 -0.01824 -0.30431 -0.00379 0.95239
1033609.085857 -5.45645 -0.02805 31.53281 -0.01799 -0.30460 -0.00434 0.95230
1033609.087372 -5.47039 -0.02735 31.53622 -0.01788 -0.30438 -0.00460 0.95237
1033609.091853 -5.51572 -0.02550 31.59090 -0.01803 -0.30476 -0.00408 0.95225
1033609.096334 -5.53136 -0.03172 31.61845 -0.01768 -0.30503 -0.00416 0.95217
1033609.100815 -5.51547 -0.01997 31.57018 -0.01736 -0.30637 -0.00488 0.95174
1033609.105296 -5.49163 -0.02714 31.52295 -0.01754 -0.30690 -0.00397 0.95157
1033609.108498 -5.51832 -0.02456 31.55926 -0.01774 -0.30709 -0.00419 0.95151
1033609.114258 -5.55771 -0.02485 31.60514 -0.01738 -0.30767 -0.00401 0.95132
1033609.118739 -5.57673 -0.02435 31.65920 -0.01733 -0.30647 -0.00467 0.95171
1033609.123219 -5.61123 -0.02593 31.72803 -0.01746 -0.30696 -0.00393 0.95155
1033609.127519 -5.65857 -0.03000 31.78897 -0.01727 -0.30717 -0.00419 0.95149
1033609.132182 -5.70106 -0.02504 31.83833 -0.01741 -0.30745 -0.00401 0.95140
1033609.136663 -5.69162 -0.01975 31.79715 -0.01733 -0.30876 -0.00394 0.95098
1033609.141144 -5.69250 -0.01751 31.78645 -0.01705 -0.30927 -0.00391 0.95081
1033609.145625 -5.70482 -0.02073 31.80476 -0.01741 -0.30960 -0.00295 0.95070
1033609.150106 -5.71895 -0.01897 31.82661 -0.01705 -0.31012 -0.00400 0.95054
1033609.154587 -5.71736 -0.02278 31.86105 -0.01683 -0.30880 -0.00413 0.95097
1033609.159068 -5.73288 -0.02614 31.90100 -0.01663 -0.30920 -0.00470 0.95084
1033609.160961 -5.76583 -0.02351 31.92738 -0.01668 -0.30921 -0.00419 0.95084
1033609.163549 -5.81236 -0.02010 31.99541 -0.01673 -0.30949 -0.00401 0.95075
1033609.168030 -5.81406 -0.01261 31.94709 -0.01677 -0.31079 -0.00376 0.95032
1033609.172511 -5.83250 -0.01235 31.97525 -0.01677 -0.31126 -0.00328 0.95017
1033609.176992 -5.85722 -0.01211 31.99137 -0.01681 -0.31137 -0.00341 0.95013
1033609.180744 -5.86684 -0.01563 32.01521 -0.01651 -0.31184 -0.00356 0.94998
1033609.181473 -5.88542 -0.01519 32.03525 -0.01659 -0.31188 -0.00330 0.94997
1033609.185954 -5.87537 -0.00720 32.07070 -0.01631 -0.31065 -0.00438 0.95038
1033609.190435 -5.87633 -0.01112 32.09358 -0.01628 -0.31080 -0.00435 0.95033
1033609.194916 -5.90812 -0.01089 32.13827 -0.01617 -0.31119 -0.00453 0.95020
1033609.199397 -5.91937 -0.01054 32.14613 -0.01613 -0.31154 -0.00497 0.95008
1033609.203878 -5.94332 -0.01531 32.17740 -0.01595 -0.31168 -0.00451 0.95004
1033609.206868 -5.95090 -0.00917 32.14268 -0.01641 -0.31311 -0.00420 0.94957
1033609.212840 -6.00172 -0.00600 32.19070 -0.01648 -0.31354 -0.00375 0.94943
1033609.217321 -6.03922 -0.00926 32.23277 -0.01646 -0.31382 -0.00374 0.94933
1033609.219152 -6.04664 -0.00645 32.23346 -0.01639 -0.31384 -0.00373 0.94933
1033609.221802 -6.02674 -0.00456 32.25996 -0.01602 -0.31257 -0.00429 0.94975
1033609.228636 -6.05382 -0.00978 32.31293 -0.01588 -0.31312 -0.00510 0.94957
1033609.230764 -6.05932 -0.01401 32.33339 -0.01584 -0.31338 -0.00458 0.94949
1033609.235245 -6.09419 -0.00989 32.37079 -0.01577 -0.31360 -0.00489 0.94941
1033609.239726 -6.12456 0.00103 32.38958 -0.01569 -0.31363 -0.00469 0.94941
1033609.244207 -6.15232 -0.00178 32.38433 -0.01599 -0.31504 -0.00377 0.94893
1033609.248688 -6.18613 0.00178 32.43295 -0.01637 -0.31565 -0.00377 0.94873
1033609.253169 -6.20692 -0.00255 32.45233 -0.01616 -0.31602 -0.00383 0.94861
1033609.257650 -6.23536 -0.00403 32.50096 -0.01622 -0.31624 -0.00348 0.94853
1033609.261056 -6.21124 -0.01098 32.51486 -0.01584 -0.31509 -0.00492 0.94892
1033609.266322 -6.23334 -0.01536 32.53794 -0.01582 -0.31532 -0.00536 0.94884
1033609.266612 -6.23542 -0.00787 32.54487 -0.01552 -0.31512 -0.00535 0.94891
1033609.271093 -6.25904 -0.00358 32.58358 -0.01567 -0.31545 -0.00464 0.94880
1033609.275574 -6.28688 -0.01039 32.61310 -0.01550 -0.31578 -0.00550 0.94869
1033609.280055 -6.28887 -0.01124 32.57952 -0.01574 -0.31723 -0.00474 0.94821
1033609.282902 -6.32367 -0.00532 32.60952 -0.01637 -0.31776 -0.00389 0.94802
1033609.289017 -6.37487 -0.00085 32.65395 -0.01600 -0.31791 -0.00367 0.94798
1033609.293498 -6.39878 -0.00201 32.68421 -0.01603 -0.31803 -0.00399 0.94794
1033609.297979 -6.39983 -0.00559 32.71664 -0.01561 -0.31686 -0.00463 0.94833
1033609.302460 -6.41187 -0.00470 32.77603 -0.01520 -0.31697 -0.00585 0.94829
1033609.306941 -6.44119 0.00102 32.81467 -0.01530 -0.31736 -0.00572 0.94817
1033609.311422 -6.47219 0.00804 32.85585 -0.01528 -0.31759 -0.00571 0.94809
1033609.315903 -6.49299 0.00975 32.83997 -0.01560 -0.31906 -0.00528 0.94759
1033609.320384 -6.51255 -0.00570 32.82755 -0.01591 -0.31938 -0.00443 0.94748
1033609.324865 -6.53850 0.00056 32.87081 -0.01590 -0.31962 -0.00418 0.94740
1033609.329346 -6.58517 0.00293 32.90471 -0.01583 -0.31975 -0.00475 0.94736
1033609.333827 -6.55925 -0.00552 32.92683 -0.01549 -0.31845 -0.00573 0.94780
1033609.338308 -6.59733 -0.00165 33.00160 -0.01523 -0.31875 -0.00649 0.94770
1033609.342789 -6.60547 0.00260 33.02546 -0.01527 -0.31918 -0.00552 0.94755
1033609.347270 -6.62169 0.00379 33.00876 -0.01566 -0.32060 -0.00494 0.94707
1033609.349774 -6.65224 0.00057 33.01404 -0.01580 -0.32116 -0.00486 0.94688
1033609.356232 -6.69737 0.00495 33.07591 -0.01589 -0.32134 -0.00465 0.94682
1033609.360713 -6.72727 0.01117 33.11162 -0.01563 -0.32157 -0.00494 0.94674
1033609.364403 -6.74256 0.00624 33.13184 -0.01562 -0.32176 -0.00539 0.94668
1033609.368852 -6.72672 0.00508 33.15630 -0.01530 -0.32053 -0.00569 0.94710
1033609.374156 -6.77582 0.00190 33.21709 -0.01529 -0.32022 -0.00722 0.94719
1033609.378637 -6.78621 0.01172 33.22418 -0.01524 -0.32057 -0.00631 0.94708
1033609.383118 -6.82999 0.00856 33.29045 -0.01495 -0.32084 -0.00636 0.94699
1033609.392080 -6.85497 0.00447 33.28162 -0.01487 -0.32226 -0.00653 0.94651
1033609.396561 -6.89722 0.01088 33.31403 -0.01535 -0.32318 -0.00533 0.94620
1033609.401042 -6.92985 0.01065 33.35413 -0.01583 -0.32349 -0.00439 0.94609
1033609.405523 -6.95403 0.01308 33.38987 -0.01515 -0.32375 -0.00486 0.94601
1033609.410004 -6.93819 0.01892 33.41084 -0.01508 -0.32231 -0.00577 0.94649
1033609.414485 -6.95987 0.01418 33.44864 -0.01487 -0.32218 -0.00679 0.94654
1033609.418966 -6.97899 0.01672 33.46170 -0.01466 -0.32229 -0.00682 0.94650
1033609.425894 -7.01185 0.01875 33.52025 -0.01454 -0.32292 -0.00676 0.94629
1033609.432409 -7.06729 0.01461 33.58548 -0.01480 -0.32318 -0.00630 0.94620
1033609.441371 -7.10379 0.01297 33.59479 -0.01476 -0.32475 -0.00620 0.94567
1033609.445264 -7.14669 0.01239 33.63309 -0.01487 -0.32522 -0.00525 0.94551
1033609.450333 -7.15146 0.01353 33.64232 -0.01491 -0.32574 -0.00482 0.94533
1033609.454814 -7.18774 0.00708 33.67658 -0.01472 -0.32593 -0.00543 0.94526
1033609.459295 -7.16947 0.00902 33.68708 -0.01426 -0.32462 -0.00646 0.94571
1033609.468257 -7.19658 0.00598 33.72807 -0.01434 -0.32484 -0.00672 0.94564
1033609.473671 -7.23156 0.02239 33.78172 -0.01377 -0.32498 -0.00817 0.94559
1033609.481700 -7.28726 0.02213 33.85610 -0.01374 -0.32538 -0.00838 0.94545
1033609.490662 -7.32110 0.01880 33.86990 -0.01370 -0.32682 -0.00758 0.94496
1033609.495143 -7.36046 0.01463 33.91013 -0.01376 -0.32741 -0.00704 0.94476
1033609.499624 -7.40558 0.02376 33.96674 -0.01346 -0.32760 -0.00799 0.94469
1033609.504105 -7.44092 0.02480 34.00631 -0.01378 -0.32765 -0.00701 0.94467
1033609.511396 -7.42488 0.02548 34.01660 -0.01340 -0.32638 -0.00818 0.94511
1033609.517548 -7.46008 0.02714 34.06364 -0.01328 -0.32661 -0.00871 0.94503
1033609.524220 -7.51284 0.03245 34.12252 -0.01310 -0.32666 -0.00871 0.94501
1033609.530991 -7.54478 0.03588 34.16760 -0.01325 -0.32686 -0.00804 0.94495
1033609.535472 -7.57838 0.02543 34.20390 -0.01305 -0.32701 -0.00879 0.94489
1033609.539953 -7.60906 0.02479 34.20598 -0.01300 -0.32839 -0.00911 0.94441
1033609.544434 -7.63522 0.03209 34.24193 -0.01313 -0.32909 -0.00781 0.94418
1033609.553396 -7.69463 0.03189 34.31313 -0.01320 -0.32947 -0.00824 0.94404
1033609.557877 -7.71831 0.03309 34.34823 -0.01303 -0.32954 -0.00797 0.94402
1033609.562358 -7.74152 0.03890 34.37389 -0.01315 -0.32985 -0.00790 0.94391
1033609.566839 -7.72568 0.04328 34.38562 -0.01305 -0.32848 -0.00818 0.94439
1033609.572810 -7.75335 0.04457 34.42617 -0.01297 -0.32818 -0.00815 0.94449
1033609.580282 -7.76848 0.04223 34.44979 -0.01312 -0.32863 -0.00788 0.94433
1033609.584763 -7.80641 0.03618 34.46005 -0.01281 -0.32998 -0.00806 0.94387
1033609.593725 -7.85277 0.02958 34.50413 -0.01323 -0.33072 -0.00842 0.94360
1033609.598206 -7.90403 0.03316 34.56551 -0.01320 -0.33062 -0.00860 0.94363
1033609.607168 -7.96143 0.03451 34.64251 -0.01319 -0.33113 -0.00836 0.94346
1033609.613581 -8.01120 0.03935 34.70076 -0.01321 -0.33117 -0.00855 0.94344
1033609.620611 -7.98309 0.04439 34.70604 -0.01340 -0.32980 -0.00801 0.94392
1033609.625092 -7.99119 0.03556 34.72470 -0.01318 -0.32994 -0.00858 0.94387
1033609.634054 -8.05400 0.04621 34.79503 -0.01319 -0.33019 -0.00878 0.94378
1033609.638535 -8.09424 0.03847 34.80799 -0.01290 -0.33162 -0.00919 0.94328
1033609.647497 -8.15337 0.03287 34.86919 -0.01288 -0.33235 -0.00942 0.94302
1033609.656459 -8.19537 0.03942 34.92856 -0.01318 -0.33259 -0.00903 0.94294
1033609.661904 -8.25287 0.03869 35.00444 -0.01339 -0.33282 -0.00889 0.94285
1033609.669902 -8.30167 0.03525 35.06415 -0.01379 -0.33307 -0.00911 0.94276
1033609.676858 -8.27533 0.04202 35.06746 -0.01389 -0.33169 -0.00887 0.94324
1033609.683345 -8.32099 0.05198 35.12409 -0.01343 -0.33151 -0.00978 0.94331
1033609.692307 -8.37282 0.04446 35.17216 -0.01384 -0.33173 -0.00951 0.94323
1033609.696788 -8.39368 0.05011 35.20624 -0.01371 -0.33197 -0.00953 0.94314
1033609.704154 -8.42818 0.04315 35.21873 -0.01351 -0.33331 -0.00974 0.94267
1033609.710231 -8.50203 0.04718 35.29497 -0.01345 -0.33383 -0.01020 0.94248
1033609.719193 -8.55721 0.05401 35.37166 -0.01343 -0.33420 -0.00955 0.94236
1033609.723674 -8.60526 0.05626 35.42291 -0.01369 -0.33414 -0.00884 0.94238
1033609.728154 -8.57284 0.06265 35.42278 -0.01382 -0.33294 -0.00916 0.94280
1033609.733386 -8.58824 0.06441 35.44779 -0.01383 -0.33289 -0.00976 0.94282
1033609.746079 -8.63862 0.06166 35.50312 -0.01435 -0.33326 -0.00920 0.94268
1033609.750560 -8.67660 0.06100 35.55401 -0.01421 -0.33345 -0.00923 0.94262
1033609.755041 -8.72318 0.05486 35.57537 -0.01395 -0.33467 -0.00953 0.94219
1033609.764003 -8.78935 0.05356 35.64971 -0.01434 -0.33507 -0.00948 0.94204
1033609.772965 -8.84151 0.05758 35.70366 -0.01402 -0.33531 -0.01053 0.94194
1033609.777446 -8.87891 0.06109 35.75884 -0.01430 -0.33558 -0.00959 0.94185
1033609.786408 -8.92140 0.06106 35.81320 -0.01451 -0.33572 -0.00960 0.94180
1033609.790889 -8.88554 0.07023 35.80044 -0.01479 -0.33455 -0.00941 0.94222
1033609.799851 -8.91024 0.06325 35.83332 -0.01521 -0.33445 -0.00920 0.94225
1033609.804332 -8.95464 0.07048 35.88123 -0.01518 -0.33444 -0.00896 0.94225
1033609.809067 -8.98451 0.06703 35.91608 -0.01530 -0.33433 -0.00927 0.94229
1033609.817775 -9.01145 0.05835 35.93082 -0.01502 -0.33592 -0.01016 0.94172
1033609.826737 -9.07563 0.06347 35.99092 -0.01495 -0.33665 -0.01018 0.94146
1033609.831218 -9.13776 0.04870 36.06145 -0.01498 -0.33671 -0.00985 0.94144
1033609.835699 -9.19547 0.05291 36.12572 -0.01540 -0.33658 -0.00949 0.94148
1033609.840180 -9.15689 0.06353 36.10708 -0.01577 -0.33534 -0.00900 0.94192
1033609.849142 -9.19769 0.07255 36.16857 -0.01564 -0.33517 -0.00917 0.94198
1033609.858104 -9.23604 0.07484 36.22183 -0.01540 -0.33555 -0.00907 0.94185
1033609.862585 -9.27561 0.07880 36.26240 -0.01517 -0.33554 -0.00895 0.94186
1033609.867066 -9.31592 0.06530 36.27799 -0.01486 -0.33699 -0.00987 0.94134
1033609.876028 -9.37947 0.05799 36.34863 -0.01496 -0.33756 -0.00939 0.94114
1033609.880509 -9.40177 0.06094 36.38138 -0.01445 -0.33765 -0.00991 0.94111
1033609.884990 -9.43900 0.05359 36.41120 -0.01506 -0.33761 -0.00989 0.94111
1033609.892692 -9.41173 0.06459 36.42022 -0.01544 -0.33641 -0.00965 0.94154
1033609.897501 -9.44408 0.07467 36.46284 -0.01534 -0.33636 -0.00913 0.94157
1033609.901888 -9.45960 0.07710 36.48546 -0.01539 -0.33650 -0.00922 0.94151
1033609.907395 -9.50132 0.07774 36.53706 -0.01546 -0.33638 -0.00894 0.94156
1033609.916357 -9.54496 0.07754 36.59400 -0.01529 -0.33671 -0.00889 0.94144
1033609.920838 -9.59308 0.07386 36.61344 -0.01496 -0.33807 -0.00940 0.94095
1033609.929800 -9.65339 0.06316 36.67692 -0.01495 -0.33856 -0.00927 0.94078
1033609.934281 -9.68795 0.06266 36.71776 -0.01503 -0.33860 -0.00952 0.94076
1033609.943243 -9.73494 0.06815 36.77540 -0.01512 -0.33886 -0.00908 0.94067
1033609.947724 -9.70286 0.07957 36.77626 -0.01568 -0.33751 -0.00826 0.94115
1033609.952205 -9.72293 0.09016 36.81379 -0.01533 -0.33724 -0.00822 0.94126
1033609.961167 -9.76078 0.09859 36.86014 -0.01524 -0.33756 -0.00763 0.94115
1033609.970128 -9.80366 0.09552 36.91705 -0.01512 -0.33779 -0.00804 0.94107
1033609.974610 -9.85253 0.09123 36.96653 -0.01510 -0.33786 -0.00868 0.94103
1033609.982656 -9.88655 0.08306 36.97926 -0.01454 -0.33921 -0.00951 0.94055
1033609.988053 -9.94184 0.07383 37.02667 -0.01480 -0.33964 -0.00849 0.94040
1033609.994582 -9.96491 0.07272 37.05863 -0.01484 -0.34010 -0.00948 0.94023
1033610.001496 -10.01383 0.07485 37.12298 -0.01483 -0.34004 -0.00877 0.94025
1033610.005977 -10.07026 0.07826 37.18723 -0.01461 -0.34013 -0.00875 0.94023
1033610.010458 -10.03767 0.08568 37.18879 -0.01512 -0.33899 -0.00797 0.94063
1033610.019420 -10.04733 0.09443 37.22784 -0.01510 -0.33884 -0.00830 0.94069
1033610.023901 -10.07444 0.09646 37.26031 -0.01457 -0.33890 -0.00861 0.94067
1033610.032079 -10.11375 0.10101 37.31492 -0.01465 -0.33919 -0.00802 0.94057
1033610.037344 -10.15756 0.09266 37.32274 -0.01411 -0.34057 -0.00896 0.94007
1033610.046306 -10.22649 0.07407 37.38116 -0.01425 -0.34089 -0.00909 0.93995
1033610.050787 -10.26504 0.08171 37.43118 -0.01458 -0.34093 -0.00874 0.93994
1033610.059749 -10.32675 0.08021 37.50414 -0.01427 -0.34116 -0.00875 0.93986
1033610.064230 -10.29670 0.08842 37.50355 -0.01487 -0.33986 -0.00787 0.94033
1033610.068711 -10.32254 0.10062 37.55148 -0.01437 -0.33944 -0.00867 0.94048
1033610.077673 -10.35996 0.10829 37.59755 -0.01409 -0.33970 -0.00862 0.94039
1033610.082154 -10.38835 0.10717 37.63831 -0.01417 -0.33988 -0.00865 0.94032
1033610.086635 -10.41067 0.10443 37.66161 -0.01418 -0.33997 -0.00893 0.94029
1033610.091116 -10.45275 0.09845 37.67031 -0.01379 -0.34125 -0.00956 0.93982
1033610.100078 -10.50651 0.08846 37.72558 -0.01392 -0.34190 -0.00866 0.93959
1033610.106714 -10.55748 0.08553 37.78616 -0.01410 -0.34211 -0.00874 0.93951
1033610.116779 -10.53133 0.08118 37.79567 -0.01457 -0.34091 -0.00759 0.93995
1033610.122483 -10.55261 0.09267 37.84794 -0.01452 -0.34068 -0.00815 0.94003
1033610.126964 -10.59411 0.10157 37.89619 -0.01426 -0.34089 -0.00881 0.93995
1033610.131445 -10.61643 0.10123 37.92984 -0.01435 -0.34074 -0.00852 0.94001
1033610.144888 -10.66315 0.09200 37.94656 -0.01386 -0.34218 -0.00948 0.93948
1033610.149369 -10.71953 0.09046 38.00316 -0.01415 -0.34287 -0.00917 0.93923
1033610.158331 -10.79519 0.08693 38.08861 -0.01446 -0.34315 -0.00861 0.93913
1033610.162812 -10.84683 0.09007 38.13982 -0.01457 -0.34302 -0.00844 0.93918
1033610.169626 -10.89376 0.08766 38.19393 -0.01451 -0.34300 -0.00894 0.93918
1033610.176255 -10.95723 0.09732 38.26660 -0.01405 -0.34317 -0.00932 0.93912
1033610.183776 -10.93068 0.10354 38.27811 -0.01440 -0.34194 -0.00853 0.93957
1033610.189698 -10.93911 0.10808 38.31573 -0.01409 -0.34154 -0.00920 0.93972
1033610.195640 -10.97131 0.11816 38.35374 -0.01432 -0.34182 -0.00911 0.93961
1033610.201270 -11.00559 0.11436 38.39843 -0.01443 -0.34195 -0.00869 0.93957
1033610.207622 -11.03009 0.10921 38.38385 -0.01420 -0.34341 -0.00960 0.93903
1033610.212103 -11.08643 0.09330 38.43734 -0.01476 -0.34376 -0.00898 0.93890
1033610.221065 -11.13837 0.08856 38.50024 -0.01502 -0.34398 -0.00871 0.93881
1033610.229940 -11.18916 0.08740 38.55861 -0.01487 -0.34411 -0.00938 0.93876
1033610.234508 -11.20313 0.08908 38.58151 -0.01504 -0.34418 -0.00921 0.93874
1033610.238989 -11.22700 0.08442 38.62284 -0.01557 -0.34450 -0.00873 0.93862
1033610.243470 -11.20893 0.08685 38.63518 -0.01547 -0.34324 -0.00824 0.93908
1033610.247951 -11.24649 0.11089 38.69989 -0.01534 -0.34282 -0.00931 0.93923
1033610.256913 -11.30925 0.12066 38.76295 -0.01488 -0.34261 -0.00943 0.93931
1033610.261394 -11.34808 0.13064 38.80409 -0.01480 -0.34274 -0.00906 0.93927
1033610.265875 -11.38414 0.12922 38.82070 -0.01451 -0.34408 -0.00970 0.93878
1033610.271836 -11.39695 0.11302 38.80203 -0.01498 -0.34448 -0.00943 0.93863
1033610.279318 -11.43435 0.10321 38.83764 -0.01533 -0.34423 -0.00960 0.93871
1033610.287817 -11.47354 0.09974 38.89220 -0.01558 -0.34446 -0.00951 0.93862
1033610.296426 -11.51910 0.10018 38.95925 -0.01559 -0.34469 -0.00933 0.93854
1033610.301723 -11.49302 0.10670 38.96623 -0.01561 -0.34353 -0.00935 0.93896
1033610.307310 -11.52095 0.11601 39.01504 -0.01578 -0.34325 -0.00992 0.93906
1033610.310685 -11.55448 0.12928 39.05777 -0.01551 -0.34328 -0.00966 0.93905
1033610.319647 -11.60328 0.13308 39.12894 -0.01543 -0.34321 -0.00946 0.93908
1033610.324128 -11.65732 0.13505 39.20156 -0.01565 -0.34350 -0.00914 0.93898
1033610.332932 -11.68917 0.13448 39.20876 -0.01569 -0.34475 -0.00964 0.93851
1033610.336171 -11.71568 0.12406 39.22838 -0.01646 -0.34534 -0.00901 0.93829
1033610.342052 -11.74947 0.10796 39.24257 -0.01672 -0.34527 -0.00934 0.93831
1033610.346533 -11.78001 0.10981 39.26916 -0.01665 -0.34505 -0.01017 0.93838
1033610.352888 -11.81912 0.10541 39.31372 -0.01693 -0.34500 -0.01006 0.93840
1033610.359976 -11.80047 0.11127 39.33125 -0.01719 -0.34385 -0.00922 0.93882
1033610.364457 -11.82724 0.12629 39.39706 -0.01649 -0.34349 -0.01034 0.93896
1033610.373419 -11.87854 0.13333 39.46640 -0.01668 -0.34369 -0.00966 0.93889
1033610.377900 -11.91387 0.13819 39.49968 -0.01631 -0.34361 -0.00967 0.93892
1033610.382381 -11.93527 0.13612 39.49162 -0.01638 -0.34499 -0.00979 0.93841
1033610.388982 -11.98111 0.12870 39.52641 -0.01702 -0.34572 -0.00902 0.93814
1033610.395824 -12.01566 0.12012 39.56575 -0.01724 -0.34572 -0.01030 0.93812
1033610.400305 -12.06047 0.12091 39.60488 -0.01736 -0.34555 -0.01013 0.93819
1033610.409267 -12.04074 0.12580 39.62265 -0.01752 -0.34436 -0.01039 0.93862
1033610.414620 -12.06763 0.13154 39.68600 -0.01745 -0.34394 -0.01012 0.93878
1033610.422710 -12.11049 0.12780 39.75115 -0.01748 -0.34409 -0.01049 0.93872
1033610.427191 -12.14951 0.12743 39.80222 -0.01780 -0.34441 -0.01028 0.93859
1033610.431672 -12.18032 0.13143 39.84025 -0.01764 -0.34429 -0.00990 0.93864
1033610.439764 -12.20638 0.13058 39.84112 -0.01783 -0.34573 -0.00999 0.93811
1033610.447613 -12.26352 0.12063 39.88582 -0.01779 -0.34633 -0.01003 0.93789
1033610.454077 -12.31299 0.12472 39.93989 -0.01815 -0.34646 -0.01020 0.93783
1033610.458558 -12.34063 0.11734 39.96328 -0.01826 -0.34625 -0.01013 0.93791
1033610.464717 -12.31672 0.11981 39.97146 -0.01833 -0.34498 -0.01006 0.93838
1033610.472001 -12.36531 0.12942 40.05931 -0.01814 -0.34456 -0.01079 0.93853
1033610.476978 -12.41004 0.13215 40.11891 -0.01839 -0.34479 -0.01021 0.93844
1033610.480963 -12.43264 0.14043 40.14583 -0.01813 -0.34479 -0.01022 0.93845
1033610.489925 -12.49568 0.13986 40.20381 -0.01817 -0.34464 -0.01104 0.93850
1033610.494406 -12.52364 0.13839 40.20312 -0.01822 -0.34599 -0.01135 0.93799
1033610.498887 -12.56131 0.13282 40.22741 -0.01840 -0.34655 -0.01079 0.93779
1033610.507849 -12.61460 0.13556 40.28442 -0.01849 -0.34657 -0.01098 0.93778
1033610.512330 -12.64473 0.13706 40.32056 -0.01892 -0.34679 -0.01050 0.93769
1033610.516811 -12.61315 0.13309 40.31249 -0.01881 -0.34535 -0.01039 0.93823
1033610.524425 -12.64097 0.14332 40.37503 -0.01897 -0.34493 -0.01086 0.93837
1033610.530254 -12.69173 0.14299 40.44846 -0.01901 -0.34503 -0.01044 0.93834
1033610.534735 -12.72086 0.15406 40.47788 -0.01877 -0.34501 -0.01002 0.93836
1033610.539216 -12.75085 0.15045 40.48000 -0.01863 -0.34640 -0.01075 0.93784
1033610.543696 -12.80031 0.14433 40.50891 -0.01877 -0.34698 -0.01082 0.93762
1033610.552659 -12.85321 0.14435 40.56621 -0.01909 -0.34691 -0.01084 0.93764
1033610.557140 -12.88844 0.15217 40.60337 -0.01849 -0.34671 -0.01117 0.93773
1033610.563320 -12.92481 0.15248 40.64137 -0.01919 -0.34666 -0.01084 0.93773
1033610.569138 -12.90750 0.14797 40.65423 -0.01951 -0.34520 -0.01050 0.93827
1033610.575064 -12.93252 0.15251 40.71795 -0.01938 -0.34487 -0.01145 0.93838
1033610.584026 -12.97368 0.15424 40.78222 -0.01975 -0.34539 -0.01117 0.93819
1033610.591407 -13.00465 0.15415 40.79631 -0.01931 -0.34671 -0.01177 0.93770
1033610.597469 -13.06837 0.15449 40.84624 -0.01939 -0.34739 -0.01081 0.93746
1033610.604727 -13.12295 0.15297 40.90135 -0.01946 -0.34738 -0.01047 0.93746
1033610.610912 -13.17499 0.15776 40.95313 -0.01950 -0.34701 -0.01083 0.93760
1033610.615393 -13.20718 0.16738 40.98020 -0.01932 -0.34691 -0.01037 0.93764
1033610.619874 -13.18486 0.17008 40.98675 -0.01935 -0.34547 -0.01050 0.93817
1033610.624355 -13.18573 0.16668 41.02500 -0.01973 -0.34521 -0.01143 0.93825
1033610.633317 -13.24222 0.16516 41.09274 -0.02008 -0.34521 -0.01129 0.93824
1033610.637798 -13.27539 0.16783 41.13208 -0.02012 -0.34526 -0.01083 0.93823
1033610.642279 -13.29675 0.16055 41.12562 -0.01997 -0.34668 -0.01118 0.93771
1033610.646760 -13.34320 0.15895 41.16150 -0.02008 -0.34728 -0.01090 0.93748
1033610.651241 -13.38983 0.15510 41.20826 -0.02011 -0.34728 -0.01144 0.93748
1033610.660203 -13.44104 0.16315 41.27027 -0.02029 -0.34734 -0.01120 0.93745
1033610.664684 -13.42094 0.17218 41.28465 -0.02083 -0.34594 -0.01027 0.93797
1033610.671080 -13.44158 0.17484 41.33102 -0.02072 -0.34549 -0.01008 0.93814
1033610.678127 -13.47174 0.17153 41.37305 -0.02092 -0.34541 -0.01053 0.93816
1033610.682608 -13.49976 0.17895 41.41088 -0.02074 -0.34554 -0.00986 0.93812
1033610.687089 -13.53236 0.17650 41.44391 -0.02075 -0.34563 -0.01076 0.93808
1033610.694176 -13.56041 0.17648 41.44625 -0.02054 -0.34706 -0.01114 0.93755
1033610.700532 -13.62086 0.17301 41.49413 -0.02076 -0.34763 -0.01033 0.93735
1033610.705013 -13.67287 0.17481 41.55062 -0.02093 -0.34751 -0.01069 0.93738
1033610.713975 -13.72882 0.17431 41.61052 -0.02094 -0.34736 -0.01062 0.93744
1033610.718456 -13.70514 0.18284 41.61792 -0.02147 -0.34588 -0.00966 0.93798
1033610.725860 -13.70763 0.18111 41.65522 -0.02125 -0.34574 -0.01021 0.93803
1033610.731899 -13.75338 0.19298 41.70965 -0.02112 -0.34567 -0.01036 0.93806
1033610.736380 -13.78779 0.19042 41.75548 -0.02126 -0.34562 -0.00987 0.93808
1033610.742845 -13.83352 0.19060 41.78883 -0.02094 -0.34697 -0.01098 0.93758
1033610.754304 -13.88922 0.18153 41.83209 -0.02126 -0.34768 -0.01069 0.93731
1033610.765718 -13.95413 0.17916 41.87319 -0.02149 -0.34785 -0.01071 0.93724
1033610.772228 -13.93140 0.18518 41.88729 -0.02201 -0.34623 -0.01015 0.93784
1033610.776709 -13.95630 0.18819 41.93203 -0.02232 -0.34581 -0.01032 0.93798
1033610.785671 -14.00675 0.19980 41.98464 -0.02195 -0.34582 -0.01091 0.93798
1033610.790152 -14.05850 0.20570 42.05550 -0.02197 -0.34556 -0.01070 0.93808
1033610.799114 -14.12645 0.20838 42.12837 -0.02210 -0.34568 -0.01054 0.93803
1033610.803595 -14.16005 0.20058 42.13640 -0.02187 -0.34708 -0.01071 0.93752
1033610.808076 -14.20364 0.19648 42.15064 -0.02197 -0.34756 -0.01083 0.93734
1033610.814089 -14.24190 0.19694 42.19654 -0.02210 -0.34745 -0.01025 0.93738
1033610.821426 -14.28450 0.19612 42.24924 -0.02224 -0.34766 -0.01088 0.93729
1033610.828887 -14.33934 0.19644 42.31289 -0.02258 -0.34734 -0.01010 0.93741
1033610.834952 -14.31358 0.20000 42.31025 -0.02299 -0.34589 -0.00935 0.93795
1033610.839443 -14.32885 0.21536 42.35651 -0.02258 -0.34542 -0.01048 0.93812
1033610.847056 -14.37355 0.22210 42.41561 -0.02259 -0.34526 -0.01088 0.93817
1033610.856437 -14.43327 0.22325 42.44886 -0.02217 -0.34649 -0.01154 0.93772
1033610.861848 -14.50510 0.20945 42.49613 -0.02278 -0.34707 -0.01027 0.93751
1033610.863005 -14.52850 0.21299 42.53528 -0.02283 -0.34733 -0.00987 0.93741
1033610.875291 -14.58002 0.20762 42.59600 -0.02312 -0.34724 -0.01013 0.93744
1033610.879772 -14.63392 0.21079 42.65372 -0.02312 -0.34722 -0.00980 0.93745
1033610.884253 -14.60579 0.21470 42.64739 -0.02350 -0.34583 -0.00915 0.93796
1033610.888734 -14.60409 0.22136 42.67546 -0.02339 -0.34524 -0.01021 0.93817
1033610.895699 -14.63717 0.22733 42.72306 -0.02324 -0.34525 -0.01024 0.93817
1033610.902177 -14.67908 0.23419 42.77347 -0.02284 -0.34506 -0.01031 0.93825
1033610.906658 -14.71421 0.22860 42.78477 -0.02233 -0.34647 -0.01117 0.93773
1033610.915481 -14.76937 0.22279 42.81887 -0.02324 -0.34728 -0.00969 0.93742
1033610.920101 -14.81230 0.21790 42.86919 -0.02295 -0.34728 -0.01010 0.93743
1033610.928292 -14.87058 0.22783 42.93304 -0.02326 -0.34720 -0.00997 0.93745
1033610.933544 -14.83477 0.23073 42.93700 -0.02369 -0.34569 -0.00958 0.93800
1033610.938025 -14.85986 0.23940 42.98906 -0.02346 -0.34527 -0.00995 0.93816
1033610.946987 -14.90308 0.24309 43.02010 -0.02315 -0.34493 -0.01025 0.93829
1033610.951969 -14.93989 0.24689 43.06479 -0.02332 -0.34498 -0.00983 0.93827
1033610.960709 -14.98722 0.23766 43.11428 -0.02328 -0.34488 -0.01027 0.93830
1033610.969392 -15.03885 0.23212 43.13089 -0.02299 -0.34626 -0.01090 0.93779
1033610.973873 -15.09552 0.23251 43.17725 -0.02310 -0.34689 -0.01070 0.93756
1033610.982834 -15.15535 0.22618 43.24592 -0.02331 -0.34697 -0.01015 0.93753
1033610.987251 -15.19574 0.22411 43.30457 -0.02309 -0.34695 -0.01005 0.93755
1033610.991797 -15.21486 0.22646 43.31928 -0.02340 -0.34681 -0.01016 0.93759
1033610.996278 -15.19611 0.22897 43.32752 -0.02376 -0.34543 -0.00944 0.93809
1033611.005240 -15.22108 0.23531 43.36714 -0.02400 -0.34462 -0.00936 0.93839
1033611.009721 -15.23373 0.25289 43.39703 -0.02341 -0.34483 -0.01009 0.93832
1033611.014202 -15.25327 0.25844 43.43959 -0.02307 -0.34506 -0.00972 0.93825
1033611.018683 -15.28758 0.24673 43.43892 -0.02237 -0.34639 -0.01012 0.93777
1033611.027645 -15.35504 0.23667 43.48777 -0.02291 -0.34693 -0.00938 0.93756
1033611.032126 -15.42490 0.23950 43.55995 -0.02278 -0.34693 -0.00949 0.93757
1033611.041088 -15.47875 0.24263 43.62312 -0.02286 -0.34687 -0.00972 0.93759
1033611.045569 -15.45156 0.24828 43.63127 -0.02351 -0.34532 -0.00872 0.93815
1033611.050050 -15.45441 0.25452 43.64812 -0.02315 -0.34456 -0.00965 0.93843
1033611.059012 -15.49671 0.26063 43.70132 -0.02324 -0.34457 -0.01020 0.93842
1033611.063493 -15.53067 0.25544 43.73178 -0.02334 -0.34447 -0.00947 0.93846
1033611.072455 -15.57081 0.25572 43.79420 -0.02305 -0.34446 -0.00945 0.93847
1033611.081417 -15.61753 0.23951 43.80658 -0.02227 -0.34594 -0.00997 0.93794
1033611.088628 -15.67973 0.23572 43.85277 -0.02247 -0.34665 -0.00986 0.93767
1033611.094860 -15.74518 0.24347 43.92690 -0.02232 -0.34666 -0.00963 0.93767
1033611.103822 -15.80155 0.25363 44.00021 -0.02202 -0.34681 -0.00959 0.93763
1033611.109973 -15.77016 0.25844 44.00516 -0.02250 -0.34556 -0.00840 0.93809
1033611.121746 -15.80274 0.26119 44.05779 -0.02236 -0.34466 -0.00916 0.93842
1033611.130708 -15.86888 0.26279 44.13307 -0.02217 -0.34439 -0.00880 0.93852
1033611.135189 -15.90165 0.25159 44.13542 -0.02149 -0.34569 -0.00951 0.93805
1033611.144150 -15.97428 0.25034 44.18882 -0.02093 -0.34646 -0.00997 0.93778
1033611.153113 -16.04105 0.25312 44.26800 -0.02076 -0.34656 -0.01063 0.93774
1033611.157594 -16.09252 0.25425 44.32649 -0.02068 -0.34661 -0.00985 0.93773
1033611.164408 -16.12935 0.26056 44.37005 -0.02076 -0.34651 -0.00955 0.93777
1033611.171037 -16.09849 0.26798 44.37324 -0.02153 -0.34514 -0.00854 0.93827
1033611.179999 -16.10613 0.27587 44.41364 -0.02111 -0.34427 -0.00905 0.93859
1033611.187368 -16.15872 0.27943 44.48131 -0.02099 -0.34437 -0.00880 0.93856
1033611.195945 -16.18766 0.26774 44.47710 -0.02022 -0.34567 -0.00974 0.93809
1033611.202404 -16.26424 0.26045 44.53189 -0.02008 -0.34618 -0.00964 0.93790
1033611.211366 -16.33568 0.25423 44.60976 -0.01994 -0.34634 -0.00967 0.93785
1033611.216216 -16.40980 0.26456 44.69432 -0.01975 -0.34636 -0.00997 0.93784
1033611.223346 -16.39240 0.27308 44.70660 -0.02064 -0.34505 -0.00870 0.93832
1033611.231767 -16.41695 0.28540 44.76701 -0.02045 -0.34417 -0.00868 0.93865
1033611.242733 -16.47809 0.28468 44.84563 -0.02012 -0.34413 -0.00852 0.93867
1033611.251695 -16.54052 0.29462 44.91578 -0.01999 -0.34422 -0.00901 0.93863
1033611.252358 -16.56712 0.28624 44.90887 -0.01899 -0.34558 -0.01001 0.93814
1033611.265138 -16.62355 0.27791 44.94815 -0.01894 -0.34612 -0.00923 0.93795
1033611.274100 -16.67738 0.27745 45.01281 -0.01893 -0.34615 -0.00931 0.93794
1033611.278581 -16.71234 0.27539 45.05057 -0.01902 -0.34602 -0.00949 0.93799
1033611.287543 -16.76511 0.28325 45.10378 -0.01880 -0.34593 -0.01006 0.93802
1033611.296505 -16.74520 0.29244 45.12279 -0.01962 -0.34435 -0.00881 0.93859
1033611.300986 -16.78414 0.29725 45.19236 -0.01972 -0.34367 -0.00876 0.93884
1033611.313481 -16.84544 0.29676 45.25927 -0.01955 -0.34354 -0.00874 0.93890
1033611.318910 -16.86899 0.28999 45.24864 -0.01891 -0.34499 -0.00937 0.93837
1033611.327593 -16.93828 0.28538 45.29894 -0.01882 -0.34565 -0.00985 0.93812
1033611.332353 -16.99220 0.28151 45.37160 -0.01889 -0.34578 -0.00990 0.93807
1033611.336834 -17.02608 0.28366 45.41171 -0.01901 -0.34569 -0.00975 0.93810
1033611.341315 -17.05851 0.28361 45.44146 -0.01903 -0.34561 -0.01008 0.93813
1033611.350277 -17.05170 0.29207 45.47618 -0.02000 -0.34404 -0.00865 0.93870
1033611.354758 -17.08441 0.30494 45.53619 -0.01966 -0.34334 -0.00921 0.93896
1033611.363720 -17.12260 0.30876 45.58840 -0.01953 -0.34339 -0.00909 0.93894
1033611.372682 -17.17845 0.30952 45.64923 -0.01951 -0.34319 -0.00913 0.93902
1033611.377163 -17.20105 0.30318 45.63278 -0.01900 -0.34445 -0.00964 0.93856
1033611.383296 -17.26549 0.29379 45.67023 -0.01899 -0.34536 -0.01017 0.93822
1033611.390606 -17.31534 0.29156 45.73565 -0.01895 -0.34535 -0.01022 0.93823
1033611.395087 -17.34152 0.29568 45.77696 -0.01886 -0.34538 -0.00984 0.93822
1033611.404049 -17.38265 0.30691 45.83945 -0.01876 -0.34552 -0.00997 0.93817
1033611.408530 -17.36195 0.31575 45.84846 -0.01945 -0.34420 -0.00951 0.93865
1033611.413011 -17.37660 0.31889 45.89536 -0.01978 -0.34333 -0.00898 0.93896
1033611.421973 -17.43542 0.31263 45.95702 -0.01977 -0.34330 -0.00905 0.93897
1033611.430935 -17.47181 0.31806 45.99939 -0.01953 -0.34322 -0.00908 0.93901
1033611.439897 -17.51254 0.31148 46.00949 -0.01875 -0.34457 -0.01043 0.93851
1033611.444378 -17.58523 0.30598 46.06333 -0.01907 -0.34516 -0.01017 0.93830
1033611.453340 -17.65449 0.31074 46.13550 -0.01888 -0.34519 -0.01029 0.93829
1033611.457821 -17.64160 0.32126 46.14943 -0.01991 -0.34386 -0.00870 0.93877
1033611.466783 -17.65651 0.32484 46.18754 -0.01970 -0.34289 -0.00911 0.93913
1033611.472278 -17.69589 0.32480 46.24276 -0.01965 -0.34280 -0.00933 0.93916
1033611.480226 -17.73911 0.32033 46.30899 -0.01970 -0.34281 -0.00906 0.93915
1033611.484707 -17.75993 0.31812 46.30781 -0.01912 -0.34423 -0.01011 0.93863
1033611.493669 -17.81807 0.31463 46.33689 -0.01937 -0.34505 -0.01007 0.93833
1033611.502631 -17.88142 0.31105 46.40145 -0.01943 -0.34488 -0.01049 0.93839
1033611.507112 -17.92634 0.31862 46.46105 -0.01924 -0.34484 -0.01050 0.93841
1033611.513150 -17.90350 0.32390 46.46828 -0.01981 -0.34342 -0.00962 0.93892
1033611.516074 -17.90837 0.33022 46.48536 -0.01968 -0.34255 -0.00955 0.93924
1033611.529517 -17.96373 0.33244 46.54210 -0.01951 -0.34235 -0.00980 0.93932
1033611.533998 -18.01982 0.33471 46.59882 -0.01955 -0.34228 -0.00954 0.93934
1033611.538479 -18.03980 0.32295 46.59552 -0.01892 -0.34347 -0.01023 0.93892
1033611.547441 -18.10063 0.32034 46.64847 -0.01875 -0.34442 -0.01105 0.93856
1033611.551922 -18.13842 0.31584 46.69699 -0.01871 -0.34458 -0.01126 0.93850
1033611.560884 -18.20473 0.32496 46.77310 -0.01888 -0.34444 -0.01087 0.93855
1033611.565365 -18.21650 0.32567 46.80057 -0.01896 -0.34468 -0.01051 0.93847
1033611.574327 -18.19959 0.33506 46.82228 -0.01962 -0.34330 -0.01047 0.93896
1033611.582895 -18.24279 0.33883 46.87680 -0.01975 -0.34257 -0.00952 0.93924
1033611.587770 -18.27506 0.34341 46.92150 -0.01970 -0.34240 -0.00915 0.93930
1033611.595925 -18.33421 0.34802 46.99036 -0.01929 -0.34230 -0.00933 0.93935
1033611.601213 -18.36249 0.33476 46.98070 -0.01862 -0.34362 -0.01047 0.93887
1033611.602951 -18.42544 0.33355 47.02516 -0.01857 -0.34424 -0.01118 0.93863
1033611.610175 -18.46814 0.32968 47.07465 -0.01860 -0.34416 -0.01173 0.93865
1033611.622404 -18.52467 0.33202 47.14021 -0.01867 -0.34410 -0.01180 0.93867
1033611.628099 -18.50388 0.34229 47.15141 -0.01950 -0.34275 -0.01066 0.93916
1033611.637061 -18.52177 0.34640 47.18033 -0.01950 -0.34182 -0.01009 0.93951
1033611.641542 -18.56439 0.35051 47.23813 -0.01952 -0.34187 -0.00995 0.93949
1033611.646023 -18.58415 0.35173 47.27674 -0.01965 -0.34193 -0.01000 0.93947
1033611.654985 -18.60962 0.34311 47.27878 -0.01883 -0.34328 -0.01187 0.93897
1033611.663947 -18.66372 0.33718 47.32892 -0.01927 -0.34358 -0.01163 0.93885
1033611.670992 -18.73762 0.32815 47.39583 -0.01913 -0.34353 -0.01166 0.93887
1033611.677390 -18.72444 0.33536 47.40105 -0.02028 -0.34198 -0.01050 0.93943
1033611.681871 -18.75065 0.34446 47.44047 -0.02009 -0.34132 -0.01138 0.93966
1033611.690833 -18.80033 0.34141 47.50381 -0.01983 -0.34123 -0.01119 0.93970
1033611.695314 -18.84855 0.35388 47.56139 -0.01997 -0.34117 -0.01091 0.93973
1033611.699795 -18.85562 0.34868 47.53899 -0.01928 -0.34248 -0.01176 0.93925
1033611.708757 -18.90236 0.34728 47.60089 -0.01913 -0.34319 -0.01173 0.93900
1033611.713238 -18.94665 0.35381 47.65585 -0.01909 -0.34352 -0.01198 0.93888
1033611.717719 -18.97328 0.35090 47.68592 -0.01919 -0.34325 -0.01173 0.93898
1033611.722200 -18.99564 0.35696 47.71339 -0.01887 -0.34333 -0.01211 0.93895
1033611.726681 -18.98569 0.36259 47.73390 -0.01969 -0.34201 -0.01113 0.93942
1033611.735642 -19.03721 0.36259 47.79662 -0.01985 -0.34141 -0.01032 0.93965
1033611.740123 -19.07766 0.36061 47.82937 -0.02018 -0.34109 -0.01047 0.93975
1033611.746398 -19.11588 0.36927 47.87250 -0.01972 -0.34092 -0.01113 0.93982
1033611.755419 -19.13747 0.35818 47.87001 -0.01902 -0.34218 -0.01198 0.93936
1033611.762529 -19.18514 0.35525 47.91710 -0.01881 -0.34272 -0.01287 0.93916
1033611.767010 -19.23047 0.35921 47.96880 -0.01853 -0.34278 -0.01349 0.93914
1033611.773437 -19.26352 0.36777 48.01083 -0.01822 -0.34278 -0.01326 0.93914
1033611.780453 -19.24802 0.37200 48.02645 -0.01925 -0.34140 -0.01172 0.93965
1033611.785174 -19.28775 0.37061 48.07960 -0.01984 -0.34079 -0.01090 0.93987
1033611.793896 -19.33872 0.37720 48.13518 -0.01977 -0.34071 -0.01101 0.93989
1033611.801989 -19.38952 0.37557 48.18345 -0.01970 -0.34069 -0.01155 0.93990
1033611.807339 -19.41969 0.36814 48.19078 -0.01867 -0.34205 -0.01313 0.93940
1033611.811820 -19.46549 0.36640 48.24410 -0.01846 -0.34255 -0.01434 0.93921
1033611.816872 -19.49725 0.37191 48.28153 -0.01899 -0.34238 -0.01402 0.93927
1033611.826187 -19.54024 0.36841 48.34152 -0.01873 -0.34238 -0.01373 0.93927
1033611.833564 -19.58942 0.37154 48.39080 -0.01868 -0.34231 -0.01397 0.93930
1033611.840001 -19.58110 0.37761 48.40925 -0.01968 -0.34106 -0.01290 0.93975
1033611.847668 -19.61839 0.37466 48.44892 -0.02036 -0.34026 -0.01210 0.94003
1033611.854751 -19.67093 0.37517 48.51685 -0.02026 -0.34009 -0.01217 0.94010
1033611.860806 -19.72058 0.38425 48.57027 -0.02006 -0.33989 -0.01251 0.94017
1033611.865592 -19.73972 0.38091 48.56180 -0.01901 -0.34134 -0.01355 0.93965
1033611.874554 -19.77562 0.38454 48.60001 -0.01852 -0.34192 -0.01429 0.93944
1033611.879035 -19.81596 0.38383 48.66446 -0.01857 -0.34190 -0.01397 0.93945
1033611.885484 -19.85657 0.38519 48.71142 -0.01843 -0.34200 -0.01401 0.93942
1033611.892478 -19.84397 0.39105 48.72492 -0.01943 -0.34060 -0.01333 0.93991
1033611.901439 -19.88312 0.38398 48.77384 -0.01983 -0.33991 -0.01226 0.94017
1033611.910401 -19.94424 0.39112 48.84495 -0.02007 -0.33971 -0.01246 0.94023
1033611.919363 -19.99038 0.39163 48.89641 -0.02010 -0.33955 -0.01217 0.94029
1033611.928325 -20.02733 0.38126 48.91385 -0.01912 -0.34085 -0.01331 0.93983
1033611.936414 -20.08486 0.38627 48.98889 -0.01937 -0.34121 -0.01323 0.93969
1033611.946250 -20.15886 0.38924 49.06976 -0.01889 -0.34145 -0.01381 0.93961
1033611.950731 -20.15159 0.39842 49.08826 -0.01987 -0.34003 -0.01272 0.94012
1033611.959693 -20.19234 0.39788 49.14284 -0.01986 -0.33961 -0.01219 0.94028
1033611.964174 -20.23565 0.39772 49.19031 -0.01997 -0.33925 -0.01190 0.94041
1033611.968655 -20.26599 0.39981 49.22475 -0.01949 -0.33928 -0.01267 0.94040
1033611.973136 -20.28826 0.39318 49.23471 -0.01879 -0.34060 -0.01301 0.93993
1033611.982098 -20.32563 0.39299 49.28262 -0.01897 -0.34115 -0.01341 0.93972
1033611.986138 -20.35175 0.39574 49.31700 -0.01926 -0.34121 -0.01304 0.93970
1033611.991060 -20.39698 0.39424 49.36143 -0.01926 -0.34125 -0.01369 0.93968
1033611.995541 -20.38822 0.39936 49.37684 -0.01984 -0.33981 -0.01303 0.94019
1033612.000022 -20.41786 0.39742 49.40498 -0.01989 -0.33908 -0.01245 0.94047
1033612.004503 -20.44156 0.40236 49.43400 -0.01992 -0.33918 -0.01227 0.94043
1033612.013465 -20.47232 0.39920 49.47820 -0.01982 -0.33916 -0.01251 0.94044
1033612.022427 -20.50383 0.39117 49.49237 -0.01909 -0.34048 -0.01302 0.93997
1033612.024300 -20.53345 0.39952 49.53427 -0.01857 -0.34098 -0.01327 0.93979
1033612.027752 -20.55785 0.40127 49.56096 -0.01850 -0.34113 -0.01324 0.93974
1033612.040351 -20.60171 0.40540 49.61218 -0.01862 -0.34086 -0.01307 0.93984
1033612.044832 -20.59827 0.40908 49.62926 -0.01924 -0.33934 -0.01236 0.94039
1033612.053794 -20.62326 0.39847 49.64799 -0.01974 -0.33883 -0.01158 0.94057
1033612.058275 -20.66830 0.40734 49.69822 -0.01964 -0.33859 -0.01200 0.94065
1033612.067237 -20.69804 0.40509 49.73611 -0.01941 -0.33824 -0.01210 0.94078
1033612.071718 -20.72670 0.41238 49.76428 -0.01929 -0.33846 -0.01186 0.94071
1033612.076199 -20.74592 0.40997 49.77329 -0.01911 -0.34000 -0.01219 0.94015
1033612.085161 -20.78170 0.39871 49.81256 -0.01899 -0.34037 -0.01367 0.94000
1033612.089642 -20.78765 0.40011 49.83628 -0.01963 -0.34029 -0.01308 0.94002
1033612.094122 -20.81931 0.40281 49.85562 -0.01899 -0.34031 -0.01396 0.94002
1033612.102166 -20.82767 0.40478 49.88838 -0.01941 -0.33888 -0.01300 0.94054
1033612.107565 -20.87460 0.40563 49.95419 -0.01957 -0.33822 -0.01206 0.94079
1033612.116527 -20.90847 0.41255 49.98671 -0.01910 -0.33808 -0.01217 0.94085
1033612.121008 -20.94125 0.40939 50.00339 -0.01892 -0.33933 -0.01322 0.94039
1033612.129970 -20.98846 0.41457 50.06229 -0.01856 -0.33973 -0.01358 0.94024
1033612.134614 -21.01059 0.41198 50.10205 -0.01883 -0.33991 -0.01281 0.94018
1033612.143262 -21.04770 0.40862 50.14604 -0.01890 -0.33981 -0.01358 0.94020
1033612.151921 -21.10140 0.40874 50.20652 -0.01903 -0.33972 -0.01363 0.94023
1033612.156857 -21.09108 0.40676 50.22247 -0.01929 -0.33804 -0.01249 0.94085
1033612.161338 -21.11273 0.40618 50.24651 -0.01906 -0.33776 -0.01266 0.94095
1033612.170300 -21.14164 0.40559 50.28219 -0.01914 -0.33782 -0.01217 0.94094
1033612.174781 -21.17843 0.41938 50.33075 -0.01903 -0.33749 -0.01257 0.94105
1033612.179262 -21.19508 0.41607 50.32197 -0.01853 -0.33889 -0.01337 0.94055
1033612.183743 -21.23165 0.41717 50.36714 -0.01870 -0.33932 -0.01340 0.94039
1033612.192705 -21.26694 0.41979 50.41150 -0.01880 -0.33930 -0.01278 0.94040
1033612.197186 -21.30783 0.42085 50.46530 -0.01870 -0.33954 -0.01305 0.94032
1033612.201667 -21.30222 0.41834 50.48346 -0.01952 -0.33832 -0.01133 0.94076
1033612.210008 -21.32386 0.40906 50.51028 -0.01940 -0.33765 -0.01185 0.94100
1033612.215110 -21.34639 0.41485 50.52931 -0.01893 -0.33760 -0.01209 0.94102
1033612.224072 -21.40947 0.41740 50.60340 -0.01917 -0.33733 -0.01222 0.94111
1033612.231237 -21.45251 0.41738 50.65445 -0.01926 -0.33733 -0.01228 0.94111
1033612.237515 -21.48982 0.41999 50.66818 -0.01889 -0.33852 -0.01319 0.94068
1033612.241996 -21.52506 0.42572 50.71308 -0.01867 -0.33886 -0.01287 0.94056
1033612.249067 -21.55425 0.42737 50.75349 -0.01844 -0.33881 -0.01304 0.94058
1033612.256632 -21.60429 0.43091 50.80535 -0.01837 -0.33880 -0.01352 0.94058
1033612.264401 -21.60134 0.42511 50.83779 -0.01871 -0.33764 -0.01208 0.94101
1033612.268882 -21.62709 0.42575 50.87742 -0.01880 -0.33719 -0.01184 0.94117
1033612.273363 -21.65584 0.43142 50.91342 -0.01930 -0.33709 -0.01113 0.94121
1033612.282324 -21.69406 0.42592 50.94950 -0.01917 -0.33730 -0.01131 0.94113
1033612.286805 -21.72782 0.43340 50.96405 -0.01880 -0.33861 -0.01264 0.94066
1033612.291286 -21.76927 0.43061 51.00812 -0.01865 -0.33863 -0.01315 0.94064
1033612.300248 -21.81811 0.43376 51.07059 -0.01846 -0.33848 -0.01365 0.94069
1033612.304729 -21.84117 0.43558 51.08894 -0.01858 -0.33836 -0.01321 0.94074
1033612.313691 -21.84597 0.43764 51.12976 -0.01921 -0.33710 -0.01201 0.94120
1033612.318172 -21.88284 0.43260 51.17778 -0.01930 -0.33684 -0.01153 0.94129
1033612.322654 -21.90417 0.43630 51.20809 -0.01946 -0.33663 -0.01162 0.94136
1033612.331389 -21.94659 0.43380 51.24764 -0.01948 -0.33662 -0.01193 0.94136
1033612.336097 -21.97188 0.43644 51.25404 -0.01897 -0.33793 -0.01330 0.94088
1033612.340578 -21.99570 0.43646 51.28571 -0.01900 -0.33831 -0.01347 0.94075
1033612.345059 -22.03133 0.44003 51.33130 -0.01894 -0.33817 -0.01356 0.94080
1033612.349540 -22.01449 0.43787 51.33942 -0.01935 -0.33699 -0.01214 0.94123
1033612.358502 -22.04485 0.43588 51.38241 -0.01990 -0.33658 -0.01118 0.94138
1033612.362983 -22.06612 0.44013 51.41641 -0.01952 -0.33675 -0.01138 0.94132
1033612.371945 -22.11190 0.44067 51.46067 -0.01943 -0.33637 -0.01148 0.94146
1033612.380907 -22.15052 0.43830 51.47789 -0.01897 -0.33768 -0.01275 0.94098
1033612.385388 -22.19665 0.44486 51.53991 -0.01899 -0.33809 -0.01291 0.94083
1033612.391550 -22.24011 0.44765 51.58148 -0.01909 -0.33788 -0.01273 0.94091
1033612.398831 -22.27636 0.44582 51.62795 -0.01915 -0.33789 -0.01311 0.94090
1033612.406990 -22.32072 0.44924 51.68550 -0.01932 -0.33789 -0.01301 0.94090
1033612.415573 -22.31481 0.44797 51.71834 -0.01994 -0.33663 -0.01146 0.94136
1033612.421236 -22.35214 0.45020 51.76404 -0.01981 -0.33594 -0.01080 0.94161
1033612.429627 -22.39943 0.45165 51.82522 -0.02013 -0.33593 -0.01061 0.94161
1033612.434679 -22.44440 0.45345 51.88386 -0.02020 -0.33580 -0.01053 0.94166
1033612.439160 -22.46014 0.45627 51.86529 -0.01980 -0.33701 -0.01142 0.94122
1033612.443641 -22.49389 0.45817 51.88822 -0.01907 -0.33749 -0.01295 0.94105
1033612.448122 -22.51558 0.44964 51.91758 -0.01971 -0.33747 -0.01241 0.94105
1033612.454575 -22.56003 0.45556 51.96616 -0.01977 -0.33732 -0.01223 0.94110
1033612.466046 -22.54010 0.45694 51.98620 -0.01993 -0.33584 -0.01146 0.94164
1033612.470527 -22.54153 0.45282 51.99506 -0.02038 -0.33553 -0.01086 0.94175
1033612.479488 -22.57585 0.45357 52.04634 -0.02063 -0.33558 -0.00997 0.94173
1033612.488449 -22.63147 0.45176 52.11134 -0.02078 -0.33549 -0.01004 0.94176
1033612.492931 -22.66078 0.44687 52.10877 -0.02035 -0.33663 -0.01083 0.94136
1033612.501893 -22.72076 0.45280 52.16763 -0.01995 -0.33688 -0.01154 0.94127
1033612.506374 -22.78377 0.45834 52.23790 -0.02024 -0.33697 -0.01191 0.94122
1033612.511436 -22.82973 0.46490 52.29725 -0.01940 -0.33687 -0.01231 0.94127
1033612.519817 -22.81893 0.46663 52.31608 -0.01989 -0.33551 -0.01131 0.94176
1033612.524299 -22.82838 0.47154 52.33665 -0.01991 -0.33502 -0.01090 0.94194
1033612.528617 -22.83136 0.46753 52.35250 -0.02001 -0.33518 -0.01089 0.94188
1033612.533261 -22.86278 0.47195 52.38424 -0.02005 -0.33495 -0.01087 0.94196
1033612.542223 -22.90071 0.46721 52.39306 -0.01983 -0.33621 -0.01109 0.94151
1033612.546704 -22.96683 0.46335 52.45019 -0.02027 -0.33653 -0.01204 0.94138
1033612.555666 -23.00381 0.46705 52.49994 -0.01975 -0.33658 -0.01186 0.94137
1033612.564628 -23.06268 0.45965 52.56000 -0.02022 -0.33644 -0.01192 0.94141
1033612.569109 -23.04915 0.46143 52.57873 -0.02059 -0.33515 -0.01114 0.94188
1033612.573590 -23.05769 0.47222 52.61067 -0.02001 -0.33466 -0.01075 0.94207
1033612.579788 -23.08781 0.47483 52.65411 -0.01967 -0.33447 -0.01096 0.94214
1033612.587033 -23.12730 0.47021 52.65453 -0.01969 -0.33568 -0.01154 0.94170
1033612.591514 -23.17228 0.46577 52.69929 -0.02035 -0.33609 -0.01166 0.94154
1033612.594465 -23.20552 0.46890 52.74464 -0.01999 -0.33620 -0.01215 0.94150
1033612.609438 -23.26136 0.47573 52.81829 -0.01992 -0.33609 -0.01178 0.94155
1033612.618330 -23.24649 0.47006 52.83566 -0.02004 -0.33481 -0.01102 0.94201
1033612.622881 -23.27376 0.47688 52.87780 -0.01969 -0.33412 -0.01111 0.94226
1033612.628018 -23.32248 0.47387 52.92799 -0.01976 -0.33400 -0.01084 0.94230
1033612.636324 -23.35845 0.46901 52.97438 -0.01974 -0.33387 -0.01116 0.94235
1033612.638868 -23.37791 0.47192 52.96427 -0.01979 -0.33509 -0.01174 0.94191
1033612.645611 -23.42597 0.48482 53.00934 -0.01974 -0.33558 -0.01175 0.94173
1033612.658729 -23.49399 0.48424 53.09171 -0.01983 -0.33564 -0.01149 0.94171
1033612.667690 -23.53680 0.48664 53.14182 -0.01938 -0.33542 -0.01170 0.94180
1033612.676652 -23.52329 0.48196 53.15556 -0.01964 -0.33412 -0.01042 0.94227
1033612.681133 -23.56542 0.48176 53.22574 -0.01984 -0.33356 -0.01062 0.94246
1033612.690095 -23.61886 0.48417 53.28801 -0.01963 -0.33329 -0.01073 0.94256
1033612.699057 -23.67873 0.48629 53.37026 -0.01959 -0.33321 -0.01086 0.94259
1033612.708020 -23.73436 0.49566 53.42798 -0.01925 -0.33290 -0.01084 0.94270
1033612.712501 -23.75657 0.48777 53.41525 -0.01923 -0.33410 -0.01125 0.94227
1033612.717206 -23.78998 0.49314 53.44244 -0.01949 -0.33482 -0.01186 0.94201
1033612.725944 -23.82245 0.48725 53.48490 -0.01954 -0.33490 -0.01209 0.94197
1033612.730912 -23.87076 0.49251 53.54814 -0.01962 -0.33479 -0.01171 0.94202
1033612.739587 -23.85651 0.49086 53.56637 -0.01990 -0.33336 -0.01042 0.94253
1033612.751286 -23.87955 0.48187 53.60630 -0.01994 -0.33252 -0.01011 0.94283
1033612.752985 -23.92214 0.49463 53.66434 -0.01944 -0.33250 -0.01034 0.94284
1033612.762261 -23.97449 0.49318 53.71880 -0.01941 -0.33223 -0.01044 0.94294
1033612.770754 -24.00422 0.48600 53.72117 -0.01910 -0.33344 -0.01124 0.94251
1033612.779716 -24.05703 0.49077 53.77496 -0.01998 -0.33403 -0.01151 0.94228
1033612.788678 -24.11200 0.49657 53.84251 -0.01971 -0.33404 -0.01121 0.94229
1033612.793159 -24.15468 0.49453 53.89105 -0.01957 -0.33393 -0.01155 0.94232
1033612.802121 -24.14342 0.50055 53.90510 -0.02007 -0.33254 -0.01041 0.94282
1033612.811083 -24.18575 0.49914 53.97706 -0.01946 -0.33186 -0.01033 0.94307
1033612.813096 -24.22075 0.50831 54.02329 -0.01958 -0.33164 -0.01035 0.94315
1033612.824526 -24.27620 0.51343 54.08171 -0.01931 -0.33141 -0.01011 0.94324
1033612.829007 -24.29335 0.51227 54.06704 -0.01928 -0.33265 -0.01042 0.94280
1033612.833488 -24.32082 0.50943 54.09385 -0.01945 -0.33358 -0.01104 0.94246
1033612.842450 -24.36432 0.50278 54.14774 -0.01978 -0.33338 -0.01121 0.94252
1033612.846931 -24.39500 0.50665 54.18227 -0.01973 -0.33311 -0.01129 0.94262
1033612.851412 -24.37872 0.51089 54.20119 -0.02031 -0.33188 -0.00998 0.94305
1033612.855893 -24.40808 0.51254 54.26661 -0.01966 -0.33131 -0.01024 0.94326
1033612.860373 -24.43139 0.51966 54.29311 -0.01956 -0.33113 -0.00986 0.94333
1033612.864854 -24.46181 0.52551 54.32279 -0.01948 -0.33092 -0.00946 0.94341
1033612.873816 -24.49155 0.52486 54.32438 -0.01946 -0.33210 -0.01045 0.94299
1033612.878297 -24.52327 0.51715 54.33683 -0.01963 -0.33286 -0.01129 0.94270
1033612.883726 -24.56168 0.51392 54.38558 -0.01966 -0.33277 -0.01157 0.94273
1033612.889674 -24.59295 0.51464 54.42241 -0.01974 -0.33259 -0.01159 0.94279
1033612.896222 -24.58388 0.51521 54.44561 -0.02013 -0.33142 -0.00989 0.94322
1033612.902420 -24.60714 0.51502 54.50404 -0.01990 -0.33066 -0.01005 0.94349
1033612.909665 -24.65110 0.52965 54.56039 -0.01952 -0.33042 -0.01000 0.94358
1033612.918120 -24.70650 0.52646 54.62986 -0.01963 -0.33027 -0.01012 0.94363
1033612.923108 -24.74590 0.52955 54.68063 -0.01921 -0.33016 -0.01037 0.94367
1033612.927621 -24.77450 0.52955 54.68498 -0.01929 -0.33160 -0.01117 0.94316
1033612.936551 -24.82342 0.52610 54.71506 -0.01970 -0.33176 -0.01147 0.94309
1033612.942943 -24.86462 0.52131 54.74781 -0.01981 -0.33177 -0.01144 0.94308
1033612.948385 -24.85461 0.52704 54.77369 -0.02008 -0.33053 -0.01074 0.94352
1033612.954475 -24.86812 0.53057 54.82310 -0.01968 -0.32963 -0.01003 0.94385
1033612.958956 -24.89618 0.54125 54.85936 -0.01940 -0.32970 -0.01043 0.94383
1033612.967918 -24.93261 0.53505 54.90211 -0.01938 -0.32939 -0.01037 0.94394
1033612.972399 -24.97188 0.52988 54.91627 -0.01910 -0.33064 -0.01156 0.94349
1033612.981361 -25.02691 0.53082 54.98487 -0.01896 -0.33098 -0.01208 0.94337
1033612.986182 -25.07853 0.53567 55.04811 -0.01903 -0.33105 -0.01186 0.94335
1033612.991769 -25.10616 0.53394 55.07694 -0.01929 -0.33092 -0.01162 0.94339
1033612.999285 -25.09247 0.53935 55.09395 -0.01952 -0.32959 -0.01053 0.94386
1033613.003766 -25.10043 0.54674 55.11750 -0.01940 -0.32890 -0.01049 0.94411
1033613.008247 -25.11831 0.54908 55.13806 -0.01906 -0.32896 -0.01050 0.94409
1033613.015762 -25.16273 0.54774 55.19446 -0.01926 -0.32873 -0.01052 0.94417
1033613.021690 -25.19396 0.54069 55.19188 -0.01899 -0.32994 -0.01127 0.94374
1033613.026171 -25.24266 0.53329 55.23587 -0.01890 -0.33020 -0.01260 0.94364
1033613.030652 -25.25747 0.53462 55.26320 -0.01924 -0.33051 -0.01225 0.94353
1033613.039516 -25.29018 0.53639 55.30866 -0.01927 -0.33029 -0.01162 0.94361
1033613.044095 -25.27506 0.54399 55.33462 -0.01963 -0.32907 -0.01048 0.94404
1033613.052170 -25.31401 0.55314 55.39196 -0.01935 -0.32840 -0.01007 0.94429
1033613.057537 -25.36183 0.56151 55.44099 -0.01870 -0.32821 -0.01048 0.94436
1033613.062018 -25.37780 0.56333 55.45671 -0.01869 -0.32804 -0.01027 0.94442
1033613.066499 -25.40059 0.56675 55.49178 -0.01883 -0.32794 -0.00991 0.94446
1033613.072960 -25.43686 0.55473 55.49483 -0.01886 -0.32913 -0.01043 0.94404
1033613.075461 -25.46607 0.55494 55.52683 -0.01864 -0.32957 -0.01126 0.94388
1033613.084423 -25.51086 0.54973 55.58248 -0.01905 -0.32960 -0.01187 0.94385
1033613.088905 -25.54052 0.55352 55.61674 -0.01911 -0.32921 -0.01181 0.94399
1033613.093386 -25.52412 0.55793 55.63426 -0.01931 -0.32788 -0.01082 0.94446
1033613.097867 -25.53773 0.56329 55.65542 -0.01867 -0.32734 -0.01038 0.94466
1033613.102348 -25.56598 0.57131 55.69070 -0.01863 -0.32730 -0.01025 0.94468
1033613.109116 -25.59272 0.57147 55.72805 -0.01874 -0.32738 -0.01053 0.94465
1033613.114958 -25.62528 0.57159 55.77221 -0.01866 -0.32713 -0.01062 0.94473
1033613.119848 -25.64887 0.56241 55.76052 -0.01875 -0.32836 -0.01126 0.94430
1033613.124753 -25.69105 0.56210 55.80978 -0.01886 -0.32885 -0.01172 0.94412
1033613.126660 -25.70636 0.56654 55.82568 -0.01862 -0.32878 -0.01197 0.94415
1033613.133715 -25.73774 0.56426 55.86566 -0.01904 -0.32886 -0.01182 0.94411
1033613.138196 -25.72851 0.56679 55.89298 -0.01899 -0.32751 -0.01121 0.94459
1033613.142999 -25.75088 0.57894 55.91964 -0.01870 -0.32674 -0.01036 0.94487
1033613.147158 -25.75495 0.57450 55.93366 -0.01864 -0.32668 -0.01069 0.94489
1033613.156120 -25.80687 0.57629 56.00395 -0.01872 -0.32662 -0.01047 0.94491
1033613.160601 -25.83018 0.57007 55.99251 -0.01868 -0.32784 -0.01120 0.94448
1033613.169563 -25.88369 0.56547 56.04742 -0.01899 -0.32803 -0.01235 0.94440
1033613.174044 -25.92838 0.57038 56.10244 -0.01855 -0.32795 -0.01271 0.94443
1033613.178525 -25.95718 0.57752 56.14390 -0.01846 -0.32806 -0.01253 0.94439
1033613.183006 -25.97710 0.57803 56.16237 -0.01842 -0.32791 -0.01313 0.94444
1033613.187487 -25.97084 0.57857 56.19367 -0.01887 -0.32665 -0.01208 0.94488
1033613.196449 -25.99611 0.58457 56.23796 -0.01868 -0.32575 -0.01131 0.94520
1033613.200930 -26.02282 0.58405 56.26566 -0.01881 -0.32558 -0.01150 0.94526
1033613.205411 -26.04257 0.58868 56.29134 -0.01858 -0.32558 -0.01082 0.94527
1033613.209892 -26.06888 0.58702 56.32727 -0.01866 -0.32543 -0.01089 0.94532
1033613.214373 -26.09659 0.58722 56.32192 -0.01878 -0.32669 -0.01166 0.94487
1033613.218854 -26.12899 0.58261 56.35199 -0.01864 -0.32738 -0.01304 0.94462
1033613.224630 -26.17586 0.57974 56.41095 -0.01862 -0.32720 -0.01359 0.94468
1033613.231338 -26.20971 0.58438 56.45261 -0.01857 -0.32692 -0.01386 0.94477
1033613.236778 -26.24314 0.58849 56.48926 -0.01844 -0.32676 -0.01429 0.94482
1033613.241258 -26.23335 0.59228 56.51216 -0.01892 -0.32551 -0.01277 0.94526
1033613.245739 -26.22418 0.59664 56.51864 -0.01891 -0.32485 -0.01115 0.94551
1033613.254701 -26.26449 0.59529 56.57734 -0.01928 -0.32468 -0.01058 0.94557
1033613.259182 -26.29390 0.59897 56.60929 -0.01874 -0.32458 -0.01141 0.94560
1033613.263663 -26.31846 0.59109 56.60011 -0.01882 -0.32590 -0.01223 0.94514
1033613.271581 -26.36083 0.58642 56.64945 -0.01915 -0.32630 -0.01329 0.94498
1033613.275460 -26.40113 0.58346 56.70061 -0.01919 -0.32621 -0.01323 0.94501
1033613.281588 -26.42956 0.58573 56.73574 -0.01932 -0.32607 -0.01370 0.94505
1033613.286069 -26.42034 0.58933 56.76315 -0.01958 -0.32486 -0.01280 0.94547
1033613.290550 -26.41941 0.59719 56.77621 -0.01974 -0.32393 -0.01071 0.94581
1033613.299512 -26.45093 0.59778 56.82245 -0.01955 -0.32368 -0.01088 0.94590
1033613.303993 -26.48162 0.60680 56.85595 -0.01908 -0.32366 -0.01119 0.94592
1033613.308474 -26.50151 0.60447 56.88112 -0.01969 -0.32349 -0.01094 0.94596
1033613.312955 -26.51542 0.59761 56.86583 -0.01934 -0.32479 -0.01263 0.94550
1033613.317436 -26.56161 0.59040 56.91110 -0.01953 -0.32534 -0.01357 0.94530
1033613.326398 -26.60312 0.59397 56.96957 -0.01935 -0.32535 -0.01353 0.94530
1033613.330879 -26.62778 0.58471 57.00419 -0.01942 -0.32514 -0.01435 0.94536
1033613.335360 -26.61577 0.58813 57.02361 -0.01987 -0.32389 -0.01280 0.94580
1033613.340269 -26.63064 0.59757 57.04688 -0.01942 -0.32289 -0.01140 0.94617
1033613.345054 -26.65822 0.60329 57.07975 -0.01944 -0.32277 -0.01193 0.94620
1033613.353284 -26.69273 0.60754 57.12583 -0.01912 -0.32257 -0.01214 0.94628
1033613.362246 -26.71472 0.59713 57.12211 -0.01913 -0.32375 -0.01299 0.94586
1033613.366727 -26.76200 0.59257 57.17464 -0.01938 -0.32443 -0.01368 0.94561
1033613.371208 -26.79576 0.59616 57.22144 -0.01942 -0.32457 -0.01404 0.94556
1033613.375689 -26.81493 0.59603 57.24806 -0.01935 -0.32437 -0.01411 0.94563
1033613.380170 -26.80629 0.60225 57.26998 -0.01986 -0.32309 -0.01304 0.94607
1033613.389132 -26.83658 0.60245 57.31777 -0.01983 -0.32201 -0.01209 0.94645
1033613.393613 -26.87944 0.60858 57.36242 -0.01929 -0.32171 -0.01283 0.94655
1033613.397674 -26.90739 0.61279 57.39747 -0.01939 -0.32151 -0.01287 0.94662
1033613.406870 -26.92937 0.60348 57.39103 -0.01923 -0.32268 -0.01345 0.94622
1033613.411537 -26.97240 0.59900 57.44240 -0.01914 -0.32331 -0.01443 0.94599
1033613.416018 -26.99684 0.60171 57.47158 -0.01940 -0.32344 -0.01424 0.94594
1033613.420499 -27.02185 0.60674 57.51016 -0.01952 -0.32333 -0.01414 0.94598
1033613.424980 -27.03564 0.60799 57.52748 -0.01958 -0.32339 -0.01397 0.94596
1033613.431208 -27.02721 0.60989 57.55621 -0.01987 -0.32229 -0.01298 0.94634
1033613.438422 -27.03810 0.60511 57.58835 -0.01937 -0.32118 -0.01259 0.94673
1033613.444664 -27.07069 0.61459 57.63494 -0.01975 -0.32087 -0.01212 0.94684
1033613.447384 -27.10090 0.61777 57.65937 -0.01894 -0.32053 -0.01306 0.94696
1033613.456346 -27.11581 0.60811 57.64416 -0.01910 -0.32173 -0.01368 0.94654
1033613.460827 -27.16183 0.60604 57.69259 -0.01945 -0.32231 -0.01427 0.94633
1033613.465899 -27.20883 0.60544 57.75163 -0.01920 -0.32241 -0.01464 0.94629
1033613.474271 -27.23210 0.60293 57.78891 -0.01916 -0.32192 -0.01469 0.94646
1033613.478752 -27.26889 0.60930 57.83719 -0.01895 -0.32184 -0.01486 0.94649
1033613.483233 -27.30805 0.61493 57.88432 -0.01889 -0.32192 -0.01477 0.94646
1033613.487714 -27.29559 0.62155 57.90368 -0.01911 -0.32063 -0.01418 0.94691
1033613.496676 -27.31109 0.62206 57.93693 -0.01902 -0.31965 -0.01362 0.94725
1033613.501157 -27.32505 0.62602 57.95953 -0.01919 -0.31926 -0.01270 0.94739
1033613.505638 -27.34921 0.62581 57.98910 -0.01874 -0.31920 -0.01297 0.94741
1033613.510119 -27.35631 0.62026 57.96736 -0.01858 -0.32042 -0.01364 0.94700
1033613.514600 -27.39406 0.60998 58.00502 -0.01872 -0.32092 -0.01499 0.94680
1033613.521820 -27.44864 0.60844 58.06724 -0.01897 -0.32088 -0.01556 0.94680
1033613.528043 -27.47056 0.60975 58.09911 -0.01912 -0.32075 -0.01532 0.94685
1033613.532524 -27.49111 0.61309 58.13288 -0.01878 -0.32070 -0.01529 0.94687
1033613.537005 -27.47148 0.62461 58.14647 -0.01931 -0.31927 -0.01438 0.94736
1033613.545967 -27.49381 0.62363 58.19418 -0.01931 -0.31842 -0.01328 0.94766
1033613.550448 -27.52609 0.63085 58.22549 -0.01910 -0.31809 -0.01305 0.94778
1033613.557274 -27.56165 0.63449 58.27409 -0.01909 -0.31786 -0.01353 0.94785
1033613.563831 -27.58261 0.63038 58.27292 -0.01899 -0.31918 -0.01392 0.94740
1033613.566921 -27.61894 0.62173 58.30361 -0.01888 -0.31995 -0.01474 0.94713
1033613.572853 -27.65513 0.62414 58.34416 -0.01895 -0.31976 -0.01561 0.94718
1033613.577407 -27.67731 0.62478 58.37051 -0.01910 -0.31946 -0.01504 0.94729
1033613.586296 -27.71773 0.61865 58.42658 -0.01922 -0.31929 -0.01643 0.94732
1033613.590777 -27.69963 0.62711 58.43700 -0.01960 -0.31786 -0.01516 0.94782
1033613.596452 -27.70908 0.62930 58.47136 -0.01926 -0.31685 -0.01422 0.94817
1033613.604220 -27.75001 0.63707 58.52183 -0.01905 -0.31647 -0.01383 0.94831
1033613.609405 -27.79023 0.64455 58.56246 -0.01879 -0.31640 -0.01406 0.94834
1033613.616693 -27.79958 0.63271 58.55102 -0.01878 -0.31758 -0.01414 0.94794
1033613.618879 -27.83963 0.63209 58.58988 -0.01898 -0.31824 -0.01535 0.94770
1033613.626624 -27.87718 0.63324 58.64189 -0.01928 -0.31801 -0.01516 0.94777
1033613.631105 -27.90801 0.63412 58.67597 -0.01930 -0.31782 -0.01584 0.94782
1033613.637627 -27.92864 0.62878 58.70801 -0.01913 -0.31750 -0.01595 0.94793
1033613.643084 -27.91649 0.63464 58.72797 -0.01934 -0.31629 -0.01542 0.94834
1033613.649029 -27.93175 0.63881 58.76855 -0.01904 -0.31543 -0.01464 0.94864
1033613.653510 -27.95809 0.65054 58.79940 -0.01904 -0.31539 -0.01405 0.94867
1033613.657991 -27.98057 0.64866 58.83190 -0.01912 -0.31519 -0.01453 0.94872
1033613.666954 -28.02052 0.65299 58.88672 -0.01893 -0.31481 -0.01424 0.94886
1033613.671306 -28.03478 0.64361 58.87539 -0.01888 -0.31608 -0.01469 0.94843
1033613.672965 -28.07136 0.64379 58.89992 -0.01929 -0.31683 -0.01612 0.94815
1033613.680397 -28.11249 0.64325 58.95439 -0.01954 -0.31650 -0.01598 0.94826
1033613.684946 -28.13581 0.64311 58.98637 -0.01981 -0.31647 -0.01632 0.94826
1033613.693840 -28.11978 0.64489 58.99947 -0.02011 -0.31521 -0.01577 0.94868
1033613.698321 -28.13390 0.64611 59.04704 -0.01981 -0.31412 -0.01491 0.94906
1033613.702802 -28.16790 0.65799 59.09183 -0.01948 -0.31384 -0.01467 0.94916
1033613.707283 -28.18515 0.65930 59.12335 -0.01940 -0.31369 -0.01470 0.94921
1033613.712752 -28.20695 0.65515 59.15367 -0.01975 -0.31363 -0.01448 0.94923
1033613.716245 -28.23002 0.65441 59.15296 -0.01995 -0.31504 -0.01422 0.94876
1033613.725207 -28.27474 0.65113 59.19235 -0.02027 -0.31557 -0.01490 0.94857
1033613.729688 -28.28909 0.64878 59.19727 -0.02014 -0.31511 -0.01580 0.94871
1033613.734169 -28.31208 0.65240 59.22590 -0.01986 -0.31486 -0.01646 0.94879
1033613.743131 -28.29704 0.65207 59.22981 -0.02027 -0.31344 -0.01581 0.94926
1033613.747612 -28.30421 0.65053 59.24085 -0.01996 -0.31211 -0.01610 0.94970
1033613.752093 -28.32579 0.65243 59.26867 -0.02009 -0.31178 -0.01589 0.94981
1033613.756574 -28.36338 0.65750 59.31042 -0.02027 -0.31148 -0.01509 0.94992
1033613.761055 -28.38310 0.64960 59.31676 -0.02030 -0.31285 -0.01538 0.94946
1033613.770017 -28.40746 0.64599 59.36932 -0.02063 -0.31349 -0.01579 0.94924
1033613.774498 -28.44629 0.64299 59.42608 -0.02109 -0.31359 -0.01582 0.94919
1033613.778979 -28.47634 0.65313 59.44774 -0.02051 -0.31336 -0.01584 0.94928
1033613.783975 -28.51123 0.65157 59.49864 -0.02081 -0.31318 -0.01632 0.94932
1033613.789534 -28.49637 0.65692 59.50913 -0.02137 -0.31164 -0.01553 0.94983
1033613.792834 -28.49746 0.66555 59.51781 -0.02050 -0.31070 -0.01580 0.95015
1033613.801384 -28.52091 0.66052 59.54697 -0.02070 -0.31037 -0.01572 0.95026
1033613.805909 -28.55387 0.66166 59.58674 -0.02057 -0.30996 -0.01601 0.95039
1033613.814826 -28.57680 0.65310 59.58845 -0.02040 -0.31138 -0.01603 0.94993
1033613.819307 -28.59044 0.65207 59.60334 -0.02085 -0.31169 -0.01585 0.94982
1033613.823788 -28.63632 0.65495 59.65965 -0.02078 -0.31147 -0.01625 0.94989
1033613.828656 -28.67534 0.66360 59.72199 -0.02081 -0.31162 -0.01637 0.94984
1033613.837231 -28.70972 0.66253 59.76842 -0.02079 -0.31127 -0.01609 0.94996
1033613.841712 -28.69731 0.66822 59.78244 -0.02122 -0.30990 -0.01532 0.95041
1033613.846193 -28.69880 0.67038 59.79950 -0.02086 -0.30909 -0.01547 0.95068
1033613.847360 -28.70577 0.67043 59.81521 -0.02087 -0.30912 -0.01515 0.95067
1033613.856177 -28.73803 0.67633 59.85845 -0.02070 -0.30895 -0.01478 0.95074
1033613.863727 -28.77727 0.67219 59.90606 -0.02039 -0.30841 -0.01539 0.95091
1033613.868599 -28.79459 0.66620 59.89576 -0.02030 -0.30967 -0.01593 0.95049
1033613.873080 -28.83653 0.66003 59.94460 -0.02071 -0.31017 -0.01652 0.95031
1033613.877770 -28.86485 0.66722 59.98164 -0.02041 -0.31003 -0.01681 0.95036
1033613.886523 -28.89010 0.66684 60.02415 -0.02049 -0.30960 -0.01583 0.95052
1033613.891003 -28.87319 0.66987 60.03407 -0.02106 -0.30831 -0.01462 0.95094
1033613.895485 -28.88786 0.67380 60.06025 -0.02060 -0.30740 -0.01471 0.95124
1033613.900873 -28.91426 0.67726 60.09661 -0.02060 -0.30710 -0.01511 0.95134
1033613.908928 -28.94875 0.68446 60.15429 -0.02022 -0.30700 -0.01510 0.95137
1033613.915314 -28.97073 0.67850 60.17839 -0.02008 -0.30633 -0.01504 0.95160
1033613.919004 -28.98597 0.67124 60.16898 -0.01981 -0.30770 -0.01585 0.95115
1033613.926193 -29.02776 0.66499 60.21749 -0.01977 -0.30823 -0.01632 0.95097
1033613.931681 -29.07727 0.67368 60.27186 -0.01981 -0.30800 -0.01650 0.95104
1033613.940295 -29.05790 0.68287 60.28048 -0.02050 -0.30660 -0.01560 0.95149
1033613.944776 -29.07402 0.67877 60.32733 -0.02009 -0.30557 -0.01519 0.95184
1033613.949257 -29.10333 0.68772 60.36187 -0.01925 -0.30517 -0.01527 0.95198
1033613.957591 -29.13917 0.68144 60.41412 -0.01938 -0.30476 -0.01553 0.95211
1033613.962700 -29.16518 0.67415 60.40161 -0.01906 -0.30610 -0.01624 0.95167
1033613.971457 -29.21621 0.66855 60.46240 -0.01892 -0.30630 -0.01648 0.95160
1033613.977770 -29.23729 0.67102 60.49870 -0.01880 -0.30592 -0.01675 0.95172
1033613.985105 -29.26978 0.66972 60.55546 -0.01875 -0.30573 -0.01662 0.95179
1033613.989586 -29.25875 0.67738 60.57563 -0.01949 -0.30451 -0.01497 0.95219
1033613.995394 -29.28060 0.69038 60.61724 -0.01895 -0.30351 -0.01476 0.95252
1033614.003029 -29.30481 0.69692 60.64142 -0.01868 -0.30317 -0.01484 0.95264
1033614.008420 -29.31755 0.69753 60.66208 -0.01817 -0.30266 -0.01538 0.95280
1033614.015756 -29.33260 0.69317 60.64421 -0.01796 -0.30389 -0.01649 0.95240
1033614.020952 -29.37446 0.67885 60.69345 -0.01799 -0.30425 -0.01638 0.95228
1033614.025433 -29.41356 0.67608 60.74446 -0.01797 -0.30406 -0.01634 0.95234
1033614.034395 -29.45835 0.68214 60.81529 -0.01801 -0.30358 -0.01634 0.95250
1033614.038876 -29.45423 0.68556 60.84762 -0.01849 -0.30227 -0.01458 0.95293
1033614.039637 -29.44280 0.69443 60.85180 -0.01827 -0.30172 -0.01407 0.95312
1033614.047839 -29.47105 0.69576 60.89837 -0.01820 -0.30142 -0.01409 0.95321
1033614.052320 -29.50140 0.69917 60.94088 -0.01849 -0.30118 -0.01386 0.95329
1033614.061282 -29.52485 0.68622 60.93745 -0.01794 -0.30238 -0.01499 0.95290
1033614.065763 -29.56649 0.68452 60.97324 -0.01782 -0.30259 -0.01559 0.95283
1033614.070244 -29.58208 0.68349 60.99143 -0.01770 -0.30215 -0.01599 0.95296
1033614.074725 -29.60749 0.68663 61.02035 -0.01729 -0.30191 -0.01559 0.95305
1033614.083687 -29.64746 0.69069 61.07419 -0.01741 -0.30146 -0.01634 0.95318
1033614.088168 -29.62411 0.69595 61.06938 -0.01772 -0.30063 -0.01463 0.95346
1033614.093940 -29.64474 0.69406 61.09515 -0.01791 -0.30022 -0.01393 0.95360
1033614.101611 -29.66443 0.69402 61.13271 -0.01782 -0.30000 -0.01437 0.95366
1033614.109065 -29.68294 0.68957 61.15937 -0.01757 -0.29973 -0.01401 0.95376
1033614.113490 -29.71881 0.69018 61.18781 -0.01702 -0.30025 -0.01523 0.95359
1033614.119535 -29.76078 0.69511 61.25155 -0.01691 -0.30013 -0.01510 0.95363
1033614.124016 -29.78944 0.69953 61.28234 -0.01622 -0.29982 -0.01602 0.95372
1033614.132978 -29.82524 0.69784 61.33583 -0.01652 -0.29945 -0.01511 0.95385
1033614.137459 -29.79828 0.71175 61.32907 -0.01750 -0.29829 -0.01315 0.95422
1033614.141940 -29.78931 0.70366 61.31889 -0.01769 -0.29778 -0.01255 0.95439
1033614.150902 -29.83643 0.70312 61.38677 -0.01771 -0.29747 -0.01292 0.95448
1033614.155383 -29.87875 0.70024 61.42263 -0.01706 -0.29855 -0.01473 0.95413
1033614.159864 -29.91229 0.70222 61.47563 -0.01674 -0.29840 -0.01488 0.95418
1033614.164345 -29.92864 0.69864 61.49432 -0.01668 -0.29818 -0.01496 0.95425
1033614.169832 -29.97097 0.70379 61.55070 -0.01679 -0.29801 -0.01480 0.95430
1033614.175170 -29.95401 0.70543 61.55538 -0.01755 -0.29696 -0.01327 0.95464
1033614.179026 -29.92944 0.71268 61.53378 -0.01727 -0.29662 -0.01283 0.95475
1033614.186750 -29.95716 0.70587 61.56881 -0.01779 -0.29628 -0.01217 0.95486
1033614.190475 -29.97656 0.71145 61.60101 -0.01742 -0.29612 -0.01295 0.95490
1033614.200192 -30.00444 0.70209 61.65468 -0.01821 -0.29562 -0.01168 0.95506
1033614.204673 -30.04864 0.69580 61.68008 -0.01683 -0.29654 -0.01405 0.95477
1033614.209154 -30.09426 0.70713 61.73740 -0.01664 -0.29614 -0.01419 0.95489
1033614.214206 -30.11526 0.70426 61.76220 -0.01673 -0.29579 -0.01468 0.95499
1033614.221996 -30.14281 0.70448 61.80982 -0.01653 -0.29537 -0.01470 0.95513
1033614.227078 -30.12328 0.71506 61.81914 -0.01736 -0.29429 -0.01285 0.95547
1033614.231559 -30.14330 0.71572 61.85227 -0.01722 -0.29402 -0.01278 0.95556
1033614.235308 -30.16502 0.72769 61.88125 -0.01734 -0.29377 -0.01212 0.95564
1033614.243626 -30.19579 0.71755 61.93433 -0.01753 -0.29342 -0.01174 0.95575
1033614.249484 -30.22491 0.70830 61.94789 -0.01663 -0.29427 -0.01349 0.95548
1033614.250272 -30.24218 0.71225 61.96819 -0.01680 -0.29424 -0.01360 0.95549
1033614.258446 -30.27352 0.71669 62.00151 -0.01674 -0.29383 -0.01360 0.95562
1033614.262927 -30.29593 0.70803 62.03570 -0.01713 -0.29357 -0.01303 0.95569
1033614.267408 -30.27783 0.71808 62.05436 -0.01807 -0.29238 -0.01156 0.95606
1033614.271889 -30.28868 0.72709 62.07998 -0.01752 -0.29194 -0.01150 0.95621
1033614.273970 -30.30556 0.73040 62.09933 -0.01766 -0.29172 -0.01108 0.95628
1033614.280851 -30.33305 0.72959 62.13835 -0.01764 -0.29131 -0.01123 0.95640
1033614.284931 -30.35484 0.72327 62.12641 -0.01674 -0.29220 -0.01256 0.95613
1033614.285332 -30.35550 0.72108 62.13077 -0.01670 -0.29236 -0.01241 0.95608
1033614.291035 -30.38291 0.71795 62.17118 -0.01678 -0.29209 -0.01240 0.95616
1033614.294294 -30.39028 0.71891 62.17874 -0.01694 -0.29182 -0.01294 0.95624
1033614.298775 -30.39855 0.72642 62.22882 -0.01787 -0.29064 -0.01106 0.95660
1033614.303256 -30.42374 0.73297 62.28108 -0.01770 -0.29046 -0.01082 0.95666
1033614.307737 -30.42669 0.73718 62.28335 -0.01757 -0.29010 -0.01071 0.95678
1033614.312218 -30.44932 0.73365 62.32297 -0.01794 -0.28989 -0.01070 0.95683
1033614.316699 -30.47111 0.73634 62.35786 -0.01789 -0.28959 -0.01036 0.95693
1033614.324597 -30.50069 0.73312 62.35795 -0.01719 -0.29049 -0.01177 0.95665
1033614.330142 -30.52221 0.72760 62.38887 -0.01734 -0.29008 -0.01202 0.95677
1033614.334623 -30.53061 0.71608 62.39706 -0.01745 -0.28990 -0.01222 0.95682
1033614.341186 -30.55244 0.71507 62.43765 -0.01728 -0.28942 -0.01207 0.95697
1033614.348066 -30.54509 0.72412 62.45654 -0.01833 -0.28815 -0.01048 0.95735
1033614.352547 -30.57299 0.72709 62.50935 -0.01829 -0.28777 -0.01035 0.95747
1033614.357028 -30.60757 0.73716 62.57195 -0.01822 -0.28759 -0.01036 0.95753
1033614.361509 -30.62866 0.73661 62.61031 -0.01837 -0.28736 -0.00969 0.95760
1033614.370471 -30.65463 0.73841 62.65668 -0.01844 -0.28686 -0.00953 0.95775
1033614.374952 -30.66633 0.72912 62.63401 -0.01786 -0.28796 -0.01093 0.95741
1033614.378525 -30.68381 0.72351 62.64626 -0.01765 -0.28761 -0.01127 0.95752
1033614.380340 -30.70089 0.72794 62.66043 -0.01757 -0.28743 -0.01161 0.95757
1033614.384841 -30.70763 0.72437 62.67503 -0.01775 -0.28723 -0.01156 0.95763
1033614.392875 -30.73371 0.72903 62.71782 -0.01786 -0.28687 -0.01124 0.95774
1033614.397356 -30.72426 0.73552 62.74756 -0.01893 -0.28549 -0.00873 0.95816
1033614.401837 -30.74262 0.73761 62.78825 -0.01906 -0.28502 -0.00890 0.95829
1033614.408257 -30.77367 0.73903 62.83933 -0.01894 -0.28459 -0.00834 0.95843
1033614.415280 -30.81007 0.73788 62.90002 -0.01893 -0.28423 -0.00922 0.95852
1033614.419761 -30.82052 0.74366 62.92557 -0.01906 -0.28399 -0.00840 0.95860
1033614.424641 -30.83257 0.73180 62.90103 -0.01807 -0.28502 -0.00990 0.95830
1033614.428724 -30.86096 0.73523 62.92601 -0.01799 -0.28485 -0.01066 0.95834
1033614.436798 -30.89260 0.73959 62.96919 -0.01796 -0.28428 -0.00980 0.95852
1033614.439237 -30.89271 0.73869 62.97467 -0.01797 -0.28391 -0.01034 0.95863
1033614.446648 -30.92483 0.73649 63.01887 -0.01827 -0.28341 -0.01001 0.95877
1033614.451129 -30.91249 0.74336 63.04113 -0.01918 -0.28220 -0.00869 0.95912
1033614.459192 -30.92963 0.74214 63.07744 -0.01916 -0.28140 -0.00887 0.95936
1033614.463625 -30.96351 0.74227 63.14124 -0.01924 -0.28121 -0.00876 0.95941
1033614.469053 -30.99996 0.75502 63.18556 -0.01891 -0.28090 -0.00921 0.95951
1033614.473534 -31.01464 0.74764 63.16766 -0.01856 -0.28193 -0.00929 0.95921
1033614.478015 -31.02624 0.73576 63.17864 -0.01852 -0.28167 -0.00957 0.95928
1033614.482496 -31.04866 0.73611 63.21748 -0.01865 -0.28133 -0.00968 0.95938
1033614.486977 -31.07623 0.74607 63.25831 -0.01832 -0.28096 -0.00992 0.95949
1033614.495939 -31.09515 0.74218 63.29473 -0.01879 -0.28049 -0.00897 0.95963
1033614.500036 -31.08381 0.75062 63.32038 -0.01958 -0.27920 -0.00819 0.96000
1033614.504901 -31.12382 0.75757 63.37880 -0.01958 -0.27883 -0.00849 0.96010
1033614.509382 -31.14603 0.76268 63.41936 -0.01926 -0.27823 -0.00881 0.96028
1033614.513863 -31.16629 0.75902 63.44585 -0.01947 -0.27800 -0.00897 0.96034
1033614.518344 -31.18731 0.75280 63.43859 -0.01851 -0.27915 -0.00994 0.96002
1033614.525893 -31.20452 0.74852 63.47503 -0.01868 -0.27875 -0.00994 0.96013
1033614.529467 -31.22575 0.75123 63.51030 -0.01880 -0.27853 -0.00977 0.96019
1033614.536268 -31.23470 0.74782 63.51761 -0.01896 -0.27814 -0.01016 0.96030
1033614.540749 -31.22301 0.75643 63.53069 -0.01967 -0.27677 -0.00822 0.96070
1033614.549711 -31.24672 0.75542 63.59094 -0.02024 -0.27594 -0.00768 0.96093
1033614.552145 -31.28926 0.76492 63.65888 -0.02000 -0.27591 -0.00821 0.96094
1033614.558673 -31.31425 0.76806 63.70340 -0.01989 -0.27541 -0.00851 0.96108
1033614.563154 -31.32865 0.76744 63.71467 -0.02029 -0.27508 -0.00831 0.96117
1033614.567635 -31.35044 0.75852 63.71396 -0.01909 -0.27614 -0.00922 0.96088
1033614.572116 -31.35513 0.75526 63.71938 -0.01883 -0.27594 -0.00929 0.96094
1033614.574539 -31.36763 0.75396 63.73217 -0.01868 -0.27551 -0.00997 0.96106
1033614.578034 -31.38331 0.75520 63.75854 -0.01916 -0.27542 -0.00935 0.96109
1033614.590039 -31.36746 0.76084 63.78100 -0.02002 -0.27395 -0.00829 0.96150
1033614.594520 -31.39697 0.76903 63.83902 -0.02045 -0.27318 -0.00804 0.96171
1033614.599564 -31.44691 0.77292 63.92013 -0.02016 -0.27269 -0.00831 0.96185
1033614.607963 -31.46480 0.76771 63.95781 -0.02061 -0.27200 -0.00780 0.96205
1033614.612444 -31.49434 0.75931 63.95738 -0.01970 -0.27309 -0.00880 0.96175
1033614.616926 -31.50972 0.75980 63.96826 -0.01949 -0.27264 -0.00871 0.96188
1033614.621407 -31.52089 0.75674 63.98741 -0.01977 -0.27237 -0.00851 0.96195
1033614.625888 -31.53099 0.75107 64.00210 -0.02021 -0.27191 -0.00838 0.96207
1033614.630369 -31.52451 0.76082 64.03296 -0.02073 -0.27064 -0.00752 0.96243
1033614.639331 -31.55799 0.76029 64.09384 -0.02077 -0.27003 -0.00709 0.96260
1033614.643812 -31.58637 0.76707 64.16303 -0.02085 -0.26968 -0.00807 0.96269
1033614.648293 -31.60467 0.77693 64.19991 -0.02068 -0.26937 -0.00735 0.96279
1033614.652774 -31.62338 0.77509 64.18883 -0.02042 -0.27063 -0.00760 0.96244
1033614.657255 -31.64466 0.76075 64.19526 -0.01992 -0.27018 -0.00847 0.96257
1033614.666217 -31.66619 0.75777 64.24617 -0.02038 -0.26948 -0.00759 0.96276
1033614.670698 -31.68111 0.76022 64.26239 -0.02013 -0.26907 -0.00813 0.96288
1033614.675179 -31.68978 0.75564 64.28703 -0.02069 -0.26887 -0.00819 0.96292
1033614.679660 -31.68367 0.76728 64.32071 -0.02141 -0.26754 -0.00750 0.96328
1033614.684141 -31.70931 0.78013 64.36625 -0.02112 -0.26696 -0.00776 0.96345
1033614.688621 -31.71899 0.77606 64.39036 -0.02077 -0.26665 -0.00767 0.96354
1033614.693103 -31.73821 0.78284 64.43188 -0.02147 -0.26638 -0.00700 0.96360
1033614.697584 -31.76362 0.77863 64.47668 -0.02101 -0.26605 -0.00786 0.96370
1033614.702065 -31.78311 0.77298 64.46400 -0.02021 -0.26696 -0.00826 0.96346
1033614.706546 -31.79149 0.76824 64.47368 -0.02028 -0.26678 -0.00789 0.96351
1033614.714510 -31.82176 0.76857 64.52309 -0.02039 -0.26612 -0.00817 0.96369
1033614.719989 -31.83478 0.76780 64.54137 -0.02062 -0.26568 -0.00802 0.96381
1033614.724470 -31.81485 0.78253 64.55854 -0.02164 -0.26435 -0.00675 0.96416
1033614.728951 -31.85010 0.78444 64.62223 -0.02139 -0.26398 -0.00698 0.96427
1033614.730178 -31.86440 0.79123 64.64079 -0.02140 -0.26380 -0.00743 0.96431
1033614.737913 -31.88183 0.79525 64.67826 -0.02162 -0.26328 -0.00700 0.96445
1033614.742394 -31.91986 0.78040 64.69114 -0.02040 -0.26403 -0.00785 0.96427
1033614.746875 -31.92578 0.77895 64.70625 -0.02042 -0.26367 -0.00813 0.96436
1033614.751356 -31.93262 0.78048 64.73573 -0.02046 -0.26349 -0.00791 0.96441
1033614.760318 -31.97439 0.78653 64.79792 -0.02063 -0.26270 -0.00719 0.96463
1033614.764799 -31.96539 0.79381 64.82494 -0.02157 -0.26129 -0.00696 0.96499
1033614.768241 -32.00310 0.79742 64.88289 -0.02153 -0.26061 -0.00750 0.96517
1033614.773760 -32.01127 0.80307 64.89820 -0.02135 -0.26014 -0.00806 0.96530
1033614.778241 -32.04437 0.80551 64.95235 -0.02138 -0.25980 -0.00735 0.96540
1033614.782722 -32.06060 0.79464 64.93030 -0.02059 -0.26097 -0.00797 0.96509
1033614.787203 -32.05595 0.78795 64.94456 -0.02049 -0.26070 -0.00778 0.96517
1033614.791684 -32.07608 0.78966 64.98060 -0.02072 -0.26035 -0.00723 0.96526
1033614.795210 -32.07860 0.77988 64.98476 -0.02100 -0.26017 -0.00720 0.96531
1033614.800646 -32.09756 0.78645 65.03184 -0.02082 -0.25979 -0.00723 0.96541
1033614.805127 -32.08166 0.80414 65.04309 -0.02198 -0.25838 -0.00678 0.96577
1033614.811630 -32.12449 0.80809 65.11086 -0.02196 -0.25737 -0.00737 0.96603
1033614.814090 -32.14698 0.81775 65.13923 -0.02175 -0.25706 -0.00690 0.96613
1033614.821475 -32.17690 0.81885 65.19446 -0.02183 -0.25642 -0.00750 0.96629
1033614.827533 -32.19409 0.80112 65.18852 -0.02095 -0.25754 -0.00664 0.96602
1033614.832014 -32.20407 0.79415 65.22233 -0.02113 -0.25710 -0.00725 0.96613
1033614.836495 -32.21315 0.79236 65.24632 -0.02124 -0.25672 -0.00709 0.96623
1033614.840976 -32.24255 0.79798 65.27913 -0.02130 -0.25639 -0.00712 0.96631
1033614.845457 -32.22542 0.81329 65.28643 -0.02233 -0.25502 -0.00668 0.96666
1033614.849938 -32.25265 0.82457 65.33116 -0.02214 -0.25420 -0.00685 0.96687
1033614.854419 -32.28279 0.83284 65.39049 -0.02233 -0.25367 -0.00643 0.96701
1033614.858900 -32.29948 0.82995 65.41543 -0.02218 -0.25341 -0.00660 0.96708
1033614.863381 -32.30822 0.83526 65.43279 -0.02251 -0.25304 -0.00594 0.96718
1033614.867862 -32.32728 0.81553 65.43843 -0.02120 -0.25409 -0.00720 0.96692
1033614.872343 -32.33066 0.80761 65.44980 -0.02133 -0.25357 -0.00702 0.96706
1033614.876824 -32.36295 0.81145 65.49904 -0.02138 -0.25335 -0.00650 0.96712
1033614.881305 -32.39017 0.81811 65.54350 -0.02105 -0.25280 -0.00788 0.96726
1033614.885786 -32.39143 0.81198 65.55421 -0.02136 -0.25234 -0.00754 0.96737
1033614.890267 -32.38038 0.82700 65.56754 -0.02262 -0.25097 -0.00660 0.96771
1033614.892187 -32.39807 0.83634 65.59538 -0.02278 -0.25059 -0.00665 0.96780
1033614.899229 -32.42633 0.83423 65.64324 -0.02285 -0.24989 -0.00680 0.96798
1033614.903710 -32.44393 0.83466 65.67639 -0.02281 -0.24934 -0.00766 0.96812
1033614.908191 -32.45766 0.81478 65.66769 -0.02177 -0.25061 -0.00778 0.96781
1033614.912672 -32.47218 0.81988 65.72029 -0.02184 -0.25049 -0.00726 0.96784
1033614.917153 -32.48533 0.81482 65.72944 -0.02179 -0.25001 -0.00735 0.96797
1033614.921634 -32.50722 0.81752 65.77151 -0.02172 -0.24946 -0.00723 0.96811
1033614.926115 -32.49373 0.83573 65.78632 -0.02306 -0.24803 -0.00665 0.96845
1033614.930596 -32.51777 0.84062 65.82127 -0.02322 -0.24731 -0.00662 0.96864
1033614.935076 -32.53359 0.84714 65.86508 -0.02293 -0.24677 -0.00702 0.96878
1033614.937614 -32.54245 0.85043 65.88639 -0.02308 -0.24658 -0.00643 0.96883
1033614.944039 -32.56608 0.85194 65.91936 -0.02329 -0.24600 -0.00687 0.96897
1033614.951114 -32.59893 0.83513 65.94672 -0.02203 -0.24686 -0.00672 0.96878
1033614.953001 -32.61629 0.83773 65.96298 -0.02181 -0.24675 -0.00701 0.96881
1033614.957482 -32.63581 0.83957 66.00228 -0.02208 -0.24647 -0.00641 0.96888
1033614.963202 -32.62762 0.83004 66.01811 -0.02226 -0.24597 -0.00688 0.96900
1033614.970924 -32.61361 0.84880 66.04296 -0.02347 -0.24429 -0.00611 0.96940
1033614.975405 -32.62931 0.85218 66.04890 -0.02377 -0.24323 -0.00649 0.96965
1033614.979886 -32.65834 0.85544 66.11583 -0.02370 -0.24276 -0.00646 0.96978
1033614.985886 -32.68612 0.85497 66.17414 -0.02355 -0.24218 -0.00694 0.96992
1033614.988989 -32.71915 0.83944 66.18308 -0.02259 -0.24331 -0.00724 0.96966
1033614.997810 -32.75416 0.85050 66.24304 -0.02257 -0.24278 -0.00657 0.96980
1033614.998672 -32.75917 0.84957 66.24877 -0.02247 -0.24252 -0.00765 0.96986
1033615.006773 -32.78263 0.85046 66.29585 -0.02255 -0.24169 -0.00737 0.97006
1033615.011254 -32.80560 0.85669 66.33823 -0.02249 -0.24128 -0.00705 0.97017
1033615.015735 -32.77825 0.87578 66.32511 -0.02396 -0.23986 -0.00632 0.97049
1033615.024697 -32.77665 0.86898 66.34632 -0.02421 -0.23866 -0.00635 0.97078
1033615.026814 -32.78739 0.85620 66.35854 -0.02401 -0.23819 -0.00763 0.97089
1033615.033659 -32.82129 0.84015 66.39726 -0.02275 -0.23919 -0.00901 0.97066
1033615.038140 -32.86480 0.84551 66.46842 -0.02276 -0.23863 -0.00867 0.97081
1033615.042621 -32.89126 0.85432 66.50406 -0.02260 -0.23823 -0.00863 0.97091
1033615.047102 -32.89992 0.86071 66.53609 -0.02284 -0.23772 -0.00758 0.97103
1033615.051583 -32.92887 0.86455 66.57168 -0.02274 -0.23721 -0.00830 0.97116
1033615.056064 -32.90912 0.87813 66.56939 -0.02392 -0.23576 -0.00724 0.97149
1033615.060545 -32.88839 0.88399 66.55689 -0.02423 -0.23526 -0.00703 0.97160
1033615.065026 -32.88535 0.87602 66.56674 -0.02420 -0.23464 -0.00749 0.97175
1033615.069507 -32.91560 0.88576 66.61255 -0.02432 -0.23437 -0.00763 0.97181
1033615.073988 -32.94999 0.87424 66.63797 -0.02319 -0.23536 -0.00772 0.97160
1033615.078788 -32.98787 0.87046 66.69164 -0.02277 -0.23462 -0.00812 0.97179
1033615.087186 -33.02372 0.86999 66.77341 -0.02300 -0.23391 -0.00768 0.97196
1033615.091912 -33.05025 0.88079 66.82552 -0.02288 -0.23335 -0.00785 0.97209
1033615.095019 -33.03064 0.89470 66.80959 -0.02421 -0.23193 -0.00758 0.97240
1033615.100874 -33.01580 0.90835 66.79951 -0.02447 -0.23114 -0.00709 0.97259
1033615.105355 -33.02139 0.90162 66.82527 -0.02432 -0.23067 -0.00759 0.97270
1033615.109836 -33.02600 0.89361 66.84072 -0.02460 -0.23010 -0.00752 0.97283
1033615.109983 -33.04941 0.88209 66.83489 -0.02349 -0.23132 -0.00833 0.97256
1033615.114317 -33.09083 0.87319 66.91094 -0.02319 -0.23147 -0.00846 0.97253
1033615.123139 -33.09918 0.88058 66.94240 -0.02329 -0.23043 -0.00764 0.97278
1033615.125739 -33.10536 0.87061 66.96590 -0.02341 -0.23006 -0.00796 0.97286
1033615.127760 -33.13575 0.88439 67.00007 -0.02319 -0.22982 -0.00833 0.97292
1033615.132241 -33.11524 0.89558 66.99530 -0.02436 -0.22826 -0.00780 0.97326
1033615.136722 -33.11029 0.90847 67.00196 -0.02498 -0.22738 -0.00757 0.97346
1033615.141203 -33.11456 0.91347 67.02796 -0.02471 -0.22708 -0.00770 0.97353
1033615.145684 -33.13535 0.91902 67.06461 -0.02459 -0.22644 -0.00736 0.97369
1033615.150165 -33.12849 0.91214 67.07890 -0.02484 -0.22615 -0.00738 0.97375
1033615.154645 -33.14958 0.90029 67.06982 -0.02379 -0.22724 -0.00767 0.97352
1033615.159126 -33.19486 0.89060 67.14374 -0.02363 -0.22673 -0.00820 0.97364
1033615.163607 -33.22273 0.89330 67.17904 -0.02363 -0.22621 -0.00786 0.97376
1033615.168088 -33.21459 0.89411 67.18319 -0.02385 -0.22577 -0.00770 0.97386
1033615.172569 -33.18837 0.91228 67.17711 -0.02504 -0.22419 -0.00710 0.97420
1033615.177050 -33.21214 0.92059 67.23279 -0.02495 -0.22338 -0.00738 0.97438
1033615.186012 -33.22605 0.91977 67.28775 -0.02518 -0.22230 -0.00776 0.97462
1033615.188533 -33.23434 0.91837 67.30232 -0.02499 -0.22182 -0.00790 0.97474
1033615.194975 -33.24836 0.91827 67.33960 -0.02542 -0.22126 -0.00832 0.97485
1033615.198267 -33.27621 0.90765 67.34480 -0.02414 -0.22251 -0.00895 0.97459
1033615.201553 -33.31934 0.90069 67.39180 -0.02395 -0.22225 -0.00872 0.97466
1033615.208418 -33.35200 0.90237 67.45392 -0.02400 -0.22163 -0.00887 0.97480
1033615.212899 -33.35345 0.89953 67.47843 -0.02445 -0.22108 -0.00863 0.97491
1033615.217380 -33.37518 0.90358 67.50359 -0.02455 -0.22047 -0.00807 0.97505
1033615.221861 -33.34893 0.91825 67.50506 -0.02562 -0.21880 -0.00712 0.97541
1033615.226342 -33.32409 0.93342 67.49615 -0.02533 -0.21782 -0.00845 0.97562
1033615.230823 -33.33722 0.93235 67.53412 -0.02561 -0.21740 -0.00822 0.97571
1033615.235304 -33.34083 0.92551 67.55085 -0.02608 -0.21688 -0.00777 0.97582
1033615.239785 -33.35966 0.92804 67.58411 -0.02586 -0.21608 -0.00835 0.97600
1033615.244571 -33.39391 0.90909 67.59896 -0.02471 -0.21736 -0.00949 0.97573
1033615.250241 -33.44124 0.90929 67.67533 -0.02485 -0.21700 -0.00886 0.97582
1033615.253228 -33.46037 0.90682 67.71530 -0.02491 -0.21656 -0.00914 0.97591
1033615.261002 -33.47343 0.90388 67.77305 -0.02574 -0.21580 -0.00847 0.97606
1033615.262545 -33.44093 0.91839 67.75562 -0.02679 -0.21419 -0.00784 0.97639
1033615.266671 -33.42457 0.93743 67.74191 -0.02638 -0.21368 -0.00755 0.97652
1033615.275106 -33.42081 0.93129 67.75030 -0.02686 -0.21261 -0.00690 0.97674
1033615.280114 -33.44407 0.93161 67.81055 -0.02703 -0.21184 -0.00747 0.97690
1033615.284594 -33.47661 0.91703 67.84149 -0.02553 -0.21298 -0.00903 0.97668
1033615.289076 -33.52563 0.90924 67.90759 -0.02576 -0.21267 -0.00790 0.97675
1033615.293557 -33.55602 0.91261 67.94828 -0.02588 -0.21190 -0.00806 0.97691
1033615.298038 -33.57184 0.91332 67.97976 -0.02596 -0.21135 -0.00868 0.97703
1033615.304092 -33.58530 0.91795 68.01170 -0.02583 -0.21051 -0.00825 0.97722
1033615.307050 -33.55403 0.94026 67.99495 -0.02724 -0.20898 -0.00724 0.97751
1033615.311481 -33.53319 0.94538 68.00377 -0.02742 -0.20854 -0.00683 0.97761
1033615.315962 -33.53281 0.94496 68.00584 -0.02748 -0.20789 -0.00684 0.97774
1033615.320443 -33.52979 0.93468 68.03057 -0.02760 -0.20736 -0.00766 0.97784
1033615.324924 -33.55823 0.91408 68.04842 -0.02623 -0.20848 -0.00886 0.97764
1033615.329405 -33.62111 0.91180 68.14245 -0.02626 -0.20801 -0.00926 0.97773
1033615.333886 -33.65730 0.91983 68.20043 -0.02661 -0.20740 -0.00855 0.97786
1033615.338367 -33.68038 0.92209 68.23380 -0.02647 -0.20651 -0.00930 0.97804
1033615.342847 -33.67831 0.92331 68.24461 -0.02610 -0.20599 -0.00893 0.97817
1033615.347328 -33.65456 0.93652 68.23666 -0.02759 -0.20433 -0.00753 0.97848
1033615.351809 -33.61548 0.94919 68.18894 -0.02775 -0.20329 -0.00831 0.97869
1033615.356290 -33.62507 0.94911 68.22129 -0.02788 -0.20291 -0.00853 0.97876
1033615.360771 -33.62311 0.94428 68.26389 -0.02778 -0.20239 -0.00793 0.97888
1033615.365252 -33.65281 0.93149 68.28135 -0.02664 -0.20353 -0.00875 0.97867
1033615.372340 -33.67765 0.91504 68.33561 -0.02671 -0.20294 -0.00857 0.97879
1033615.374214 -33.72297 0.92053 68.40290 -0.02663 -0.20252 -0.00936 0.97887
1033615.382840 -33.73952 0.92374 68.43858 -0.02680 -0.20122 -0.00840 0.97914
1033615.384419 -33.75259 0.92626 68.48362 -0.02666 -0.20087 -0.00901 0.97921
1033615.387658 -33.72296 0.94062 68.45652 -0.02816 -0.19957 -0.00838 0.97944
1033615.392139 -33.70098 0.95642 68.42543 -0.02816 -0.19885 -0.00821 0.97959
1033615.396620 -33.70960 0.96630 68.45971 -0.02806 -0.19814 -0.00776 0.97974
1033615.401101 -33.72237 0.96203 68.48370 -0.02791 -0.19746 -0.00860 0.97988
1033615.405582 -33.73982 0.96727 68.52599 -0.02811 -0.19679 -0.00891 0.98000
1033615.410063 -33.78391 0.94742 68.56721 -0.02683 -0.19792 -0.00895 0.97981
1033615.414544 -33.81124 0.93882 68.60682 -0.02712 -0.19718 -0.00842 0.97996
1033615.416014 -33.82300 0.94122 68.66263 -0.02653 -0.19690 -0.00932 0.98002
1033615.423506 -33.84066 0.93757 68.71339 -0.02678 -0.19600 -0.00930 0.98020
1033615.427987 -33.81946 0.94989 68.69849 -0.02812 -0.19450 -0.00779 0.98047
1033615.432468 -33.78573 0.96439 68.66264 -0.02837 -0.19369 -0.00861 0.98061
1033615.436949 -33.79826 0.96754 68.69856 -0.02844 -0.19301 -0.00816 0.98075
1033615.441430 -33.80102 0.97090 68.71430 -0.02844 -0.19243 -0.00775 0.98087
1033615.445911 -33.81085 0.97535 68.73693 -0.02840 -0.19180 -0.00853 0.98099
1033615.450392 -33.85245 0.96438 68.78910 -0.02724 -0.19296 -0.00872 0.98079
1033615.454873 -33.88376 0.94764 68.86433 -0.02730 -0.19229 -0.00892 0.98092
1033615.459354 -33.90154 0.93195 68.91136 -0.02753 -0.19158 -0.00925 0.98105
1033615.463835 -33.91877 0.94198 68.93117 -0.02710 -0.19072 -0.01006 0.98122
1033615.466526 -33.94688 0.94572 68.98345 -0.02746 -0.19019 -0.00929 0.98132
1033615.472797 -33.92952 0.95678 68.97631 -0.02888 -0.18843 -0.00746 0.98163
1033615.477073 -33.89366 0.96841 68.93177 -0.02952 -0.18748 -0.00781 0.98179
1033615.477278 -33.87238 0.97201 68.91184 -0.02926 -0.18754 -0.00738 0.98179
1033615.481759 -33.90459 0.96266 68.94196 -0.02794 -0.18899 -0.00804 0.98155
1033615.486240 -33.94331 0.94089 69.04603 -0.02763 -0.18857 -0.00835 0.98164
1033615.490721 -33.96204 0.94371 69.07842 -0.02804 -0.18790 -0.00845 0.98175
1033615.495202 -33.97685 0.94219 69.11401 -0.02827 -0.18718 -0.00889 0.98188
1033615.499683 -33.99831 0.94583 69.16237 -0.02830 -0.18638 -0.00937 0.98203
1033615.500244 -33.97980 0.96915 69.13421 -0.02971 -0.18549 -0.00685 0.98217
1033615.508645 -33.98945 0.96452 69.17718 -0.03012 -0.18392 -0.00622 0.98246
1033615.513126 -34.01475 0.97265 69.21158 -0.02948 -0.18332 -0.00672 0.98259
1033615.517607 -34.02393 0.97647 69.24637 -0.02972 -0.18256 -0.00646 0.98272
1033615.520914 -34.04527 0.95705 69.27384 -0.02817 -0.18370 -0.00882 0.98254
1033615.526569 -34.04298 0.95831 69.30701 -0.02829 -0.18321 -0.00904 0.98262
1033615.530493 -34.06385 0.96354 69.35409 -0.02830 -0.18276 -0.00869 0.98271
1033615.535530 -34.06087 0.96593 69.37641 -0.02866 -0.18224 -0.00805 0.98280
1033615.540011 -34.07377 0.96982 69.40720 -0.02820 -0.18162 -0.00851 0.98293
1033615.544492 -34.05464 0.98539 69.39551 -0.02979 -0.18013 -0.00549 0.98318
1033615.548973 -34.06426 0.98685 69.40927 -0.02991 -0.17926 -0.00623 0.98333
1033615.553454 -34.07940 0.98180 69.44804 -0.02992 -0.17850 -0.00642 0.98346
1033615.557935 -34.07893 0.98292 69.47098 -0.02998 -0.17786 -0.00628 0.98358
1033615.562416 -34.09467 0.98191 69.50045 -0.03013 -0.17722 -0.00532 0.98370
1033615.566897 -34.11736 0.97499 69.54008 -0.02894 -0.17820 -0.00698 0.98354
1033615.571378 -34.12060 0.97610 69.58936 -0.02894 -0.17775 -0.00642 0.98363
1033615.575860 -34.13043 0.97643 69.62066 -0.02880 -0.17693 -0.00707 0.98378
1033615.580341 -34.14489 0.97792 69.64827 -0.02855 -0.17630 -0.00674 0.98390
1033615.584822 -34.14784 0.98713 69.68308 -0.02863 -0.17604 -0.00507 0.98395
1033615.589303 -34.13077 0.99740 69.65774 -0.02943 -0.17446 -0.00527 0.98421
1033615.593784 -34.14319 0.99622 69.68029 -0.02929 -0.17348 -0.00564 0.98439
1033615.598265 -34.14954 0.99319 69.71306 -0.02967 -0.17263 -0.00612 0.98452
1033615.602746 -34.16404 0.99628 69.75096 -0.02970 -0.17201 -0.00563 0.98463
1033615.607227 -34.19067 0.98340 69.79126 -0.02899 -0.17250 -0.00689 0.98456
1033615.611708 -34.19789 0.98624 69.81145 -0.02888 -0.17177 -0.00616 0.98469
1033615.616189 -34.20905 0.98894 69.85619 -0.02891 -0.17131 -0.00553 0.98478
1033615.620670 -34.20870 0.98884 69.87539 -0.02877 -0.17064 -0.00552 0.98490
1033615.624316 -34.22785 0.99598 69.90857 -0.02907 -0.17010 -0.00529 0.98498
1033615.625764 -34.21034 1.00592 69.88026 -0.02922 -0.16902 -0.00477 0.98517
1033615.634113 -34.21064 1.00577 69.91588 -0.02905 -0.16763 -0.00539 0.98541
1033615.638593 -34.23431 1.01008 69.95987 -0.02917 -0.16704 -0.00487 0.98551
1033615.643075 -34.24963 1.01286 69.99275 -0.02919 -0.16624 -0.00539 0.98564
1033615.647556 -34.27634 1.00328 70.04609 -0.02871 -0.16709 -0.00575 0.98551
1033615.652037 -34.28284 1.00204 70.08849 -0.02870 -0.16657 -0.00552 0.98560
1033615.655704 -34.28860 1.00512 70.11789 -0.02871 -0.16610 -0.00508 0.98568
1033615.665480 -34.29518 1.00304 70.17928 -0.02864 -0.16489 -0.00548 0.98588
1033615.669961 -34.30290 1.00259 70.20846 -0.02901 -0.16422 -0.00477 0.98598
1033615.672076 -34.28957 1.02031 70.16864 -0.02954 -0.16292 -0.00380 0.98619
1033615.678923 -34.30351 1.02823 70.20064 -0.02917 -0.16154 -0.00453 0.98642
1033615.683404 -34.31235 1.03973 70.23469 -0.02896 -0.16099 -0.00401 0.98652
1033615.687885 -34.32257 1.04656 70.27149 -0.02898 -0.16050 -0.00348 0.98660
1033615.695725 -34.33943 1.04165 70.33897 -0.02791 -0.16112 -0.00530 0.98653
1033615.698121 -34.35010 1.02782 70.39104 -0.02855 -0.16091 -0.00505 0.98654
1033615.705809 -34.36179 1.02462 70.43093 -0.02883 -0.15972 -0.00535 0.98673
1033615.713060 -34.36740 1.02316 70.46407 -0.02898 -0.15876 -0.00453 0.98688
1033615.719252 -34.34923 1.03527 70.44174 -0.02958 -0.15693 -0.00368 0.98716
1033615.723732 -34.36791 1.04641 70.46598 -0.02994 -0.15600 -0.00334 0.98730
1033615.728213 -34.38269 1.04736 70.50303 -0.02947 -0.15518 -0.00421 0.98744
1033615.733276 -34.37720 1.04631 70.52860 -0.02928 -0.15423 -0.00436 0.98759
1033615.741656 -34.39208 1.04662 70.58074 -0.02937 -0.15317 -0.00457 0.98775
1033615.746137 -34.42512 1.03385 70.65397 -0.02889 -0.15394 -0.00537 0.98764
1033615.748056 -34.42592 1.03687 70.68096 -0.02901 -0.15342 -0.00504 0.98772
1033615.755099 -34.45034 1.04073 70.73458 -0.02896 -0.15251 -0.00517 0.98786
1033615.760772 -34.45015 1.03942 70.77259 -0.02892 -0.15156 -0.00550 0.98801
1033615.768543 -34.42941 1.05398 70.75746 -0.02940 -0.14979 -0.00451 0.98827
1033615.773024 -34.43212 1.05645 70.76152 -0.02965 -0.14901 -0.00387 0.98838
1033615.777661 -34.44443 1.05228 70.78948 -0.02952 -0.14796 -0.00505 0.98854
1033615.781986 -34.44036 1.04759 70.80376 -0.03001 -0.14773 -0.00470 0.98856
1033615.790539 -34.45557 1.05068 70.85359 -0.02990 -0.14625 -0.00452 0.98878
1033615.795429 -34.47052 1.05532 70.88952 -0.02973 -0.14500 -0.00561 0.98897
1033615.798527 -34.50714 1.04297 70.96596 -0.02879 -0.14576 -0.00653 0.98888
1033615.804391 -34.51308 1.04175 71.02704 -0.02888 -0.14531 -0.00639 0.98894
1033615.808872 -34.52776 1.04456 71.07212 -0.02894 -0.14463 -0.00558 0.98905
1033615.813353 -34.54204 1.05342 71.09679 -0.02885 -0.14374 -0.00706 0.98917
1033615.817734 -34.55490 1.05393 71.14196 -0.02887 -0.14291 -0.00708 0.98929
1033615.817834 -34.53331 1.07597 71.08147 -0.02962 -0.14216 -0.00577 0.98938
1033615.822315 -34.52427 1.07786 71.07001 -0.02945 -0.14153 -0.00466 0.98949
1033615.826796 -34.52239 1.06928 71.10929 -0.02970 -0.14083 -0.00534 0.98957
1033615.827624 -34.51498 1.07060 71.10434 -0.02963 -0.14081 -0.00532 0.98958
1033615.831277 -34.55057 1.06201 71.15036 -0.02890 -0.14202 -0.00538 0.98943
1033615.835758 -34.56214 1.06397 71.21287 -0.02916 -0.14132 -0.00519 0.98952
1033615.840239 -34.56921 1.07153 71.26489 -0.02882 -0.14080 -0.00480 0.98961
1033615.844720 -34.58202 1.07958 71.31224 -0.02916 -0.14027 -0.00397 0.98968
1033615.849201 -34.58643 1.07283 71.33713 -0.02910 -0.13950 -0.00480 0.98978
1033615.853682 -34.55823 1.08801 71.28548 -0.02956 -0.13790 -0.00491 0.98999
1033615.858163 -34.56775 1.08525 71.29479 -0.02967 -0.13680 -0.00492 0.99014
1033615.862644 -34.57842 1.08796 71.32837 -0.02980 -0.13625 -0.00504 0.99021
1033615.867125 -34.59354 1.09442 71.37597 -0.02954 -0.13559 -0.00524 0.99031
1033615.871606 -34.58673 1.09126 71.37457 -0.02942 -0.13478 -0.00538 0.99042
1033615.876087 -34.61323 1.07828 71.44485 -0.02919 -0.13572 -0.00501 0.99030
1033615.880568 -34.62960 1.08909 71.50775 -0.02965 -0.13551 -0.00433 0.99032
1033615.885049 -34.63984 1.09175 71.55541 -0.02953 -0.13484 -0.00438 0.99042
1033615.889530 -34.64625 1.09265 71.60000 -0.02948 -0.13423 -0.00437 0.99050
1033615.894011 -34.61461 1.10452 71.55562 -0.03016 -0.13255 -0.00392 0.99071
1033615.898492 -34.61460 1.09866 71.54673 -0.02981 -0.13133 -0.00568 0.99087
1033615.902973 -34.62184 1.09223 71.56089 -0.03036 -0.13050 -0.00483 0.99097
1033615.907454 -34.63488 1.09537 71.61294 -0.03011 -0.12968 -0.00550 0.99108
1033615.911935 -34.67325 1.08592 71.65516 -0.02965 -0.13097 -0.00471 0.99093
1033615.916415 -34.66108 1.08032 71.68412 -0.02973 -0.13049 -0.00459 0.99099
1033615.920896 -34.67032 1.07953 71.72319 -0.02985 -0.12980 -0.00479 0.99108
1033615.925377 -34.68096 1.09119 71.77871 -0.02976 -0.12909 -0.00486 0.99117
1033615.929858 -34.68805 1.08703 71.80147 -0.02992 -0.12841 -0.00450 0.99126
1033615.934339 -34.66005 1.10184 71.76187 -0.03091 -0.12689 -0.00420 0.99143
1033615.938820 -34.65704 1.09558 71.76165 -0.03085 -0.12587 -0.00426 0.99156
1033615.943301 -34.66805 1.09827 71.80357 -0.03096 -0.12519 -0.00445 0.99164
1033615.947782 -34.67715 1.10388 71.82416 -0.03084 -0.12439 -0.00437 0.99174
1033615.952263 -34.70665 1.08508 71.87934 -0.02988 -0.12537 -0.00488 0.99165
1033615.956745 -34.72493 1.09840 71.96001 -0.03018 -0.12485 -0.00499 0.99170
1033615.961226 -34.71255 1.09821 71.97465 -0.02982 -0.12433 -0.00425 0.99178
1033615.965250 -34.72555 1.09970 72.00386 -0.02976 -0.12380 -0.00480 0.99185
1033615.966055 -34.72827 1.10143 72.02266 -0.02989 -0.12358 -0.00450 0.99187
1033615.970188 -34.70592 1.11820 71.98596 -0.03066 -0.12219 -0.00426 0.99202
1033615.977727 -34.71168 1.11815 72.00859 -0.03064 -0.12074 -0.00470 0.99220
1033615.979150 -34.72302 1.13037 72.03394 -0.03033 -0.12030 -0.00508 0.99226
1033615.983631 -34.72438 1.12646 72.07028 -0.03062 -0.11996 -0.00409 0.99230
1033615.988112 -34.74818 1.11107 72.12006 -0.02986 -0.12106 -0.00441 0.99219
1033615.992593 -34.75011 1.11570 72.14655 -0.02934 -0.12030 -0.00431 0.99229
1033615.997313 -34.76616 1.12324 72.20214 -0.02973 -0.11951 -0.00420 0.99238
1033616.001555 -34.78357 1.12808 72.23879 -0.02966 -0.11871 -0.00418 0.99248
1033616.006036 -34.77605 1.11854 72.25959 -0.02973 -0.11806 -0.00414 0.99255
1033616.012658 -34.74608 1.13112 72.24199 -0.03085 -0.11645 -0.00411 0.99271
1033616.014998 -34.75435 1.12990 72.24012 -0.03080 -0.11584 -0.00475 0.99278
1033616.021037 -34.75279 1.12509 72.26814 -0.03096 -0.11491 -0.00467 0.99288
1033616.028441 -34.75395 1.12140 72.31344 -0.03122 -0.11393 -0.00559 0.99298
1033616.032922 -34.78514 1.11240 72.35394 -0.03027 -0.11475 -0.00503 0.99292
1033616.037403 -34.78276 1.12275 72.39932 -0.03000 -0.11432 -0.00370 0.99298
1033616.041884 -34.80337 1.12220 72.44003 -0.02984 -0.11352 -0.00359 0.99308
1033616.043273 -34.77869 1.14319 72.41879 -0.03072 -0.11251 -0.00341 0.99317
1033616.046509 -34.77983 1.14626 72.40677 -0.03016 -0.11178 -0.00457 0.99326
1033616.054740 -34.77997 1.14000 72.45250 -0.03046 -0.11048 -0.00428 0.99340
1033616.059808 -34.78964 1.13727 72.51294 -0.03102 -0.10962 -0.00378 0.99348
1033616.064069 -34.80089 1.14150 72.53965 -0.03093 -0.10877 -0.00445 0.99358
1033616.065924 -34.82493 1.12965 72.55093 -0.03008 -0.11007 -0.00464 0.99346
1033616.068770 -34.82285 1.13692 72.57953 -0.02992 -0.11041 -0.00380 0.99343
1033616.073251 -34.82074 1.14066 72.62760 -0.02982 -0.10983 -0.00355 0.99350
1033616.077732 -34.82839 1.13894 72.65575 -0.02987 -0.10915 -0.00342 0.99357
1033616.082213 -34.83814 1.14339 72.68598 -0.02985 -0.10824 -0.00345 0.99367
1033616.086694 -34.81317 1.15295 72.67122 -0.03080 -0.10664 -0.00307 0.99382
1033616.091175 -34.81947 1.14858 72.69328 -0.03115 -0.10578 -0.00348 0.99390
1033616.095656 -34.82555 1.14248 72.70997 -0.03113 -0.10465 -0.00402 0.99401
1033616.100137 -34.82810 1.14345 72.73209 -0.03131 -0.10417 -0.00398 0.99406
1033616.104618 -34.82564 1.14358 72.77318 -0.03127 -0.10330 -0.00394 0.99415
1033616.109098 -34.84961 1.12935 72.78971 -0.03029 -0.10451 -0.00426 0.99405
1033616.113579 -34.85763 1.13208 72.83995 -0.03022 -0.10434 -0.00368 0.99408
1033616.118060 -34.86272 1.14043 72.88509 -0.03013 -0.10379 -0.00285 0.99414
1033616.122541 -34.87725 1.14950 72.93221 -0.02994 -0.10285 -0.00299 0.99424
1033616.127022 -34.85316 1.16078 72.91761 -0.03100 -0.10122 -0.00282 0.99438
1033616.131503 -34.85183 1.15695 72.92223 -0.03133 -0.10033 -0.00366 0.99445
1033616.135984 -34.86607 1.15864 72.96478 -0.03114 -0.09954 -0.00367 0.99454
1033616.140465 -34.87053 1.16129 72.99617 -0.03142 -0.09903 -0.00319 0.99458
1033616.144946 -34.86423 1.15697 73.01997 -0.03166 -0.09826 -0.00342 0.99465
1033616.148515 -34.87873 1.13776 73.03992 -0.03042 -0.09937 -0.00362 0.99458
1033616.149428 -34.88197 1.14482 73.06639 -0.03044 -0.09968 -0.00334 0.99455
1033616.158390 -34.87763 1.13587 73.10327 -0.03079 -0.09849 -0.00229 0.99466
1033616.160806 -34.88978 1.14830 73.13656 -0.03042 -0.09800 -0.00244 0.99472
1033616.162871 -34.87529 1.16182 73.11055 -0.03147 -0.09673 -0.00291 0.99481
1033616.167352 -34.88439 1.16694 73.14152 -0.03139 -0.09579 -0.00306 0.99490
1033616.175733 -34.88644 1.16498 73.19935 -0.03151 -0.09468 -0.00312 0.99500
1033616.176314 -34.89132 1.16431 73.19937 -0.03146 -0.09457 -0.00324 0.99502
1033616.185276 -34.91137 1.14331 73.25733 -0.03068 -0.09477 -0.00358 0.99502
1033616.189757 -34.91755 1.14642 73.29489 -0.03051 -0.09395 -0.00334 0.99510
1033616.191868 -34.92181 1.15484 73.31601 -0.03025 -0.09370 -0.00295 0.99514
1033616.198719 -34.92231 1.14834 73.36246 -0.03055 -0.09279 -0.00297 0.99521
1033616.200875 -34.91542 1.15275 73.36893 -0.03055 -0.09242 -0.00352 0.99524
1033616.203200 -34.90096 1.16869 73.35271 -0.03151 -0.09098 -0.00313 0.99535
1033616.209208 -34.90967 1.17250 73.39829 -0.03128 -0.08984 -0.00429 0.99546
1033616.212162 -34.91369 1.17163 73.41936 -0.03121 -0.08933 -0.00358 0.99551
1033616.216643 -34.92040 1.17131 73.45106 -0.03121 -0.08815 -0.00494 0.99561
1033616.221124 -34.94896 1.15752 73.48293 -0.03042 -0.08936 -0.00446 0.99552
1033616.225605 -34.94147 1.15869 73.51738 -0.03028 -0.08936 -0.00288 0.99553
1033616.228168 -34.94749 1.16253 73.55213 -0.03035 -0.08875 -0.00341 0.99559
1033616.234567 -34.94883 1.16508 73.58357 -0.03003 -0.08802 -0.00293 0.99566
1033616.235775 -34.96355 1.16761 73.61131 -0.03038 -0.08757 -0.00308 0.99569
1033616.239048 -34.93930 1.18159 73.58716 -0.03138 -0.08616 -0.00285 0.99578
1033616.243529 -34.93375 1.18194 73.60789 -0.03128 -0.08533 -0.00350 0.99586
1033616.248010 -34.93368 1.18363 73.63464 -0.03156 -0.08490 -0.00366 0.99588
1033616.252491 -34.94375 1.18655 73.66800 -0.03144 -0.08422 -0.00335 0.99595
1033616.256972 -34.96176 1.17058 73.69714 -0.03023 -0.08503 -0.00369 0.99591
1033616.261453 -34.97422 1.17314 73.73411 -0.03009 -0.08444 -0.00278 0.99597
1033616.265934 -34.97190 1.17747 73.76395 -0.02995 -0.08403 -0.00252 0.99601
1033616.270415 -34.98138 1.17723 73.79549 -0.02971 -0.08340 -0.00388 0.99607
1033616.274896 -34.97975 1.17989 73.82838 -0.02995 -0.08267 -0.00289 0.99612
1033616.279377 -34.96244 1.19245 73.80946 -0.03097 -0.08133 -0.00295 0.99620
1033616.283858 -34.96726 1.19429 73.83971 -0.03121 -0.08032 -0.00360 0.99627
1033616.288339 -34.97532 1.19824 73.88236 -0.03102 -0.07972 -0.00387 0.99633
1033616.292820 -34.98178 1.19909 73.89940 -0.03115 -0.07898 -0.00355 0.99638
1033616.297301 -34.97134 1.20216 73.93151 -0.03103 -0.07855 -0.00430 0.99642
1033616.301781 -34.99495 1.18447 73.96532 -0.02994 -0.07934 -0.00411 0.99639
1033616.306262 -34.99369 1.17960 73.98687 -0.02991 -0.07888 -0.00353 0.99643
1033616.310743 -35.00147 1.18339 74.02323 -0.02985 -0.07819 -0.00402 0.99648
1033616.315224 -35.00709 1.18772 74.06063 -0.02990 -0.07766 -0.00305 0.99653
1033616.319705 -34.98905 1.19868 74.05761 -0.03097 -0.07584 -0.00306 0.99663
1033616.324186 -34.99878 1.20012 74.09459 -0.03078 -0.07472 -0.00350 0.99672
1033616.325574 -35.00374 1.21250 74.09413 -0.03085 -0.07445 -0.00373 0.99674
1033616.333148 -35.00160 1.20573 74.12696 -0.03090 -0.07355 -0.00380 0.99681
1033616.337462 -35.02905 1.18779 74.16371 -0.02996 -0.07462 -0.00443 0.99675
1033616.337919 -35.02633 1.19207 74.18640 -0.02986 -0.07505 -0.00363 0.99673
1033616.346592 -35.02513 1.19217 74.23998 -0.02964 -0.07383 -0.00353 0.99682
1033616.350074 -35.02953 1.19724 74.26751 -0.02978 -0.07347 -0.00393 0.99684
1033616.351924 -35.03644 1.20082 74.28256 -0.02952 -0.07298 -0.00406 0.99689
1033616.356373 -35.01828 1.20945 74.26187 -0.03047 -0.07142 -0.00300 0.99698
1033616.360530 -35.01619 1.20918 74.28534 -0.03068 -0.07028 -0.00313 0.99705
1033616.364516 -35.01237 1.21438 74.32132 -0.03091 -0.06981 -0.00386 0.99707
1033616.373478 -35.00766 1.20750 74.37554 -0.03070 -0.06873 -0.00329 0.99716
1033616.377959 -35.01553 1.21213 74.40160 -0.03088 -0.06785 -0.00333 0.99721
1033616.382440 -35.03995 1.20138 74.41379 -0.02962 -0.06888 -0.00379 0.99718
1033616.383503 -35.04123 1.20342 74.42073 -0.02954 -0.06913 -0.00340 0.99716
1033616.386921 -35.02959 1.19627 74.44247 -0.02995 -0.06870 -0.00303 0.99718
1033616.391402 -35.03227 1.20111 74.46333 -0.02972 -0.06791 -0.00340 0.99724
1033616.395883 -35.04134 1.19947 74.49546 -0.02944 -0.06722 -0.00344 0.99730
1033616.400364 -35.02079 1.20710 74.50842 -0.03061 -0.06587 -0.00325 0.99735
1033616.404845 -35.01945 1.21116 74.54946 -0.03090 -0.06522 -0.00404 0.99738
1033616.409326 -35.02602 1.21273 74.58689 -0.03103 -0.06447 -0.00330 0.99743
1033616.413807 -35.02406 1.21814 74.60579 -0.03062 -0.06405 -0.00288 0.99747
1033616.418288 -35.04408 1.20404 74.61295 -0.02958 -0.06502 -0.00318 0.99744
1033616.422769 -35.04826 1.20274 74.64186 -0.02961 -0.06423 -0.00334 0.99749
1033616.423013 -35.05402 1.20963 74.65562 -0.02967 -0.06409 -0.00283 0.99750
1033616.431731 -35.04999 1.20807 74.70728 -0.02958 -0.06314 -0.00327 0.99756
1033616.436212 -35.05051 1.20280 74.71050 -0.02951 -0.06236 -0.00340 0.99761
1033616.440693 -35.03113 1.20708 74.72915 -0.03075 -0.06094 -0.00244 0.99766
1033616.445174 -35.03458 1.20863 74.76528 -0.03108 -0.06032 -0.00287 0.99769
1033616.449655 -35.03589 1.21477 74.80786 -0.03086 -0.05947 -0.00359 0.99775
1033616.454136 -35.04045 1.21776 74.84164 -0.03062 -0.05893 -0.00341 0.99779
1033616.458617 -35.04136 1.21673 74.86412 -0.03054 -0.05836 -0.00311 0.99782
1033616.463098 -35.06461 1.20741 74.86827 -0.02968 -0.05953 -0.00392 0.99778
1033616.467579 -35.06592 1.21580 74.91347 -0.02954 -0.05887 -0.00315 0.99782
1033616.472060 -35.06437 1.21585 74.93514 -0.02939 -0.05850 -0.00286 0.99785
1033616.476541 -35.07291 1.22364 74.97919 -0.02929 -0.05769 -0.00222 0.99790
1033616.481022 -35.07695 1.22749 75.01266 -0.02919 -0.05710 -0.00296 0.99794
1033616.485125 -35.04648 1.23351 75.01731 -0.02990 -0.05544 -0.00217 0.99801
1033616.489603 -35.04298 1.22910 75.03911 -0.02992 -0.05441 -0.00298 0.99807
1033616.489983 -35.05987 1.22515 75.04282 -0.03036 -0.05401 -0.00362 0.99807
1033616.494464 -35.06071 1.22784 75.05812 -0.03045 -0.05341 -0.00367 0.99810
1033616.499049 -35.06670 1.22279 75.08685 -0.03043 -0.05259 -0.00304 0.99815
1033616.503426 -35.09509 1.21452 75.11125 -0.02959 -0.05380 -0.00312 0.99811
1033616.507907 -35.08290 1.21676 75.14364 -0.02968 -0.05385 -0.00261 0.99810
1033616.512388 -35.08223 1.22223 75.17244 -0.02922 -0.05326 -0.00282 0.99815
1033616.516869 -35.07606 1.22279 75.20472 -0.02937 -0.05264 -0.00255 0.99818
1033616.521350 -35.05465 1.23071 75.20693 -0.03007 -0.05101 -0.00251 0.99824
1033616.526248 -35.05486 1.22901 75.24404 -0.03033 -0.05005 -0.00356 0.99828
1033616.530313 -35.05833 1.23149 75.27364 -0.03021 -0.04961 -0.00351 0.99831
1033616.534794 -35.06010 1.23101 75.29914 -0.03022 -0.04883 -0.00350 0.99834
1033616.539275 -35.05842 1.22408 75.30559 -0.03009 -0.04812 -0.00377 0.99838
1033616.543756 -35.08569 1.21517 75.32870 -0.02949 -0.04938 -0.00292 0.99834
1033616.548236 -35.08448 1.22147 75.37476 -0.02893 -0.04883 -0.00274 0.99838
1033616.552718 -35.08674 1.23166 75.41076 -0.02884 -0.04817 -0.00286 0.99842
1033616.557199 -35.09156 1.23434 75.44723 -0.02863 -0.04766 -0.00320 0.99845
1033616.561680 -35.09369 1.23396 75.48685 -0.02861 -0.04688 -0.00260 0.99849
1033616.566161 -35.06888 1.24285 75.49330 -0.02962 -0.04554 -0.00307 0.99852
1033616.570642 -35.06626 1.23806 75.51254 -0.02987 -0.04490 -0.00424 0.99854
1033616.574648 -35.07349 1.23728 75.54540 -0.02986 -0.04417 -0.00438 0.99857
1033616.584085 -35.06054 1.23720 75.58657 -0.02959 -0.04309 -0.00396 0.99862
1033616.588566 -35.07006 1.24144 75.62507 -0.02958 -0.04222 -0.00403 0.99866
1033616.593047 -35.09688 1.23130 75.64201 -0.02849 -0.04327 -0.00398 0.99865
1033616.597528 -35.10604 1.23936 75.68212 -0.02807 -0.04252 -0.00296 0.99870
1033616.602039 -35.10535 1.23378 75.69182 -0.02825 -0.04199 -0.00331 0.99871
1033616.610971 -35.09754 1.23572 75.72268 -0.02817 -0.04079 -0.00299 0.99877
1033616.615452 -35.07310 1.25091 75.74258 -0.02887 -0.03938 -0.00373 0.99880
1033616.619933 -35.07180 1.24716 75.78429 -0.02896 -0.03864 -0.00429 0.99882
1033616.624414 -35.07649 1.24345 75.81313 -0.02915 -0.03786 -0.00451 0.99885
1033616.628895 -35.08358 1.24917 75.83446 -0.02891 -0.03721 -0.00446 0.99888
1033616.633376 -35.08016 1.24432 75.86957 -0.02871 -0.03647 -0.00537 0.99891
1033616.637865 -35.10338 1.23232 75.86905 -0.02819 -0.03723 -0.00337 0.99890
1033616.644835 -35.10753 1.23419 75.90927 -0.02790 -0.03643 -0.00320 0.99894
1033616.650222 -35.10867 1.23725 75.95630 -0.02780 -0.03559 -0.00391 0.99897
1033616.655781 -35.11147 1.24476 76.00094 -0.02779 -0.03488 -0.00367 0.99900
1033616.662720 -35.09628 1.25230 75.99852 -0.02845 -0.03328 -0.00400 0.99903
1033616.668301 -35.09410 1.24436 76.03192 -0.02883 -0.03227 -0.00471 0.99905
1033616.672747 -35.09099 1.25144 76.09703 -0.02844 -0.03143 -0.00512 0.99909
1033616.678186 -35.09280 1.25877 76.13210 -0.02857 -0.03112 -0.00488 0.99910
1033616.682666 -35.11491 1.24096 76.15671 -0.02736 -0.03147 -0.00437 0.99912
1033616.687147 -35.11809 1.23206 76.15799 -0.02750 -0.03075 -0.00462 0.99914
1033616.695274 -35.11824 1.23451 76.21899 -0.02749 -0.02968 -0.00407 0.99917
1033616.700590 -35.12120 1.24155 76.26501 -0.02736 -0.02885 -0.00439 0.99920
1033616.705071 -35.10082 1.25345 76.27620 -0.02819 -0.02738 -0.00482 0.99922
1033616.714033 -35.09479 1.25653 76.31060 -0.02808 -0.02610 -0.00543 0.99925
1033616.714179 -35.09613 1.25484 76.33184 -0.02837 -0.02598 -0.00559 0.99924
1033616.722996 -35.08873 1.25308 76.38064 -0.02826 -0.02482 -0.00518 0.99928
1033616.727477 -35.10822 1.23443 76.39474 -0.02738 -0.02576 -0.00511 0.99928
1033616.731958 -35.11295 1.23516 76.43370 -0.02739 -0.02521 -0.00492 0.99929
1033616.733943 -35.11780 1.24405 76.44430 -0.02700 -0.02479 -0.00477 0.99932
1033616.744924 -35.11693 1.23857 76.48217 -0.02707 -0.02347 -0.00458 0.99935
1033616.749882 -35.12251 1.23332 76.51341 -0.02708 -0.02272 -0.00474 0.99936
1033616.754363 -35.10571 1.25138 76.50878 -0.02798 -0.02142 -0.00573 0.99936
1033616.758723 -35.10856 1.25690 76.54287 -0.02781 -0.02042 -0.00639 0.99938
1033616.762848 -35.10556 1.26011 76.58208 -0.02766 -0.02000 -0.00696 0.99939
1033616.765348 -35.10587 1.26936 76.62787 -0.02751 -0.01977 -0.00592 0.99941
1033616.771025 -35.09804 1.26922 76.65185 -0.02737 -0.01873 -0.00671 0.99943
1033616.776768 -35.09843 1.27413 76.69639 -0.02730 -0.01823 -0.00664 0.99944
1033616.781249 -35.12483 1.26959 76.70897 -0.02612 -0.01874 -0.00540 0.99947
1033616.785132 -35.13190 1.25485 76.70949 -0.02633 -0.01808 -0.00497 0.99948
1033616.787412 -35.13482 1.24571 76.71246 -0.02639 -0.01768 -0.00528 0.99948
1033616.791300 -35.12964 1.24756 76.73271 -0.02657 -0.01724 -0.00508 0.99949
1033616.799173 -35.11703 1.24754 76.77493 -0.02658 -0.01638 -0.00415 0.99950
1033616.803331 -35.10370 1.25872 76.79897 -0.02757 -0.01507 -0.00560 0.99949
1033616.808135 -35.10702 1.26351 76.85970 -0.02745 -0.01428 -0.00602 0.99950
1033616.811107 -35.11246 1.27353 76.89441 -0.02707 -0.01381 -0.00613 0.99952
1033616.815969 -35.10963 1.28030 76.93991 -0.02710 -0.01306 -0.00732 0.99952
1033616.821049 -35.10368 1.28441 76.97246 -0.02679 -0.01261 -0.00614 0.99954
1033616.826059 -35.12430 1.27095 76.94827 -0.02588 -0.01333 -0.00500 0.99956
1033616.827663 -35.12904 1.25593 76.92832 -0.02606 -0.01311 -0.00465 0.99956
1033616.830540 -35.13203 1.25589 76.94858 -0.02622 -0.01254 -0.00554 0.99956
1033616.835794 -35.12245 1.25061 76.97650 -0.02620 -0.01182 -0.00564 0.99957
1033616.839502 -35.10649 1.26520 77.01466 -0.02725 -0.01058 -0.00618 0.99955
1033616.844113 -35.10082 1.27109 77.07265 -0.02744 -0.00958 -0.00709 0.99955
1033616.847945 -35.10250 1.27931 77.12530 -0.02691 -0.00905 -0.00734 0.99957
1033616.852945 -35.10047 1.28549 77.14577 -0.02685 -0.00845 -0.00643 0.99958
1033616.857426 -35.09446 1.28566 77.17652 -0.02678 -0.00782 -0.00731 0.99958
1033616.861907 -35.09899 1.28814 77.21610 -0.02671 -0.00717 -0.00773 0.99959
1033616.866388 -35.11601 1.27118 77.18919 -0.02578 -0.00813 -0.00678 0.99961
1033616.869818 -35.11952 1.26050 77.18367 -0.02580 -0.00783 -0.00541 0.99962
1033616.873926 -35.11301 1.25694 77.18375 -0.02598 -0.00733 -0.00564 0.99962
1033616.878439 -35.10916 1.26033 77.21819 -0.02567 -0.00666 -0.00559 0.99963
1033616.879830 -35.09358 1.27725 77.24435 -0.02680 -0.00569 -0.00676 0.99960
1033616.884311 -35.08962 1.28623 77.30638 -0.02671 -0.00501 -0.00714 0.99961
1033616.888792 -35.09047 1.28799 77.33845 -0.02645 -0.00427 -0.00761 0.99961
1033616.892666 -35.08278 1.28736 77.36409 -0.02663 -0.00374 -0.00753 0.99961
1033616.897754 -35.08423 1.29712 77.40623 -0.02640 -0.00311 -0.00785 0.99962
1033616.902235 -35.09874 1.28161 77.38630 -0.02542 -0.00410 -0.00682 0.99965
1033616.903408 -35.10231 1.27127 77.34366 -0.02544 -0.00412 -0.00542 0.99965
1033616.906716 -35.10339 1.26552 77.35591 -0.02558 -0.00378 -0.00641 0.99965
1033616.911198 -35.10651 1.26581 77.39279 -0.02563 -0.00285 -0.00614 0.99965
1033616.915679 -35.09538 1.26737 77.42148 -0.02542 -0.00244 -0.00640 0.99965
1033616.920160 -35.09280 1.26440 77.45676 -0.02549 -0.00189 -0.00638 0.99965
1033616.924641 -35.08204 1.27436 77.48396 -0.02625 -0.00022 -0.00731 0.99963
1033616.929122 -35.08553 1.28616 77.54484 -0.02657 0.00104 -0.00837 0.99961
1033616.933603 -35.08443 1.29008 77.58209 -0.02634 0.00171 -0.00877 0.99961
1033616.938084 -35.08101 1.29477 77.62519 -0.02628 0.00235 -0.00877 0.99961
1033616.942564 -35.10046 1.28259 77.60598 -0.02538 0.00118 -0.00834 0.99964
1033616.942775 -35.09891 1.27666 77.57637 -0.02516 0.00083 -0.00696 0.99966
1033616.947046 -35.08654 1.26771 77.57911 -0.02526 0.00105 -0.00713 0.99966
1033616.951527 -35.07984 1.27027 77.62887 -0.02519 0.00154 -0.00711 0.99966
1033616.956008 -35.08428 1.27244 77.64849 -0.02517 0.00243 -0.00718 0.99965
1033616.960489 -35.06540 1.28588 77.67008 -0.02611 0.00392 -0.00812 0.99962
1033616.964970 -35.06500 1.28995 77.73922 -0.02636 0.00505 -0.00874 0.99960
1033616.969451 -35.06710 1.29816 77.79094 -0.02598 0.00583 -0.00871 0.99961
1033616.970692 -35.06619 1.29764 77.81189 -0.02606 0.00597 -0.00918 0.99960
1033616.973932 -35.08728 1.28255 77.79575 -0.02505 0.00475 -0.00882 0.99964
1033616.978413 -35.07791 1.28294 77.78379 -0.02473 0.00484 -0.00730 0.99966
1033616.982894 -35.07413 1.28208 77.81636 -0.02476 0.00553 -0.00786 0.99965
1033616.987375 -35.07322 1.28639 77.82931 -0.02452 0.00616 -0.00787 0.99965
1033616.991856 -35.06992 1.28081 77.87330 -0.02464 0.00680 -0.00776 0.99964
1033616.996337 -35.05220 1.29227 77.88024 -0.02562 0.00843 -0.00809 0.99960
1033617.000818 -35.05632 1.29979 77.95027 -0.02589 0.00928 -0.00892 0.99958
1033617.003618 -35.05683 1.29885 77.98549 -0.02576 0.01007 -0.00956 0.99957
1033617.009119 -35.06107 1.30727 78.02662 -0.02565 0.01082 -0.00900 0.99957
1033617.009780 -35.07340 1.29906 78.00687 -0.02473 0.00959 -0.00934 0.99960
1033617.014261 -35.06875 1.28531 77.99286 -0.02444 0.00953 -0.00830 0.99962
1033617.018742 -35.06308 1.29258 78.02303 -0.02435 0.01012 -0.00798 0.99962
1033617.023223 -35.06186 1.29865 78.04016 -0.02433 0.01062 -0.00735 0.99962
1033617.027704 -35.05530 1.29438 78.07379 -0.02444 0.01132 -0.00742 0.99961
1033617.032185 -35.03420 1.30621 78.09536 -0.02506 0.01290 -0.00783 0.99957
1033617.033097 -35.04017 1.30912 78.14931 -0.02530 0.01378 -0.00950 0.99954
1033617.036666 -35.04263 1.31356 78.19319 -0.02522 0.01449 -0.00990 0.99953
1033617.041147 -35.04084 1.31376 78.21568 -0.02527 0.01506 -0.00925 0.99952
1033617.045628 -35.03488 1.31067 78.23323 -0.02557 0.01555 -0.00884 0.99951
1033617.050109 -35.03262 1.30901 78.26916 -0.02547 0.01624 -0.00975 0.99950
1033617.054590 -35.05159 1.30297 78.26421 -0.02473 0.01500 -0.00937 0.99954
1033617.057637 -35.04902 1.30087 78.24659 -0.02494 0.01505 -0.00735 0.99955
1033617.063551 -35.03640 1.30242 78.27471 -0.02438 0.01552 -0.00724 0.99956
1033617.065119 -35.03241 1.30295 78.28519 -0.02450 0.01581 -0.00699 0.99955
1033617.068032 -35.03068 1.30276 78.29024 -0.02426 0.01599 -0.00713 0.99955
1033617.072513 -35.01325 1.31355 78.31144 -0.02495 0.01766 -0.00710 0.99951
1033617.076994 -35.01005 1.31551 78.39202 -0.02547 0.01879 -0.00762 0.99947
1033617.081475 -35.01685 1.31653 78.42895 -0.02555 0.01977 -0.00855 0.99944
1033617.081527 -35.01963 1.32185 78.44408 -0.02548 0.02002 -0.00888 0.99944
1033617.085956 -35.01453 1.33026 78.47773 -0.02531 0.02033 -0.00904 0.99943
1033617.090437 -35.02848 1.31757 78.48024 -0.02421 0.01914 -0.00862 0.99949
1033617.094918 -35.03075 1.30863 78.44301 -0.02441 0.01952 -0.00733 0.99948
1033617.099399 -35.02279 1.30559 78.47453 -0.02455 0.02033 -0.00816 0.99946
1033617.103881 -35.02132 1.30896 78.51554 -0.02453 0.02082 -0.00756 0.99945
1033617.108362 -34.99558 1.32879 78.54225 -0.02518 0.02228 -0.00757 0.99941
1033617.112843 -34.98717 1.32611 78.59593 -0.02542 0.02300 -0.00854 0.99938
1033617.117324 -34.99364 1.32762 78.63194 -0.02551 0.02376 -0.00873 0.99935
1033617.121805 -34.98432 1.32938 78.64876 -0.02572 0.02450 -0.00868 0.99933
1033617.124307 -34.99178 1.32355 78.67448 -0.02565 0.02498 -0.00834 0.99932
1033617.126286 -35.01231 1.31832 78.66634 -0.02509 0.02372 -0.00823 0.99937
1033617.130767 -35.00889 1.31661 78.66429 -0.02493 0.02403 -0.00791 0.99937
1033617.135248 -35.00166 1.32077 78.68568 -0.02474 0.02472 -0.00710 0.99936
1033617.139729 -34.99511 1.32208 78.71821 -0.02491 0.02513 -0.00774 0.99934
1033617.142257 -34.99525 1.32294 78.73722 -0.02447 0.02546 -0.00771 0.99935
1033617.144210 -34.99333 1.32898 78.73709 -0.02466 0.02573 -0.00737 0.99934
1033617.148691 -34.96793 1.34134 78.77347 -0.02548 0.02727 -0.00728 0.99928
1033617.153172 -34.96633 1.33956 78.84808 -0.02549 0.02827 -0.00842 0.99924
1033617.157653 -34.97101 1.34815 78.88036 -0.02545 0.02941 -0.00798 0.99921
1033617.161343 -34.96632 1.34500 78.91370 -0.02579 0.02982 -0.00833 0.99919
1033617.162134 -34.96891 1.33947 78.92691 -0.02592 0.03015 -0.00930 0.99917
1033617.166615 -34.98815 1.33088 78.92208 -0.02534 0.02886 -0.00851 0.99923
1033617.171448 -34.98246 1.33723 78.90758 -0.02496 0.02915 -0.00725 0.99924
1033617.175867 -34.97733 1.33274 78.93030 -0.02524 0.02974 -0.00704 0.99921
1033617.180058 -34.96480 1.33610 78.94809 -0.02526 0.02989 -0.00759 0.99921
1033617.184539 -34.94589 1.34154 78.95261 -0.02572 0.03157 -0.00673 0.99915
1033617.185834 -34.93512 1.34788 79.01412 -0.02611 0.03256 -0.00815 0.99910
1033617.193501 -34.92626 1.35556 79.07801 -0.02607 0.03353 -0.00791 0.99907
1033617.193884 -34.92974 1.35557 79.10706 -0.02613 0.03386 -0.00791 0.99905
1033617.197982 -34.92524 1.35736 79.13720 -0.02604 0.03417 -0.00828 0.99904
1033617.202463 -34.92694 1.36456 79.15745 -0.02592 0.03513 -0.00737 0.99902
1033617.206944 -34.94373 1.35488 79.16715 -0.02550 0.03380 -0.00861 0.99907
1033617.211425 -34.95122 1.34302 79.12479 -0.02542 0.03400 -0.00794 0.99907
1033617.212421 -34.94416 1.34177 79.13835 -0.02560 0.03382 -0.00790 0.99907
1033617.220387 -34.93338 1.33700 79.18817 -0.02562 0.03487 -0.00757 0.99903
1033617.223562 -34.91035 1.34901 79.19517 -0.02625 0.03643 -0.00721 0.99897
1033617.224868 -34.89969 1.35800 79.27664 -0.02646 0.03691 -0.00822 0.99893
1033617.229349 -34.90520 1.36292 79.31117 -0.02633 0.03784 -0.00825 0.99890
1033617.233237 -34.89212 1.36518 79.34341 -0.02645 0.03817 -0.00763 0.99889
1033617.238311 -34.89314 1.37199 79.37964 -0.02632 0.03864 -0.00745 0.99888
1033617.242792 -34.91702 1.36082 79.36881 -0.02545 0.03761 -0.00778 0.99894
1033617.246119 -34.91574 1.35568 79.34393 -0.02524 0.03789 -0.00743 0.99894
1033617.247273 -34.91737 1.35332 79.36652 -0.02542 0.03821 -0.00796 0.99891
1033617.251754 -34.91088 1.35341 79.35249 -0.02523 0.03854 -0.00736 0.99891
1033617.256234 -34.90896 1.35822 79.39891 -0.02548 0.03918 -0.00817 0.99887
1033617.260715 -34.89756 1.35935 79.38595 -0.02588 0.04105 -0.00759 0.99879
1033617.265196 -34.90420 1.35026 79.41069 -0.02665 0.04230 -0.00728 0.99872
1033617.265623 -34.88376 1.35981 79.48061 -0.02681 0.04257 -0.00849 0.99870
1033617.269677 -34.86957 1.36765 79.54926 -0.02675 0.04288 -0.00739 0.99869
1033617.274158 -34.84997 1.37711 79.60222 -0.02644 0.04326 -0.00778 0.99868
1033617.278639 -34.87392 1.36802 79.59509 -0.02582 0.04202 -0.00878 0.99874
1033617.283120 -34.88991 1.36744 79.57194 -0.02538 0.04245 -0.00778 0.99875
1033617.287601 -34.88171 1.36027 79.56604 -0.02544 0.04308 -0.00752 0.99872
1033617.291715 -34.88017 1.36022 79.60699 -0.02539 0.04352 -0.00810 0.99870
1033617.292691 -34.85535 1.37126 79.62337 -0.02636 0.04504 -0.00718 0.99861
1033617.296564 -34.85205 1.38129 79.70453 -0.02667 0.04573 -0.00757 0.99857
1033617.301045 -34.84391 1.38663 79.75012 -0.02655 0.04650 -0.00777 0.99854
1033617.305526 -34.83677 1.39107 79.79117 -0.02616 0.04695 -0.00752 0.99853
1033617.310007 -34.82897 1.39400 79.82006 -0.02635 0.04760 -0.00785 0.99849
1033617.314487 -34.85703 1.38790 79.80107 -0.02578 0.04644 -0.00822 0.99855
1033617.318151 -34.86273 1.37444 79.75750 -0.02542 0.04655 -0.00802 0.99856
1033617.318969 -34.86733 1.37961 79.77054 -0.02543 0.04675 -0.00797 0.99855
1033617.323450 -34.86430 1.37057 79.76688 -0.02570 0.04756 -0.00873 0.99850
1033617.327931 -34.85705 1.36987 79.80493 -0.02582 0.04775 -0.00913 0.99848
1033617.332412 -34.82856 1.37638 79.82941 -0.02635 0.04924 -0.00764 0.99841
1033617.336893 -34.80737 1.38014 79.91363 -0.02697 0.05011 -0.00767 0.99835
1033617.341374 -34.80030 1.38868 79.98500 -0.02708 0.05096 -0.00763 0.99830
1033617.345855 -34.79700 1.39985 80.04976 -0.02702 0.05134 -0.00804 0.99828
1033617.350336 -34.79779 1.40593 80.09034 -0.02678 0.05221 -0.00768 0.99825
1033617.354817 -34.82794 1.39960 80.03600 -0.02598 0.05123 -0.00855 0.99831
1033617.358567 -34.83471 1.38692 79.99219 -0.02576 0.05154 -0.00850 0.99830
1033617.361108 -34.84135 1.38158 79.98570 -0.02599 0.05183 -0.00834 0.99828
1033617.363779 -34.83039 1.38753 80.01025 -0.02588 0.05209 -0.00762 0.99828
1033617.368260 -34.82633 1.38648 80.04063 -0.02599 0.05272 -0.00862 0.99823
1033617.372741 -34.79167 1.39670 80.10144 -0.02691 0.05411 -0.00740 0.99814
1033617.377222 -34.77379 1.40325 80.19304 -0.02757 0.05480 -0.00795 0.99808
1033617.377604 -34.76841 1.40230 80.22512 -0.02785 0.05513 -0.00824 0.99806
1033617.381703 -34.76793 1.39771 80.20410 -0.02777 0.05562 -0.00767 0.99804
1033617.386184 -34.76235 1.40651 80.26994 -0.02789 0.05627 -0.00854 0.99799
1033617.390665 -34.79150 1.40337 80.23651 -0.02704 0.05518 -0.00900 0.99807
1033617.395146 -34.80203 1.39245 80.18877 -0.02620 0.05552 -0.00739 0.99809
1033617.399627 -34.79370 1.38902 80.19843 -0.02669 0.05583 -0.00793 0.99805
1033617.404108 -34.77901 1.39034 80.21754 -0.02671 0.05636 -0.00791 0.99802
1033617.408589 -34.78117 1.38986 80.25528 -0.02664 0.05709 -0.00843 0.99798
1033617.413070 -34.74782 1.39423 80.27541 -0.02736 0.05862 -0.00708 0.99788
1033617.416908 -34.72989 1.39966 80.35498 -0.02831 0.05951 -0.00710 0.99780
1033617.417551 -34.73346 1.39918 80.40254 -0.02834 0.05970 -0.00862 0.99778
1033617.421366 -34.72704 1.40386 80.44129 -0.02861 0.06019 -0.00827 0.99774
1033617.426513 -34.75441 1.39964 80.41147 -0.02784 0.05902 -0.00936 0.99782
1033617.430994 -34.76158 1.39982 80.38352 -0.02718 0.05925 -0.00821 0.99784
1033617.435475 -34.75363 1.39993 80.40631 -0.02705 0.05979 -0.00812 0.99781
1033617.439956 -34.74578 1.39910 80.44245 -0.02734 0.06026 -0.00822 0.99777
1033617.443633 -34.74146 1.39790 80.47463 -0.02722 0.06092 -0.00947 0.99773
1033617.444882 -34.71267 1.40672 80.51315 -0.02809 0.06232 -0.00810 0.99763
1033617.448917 -34.70195 1.42021 80.59268 -0.02819 0.06294 -0.00751 0.99759
1033617.453398 -34.69973 1.41950 80.64077 -0.02854 0.06369 -0.00854 0.99752
1033617.457879 -34.69491 1.42052 80.65942 -0.02868 0.06442 -0.00880 0.99747
1033617.462360 -34.68386 1.41718 80.69596 -0.02911 0.06481 -0.00934 0.99743
1033617.466841 -34.71130 1.41443 80.66476 -0.02807 0.06383 -0.00983 0.99752
1033617.471322 -34.72221 1.41135 80.63086 -0.02765 0.06412 -0.00914 0.99752
1033617.471937 -34.72545 1.40657 80.61851 -0.02764 0.06438 -0.00968 0.99750
1033617.475803 -34.72498 1.41676 80.67212 -0.02755 0.06483 -0.01000 0.99747
1033617.480284 -34.70653 1.41289 80.69096 -0.02762 0.06513 -0.00951 0.99745
1033617.484766 -34.67409 1.41829 80.73818 -0.02827 0.06667 -0.00794 0.99734
1033617.489247 -34.65366 1.42015 80.80621 -0.02899 0.06765 -0.00861 0.99725
1033617.493728 -34.64912 1.42528 80.88027 -0.02923 0.06834 -0.00951 0.99719
1033617.498209 -34.65106 1.43023 80.90308 -0.02906 0.06905 -0.00930 0.99715
1033617.499821 -34.67463 1.43095 80.88516 -0.02871 0.06784 -0.01078 0.99722
1033617.502690 -34.70045 1.42849 80.82257 -0.02754 0.06768 -0.01009 0.99728
1033617.507171 -34.69142 1.42895 80.85261 -0.02769 0.06812 -0.00965 0.99725
1033617.511652 -34.68365 1.42872 80.88488 -0.02780 0.06884 -0.00999 0.99719
1033617.516133 -34.68062 1.42612 80.89821 -0.02785 0.06932 -0.01002 0.99716
1033617.520614 -34.64681 1.42497 80.93872 -0.02829 0.07080 -0.00903 0.99705
1033617.525095 -34.62301 1.42643 81.01120 -0.02921 0.07169 -0.00943 0.99695
1033617.526972 -34.61710 1.43226 81.05774 -0.02940 0.07196 -0.01059 0.99692
1033617.529576 -34.61342 1.43853 81.08853 -0.02924 0.07226 -0.00989 0.99691
1033617.534057 -34.60785 1.44067 81.12390 -0.02924 0.07292 -0.00970 0.99686
1033617.538538 -34.59449 1.44107 81.16244 -0.02939 0.07340 -0.00900 0.99683
1033617.543019 -34.62289 1.43606 81.12692 -0.02879 0.07224 -0.01029 0.99692
1033617.547500 -34.64058 1.44415 81.08468 -0.02776 0.07269 -0.00899 0.99693
1033617.549969 -34.63648 1.45333 81.10552 -0.02723 0.07289 -0.00909 0.99693
1033617.551981 -34.63132 1.44796 81.12724 -0.02765 0.07304 -0.00927 0.99690
1033617.556462 -34.62305 1.45492 81.16287 -0.02715 0.07343 -0.00850 0.99689
1033617.560943 -34.58819 1.45807 81.20023 -0.02798 0.07501 -0.00795 0.99676
1033617.565424 -34.57654 1.45741 81.26129 -0.02880 0.07596 -0.00817 0.99666
1033617.569905 -34.56077 1.45057 81.33198 -0.02928 0.07672 -0.00919 0.99658
1033617.572045 -34.56677 1.46129 81.35762 -0.02927 0.07701 -0.00834 0.99657
1033617.574386 -34.56091 1.46722 81.38189 -0.02909 0.07737 -0.00845 0.99654
1033617.578867 -34.58193 1.46508 81.35287 -0.02843 0.07622 -0.01001 0.99664
1033617.583348 -34.58877 1.45864 81.31197 -0.02767 0.07637 -0.00881 0.99666
1033617.587829 -34.58349 1.46101 81.33434 -0.02761 0.07708 -0.00875 0.99660
1033617.592310 -34.57781 1.46294 81.38217 -0.02776 0.07776 -0.00839 0.99655
1033617.596791 -34.57424 1.46450 81.40306 -0.02776 0.07831 -0.00913 0.99650
1033617.601272 -34.54472 1.47370 81.43736 -0.02842 0.07992 -0.00765 0.99637
1033617.604774 -34.52447 1.46742 81.51034 -0.02909 0.08088 -0.00779 0.99627
1033617.605753 -34.51844 1.46566 81.56884 -0.02915 0.08133 -0.00883 0.99622
1033617.610234 -34.51629 1.45874 81.57975 -0.02950 0.08199 -0.00957 0.99615
1033617.614715 -34.51059 1.45404 81.59903 -0.02988 0.08266 -0.00965 0.99608
1033617.619196 -34.54072 1.45030 81.58940 -0.02932 0.08130 -0.01118 0.99620
1033617.623293 -34.54941 1.45993 81.56641 -0.02856 0.08166 -0.00949 0.99621
1033617.628158 -34.53628 1.46471 81.57622 -0.02850 0.08232 -0.00874 0.99616
1033617.628209 -34.53519 1.47091 81.58403 -0.02799 0.08214 -0.00829 0.99619
1033617.632639 -34.52874 1.46881 81.61292 -0.02831 0.08259 -0.00843 0.99615
1033617.637119 -34.50641 1.47459 81.61614 -0.02902 0.08425 -0.00708 0.99600
1033617.641600 -34.47424 1.47078 81.67402 -0.02942 0.08527 -0.00850 0.99589
1033617.646081 -34.44756 1.46015 81.73611 -0.03007 0.08582 -0.00892 0.99582
1033617.650562 -34.44092 1.46498 81.79635 -0.03014 0.08648 -0.00903 0.99576
1033617.655043 -34.44114 1.46380 81.81757 -0.03040 0.08718 -0.00895 0.99569
1033617.659524 -34.47288 1.45975 81.78694 -0.02942 0.08610 -0.00913 0.99581
1033617.664005 -34.46887 1.46266 81.77615 -0.02879 0.08631 -0.00766 0.99582
1033617.664643 -34.47392 1.46496 81.78172 -0.02891 0.08643 -0.00755 0.99581
1033617.668486 -34.46996 1.46584 81.78085 -0.02910 0.08694 -0.00809 0.99576
1033617.676655 -34.44496 1.45990 81.82644 -0.02931 0.08763 -0.00771 0.99569
1033617.678025 -34.41504 1.47298 81.86946 -0.03031 0.08891 -0.00758 0.99555
1033617.681930 -34.39882 1.47121 81.95470 -0.03053 0.08967 -0.00846 0.99547
1033617.686411 -34.39032 1.46648 82.00335 -0.03094 0.09038 -0.00873 0.99539
1033617.690892 -34.37429 1.47477 82.04511 -0.03093 0.09083 -0.00852 0.99535
1033617.695373 -34.36653 1.47141 82.05665 -0.03084 0.09153 -0.00823 0.99529
1033617.699261 -34.39044 1.47077 82.03822 -0.03032 0.09031 -0.00984 0.99540
1033617.699854 -34.41804 1.47849 81.98590 -0.02948 0.09026 -0.00759 0.99545
1033617.704335 -34.41434 1.48517 82.01292 -0.02917 0.09093 -0.00763 0.99540
1033617.709128 -34.40734 1.47683 82.02604 -0.02964 0.09142 -0.00806 0.99534
1033617.713297 -34.36398 1.48331 82.07986 -0.03039 0.09276 -0.00738 0.99520
1033617.717778 -34.33679 1.47976 82.16557 -0.03107 0.09348 -0.00748 0.99511
1033617.722259 -34.32585 1.47219 82.21685 -0.03146 0.09436 -0.00787 0.99501
1033617.726740 -34.32483 1.47981 82.25086 -0.03141 0.09487 -0.00881 0.99495
1033617.731221 -34.32048 1.48573 82.27028 -0.03129 0.09559 -0.00814 0.99490
1033617.735702 -34.34671 1.47944 82.24340 -0.03022 0.09462 -0.00819 0.99502
1033617.740183 -34.36097 1.48921 82.22869 -0.02966 0.09518 -0.00703 0.99499
1033617.744664 -34.35646 1.49702 82.23875 -0.02954 0.09554 -0.00744 0.99496
1033617.749145 -34.33903 1.49436 82.28065 -0.02960 0.09625 -0.00763 0.99489
1033617.753626 -34.30837 1.49777 82.31279 -0.03022 0.09775 -0.00687 0.99473
1033617.758107 -34.29129 1.49089 82.37343 -0.03087 0.09872 -0.00810 0.99460
1033617.762588 -34.26709 1.49265 82.44330 -0.03106 0.09945 -0.00871 0.99452
1033617.767069 -34.26039 1.48777 82.47580 -0.03114 0.09995 -0.00848 0.99447
1033617.771721 -34.28983 1.48594 82.44056 -0.03030 0.09894 -0.00890 0.99459
1033617.776031 -34.31168 1.49279 82.40321 -0.02950 0.09929 -0.00768 0.99459
1033617.780512 -34.30420 1.49808 82.42868 -0.02930 0.10020 -0.00766 0.99451
1033617.784993 -34.29615 1.49215 82.44635 -0.02919 0.10066 -0.00755 0.99446
1033617.789829 -34.28419 1.50194 82.49452 -0.02921 0.10151 -0.00787 0.99437
1033617.795057 -34.28177 1.49658 82.52640 -0.02897 0.10239 -0.00828 0.99429
1033617.798436 -34.24514 1.50357 82.55472 -0.02993 0.10372 -0.00725 0.99413
1033617.802917 -34.21331 1.49495 82.60457 -0.03054 0.10434 -0.00718 0.99405
1033617.807398 -34.18840 1.49393 82.64480 -0.03078 0.10498 -0.00840 0.99396
1033617.811879 -34.17248 1.49675 82.69862 -0.03059 0.10552 -0.00759 0.99392
1033617.816360 -34.15687 1.49725 82.72475 -0.03057 0.10596 -0.00767 0.99387
1033617.820841 -34.18669 1.48985 82.68521 -0.02980 0.10476 -0.00921 0.99401
1033617.825322 -34.21363 1.48952 82.67802 -0.02909 0.10552 -0.00886 0.99395
1033617.832028 -34.20252 1.49205 82.70050 -0.02929 0.10652 -0.00867 0.99384
1033617.836872 -34.19829 1.50333 82.74181 -0.02910 0.10736 -0.00795 0.99376
1033617.843245 -34.19017 1.50386 82.77087 -0.02885 0.10840 -0.00812 0.99366
1033617.847726 -34.14897 1.50914 82.81434 -0.02958 0.10973 -0.00705 0.99350
1033617.852207 -34.10990 1.50991 82.89096 -0.03021 0.11043 -0.00805 0.99339
1033617.856688 -34.09354 1.49975 82.94397 -0.03048 0.11096 -0.00875 0.99332
1033617.861169 -34.08623 1.50974 82.97165 -0.03019 0.11180 -0.00832 0.99324
1033617.865650 -34.06828 1.50097 83.01690 -0.03048 0.11242 -0.00894 0.99315
1033617.870132 -34.09507 1.49432 82.99638 -0.02958 0.11147 -0.00973 0.99328
1033617.874613 -34.11993 1.50500 82.96494 -0.02874 0.11188 -0.00869 0.99327
1033617.879094 -34.12304 1.50558 82.95919 -0.02866 0.11267 -0.00823 0.99318
1033617.883575 -34.11282 1.50710 82.99834 -0.02843 0.11342 -0.00829 0.99311
1033617.888056 -34.11354 1.50947 83.04956 -0.02837 0.11431 -0.00886 0.99300
1033617.892537 -34.07602 1.51640 83.07991 -0.02902 0.11582 -0.00755 0.99282
1033617.897018 -34.04973 1.51203 83.12401 -0.02952 0.11690 -0.00820 0.99267
1033617.898439 -34.02809 1.51410 83.15598 -0.02990 0.11685 -0.00929 0.99266
1033617.901600 -34.01936 1.51765 83.21906 -0.02970 0.11721 -0.00929 0.99262
1033617.905980 -34.01359 1.51372 83.21560 -0.02952 0.11788 -0.00954 0.99254
1033617.910713 -34.04102 1.51601 83.18389 -0.02893 0.11689 -0.01013 0.99267
1033617.914942 -34.06817 1.51171 83.16161 -0.02833 0.11715 -0.00860 0.99267
1033617.923473 -34.05066 1.51079 83.19064 -0.02795 0.11852 -0.00794 0.99253
1033617.925034 -34.04202 1.52341 83.22865 -0.02788 0.11886 -0.00800 0.99249
1033617.928665 -34.00270 1.52893 83.27821 -0.02868 0.12031 -0.00741 0.99229
1033617.932866 -33.96816 1.52704 83.38844 -0.02930 0.12122 -0.00882 0.99215
1033617.937347 -33.95977 1.52034 83.41283 -0.02954 0.12221 -0.00963 0.99202
1033617.941828 -33.95383 1.51948 83.44668 -0.02964 0.12275 -0.00952 0.99195
1033617.946309 -33.94371 1.51686 83.45735 -0.02975 0.12349 -0.01007 0.99185
1033617.950790 -33.96982 1.51225 83.43056 -0.02884 0.12238 -0.01126 0.99200
1033617.955271 -33.98203 1.51501 83.41231 -0.02782 0.12273 -0.00954 0.99200
1033617.959752 -33.97796 1.51696 83.42399 -0.02761 0.12315 -0.00921 0.99196
1033617.964233 -33.96787 1.52541 83.45267 -0.02729 0.12362 -0.00871 0.99192
1033617.966576 -33.95460 1.52962 83.49476 -0.02719 0.12413 -0.00965 0.99185
1033617.974832 -33.92162 1.53445 83.51144 -0.02775 0.12580 -0.00776 0.99164
1033617.977676 -33.87426 1.53878 83.63133 -0.02863 0.12664 -0.00827 0.99150
1033617.982157 -33.86952 1.53322 83.67666 -0.02880 0.12757 -0.00925 0.99137
1033617.986638 -33.86334 1.53197 83.70222 -0.02910 0.12833 -0.00948 0.99126
1033617.991119 -33.85490 1.53754 83.75375 -0.02869 0.12906 -0.00914 0.99118
1033617.995600 -33.88572 1.52766 83.72944 -0.02766 0.12800 -0.00969 0.99134
1033618.000081 -33.89811 1.53372 83.67859 -0.02652 0.12819 -0.00836 0.99136
1033618.004562 -33.88824 1.53608 83.69111 -0.02657 0.12887 -0.00840 0.99127
1033618.009043 -33.87607 1.53801 83.71561 -0.02626 0.12957 -0.00807 0.99119
1033618.011011 -33.86732 1.54294 83.74381 -0.02604 0.12994 -0.00781 0.99115
1033618.013524 -33.86449 1.54983 83.76235 -0.02581 0.13017 -0.00781 0.99112
1033618.018004 -33.83066 1.55728 83.78950 -0.02669 0.13165 -0.00705 0.99091
1033618.022485 -33.79999 1.55452 83.84514 -0.02710 0.13260 -0.00770 0.99077
1033618.028669 -33.76422 1.55894 83.92325 -0.02707 0.13347 -0.00727 0.99066
1033618.033910 -33.75185 1.55050 83.96338 -0.02729 0.13446 -0.00796 0.99051
1033618.037800 -33.75191 1.54760 83.98962 -0.02756 0.13507 -0.00838 0.99042
1033618.044890 -33.78464 1.53184 83.94311 -0.02625 0.13415 -0.00860 0.99058
1033618.049371 -33.79553 1.53517 83.93003 -0.02547 0.13465 -0.00710 0.99054
1033618.056209 -33.77659 1.53855 83.95714 -0.02568 0.13572 -0.00712 0.99039
1033618.062815 -33.76080 1.53493 84.00541 -0.02555 0.13670 -0.00668 0.99026
1033618.067296 -33.75098 1.53876 84.04567 -0.02546 0.13753 -0.00704 0.99015
1033618.071777 -33.70536 1.55608 84.10319 -0.02636 0.13900 -0.00672 0.98992
1033618.080739 -33.66207 1.55693 84.17261 -0.02644 0.14051 -0.00621 0.98971
1033618.085220 -33.64576 1.55380 84.24953 -0.02654 0.14162 -0.00709 0.98954
1033618.089701 -33.63405 1.55617 84.28787 -0.02645 0.14247 -0.00778 0.98942
1033618.094182 -33.66562 1.54939 84.26636 -0.02558 0.14131 -0.00814 0.98960
1033618.098663 -33.68411 1.54339 84.22505 -0.02503 0.14145 -0.00679 0.98961
1033618.103144 -33.67642 1.55042 84.24167 -0.02464 0.14211 -0.00606 0.98953
1033618.107625 -33.65975 1.55685 84.28389 -0.02441 0.14274 -0.00650 0.98944
1033618.112823 -33.62180 1.56388 84.29840 -0.02525 0.14438 -0.00586 0.98918
1033618.119358 -33.58321 1.55910 84.36455 -0.02586 0.14576 -0.00626 0.98896
1033618.125549 -33.55689 1.55502 84.44835 -0.02603 0.14672 -0.00727 0.98881
1033618.130030 -33.54832 1.55363 84.50988 -0.02615 0.14761 -0.00764 0.98867
1033618.134511 -33.53486 1.55599 84.54314 -0.02627 0.14864 -0.00771 0.98851
1033618.138992 -33.57115 1.54648 84.52563 -0.02525 0.14741 -0.00801 0.98872
1033618.143473 -33.58902 1.55503 84.48182 -0.02405 0.14791 -0.00686 0.98868
1033618.148940 -33.57954 1.56308 84.49780 -0.02377 0.14858 -0.00658 0.98859
1033618.156080 -33.56129 1.55876 84.52947 -0.02367 0.14954 -0.00682 0.98845
1033618.161397 -33.52138 1.56564 84.56296 -0.02459 0.15103 -0.00666 0.98820
1033618.165878 -33.47897 1.56956 84.65962 -0.02540 0.15205 -0.00750 0.98802
1033618.170273 -33.46178 1.57011 84.73811 -0.02523 0.15320 -0.00701 0.98785
1033618.174840 -33.45247 1.56428 84.76619 -0.02520 0.15386 -0.00734 0.98774
1033618.179321 -33.48416 1.55880 84.72124 -0.02390 0.15282 -0.00745 0.98794
1033618.183802 -33.50305 1.56869 84.70819 -0.02331 0.15354 -0.00662 0.98785
1033618.188283 -33.49684 1.56359 84.72460 -0.02328 0.15459 -0.00691 0.98768
1033618.192764 -33.47859 1.57074 84.73333 -0.02306 0.15511 -0.00694 0.98760
1033618.197245 -33.47192 1.56387 84.75795 -0.02326 0.15568 -0.00675 0.98751
1033618.201726 -33.43173 1.57301 84.78858 -0.02428 0.15721 -0.00667 0.98724
1033618.206207 -33.40285 1.57583 84.87927 -0.02472 0.15777 -0.00718 0.98714
1033618.210687 -33.37082 1.57488 84.93179 -0.02496 0.15859 -0.00792 0.98700
1033618.215168 -33.35982 1.57621 84.97623 -0.02483 0.15941 -0.00724 0.98687
1033618.219649 -33.38775 1.56916 84.95821 -0.02363 0.15842 -0.00716 0.98706
1033618.220548 -33.41575 1.58172 84.91180 -0.02292 0.15881 -0.00633 0.98702
1033618.228611 -33.40137 1.57673 84.92422 -0.02268 0.16007 -0.00696 0.98682
1033618.233092 -33.38831 1.57684 84.96048 -0.02281 0.16073 -0.00712 0.98671
1033618.237573 -33.35119 1.58423 84.99869 -0.02376 0.16211 -0.00685 0.98646
1033618.241953 -33.30785 1.58126 85.06374 -0.02470 0.16306 -0.00752 0.98628
1033618.244466 -33.30162 1.57318 85.08887 -0.02502 0.16367 -0.00821 0.98616
1033618.248698 -33.29032 1.58179 85.14213 -0.02467 0.16425 -0.00775 0.98608
1033618.255498 -33.32048 1.58026 85.09743 -0.02337 0.16344 -0.00721 0.98625
1033618.259979 -33.33061 1.58047 85.07497 -0.02280 0.16401 -0.00741 0.98617
1033618.264460 -33.31373 1.58007 85.09875 -0.02259 0.16464 -0.00746 0.98607
1033618.268941 -33.29998 1.58204 85.14446 -0.02254 0.16544 -0.00695 0.98594
1033618.273422 -33.28771 1.58026 85.15634 -0.02284 0.16611 -0.00704 0.98582
1033618.277903 -33.25403 1.58674 85.18694 -0.02387 0.16767 -0.00716 0.98553
1033618.278705 -33.22489 1.57866 85.26002 -0.02453 0.16818 -0.00789 0.98542
1033618.282384 -33.21880 1.57628 85.26286 -0.02487 0.16871 -0.00798 0.98532
1033618.286865 -33.19856 1.58228 85.32254 -0.02496 0.16924 -0.00839 0.98522
1033618.291346 -33.22073 1.57692 85.30452 -0.02363 0.16832 -0.00892 0.98541
1033618.295827 -33.24088 1.58712 85.28623 -0.02278 0.16899 -0.00733 0.98533
1033618.300308 -33.23146 1.59162 85.32169 -0.02245 0.16954 -0.00711 0.98524
1033618.300968 -33.23200 1.58521 85.31123 -0.02252 0.16986 -0.00737 0.98518
1033618.309270 -33.20213 1.58759 85.35483 -0.02237 0.17079 -0.00738 0.98503
1033618.313751 -33.17026 1.60006 85.37888 -0.02347 0.17204 -0.00676 0.98479
1033618.318232 -33.12780 1.59748 85.45038 -0.02428 0.17295 -0.00841 0.98460
1033618.322713 -33.10823 1.59076 85.50214 -0.02444 0.17370 -0.00856 0.98446
1033618.327194 -33.10152 1.59538 85.55044 -0.02461 0.17449 -0.00875 0.98431
1033618.331675 -33.12211 1.59148 85.52483 -0.02297 0.17397 -0.00892 0.98444
1033618.336156 -33.14422 1.60214 85.50792 -0.02243 0.17419 -0.00749 0.98443
1033618.339915 -33.13630 1.60086 85.51658 -0.02231 0.17516 -0.00767 0.98426
1033618.340637 -33.13264 1.59897 85.52906 -0.02218 0.17517 -0.00747 0.98426
1033618.345118 -33.09675 1.61030 85.55579 -0.02350 0.17657 -0.00774 0.98398
1033618.349599 -33.06001 1.61100 85.61526 -0.02396 0.17735 -0.00838 0.98382
1033618.354080 -33.03542 1.59995 85.65473 -0.02410 0.17806 -0.00847 0.98369
1033618.358561 -33.02361 1.59825 85.68343 -0.02441 0.17874 -0.00847 0.98356
1033618.363042 -33.01125 1.59869 85.71070 -0.02500 0.17942 -0.00874 0.98342
1033618.367523 -32.99884 1.60289 85.75025 -0.02441 0.18023 -0.00872 0.98328
1033618.372004 -33.01542 1.59960 85.74244 -0.02287 0.17920 -0.00832 0.98351
1033618.376485 -33.04067 1.60045 85.71119 -0.02243 0.17969 -0.00739 0.98344
1033618.380966 -33.03893 1.59760 85.73770 -0.02223 0.18067 -0.00739 0.98326
1033618.384410 -33.02325 1.60005 85.77036 -0.02257 0.18122 -0.00723 0.98316
1033618.388677 -32.98692 1.61153 85.78704 -0.02379 0.18262 -0.00727 0.98287
1033618.394409 -32.94437 1.60905 85.85773 -0.02446 0.18353 -0.00782 0.98268
1033618.398890 -32.92399 1.60781 85.91328 -0.02491 0.18439 -0.00850 0.98250
1033618.400558 -32.91850 1.61411 85.93236 -0.02462 0.18485 -0.00843 0.98242
1033618.408445 -32.89069 1.61555 85.96326 -0.02465 0.18575 -0.00828 0.98225
1033618.414797 -32.91027 1.60724 85.96087 -0.02315 0.18493 -0.00793 0.98245
1033618.419182 -32.92945 1.60904 85.94967 -0.02259 0.18579 -0.00745 0.98230
1033618.421538 -32.93385 1.61002 85.97779 -0.02220 0.18651 -0.00721 0.98218
1033618.430256 -32.90838 1.61568 86.01248 -0.02232 0.18738 -0.00697 0.98201
1033618.434737 -32.89128 1.61704 86.04495 -0.02189 0.18840 -0.00602 0.98183
1033618.439218 -32.86316 1.62861 86.05767 -0.02300 0.18975 -0.00578 0.98155
1033618.443700 -32.83967 1.62499 86.10406 -0.02372 0.19079 -0.00692 0.98132
1033618.448181 -32.79298 1.62096 86.18229 -0.02385 0.19147 -0.00724 0.98118
1033618.452662 -32.76729 1.62155 86.23497 -0.02423 0.19224 -0.00771 0.98102
1033618.457143 -32.75004 1.62407 86.26113 -0.02373 0.19284 -0.00740 0.98092
1033618.461624 -32.72950 1.63427 86.29738 -0.02383 0.19344 -0.00709 0.98080
1033618.467653 -32.76184 1.62628 86.25580 -0.02238 0.19279 -0.00711 0.98096
1033618.474192 -32.76380 1.62810 86.27681 -0.02127 0.19367 -0.00518 0.98082
1033618.475067 -32.75950 1.64072 86.28091 -0.02153 0.19374 -0.00481 0.98081
1033618.484029 -32.74273 1.63708 86.31944 -0.02139 0.19519 -0.00465 0.98052
1033618.488510 -32.71411 1.63767 86.33092 -0.02245 0.19668 -0.00522 0.98020
1033618.492991 -32.67647 1.63813 86.39954 -0.02292 0.19767 -0.00626 0.97998
1033618.497472 -32.64190 1.64921 86.47433 -0.02360 0.19866 -0.00771 0.97975
1033618.501953 -32.62791 1.63723 86.50502 -0.02349 0.19942 -0.00735 0.97960
1033618.506434 -32.60973 1.63378 86.53626 -0.02353 0.19998 -0.00703 0.97949
1033618.510915 -32.64369 1.63322 86.50669 -0.02228 0.19891 -0.00684 0.97974
1033618.515396 -32.65213 1.62592 86.48388 -0.02172 0.19939 -0.00585 0.97966
1033618.519877 -32.63934 1.63961 86.49367 -0.02167 0.20009 -0.00481 0.97953
1033618.524358 -32.62702 1.63418 86.51592 -0.02157 0.20059 -0.00611 0.97942
1033618.528839 -32.61256 1.64052 86.56619 -0.02173 0.20166 -0.00603 0.97920
1033618.533320 -32.57635 1.63993 86.58414 -0.02285 0.20314 -0.00594 0.97886
1033618.537801 -32.55502 1.62607 86.63459 -0.02379 0.20436 -0.00714 0.97858
1033618.542723 -32.52101 1.62692 86.71026 -0.02403 0.20522 -0.00763 0.97839
1033618.548507 -32.50078 1.62702 86.73938 -0.02406 0.20625 -0.00777 0.97817
1033618.553301 -32.48330 1.62747 86.77607 -0.02406 0.20710 -0.00811 0.97799
1033618.558622 -32.45750 1.63301 86.80356 -0.02421 0.20799 -0.00810 0.97780
1033618.564457 -32.48909 1.62307 86.78392 -0.02296 0.20691 -0.00835 0.97806
1033618.569168 -32.51032 1.63061 86.77236 -0.02213 0.20756 -0.00653 0.97795
1033618.573648 -32.49872 1.63724 86.79435 -0.02196 0.20816 -0.00618 0.97783
1033618.576099 -32.49323 1.64663 86.79966 -0.02161 0.20857 -0.00633 0.97775
1033618.579219 -32.45189 1.65186 86.84886 -0.02259 0.21010 -0.00689 0.97740
1033618.585407 -32.42307 1.64086 86.89167 -0.02326 0.21132 -0.00733 0.97711
1033618.591573 -32.39330 1.63856 86.94841 -0.02373 0.21248 -0.00830 0.97684
1033618.596053 -32.37909 1.62681 86.98966 -0.02436 0.21336 -0.00924 0.97663
1033618.601151 -32.35710 1.62761 87.03344 -0.02444 0.21425 -0.00893 0.97643
1033618.606888 -32.38079 1.61721 87.02216 -0.02313 0.21323 -0.00787 0.97670
1033618.613977 -32.38979 1.62562 86.97012 -0.02249 0.21392 -0.00695 0.97657
1033618.618458 -32.37139 1.62230 87.00120 -0.02211 0.21458 -0.00607 0.97644
1033618.622939 -32.35810 1.62674 87.02223 -0.02231 0.21510 -0.00624 0.97632
1033618.627420 -32.33731 1.62826 87.04330 -0.02229 0.21588 -0.00711 0.97614
1033618.631902 -32.30552 1.64223 87.05107 -0.02316 0.21735 -0.00687 0.97579
1033618.638867 -32.28817 1.64187 87.06154 -0.02397 0.21866 -0.00883 0.97547
1033618.645345 -32.24674 1.64174 87.12623 -0.02429 0.21959 -0.00909 0.97525
1033618.649826 -32.20352 1.64115 87.20821 -0.02362 0.22050 -0.00867 0.97506
1033618.654307 -32.17511 1.63690 87.25584 -0.02403 0.22116 -0.00862 0.97490
1033618.658788 -32.22013 1.61390 87.22073 -0.02306 0.22011 -0.00813 0.97517
1033618.663268 -32.23370 1.62873 87.20049 -0.02241 0.22029 -0.00683 0.97515
1033618.667750 -32.21353 1.62441 87.20987 -0.02246 0.22085 -0.00629 0.97503
1033618.675026 -32.18138 1.62292 87.25265 -0.02235 0.22193 -0.00720 0.97478
1033618.681193 -32.17608 1.62670 87.25155 -0.02248 0.22288 -0.00703 0.97456
1033618.685674 -32.13140 1.64329 87.27663 -0.02358 0.22451 -0.00743 0.97416
1033618.690155 -32.09182 1.62784 87.33294 -0.02384 0.22537 -0.00842 0.97394
1033618.694636 -32.05244 1.62489 87.39705 -0.02424 0.22614 -0.00859 0.97376
1033618.699117 -32.05462 1.61687 87.39894 -0.02429 0.22701 -0.00859 0.97355
1033618.703598 -32.02648 1.62940 87.42921 -0.02435 0.22752 -0.00905 0.97343
1033618.708079 -31.99588 1.63018 87.46675 -0.02395 0.22813 -0.00807 0.97330
1033618.712560 -32.04012 1.61565 87.43279 -0.02302 0.22721 -0.00719 0.97355
1033618.717041 -32.04616 1.62261 87.42745 -0.02248 0.22760 -0.00601 0.97348
1033618.721522 -32.01491 1.62265 87.46390 -0.02253 0.22819 -0.00642 0.97333
1033618.730484 -31.98567 1.61568 87.48025 -0.02263 0.22942 -0.00611 0.97305
1033618.734965 -31.93285 1.63420 87.52267 -0.02353 0.23077 -0.00749 0.97269
1033618.739446 -31.89869 1.62555 87.57590 -0.02432 0.23163 -0.00821 0.97247
1033618.748408 -31.86712 1.62369 87.56422 -0.02421 0.23283 -0.00871 0.97218
1033618.752884 -31.84433 1.62491 87.59727 -0.02468 0.23343 -0.00907 0.97202
1033618.757370 -31.82760 1.60981 87.61991 -0.02493 0.23410 -0.00876 0.97185
1033618.761851 -31.87215 1.59220 87.63067 -0.02388 0.23314 -0.00752 0.97212
1033618.766332 -31.88478 1.60496 87.64998 -0.02290 0.23406 -0.00579 0.97193
1033618.770813 -31.87181 1.60683 87.67649 -0.02324 0.23503 -0.00630 0.97169
1033618.775294 -31.85465 1.62141 87.72062 -0.02270 0.23584 -0.00589 0.97151
1033618.779775 -31.83793 1.62749 87.76743 -0.02259 0.23657 -0.00558 0.97134
1033618.784255 -31.80454 1.63907 87.76145 -0.02327 0.23825 -0.00683 0.97090
1033618.788736 -31.75338 1.64283 87.80592 -0.02417 0.23899 -0.00876 0.97068
1033618.791124 -31.73802 1.63413 87.81799 -0.02427 0.23929 -0.00835 0.97061
1033618.794933 -31.71380 1.64231 87.81648 -0.02417 0.23944 -0.00858 0.97057
1033618.801960 -31.69504 1.62873 87.83328 -0.02415 0.24055 -0.00804 0.97030
1033618.802179 -31.70337 1.62512 87.83709 -0.02435 0.24069 -0.00828 0.97026
1033618.809971 -31.72565 1.61015 87.83653 -0.02322 0.23990 -0.00553 0.97050
1033618.815622 -31.72899 1.61636 87.86438 -0.02272 0.24098 -0.00468 0.97025
1033618.820103 -31.69643 1.61010 87.91802 -0.02278 0.24170 -0.00485 0.97007
1033618.824585 -31.68289 1.61278 87.97040 -0.02259 0.24259 -0.00469 0.96985
1033618.829066 -31.66993 1.62444 88.00131 -0.02240 0.24345 -0.00440 0.96965
1033618.833547 -31.65376 1.62382 88.02189 -0.02252 0.24418 -0.00489 0.96946
1033618.838028 -31.61438 1.64634 88.01800 -0.02325 0.24565 -0.00581 0.96906
1033618.842509 -31.59251 1.65414 88.05153 -0.02325 0.24675 -0.00650 0.96878
1033618.846990 -31.56160 1.66039 88.09101 -0.02311 0.24726 -0.00631 0.96865
1033618.851471 -31.54541 1.64510 88.09473 -0.02347 0.24799 -0.00695 0.96845
1033618.860232 -31.49405 1.64403 88.15299 -0.02280 0.24927 -0.00563 0.96815
1033618.864846 -31.53743 1.62708 88.13642 -0.02211 0.24835 -0.00443 0.96841
1033618.866895 -31.54561 1.63215 88.11018 -0.02158 0.24827 -0.00306 0.96844
1033618.869395 -31.52365 1.62825 88.18583 -0.02187 0.24883 -0.00321 0.96830
1033618.873876 -31.52864 1.61903 88.18475 -0.02201 0.24977 -0.00290 0.96805
1033618.878357 -31.50832 1.61802 88.24241 -0.02142 0.25077 -0.00249 0.96781
1033618.882838 -31.49796 1.62498 88.26964 -0.02123 0.25153 -0.00232 0.96761
1033618.887319 -31.47773 1.63838 88.24999 -0.02193 0.25299 -0.00441 0.96721
1033618.891800 -31.44037 1.64214 88.25968 -0.02262 0.25388 -0.00552 0.96696
1033618.896281 -31.41883 1.62592 88.25912 -0.02301 0.25443 -0.00567 0.96680
1033618.900762 -31.40692 1.61431 88.27354 -0.02295 0.25517 -0.00547 0.96661
1033618.904323 -31.37786 1.61568 88.31724 -0.02331 0.25544 -0.00600 0.96652
1033618.907622 -31.39567 1.60616 88.33674 -0.02237 0.25435 -0.00404 0.96684
1033618.910565 -31.40596 1.59981 88.34335 -0.02160 0.25466 -0.00235 0.96679
1033618.918686 -31.36681 1.59246 88.38777 -0.02195 0.25558 -0.00264 0.96653
1033618.923167 -31.35474 1.58141 88.38716 -0.02177 0.25650 -0.00188 0.96630
1033618.927648 -31.33909 1.58977 88.41042 -0.02184 0.25722 -0.00221 0.96610
1033618.932129 -31.31368 1.60591 88.40627 -0.02291 0.25873 -0.00434 0.96567
1033618.936610 -31.29885 1.61364 88.43166 -0.02319 0.25984 -0.00606 0.96535
1033618.945572 -31.26576 1.61290 88.44913 -0.02284 0.26096 -0.00569 0.96506
1033618.948050 -31.24279 1.61880 88.50481 -0.02288 0.26149 -0.00625 0.96491
1033618.951053 -31.23143 1.62458 88.51514 -0.02277 0.26193 -0.00611 0.96480
1033618.957084 -31.25096 1.60883 88.53229 -0.02189 0.26094 -0.00370 0.96510
1033618.960639 -31.22773 1.60023 88.57306 -0.02179 0.26123 -0.00268 0.96503
1033618.965959 -31.21972 1.58692 88.58234 -0.02206 0.26205 -0.00337 0.96480
1033618.972458 -31.18204 1.58234 88.60989 -0.02167 0.26295 -0.00302 0.96456
1033618.976938 -31.16639 1.57847 88.63144 -0.02221 0.26358 -0.00328 0.96438
1033618.981419 -31.14143 1.59092 88.64358 -0.02221 0.26403 -0.00313 0.96425
1033618.985900 -31.12455 1.61002 88.62545 -0.02266 0.26552 -0.00464 0.96383
1033618.990381 -31.10440 1.61621 88.64947 -0.02264 0.26661 -0.00589 0.96352
1033618.994862 -31.08863 1.61639 88.67386 -0.02276 0.26736 -0.00622 0.96331
1033618.999343 -31.07236 1.62640 88.69990 -0.02307 0.26821 -0.00653 0.96306
1033619.003842 -31.05990 1.61996 88.70603 -0.02285 0.26895 -0.00595 0.96287
1033619.009902 -31.04247 1.60442 88.77598 -0.02195 0.26790 -0.00413 0.96319
1033619.016523 -31.02783 1.58947 88.79350 -0.02191 0.26902 -0.00343 0.96288
1033619.019555 -31.02185 1.58671 88.77753 -0.02220 0.26936 -0.00315 0.96278
1033619.026230 -30.99310 1.59355 88.80832 -0.02205 0.27005 -0.00350 0.96259
1033619.030711 -30.96515 1.58752 88.85101 -0.02202 0.27071 -0.00273 0.96241
1033619.035562 -30.97240 1.60449 88.81144 -0.02258 0.27222 -0.00460 0.96196
1033619.039988 -30.95668 1.60172 88.83006 -0.02299 0.27363 -0.00596 0.96154
1033619.044154 -30.93979 1.60251 88.86890 -0.02338 0.27446 -0.00612 0.96129
1033619.048635 -30.93184 1.59636 88.89120 -0.02354 0.27543 -0.00551 0.96102
1033619.053116 -30.91026 1.60568 88.93319 -0.02316 0.27629 -0.00549 0.96078
1033619.057597 -30.87410 1.60436 88.96903 -0.02349 0.27697 -0.00620 0.96057
1033619.062478 -30.89413 1.58697 88.98846 -0.02250 0.27591 -0.00375 0.96091
1033619.068492 -30.87663 1.59250 89.00833 -0.02204 0.27652 -0.00219 0.96075
1033619.075521 -30.83932 1.58936 89.05454 -0.02183 0.27735 -0.00257 0.96052
1033619.080002 -30.80328 1.60700 89.07605 -0.02185 0.27781 -0.00219 0.96038
1033619.084483 -30.78439 1.60202 89.09151 -0.02159 0.27840 -0.00257 0.96022
1033619.088964 -30.79623 1.60986 89.03856 -0.02197 0.28007 -0.00323 0.95972
1033619.093445 -30.75754 1.62218 89.08617 -0.02252 0.28113 -0.00440 0.95939
1033619.097926 -30.74688 1.61604 89.09802 -0.02307 0.28184 -0.00523 0.95917
1033619.102407 -30.73653 1.60444 89.11220 -0.02319 0.28258 -0.00533 0.95895
1033619.106888 -30.71619 1.59964 89.14504 -0.02327 0.28325 -0.00502 0.95875
1033619.111369 -30.70640 1.58935 89.14776 -0.02329 0.28394 -0.00527 0.95855
1033619.115850 -30.69809 1.58710 89.20901 -0.02323 0.28283 -0.00395 0.95888
1033619.120331 -30.65917 1.59154 89.26512 -0.02259 0.28308 -0.00227 0.95883
1033619.124812 -30.63088 1.61146 89.31737 -0.02231 0.28371 -0.00237 0.95865
1033619.129293 -30.62379 1.60643 89.30823 -0.02226 0.28450 -0.00274 0.95841
1033619.133774 -30.62340 1.60439 89.30863 -0.02231 0.28499 -0.00254 0.95827
1033619.138255 -30.61751 1.61326 89.28121 -0.02262 0.28664 -0.00378 0.95776
1033619.142736 -30.60413 1.61838 89.31009 -0.02278 0.28760 -0.00465 0.95747
1033619.147217 -30.60940 1.62896 89.32720 -0.02264 0.28843 -0.00436 0.95722
1033619.150430 -30.57815 1.64323 89.36041 -0.02246 0.28914 -0.00462 0.95701
1033619.156179 -30.55394 1.63519 89.40359 -0.02248 0.28999 -0.00494 0.95675
1033619.160660 -30.53573 1.63911 89.42829 -0.02273 0.29051 -0.00513 0.95659
1033619.165140 -30.53102 1.62341 89.47504 -0.02188 0.28960 -0.00231 0.95690
1033619.169621 -30.48885 1.62720 89.50560 -0.02159 0.28961 -0.00150 0.95690
1033619.174102 -30.46063 1.60786 89.50626 -0.02187 0.28990 -0.00189 0.95680
1033619.178583 -30.44343 1.60448 89.50657 -0.02234 0.29042 -0.00238 0.95664
1033619.183064 -30.41913 1.61256 89.52499 -0.02203 0.29086 -0.00198 0.95651
1033619.189849 -30.39550 1.62985 89.55730 -0.02171 0.29199 -0.00207 0.95617
1033619.195850 -30.38012 1.64001 89.49913 -0.02212 0.29362 -0.00278 0.95566
1033619.200988 -30.37088 1.62796 89.49565 -0.02233 0.29418 -0.00347 0.95548
1033619.205470 -30.33576 1.62983 89.50071 -0.02299 0.29490 -0.00451 0.95524
1033619.209951 -30.31236 1.63684 89.53339 -0.02278 0.29536 -0.00384 0.95511
1033619.214432 -30.29880 1.62804 89.56089 -0.02259 0.29624 -0.00348 0.95484
1033619.218913 -30.29025 1.61182 89.62077 -0.02230 0.29520 -0.00198 0.95517
1033619.223394 -30.25755 1.61642 89.66722 -0.02196 0.29549 -0.00124 0.95509
1033619.227875 -30.22815 1.61820 89.71704 -0.02157 0.29606 -0.00007 0.95493
1033619.232356 -30.22297 1.60650 89.70058 -0.02176 0.29662 -0.00054 0.95475
1033619.236837 -30.19888 1.62031 89.74420 -0.02127 0.29721 -0.00028 0.95458
1033619.240329 -30.19832 1.64077 89.69657 -0.02200 0.29868 -0.00179 0.95410
1033619.244104 -30.18141 1.65959 89.69609 -0.02206 0.29940 -0.00284 0.95387
1033619.247071 -30.17423 1.63276 89.69150 -0.02253 0.29963 -0.00316 0.95379
1033619.254761 -30.13097 1.64804 89.74562 -0.02234 0.30086 -0.00302 0.95340
1033619.259242 -30.11008 1.66454 89.76421 -0.02151 0.30112 -0.00211 0.95334
1033619.263723 -30.10478 1.64450 89.82412 -0.02088 0.30024 0.00018 0.95364
1033619.264252 -30.11028 1.63207 89.84351 -0.02076 0.30056 0.00083 0.95354
1033619.273539 -30.06409 1.63242 89.87592 -0.02081 0.30175 0.00071 0.95316
1033619.281647 -30.02633 1.61907 89.89609 -0.02127 0.30245 0.00012 0.95293
1033619.286128 -29.99916 1.62553 89.93246 -0.02128 0.30327 0.00039 0.95267
1033619.290609 -30.01030 1.64215 89.88245 -0.02159 0.30477 -0.00092 0.95218
1033619.295090 -29.98393 1.63233 89.92854 -0.02212 0.30577 -0.00223 0.95185
1033619.299571 -29.96576 1.64955 89.94636 -0.02170 0.30652 -0.00218 0.95161
1033619.306508 -29.92773 1.65597 89.98352 -0.02161 0.30740 -0.00213 0.95133
1033619.311736 -29.89445 1.66362 90.02408 -0.02147 0.30804 -0.00220 0.95113
1033619.314468 -29.92272 1.64759 90.02918 -0.02074 0.30697 -0.00036 0.95149
1033619.319605 -29.89898 1.63836 90.07499 -0.02056 0.30761 0.00097 0.95129
1033619.322312 -29.87427 1.63281 90.08150 -0.02078 0.30778 0.00040 0.95123
1033619.326457 -29.86315 1.62826 90.10118 -0.02104 0.30831 0.00025 0.95105
1033619.330938 -29.84235 1.62718 90.10127 -0.02092 0.30898 0.00063 0.95084
1033619.335419 -29.82899 1.60938 90.12185 -0.02085 0.30959 0.00079 0.95064
1033619.339900 -29.83144 1.63216 90.08685 -0.02138 0.31125 0.00033 0.95009
1033619.344381 -29.79736 1.63862 90.11106 -0.02185 0.31233 -0.00088 0.94972
1033619.348862 -29.76923 1.63912 90.12277 -0.02212 0.31289 -0.00157 0.94953
1033619.352838 -29.74943 1.65082 90.14985 -0.02183 0.31349 -0.00110 0.94934
1033619.355593 -29.73445 1.64603 90.17033 -0.02159 0.31387 -0.00064 0.94922
1033619.362304 -29.70681 1.62720 90.24487 -0.02100 0.31290 0.00096 0.94955
1033619.366785 -29.68999 1.64402 90.24872 -0.02025 0.31307 0.00151 0.94951
1033619.371266 -29.67279 1.62313 90.26548 -0.02111 0.31378 0.00107 0.94926
1033619.375747 -29.65717 1.61852 90.25520 -0.02062 0.31429 0.00185 0.94910
1033619.380228 -29.62762 1.61353 90.29004 -0.02130 0.31472 0.00100 0.94894
1033619.384709 -29.62771 1.62966 90.23906 -0.02167 0.31648 0.00001 0.94835
1033619.389190 -29.61381 1.63672 90.23884 -0.02203 0.31738 -0.00158 0.94804
1033619.393671 -29.58007 1.63911 90.26949 -0.02201 0.31809 -0.00118 0.94781
1033619.398934 -29.57673 1.62160 90.27545 -0.02204 0.31901 -0.00100 0.94749
1033619.404847 -29.54542 1.61912 90.28837 -0.02247 0.31963 -0.00119 0.94728
1033619.409759 -29.52021 1.61130 90.32068 -0.02227 0.32027 -0.00032 0.94706
1033619.415216 -29.52481 1.59008 90.36714 -0.02154 0.31919 0.00018 0.94745
1033619.419317 -29.50813 1.59507 90.42752 -0.02123 0.31972 0.00047 0.94727
1033619.422819 -29.50597 1.58898 90.43447 -0.02146 0.32040 0.00060 0.94704
1033619.429520 -29.45423 1.59944 90.46415 -0.02074 0.32115 0.00089 0.94680
1033619.434001 -29.44303 1.59130 90.46653 -0.02154 0.32180 -0.00029 0.94656
1033619.438482 -29.44958 1.60662 90.42059 -0.02213 0.32356 -0.00089 0.94595
1033619.442963 -29.45258 1.60766 90.41645 -0.02210 0.32474 -0.00148 0.94554
1033619.445567 -29.41499 1.61460 90.44433 -0.02168 0.32504 -0.00158 0.94545
1033619.447444 -29.37317 1.61978 90.47251 -0.02157 0.32497 -0.00204 0.94548
1033619.456406 -29.34034 1.62006 90.49003 -0.02136 0.32602 -0.00208 0.94512
1033619.460887 -29.34359 1.61197 90.53762 -0.02067 0.32486 -0.00040 0.94554
1033619.465368 -29.29840 1.59976 90.60383 -0.02033 0.32521 0.00029 0.94542
1033619.469849 -29.26464 1.60050 90.61230 -0.02057 0.32571 -0.00021 0.94524
1033619.474330 -29.25260 1.60132 90.61960 -0.02020 0.32649 0.00021 0.94498
1033619.478811 -29.23601 1.60446 90.63628 -0.02071 0.32707 -0.00095 0.94477
1033619.483292 -29.22598 1.61780 90.58889 -0.02074 0.32864 -0.00130 0.94423
1033619.487773 -29.20669 1.62665 90.59365 -0.02091 0.32934 -0.00263 0.94398
1033619.490507 -29.20114 1.61292 90.59769 -0.02114 0.32967 -0.00245 0.94386
1033619.492254 -29.18978 1.61795 90.59178 -0.02107 0.32984 -0.00259 0.94380
1033619.496735 -29.16060 1.60740 90.63066 -0.02107 0.33058 -0.00230 0.94354
1033619.502485 -29.13818 1.61300 90.64327 -0.02120 0.33123 -0.00312 0.94331
1033619.506753 -29.13735 1.59963 90.67894 -0.02045 0.33010 -0.00099 0.94373
1033619.514659 -29.08181 1.60397 90.71807 -0.01970 0.33062 0.00013 0.94356
1033619.517930 -29.05787 1.60753 90.72148 -0.01962 0.33087 0.00000 0.94347
1033619.519494 -29.03117 1.61659 90.75199 -0.01948 0.33117 0.00013 0.94337
1033619.523621 -29.02263 1.61239 90.72217 -0.01956 0.33138 0.00008 0.94330
1033619.528102 -29.01369 1.61281 90.69330 -0.01986 0.33296 -0.00089 0.94273
1033619.532583 -29.00612 1.59892 90.69957 -0.02042 0.33384 -0.00217 0.94241
1033619.537064 -29.00275 1.59019 90.71395 -0.02116 0.33469 -0.00278 0.94209
1033619.543009 -28.98163 1.58762 90.72860 -0.02095 0.33541 -0.00204 0.94184
1033619.546026 -28.95188 1.57432 90.75465 -0.02148 0.33583 -0.00304 0.94167
1033619.550506 -28.95208 1.57406 90.81262 -0.02073 0.33491 -0.00110 0.94202
1033619.554987 -28.92455 1.58615 90.84571 -0.02003 0.33542 -0.00083 0.94186
1033619.559468 -28.89134 1.60867 90.88152 -0.01974 0.33609 -0.00030 0.94162
1033619.563949 -28.85640 1.61594 90.90783 -0.01917 0.33659 -0.00012 0.94146
1033619.568430 -28.84277 1.61969 90.92452 -0.01891 0.33724 0.00003 0.94123
1033619.572911 -28.85458 1.62352 90.86795 -0.01939 0.33864 -0.00100 0.94071
1033619.577392 -28.86161 1.60476 90.87219 -0.01997 0.33980 -0.00161 0.94029
1033619.581873 -28.85172 1.59949 90.89281 -0.02047 0.34067 -0.00194 0.93996
1033619.586354 -28.84324 1.60063 90.89730 -0.02099 0.34135 -0.00229 0.93970
1033619.590836 -28.81159 1.59647 90.97927 -0.02039 0.34052 -0.00050 0.94001
1033619.595317 -28.78386 1.58591 91.02376 -0.02017 0.34087 -0.00014 0.93989
1033619.599798 -28.77072 1.58678 91.03040 -0.02035 0.34156 0.00018 0.93964
1033619.605977 -28.73729 1.58657 91.06675 -0.02057 0.34258 -0.00129 0.93926
1033619.610824 -28.68789 1.59343 91.09474 -0.02090 0.34314 -0.00131 0.93905
1033619.613241 -28.65744 1.59959 91.12571 -0.02050 0.34326 -0.00067 0.93902
1033619.619845 -28.66449 1.60885 91.06495 -0.02050 0.34477 -0.00174 0.93846
1033619.626684 -28.65889 1.59515 91.06926 -0.02089 0.34620 -0.00220 0.93792
1033619.631165 -28.64611 1.59976 91.09372 -0.02128 0.34675 -0.00282 0.93771
1033619.635646 -28.62351 1.60361 91.12390 -0.02099 0.34765 -0.00233 0.93739
1033619.640127 -28.61085 1.59353 91.18662 -0.02079 0.34669 -0.00129 0.93775
1033619.644438 -28.56679 1.60232 91.23326 -0.02084 0.34699 -0.00141 0.93764
1033619.649089 -28.55838 1.59726 91.24408 -0.02094 0.34769 -0.00156 0.93737
1033619.653570 -28.51731 1.59735 91.26890 -0.02122 0.34822 -0.00218 0.93717
1033619.658051 -28.49347 1.61324 91.29908 -0.02115 0.34887 -0.00201 0.93693
1033619.662532 -28.50042 1.62271 91.23946 -0.02118 0.35044 -0.00269 0.93634
1033619.667013 -28.47772 1.61825 91.25947 -0.02162 0.35120 -0.00289 0.93605
1033619.671494 -28.47324 1.60344 91.27435 -0.02230 0.35189 -0.00343 0.93577
1033619.675975 -28.45854 1.59857 91.28782 -0.02243 0.35278 -0.00294 0.93543
1033619.680456 -28.44261 1.59731 91.29957 -0.02254 0.35346 -0.00330 0.93517
1033619.684937 -28.42302 1.58998 91.36335 -0.02189 0.35240 -0.00192 0.93559
1033619.689418 -28.39084 1.60019 91.41435 -0.02191 0.35310 -0.00153 0.93533
1033619.694263 -28.34906 1.60228 91.43015 -0.02140 0.35367 -0.00148 0.93513
1033619.698623 -28.34762 1.60719 91.44501 -0.02143 0.35430 -0.00115 0.93489
1033619.703080 -28.30153 1.60905 91.47522 -0.02154 0.35503 -0.00119 0.93461
1033619.711823 -28.29153 1.61797 91.42942 -0.02151 0.35655 -0.00128 0.93403
1033619.716304 -28.28472 1.61033 91.41614 -0.02192 0.35784 -0.00181 0.93353
1033619.720785 -28.26505 1.60334 91.43367 -0.02231 0.35855 -0.00204 0.93324
1033619.725266 -28.24559 1.58978 91.44641 -0.02304 0.35910 -0.00318 0.93301
1033619.729747 -28.23925 1.57448 91.50011 -0.02298 0.35798 -0.00237 0.93344
1033619.734228 -28.21109 1.58365 91.53530 -0.02261 0.35856 -0.00194 0.93323
1033619.738709 -28.17552 1.58822 91.56640 -0.02234 0.35902 -0.00123 0.93306
1033619.743189 -28.17203 1.58885 91.55354 -0.02239 0.35951 -0.00111 0.93287
1033619.747670 -28.15634 1.58063 91.56904 -0.02263 0.36034 -0.00146 0.93255
1033619.752151 -28.13174 1.57514 91.58863 -0.02282 0.36093 -0.00135 0.93231
1033619.756632 -28.12719 1.59003 91.54647 -0.02322 0.36254 -0.00291 0.93167
1033619.761113 -28.09424 1.59059 91.57663 -0.02331 0.36358 -0.00344 0.93126
1033619.765594 -28.09081 1.59195 91.57232 -0.02354 0.36430 -0.00372 0.93098
1033619.770075 -28.06430 1.58606 91.60492 -0.02419 0.36493 -0.00445 0.93071
1033619.774556 -28.04279 1.57845 91.62583 -0.02428 0.36591 -0.00415 0.93032
1033619.779038 -28.05775 1.57003 91.66874 -0.02434 0.36466 -0.00359 0.93082
1033619.783519 -28.00529 1.57853 91.72790 -0.02379 0.36482 -0.00291 0.93077
1033619.788000 -27.97647 1.57924 91.71688 -0.02347 0.36525 -0.00223 0.93061
1033619.792481 -27.95548 1.57046 91.72567 -0.02370 0.36589 -0.00169 0.93036
1033619.796962 -27.94194 1.56300 91.73838 -0.02397 0.36661 -0.00230 0.93006
1033619.801443 -27.91459 1.57701 91.71023 -0.02391 0.36828 -0.00293 0.92940
1033619.805924 -27.90525 1.58740 91.71742 -0.02377 0.36916 -0.00308 0.92906
1033619.810405 -27.88316 1.57765 91.73730 -0.02429 0.36984 -0.00396 0.92877
1033619.814886 -27.85141 1.57217 91.74806 -0.02468 0.37052 -0.00461 0.92849
1033619.819367 -27.83884 1.57580 91.77217 -0.02503 0.37124 -0.00426 0.92819
1033619.823848 -27.84192 1.56450 91.82978 -0.02486 0.37009 -0.00327 0.92866
1033619.828329 -27.82291 1.55704 91.83015 -0.02487 0.37042 -0.00261 0.92853
1033619.832810 -27.79230 1.55852 91.87182 -0.02477 0.37120 -0.00278 0.92822
1033619.837291 -27.76109 1.57144 91.89403 -0.02457 0.37176 -0.00234 0.92800
1033619.841772 -27.73586 1.56464 91.92819 -0.02460 0.37252 -0.00254 0.92769
1033619.847408 -27.72761 1.57635 91.87953 -0.02466 0.37429 -0.00325 0.92698
1033619.852578 -27.70250 1.56596 91.88235 -0.02572 0.37543 -0.00507 0.92648
1033619.859696 -27.67518 1.56478 91.90978 -0.02582 0.37633 -0.00490 0.92611
1033619.864177 -27.64624 1.56500 91.93080 -0.02586 0.37730 -0.00499 0.92572
1033619.867828 -27.62442 1.55816 91.94325 -0.02580 0.37781 -0.00443 0.92551
1033619.873139 -27.59239 1.56758 91.97865 -0.02576 0.37857 -0.00465 0.92520
1033619.877789 -27.59297 1.55091 92.02002 -0.02578 0.37746 -0.00327 0.92566
1033619.886582 -27.58730 1.54823 92.02427 -0.02541 0.37848 -0.00280 0.92526
1033619.891063 -27.52834 1.55413 92.08029 -0.02514 0.37935 -0.00185 0.92491
1033619.895544 -27.49646 1.56389 92.10454 -0.02527 0.37992 -0.00300 0.92467
1033619.900025 -27.49340 1.56637 92.12320 -0.02534 0.38077 -0.00287 0.92432
1033619.905897 -27.46933 1.56571 92.06684 -0.02488 0.38262 -0.00272 0.92356
1033619.913468 -27.41476 1.56477 92.09338 -0.02533 0.38405 -0.00375 0.92296
1033619.917949 -27.36792 1.56689 92.15445 -0.02579 0.38514 -0.00518 0.92248
1033619.918126 -27.37364 1.57026 92.15882 -0.02572 0.38508 -0.00494 0.92251
1033619.926911 -27.38259 1.55420 92.19053 -0.02541 0.38445 -0.00291 0.92279
1033619.933423 -27.35229 1.54188 92.19926 -0.02554 0.38538 -0.00287 0.92240
1033619.936111 -27.33578 1.53104 92.22257 -0.02579 0.38576 -0.00297 0.92223
1033619.944831 -27.29248 1.53774 92.25321 -0.02567 0.38722 -0.00332 0.92162
1033619.949311 -27.27926 1.53342 92.26742 -0.02575 0.38797 -0.00344 0.92131
1033619.954633 -27.28337 1.53884 92.21582 -0.02557 0.38972 -0.00409 0.92057
1033619.962751 -27.22160 1.53269 92.23641 -0.02577 0.39118 -0.00486 0.91994
1033619.967231 -27.16420 1.53566 92.27046 -0.02613 0.39178 -0.00609 0.91967
1033619.972058 -27.11033 1.54078 92.31602 -0.02592 0.39230 -0.00540 0.91946
1033619.980671 -27.08814 1.53511 92.34020 -0.02594 0.39371 -0.00624 0.91885
1033619.985151 -27.10235 1.53862 92.39089 -0.02601 0.39270 -0.00446 0.91929
1033619.989631 -27.09136 1.52999 92.39506 -0.02573 0.39336 -0.00374 0.91902
1033619.998591 -27.05394 1.51708 92.40733 -0.02617 0.39449 -0.00469 0.91852
1033620.003071 -27.03359 1.51425 92.41062 -0.02636 0.39521 -0.00522 0.91820
1033620.007551 -27.00336 1.52521 92.45571 -0.02615 0.39624 -0.00526 0.91776
1033620.016511 -26.97360 1.52465 92.41022 -0.02592 0.39832 -0.00601 0.91686
1033620.020991 -26.93046 1.53656 92.44775 -0.02617 0.39938 -0.00648 0.91639
1033620.026255 -26.88123 1.53255 92.48735 -0.02635 0.40035 -0.00785 0.91595
1033620.038081 -26.81931 1.52246 92.50112 -0.02637 0.40204 -0.00723 0.91521
1033620.043391 -26.83695 1.51346 92.55543 -0.02653 0.40089 -0.00691 0.91572
1033620.047871 -26.83159 1.51007 92.57406 -0.02629 0.40167 -0.00631 0.91539
1033620.052351 -26.81429 1.51005 92.57657 -0.02659 0.40247 -0.00681 0.91502
1033620.056831 -26.77901 1.51609 92.61073 -0.02591 0.40311 -0.00691 0.91476
1033620.061311 -26.76323 1.52328 92.56853 -0.02572 0.40518 -0.00769 0.91384
1033620.065791 -26.74554 1.51400 92.58445 -0.02679 0.40596 -0.00935 0.91345
1033620.070271 -26.70144 1.50965 92.60615 -0.02679 0.40678 -0.00916 0.91309
1033620.074751 -26.67323 1.50888 92.62412 -0.02670 0.40722 -0.00947 0.91289
1033620.079231 -26.64822 1.51009 92.65527 -0.02670 0.40804 -0.01020 0.91252
1033620.083711 -26.65635 1.50795 92.69529 -0.02679 0.40692 -0.00777 0.91304
1033620.088031 -26.68081 1.50616 92.68658 -0.02614 0.40740 -0.00708 0.91285
1033620.092671 -26.63455 1.49828 92.71366 -0.02664 0.40821 -0.00807 0.91246
1033620.096459 -26.62518 1.50844 92.71609 -0.02679 0.40878 -0.00882 0.91220
1033620.101631 -26.59313 1.51349 92.75511 -0.02658 0.40972 -0.00849 0.91179
1033620.106111 -26.56434 1.50894 92.72436 -0.02620 0.41147 -0.00932 0.91100
1033620.110591 -26.51076 1.52274 92.76870 -0.02691 0.41234 -0.01031 0.91057
1033620.115071 -26.48094 1.52434 92.77289 -0.02665 0.41287 -0.01012 0.91034
1033620.119551 -26.47124 1.52400 92.78203 -0.02709 0.41365 -0.01079 0.90997
1033620.124031 -26.43908 1.52807 92.81582 -0.02691 0.41463 -0.01088 0.90953
1033620.128511 -26.43950 1.51415 92.86237 -0.02702 0.41361 -0.00955 0.91000
1033620.132991 -26.44447 1.51572 92.87572 -0.02648 0.41436 -0.00875 0.90969
1033620.137471 -26.41051 1.51730 92.91630 -0.02739 0.41549 -0.00983 0.90913
1033620.141951 -26.40449 1.51355 92.91182 -0.02736 0.41631 -0.00961 0.90876
1033620.146431 -26.38584 1.49481 92.90980 -0.02793 0.41687 -0.01004 0.90848
1033620.150911 -26.36289 1.49884 92.86495 -0.02817 0.41804 -0.01123 0.90792
1033620.155391 -26.30648 1.52002 92.90336 -0.02817 0.41880 -0.01221 0.90756
1033620.159871 -26.27346 1.52684 92.93249 -0.02787 0.41960 -0.01199 0.90720
1033620.168620 -26.23732 1.52196 92.95437 -0.02763 0.42091 -0.01127 0.90661
1033620.173311 -26.22143 1.51886 92.95937 -0.02761 0.42159 -0.01102 0.90630
1033620.177791 -26.18931 1.51628 93.03850 -0.02769 0.42085 -0.00961 0.90666
1033620.182271 -26.20074 1.52206 93.05744 -0.02758 0.42205 -0.00953 0.90610
1033620.185386 -26.17952 1.53292 93.08036 -0.02756 0.42252 -0.00937 0.90589
1033620.191231 -26.15517 1.51935 93.08896 -0.02801 0.42342 -0.01054 0.90544
1033620.195711 -26.11586 1.52408 93.04998 -0.02814 0.42480 -0.01143 0.90478
1033620.200191 -26.08401 1.53307 93.07059 -0.02808 0.42541 -0.01157 0.90449
1033620.204671 -26.04870 1.52528 93.09366 -0.02787 0.42611 -0.01090 0.90417
1033620.209151 -26.02468 1.52677 93.12401 -0.02783 0.42695 -0.01127 0.90378
1033620.218111 -25.98348 1.52048 93.13548 -0.02795 0.42819 -0.01093 0.90319
1033620.222591 -25.99239 1.51386 93.18279 -0.02801 0.42718 -0.00956 0.90368
1033620.225748 -25.98925 1.52215 93.21132 -0.02810 0.42808 -0.00998 0.90325
1033620.231551 -25.96508 1.52311 93.23010 -0.02777 0.42892 -0.00934 0.90287
1033620.236031 -25.93380 1.52306 93.25191 -0.02811 0.42951 -0.00971 0.90257
1033620.240511 -25.90958 1.52890 93.27259 -0.02809 0.43051 -0.01020 0.90209
1033620.244991 -25.89001 1.53146 93.23883 -0.02724 0.43208 -0.00967 0.90137
1033620.250723 -25.83524 1.53184 93.26817 -0.02740 0.43285 -0.01072 0.90098
1033620.258431 -25.78623 1.53218 93.28721 -0.02819 0.43395 -0.01167 0.90042
1033620.262911 -25.74558 1.53674 93.33137 -0.02777 0.43486 -0.01126 0.90000
1033620.267391 -25.72899 1.53001 93.34609 -0.02822 0.43556 -0.01230 0.89964
1033620.271871 -25.72896 1.52854 93.39795 -0.02844 0.43488 -0.01026 0.89998
1033620.277477 -25.72583 1.52800 93.41194 -0.02775 0.43568 -0.00936 0.89962
1033620.285311 -25.69215 1.52612 93.42146 -0.02855 0.43687 -0.01093 0.89901
1033620.289791 -25.65137 1.51239 93.43762 -0.02885 0.43752 -0.01068 0.89868
1033620.294271 -25.65585 1.50682 93.43804 -0.02895 0.43812 -0.01084 0.89839
1033620.298751 -25.63508 1.50815 93.39739 -0.02876 0.43943 -0.01156 0.89774
1033620.303231 -25.58629 1.51125 93.42840 -0.02885 0.44039 -0.01226 0.89726
1033620.307711 -25.53126 1.52599 93.47043 -0.02890 0.44106 -0.01234 0.89693
1033620.313783 -25.47974 1.53400 93.50157 -0.02860 0.44195 -0.01202 0.89650
1033620.318789 -25.44638 1.53594 93.53409 -0.02831 0.44282 -0.01206 0.89608
1033620.323295 -25.45402 1.53365 93.57180 -0.02868 0.44197 -0.01107 0.89650
1033620.330110 -25.41513 1.52858 93.57950 -0.02860 0.44304 -0.01098 0.89598
1033620.334591 -25.41462 1.52611 93.59823 -0.02852 0.44383 -0.01076 0.89559
1033620.339070 -25.38902 1.51615 93.61520 -0.02912 0.44469 -0.01116 0.89514
1033620.343551 -25.38884 1.52505 93.58102 -0.02897 0.44615 -0.01212 0.89441
1033620.350955 -25.33773 1.51928 93.59826 -0.02908 0.44716 -0.01194 0.89390
1033620.356990 -25.30489 1.52079 93.62466 -0.02937 0.44825 -0.01227 0.89334
1033620.361471 -25.27419 1.52382 93.65453 -0.02922 0.44899 -0.01243 0.89297
1033620.361748 -25.28017 1.52863 93.66674 -0.02909 0.44942 -0.01265 0.89276
1033620.370431 -25.24626 1.53090 93.71298 -0.02942 0.44889 -0.01136 0.89303
1033620.374910 -25.23547 1.52967 93.72521 -0.02892 0.44958 -0.01087 0.89270
1033620.380559 -25.20741 1.52747 93.74676 -0.02885 0.45041 -0.01061 0.89229
1033620.388351 -25.16949 1.52191 93.76346 -0.02897 0.45155 -0.01057 0.89171
1033620.392830 -25.11952 1.52317 93.78015 -0.02965 0.45225 -0.01113 0.89133
1033620.397311 -25.10335 1.51921 93.79272 -0.02997 0.45293 -0.01177 0.89097
1033620.405430 -25.04732 1.52689 93.81164 -0.02976 0.45398 -0.01146 0.89044
1033620.410750 -25.04049 1.54465 93.82682 -0.02913 0.45448 -0.01099 0.89021
1033620.415231 -25.02768 1.53990 93.86043 -0.02916 0.45562 -0.01089 0.88963
1033620.422270 -24.99514 1.54304 93.86448 -0.03003 0.45632 -0.01233 0.88922
1033620.426743 -24.95917 1.53331 93.87959 -0.02967 0.45713 -0.01170 0.88883
1033620.431918 -24.93270 1.51377 93.91221 -0.03044 0.45768 -0.01187 0.88852
1033620.437630 -24.92493 1.50461 93.90577 -0.03124 0.45862 -0.01225 0.88800
1033620.442111 -24.89092 1.50614 93.92839 -0.03128 0.45924 -0.01258 0.88767
1033620.446590 -24.89531 1.51076 93.94687 -0.03130 0.46023 -0.01259 0.88716
1033620.454934 -24.89247 1.50784 93.93698 -0.03162 0.46121 -0.01244 0.88664
1033620.460031 -24.83169 1.52327 93.95355 -0.03080 0.46152 -0.01249 0.88651
1033620.464510 -24.80748 1.53206 93.97486 -0.03132 0.46211 -0.01391 0.88616
1033620.473470 -24.74731 1.54175 93.98988 -0.03088 0.46334 -0.01343 0.88554
1033620.477951 -24.72116 1.54826 94.01383 -0.03116 0.46403 -0.01339 0.88517
1033620.486911 -24.63056 1.55292 94.07137 -0.03083 0.46523 -0.01339 0.88455
1033620.491390 -24.63697 1.54035 94.08739 -0.03168 0.46604 -0.01337 0.88409
1033620.491974 -24.64586 1.52225 94.08417 -0.03183 0.46624 -0.01332 0.88399
1033620.504831 -24.60563 1.53475 94.06066 -0.03181 0.46777 -0.01264 0.88319
1033620.509310 -24.52624 1.53385 94.12242 -0.03199 0.46857 -0.01329 0.88275
1033620.513791 -24.55111 1.53740 94.11929 -0.03238 0.46880 -0.01383 0.88260
1033620.518270 -24.50418 1.54690 94.14469 -0.03200 0.46939 -0.01357 0.88231
1033620.527230 -24.47114 1.53517 94.15044 -0.03249 0.47051 -0.01376 0.88169
1033620.531711 -24.45283 1.55371 94.17902 -0.03196 0.47136 -0.01324 0.88126
1033620.536190 -24.41325 1.56007 94.20771 -0.03221 0.47182 -0.01344 0.88101
1033620.540671 -24.41454 1.57099 94.18699 -0.03170 0.47244 -0.01279 0.88070
1033620.549461 -24.35037 1.56165 94.21032 -0.03168 0.47333 -0.01271 0.88022
1033620.553371 -24.31058 1.55395 94.23076 -0.03236 0.47411 -0.01390 0.87976
1033620.558591 -24.29815 1.55323 94.22951 -0.03229 0.47475 -0.01358 0.87943
1033620.563070 -24.26487 1.55589 94.26776 -0.03317 0.47560 -0.01490 0.87891
1033620.567551 -24.23634 1.56367 94.32044 -0.03266 0.47583 -0.01413 0.87882
1033620.576069 -24.19496 1.57148 94.33215 -0.03222 0.47682 -0.01380 0.87830
1033620.576511 -24.18097 1.58690 94.34621 -0.03208 0.47710 -0.01401 0.87815
1033620.587923 -24.11777 1.59420 94.35184 -0.03231 0.47828 -0.01407 0.87750
1033620.594431 -24.07633 1.59861 94.36299 -0.03254 0.47899 -0.01450 0.87709
1033620.598910 -24.03798 1.58870 94.39311 -0.03228 0.47982 -0.01362 0.87667
1033620.605474 -24.01258 1.57842 94.40951 -0.03336 0.48074 -0.01493 0.87610
1033620.612419 -23.98625 1.57550 94.42301 -0.03339 0.48181 -0.01525 0.87551
1033620.618219 -23.93314 1.59443 94.44635 -0.03383 0.48269 -0.01559 0.87500
1033620.625790 -23.90298 1.59542 94.44717 -0.03360 0.48345 -0.01559 0.87459
1033620.634750 -23.85052 1.61060 94.49165 -0.03289 0.48387 -0.01462 0.87440
1033620.639498 -23.84259 1.60313 94.49231 -0.03337 0.48461 -0.01490 0.87396
1033620.648191 -23.77679 1.60262 94.51108 -0.03344 0.48578 -0.01470 0.87332
1033620.657151 -23.74130 1.60165 94.52551 -0.03363 0.48692 -0.01535 0.87266
1033620.661630 -23.70030 1.60926 94.56312 -0.03410 0.48777 -0.01625 0.87216
1033620.666111 -23.65010 1.60895 94.59278 -0.03410 0.48864 -0.01515 0.87169
1033620.670590 -23.60973 1.60419 94.61202 -0.03443 0.48942 -0.01565 0.87123
1033620.679550 -23.56237 1.60636 94.63333 -0.03461 0.49053 -0.01539 0.87060
1033620.684031 -23.53074 1.61589 94.64711 -0.03453 0.49130 -0.01563 0.87017
1033620.692991 -23.48610 1.60948 94.65780 -0.03479 0.49228 -0.01599 0.86959
1033620.697470 -23.51052 1.61309 94.65551 -0.03479 0.49198 -0.01602 0.86976
1033620.703151 -23.50378 1.60379 94.66738 -0.03464 0.49284 -0.01548 0.86929
1033620.710911 -23.45172 1.61530 94.68629 -0.03468 0.49390 -0.01592 0.86868
1033620.715390 -23.40580 1.61272 94.70074 -0.03499 0.49435 -0.01631 0.86841
1033620.719871 -23.36221 1.61640 94.73491 -0.03518 0.49506 -0.01632 0.86799
1033620.724350 -23.29443 1.61161 94.75778 -0.03478 0.49587 -0.01530 0.86756
1033620.733310 -23.24077 1.62262 94.76360 -0.03456 0.49692 -0.01472 0.86698
1033620.737791 -23.22428 1.61508 94.76408 -0.03509 0.49749 -0.01532 0.86662
1033620.746751 -23.14579 1.61532 94.78666 -0.03510 0.49855 -0.01499 0.86602
1033620.751230 -23.10985 1.63700 94.80075 -0.03476 0.49920 -0.01527 0.86566
1033620.759068 -23.15572 1.62023 94.80587 -0.03473 0.49930 -0.01503 0.86560
1033620.764671 -23.09847 1.61833 94.82900 -0.03536 0.49992 -0.01597 0.86520
1033620.773631 -23.06319 1.62356 94.83529 -0.03499 0.50109 -0.01522 0.86455
1033620.778110 -23.04599 1.62407 94.86837 -0.03485 0.50189 -0.01484 0.86410
1033620.782591 -23.02255 1.61495 94.88523 -0.03515 0.50268 -0.01500 0.86363
1033620.787742 -22.98724 1.60306 94.89941 -0.03553 0.50333 -0.01503 0.86323
1033620.796030 -22.90235 1.62280 94.90682 -0.03497 0.50450 -0.01385 0.86259
1033620.800511 -22.83341 1.62012 94.93366 -0.03532 0.50512 -0.01449 0.86220
1033620.804990 -22.81634 1.62206 94.93902 -0.03572 0.50557 -0.01493 0.86192
1033620.809471 -22.77128 1.63521 94.96767 -0.03516 0.50625 -0.01454 0.86155
1033620.818431 -22.72650 1.63713 94.97166 -0.03498 0.50732 -0.01417 0.86093
1033620.822910 -22.70172 1.62185 94.97779 -0.03606 0.50790 -0.01552 0.86052
1033620.827391 -22.77778 1.60848 94.96250 -0.03577 0.50745 -0.01501 0.86081
1033620.836351 -22.72257 1.60452 94.97094 -0.03550 0.50860 -0.01458 0.86015
1033620.840830 -22.69452 1.59630 95.00476 -0.03613 0.50934 -0.01494 0.85967
1033620.845311 -22.67540 1.60386 95.01514 -0.03576 0.50997 -0.01468 0.85932
1033620.854271 -22.59479 1.60269 95.03567 -0.03595 0.51094 -0.01475 0.85874
1033620.855121 -22.52943 1.63480 95.05964 -0.03523 0.51145 -0.01353 0.85848
1033620.863231 -22.44230 1.64363 95.09888 -0.03493 0.51246 -0.01292 0.85790
1033620.867710 -22.41058 1.64619 95.12946 -0.03543 0.51331 -0.01410 0.85736
1033620.872191 -22.38624 1.65594 95.15189 -0.03507 0.51404 -0.01327 0.85694
1033620.876670 -22.35937 1.64755 95.16316 -0.03535 0.51458 -0.01360 0.85660
1033620.885630 -22.41134 1.65119 95.14261 -0.03536 0.51459 -0.01379 0.85660
1033620.890111 -22.37397 1.62113 95.15181 -0.03620 0.51514 -0.01495 0.85621
1033620.894590 -22.36867 1.61705 95.16024 -0.03637 0.51565 -0.01464 0.85590
1033620.903550 -22.32352 1.62299 95.16610 -0.03625 0.51669 -0.01441 0.85528
1033620.908031 -22.26357 1.62594 95.19368 -0.03644 0.51730 -0.01490 0.85490
1033620.915173 -22.15108 1.64339 95.21610 -0.03626 0.51843 -0.01382 0.85424
1033620.921470 -22.11448 1.65573 95.22366 -0.03568 0.51921 -0.01325 0.85380
1033620.930430 -22.01933 1.67631 95.26427 -0.03588 0.52035 -0.01374 0.85309
1033620.934911 -21.97526 1.68804 95.29619 -0.03569 0.52086 -0.01368 0.85279
1033620.939390 -21.94736 1.69210 95.33246 -0.03601 0.52166 -0.01419 0.85228
1033620.946235 -22.03598 1.66276 95.30506 -0.03623 0.52164 -0.01476 0.85227
1033620.952831 -22.02638 1.65712 95.30070 -0.03619 0.52235 -0.01413 0.85185
1033620.957310 -21.98055 1.65476 95.31669 -0.03644 0.52302 -0.01394 0.85143
1033620.961791 -21.95463 1.65145 95.32197 -0.03676 0.52349 -0.01420 0.85112
1033620.966270 -21.92157 1.65971 95.35177 -0.03668 0.52422 -0.01453 0.85067
1033620.970751 -21.82502 1.67950 95.37680 -0.03640 0.52506 -0.01356 0.85018
1033620.975230 -21.74293 1.69629 95.42674 -0.03631 0.52565 -0.01403 0.84981
1033620.984190 -21.67279 1.69668 95.44380 -0.03644 0.52674 -0.01399 0.84913
1033620.988671 -21.62949 1.69395 95.45787 -0.03675 0.52708 -0.01424 0.84890
1033620.996099 -21.60621 1.69607 95.46428 -0.03712 0.52813 -0.01512 0.84822
1033621.002110 -21.69160 1.69261 95.45865 -0.03662 0.52800 -0.01506 0.84832
1033621.006591 -21.69606 1.67001 95.44162 -0.03758 0.52856 -0.01596 0.84791
1033621.011070 -21.67883 1.65685 95.46004 -0.03811 0.52922 -0.01591 0.84748
1033621.015551 -21.63327 1.65934 95.48043 -0.03800 0.52976 -0.01568 0.84715
1033621.024511 -21.57249 1.66077 95.48730 -0.03788 0.53071 -0.01569 0.84656
1033621.028990 -21.49296 1.67695 95.49714 -0.03791 0.53166 -0.01514 0.84597
1033621.033471 -21.44392 1.67505 95.51479 -0.03772 0.53202 -0.01503 0.84576
1033621.042431 -21.38289 1.69036 95.51590 -0.03755 0.53300 -0.01474 0.84515
1033621.046910 -21.30598 1.70115 95.56349 -0.03729 0.53340 -0.01446 0.84491
1033621.051391 -21.25413 1.70798 95.60950 -0.03736 0.53406 -0.01482 0.84449
1033621.055870 -21.37090 1.70001 95.58020 -0.03729 0.53377 -0.01520 0.84467
1033621.064830 -21.37009 1.69803 95.55570 -0.03761 0.53469 -0.01529 0.84407
1033621.071122 -21.33777 1.69446 95.55579 -0.03748 0.53534 -0.01440 0.84368
1033621.078271 -21.29618 1.68477 95.55235 -0.03802 0.53613 -0.01508 0.84314
1033621.082750 -21.27739 1.68460 95.54051 -0.03830 0.53643 -0.01519 0.84294
1033621.091710 -21.20504 1.68391 95.55829 -0.03797 0.53777 -0.01430 0.84212
1033621.096191 -21.09805 1.67467 95.60580 -0.03831 0.53851 -0.01408 0.84163
1033621.098012 -21.04456 1.68754 95.61685 -0.03871 0.53856 -0.01494 0.84156
1033621.107943 -20.99106 1.68202 95.62410 -0.03873 0.53963 -0.01457 0.84088
1033621.109630 -20.97105 1.67610 95.64600 -0.03901 0.54003 -0.01485 0.84061
1033621.114111 -20.94172 1.67564 95.65626 -0.03878 0.54039 -0.01450 0.84039
1033621.118590 -21.05195 1.68652 95.63308 -0.03883 0.54006 -0.01520 0.84059
1033621.123071 -21.04734 1.68146 95.63300 -0.03847 0.54058 -0.01482 0.84028
1033621.129912 -20.99108 1.68972 95.65286 -0.03845 0.54118 -0.01448 0.83990
1033621.136510 -20.94836 1.69145 95.66981 -0.03871 0.54205 -0.01485 0.83932
1033621.140991 -20.93017 1.68456 95.67551 -0.03885 0.54255 -0.01529 0.83898
1033621.149951 -20.81738 1.68746 95.68473 -0.03898 0.54384 -0.01434 0.83816
1033621.154430 -20.70875 1.68854 95.74957 -0.03893 0.54444 -0.01426 0.83777
1033621.163390 -20.64216 1.68396 95.76192 -0.03925 0.54541 -0.01428 0.83713
1033621.167871 -20.60126 1.69232 95.79888 -0.03933 0.54608 -0.01455 0.83668
1033621.172807 -20.57049 1.69456 95.80296 -0.03889 0.54656 -0.01391 0.83640
1033621.181310 -20.66304 1.70471 95.78697 -0.03862 0.54649 -0.01475 0.83644
1033621.185791 -20.63575 1.68464 95.78977 -0.03892 0.54709 -0.01490 0.83604
1033621.197369 -20.57306 1.68384 95.78884 -0.03888 0.54807 -0.01427 0.83541
1033621.203711 -20.53909 1.68958 95.78761 -0.03904 0.54877 -0.01407 0.83494
1033621.208190 -20.52147 1.67363 95.78361 -0.03954 0.54927 -0.01480 0.83457
1033621.212669 -20.42599 1.68055 95.79861 -0.03964 0.55027 -0.01370 0.83393
1033621.221631 -20.32223 1.67434 95.84750 -0.03921 0.55138 -0.01295 0.83323
1033621.226110 -20.26662 1.67504 95.89162 -0.03930 0.55183 -0.01321 0.83292
1033621.230591 -20.20193 1.69174 95.92803 -0.03941 0.55251 -0.01342 0.83246
1033621.235070 -20.16433 1.70003 95.96180 -0.03917 0.55312 -0.01340 0.83207
1033621.239551 -20.28364 1.70713 95.92460 -0.03938 0.55282 -0.01450 0.83224
1033621.244030 -20.29389 1.70070 95.90514 -0.03909 0.55327 -0.01394 0.83197
1033621.252990 -20.25667 1.69231 95.89559 -0.03895 0.55409 -0.01379 0.83143
1033621.257471 -20.21114 1.69958 95.91378 -0.03879 0.55458 -0.01346 0.83111
1033621.266431 -20.14545 1.70534 95.93577 -0.03837 0.55553 -0.01306 0.83051
1033621.270910 -20.04085 1.70157 95.95728 -0.03808 0.55638 -0.01192 0.82997
1033621.275391 -19.91787 1.70106 96.00638 -0.03847 0.55679 -0.01218 0.82967
1033621.284351 -19.84995 1.71078 96.03081 -0.03895 0.55793 -0.01268 0.82888
1033621.292566 -19.78381 1.70809 96.06617 -0.03878 0.55891 -0.01274 0.82822
1033621.297790 -19.75490 1.70811 96.07111 -0.03894 0.55950 -0.01306 0.82781
1033621.302271 -19.88129 1.71039 96.04132 -0.03853 0.55927 -0.01326 0.82798
1033621.306750 -19.89147 1.71712 96.03776 -0.03828 0.55984 -0.01331 0.82761
1033621.311231 -19.86761 1.70830 96.03538 -0.03826 0.56026 -0.01331 0.82732
1033621.315710 -19.85054 1.71128 96.02404 -0.03809 0.56060 -0.01267 0.82711
1033621.320191 -19.78738 1.71772 96.04957 -0.03810 0.56111 -0.01303 0.82676
1033621.329151 -19.75837 1.70922 96.04144 -0.03863 0.56193 -0.01314 0.82618
1033621.333630 -19.62722 1.70430 96.07354 -0.03855 0.56261 -0.01235 0.82573
1033621.342590 -19.54899 1.70177 96.10418 -0.03837 0.56352 -0.01206 0.82512
1033621.347594 -19.51193 1.69084 96.12345 -0.03917 0.56424 -0.01235 0.82459
1033621.356031 -19.41142 1.69830 96.15704 -0.03975 0.56520 -0.01371 0.82388
1033621.364991 -19.34982 1.70730 96.17866 -0.03923 0.56608 -0.01315 0.82331
1033621.373951 -19.44454 1.71608 96.14692 -0.03876 0.56626 -0.01325 0.82321
1033621.380486 -19.40394 1.70352 96.16457 -0.03852 0.56680 -0.01263 0.82286
1033621.387743 -19.39064 1.71410 96.16685 -0.03882 0.56784 -0.01272 0.82212
1033621.396350 -19.36043 1.71000 96.16163 -0.03899 0.56853 -0.01303 0.82163
1033621.405871 -19.26876 1.70544 96.17362 -0.03918 0.56938 -0.01319 0.82103
1033621.416179 -19.18586 1.70896 96.18334 -0.03885 0.57059 -0.01162 0.82023
1033621.423230 -19.04637 1.71573 96.23822 -0.03895 0.57133 -0.01162 0.81971
1033621.432188 -18.95696 1.71219 96.26079 -0.03956 0.57221 -0.01272 0.81905
1033621.441150 -18.90878 1.71430 96.26399 -0.03976 0.57306 -0.01261 0.81845
1033621.446043 -19.01906 1.71562 96.24978 -0.03923 0.57275 -0.01310 0.81869
1033621.454591 -18.99844 1.72157 96.26325 -0.03898 0.57365 -0.01221 0.81808
1033621.463551 -18.94428 1.72743 96.27305 -0.03884 0.57457 -0.01182 0.81745
1033621.472511 -18.89707 1.72097 96.27651 -0.03896 0.57563 -0.01243 0.81669
1033621.476163 -18.78458 1.70695 96.29289 -0.03941 0.57611 -0.01175 0.81633
1033621.485950 -18.69131 1.68785 96.29849 -0.04005 0.57694 -0.01211 0.81571
1033621.494910 -18.61906 1.69894 96.30434 -0.03980 0.57767 -0.01169 0.81522
1033621.499391 -18.59567 1.69370 96.32219 -0.04052 0.57815 -0.01250 0.81483
1033621.508351 -18.52261 1.69165 96.34848 -0.04053 0.57903 -0.01205 0.81421
1033621.512830 -18.62006 1.69493 96.34840 -0.03964 0.57872 -0.01176 0.81448
1033621.517311 -18.60527 1.71614 96.34738 -0.03923 0.57909 -0.01119 0.81424
1033621.526271 -18.54272 1.73079 96.36035 -0.03910 0.57995 -0.01106 0.81364
1033621.535231 -18.48851 1.73460 96.37638 -0.03893 0.58074 -0.01101 0.81309
1033621.544191 -18.42096 1.74096 96.41476 -0.03865 0.58164 -0.01032 0.81246
1033621.548670 -18.29996 1.73366 96.42494 -0.03895 0.58249 -0.01043 0.81184
1033621.557630 -18.20877 1.72065 96.43826 -0.03976 0.58332 -0.01119 0.81119
1033621.566590 -18.13993 1.71120 96.46065 -0.04000 0.58410 -0.01116 0.81062
1033621.575550 -18.07885 1.71182 96.47399 -0.03981 0.58502 -0.01091 0.80997
1033621.581479 -18.16570 1.72923 96.46704 -0.03911 0.58474 -0.01057 0.81021
1033621.593470 -18.12234 1.73643 96.46299 -0.03854 0.58565 -0.00983 0.80959
1033621.597951 -18.07727 1.73936 96.47327 -0.03900 0.58621 -0.01063 0.80915
1033621.606911 -18.03592 1.74317 96.48535 -0.03848 0.58702 -0.00982 0.80860
1033621.615871 -17.98593 1.73784 96.48252 -0.03816 0.58756 -0.00874 0.80823
1033621.620756 -17.85424 1.72864 96.50885 -0.03840 0.58832 -0.00867 0.80767
1033621.629450 -17.73748 1.73975 96.54168 -0.03895 0.58912 -0.00914 0.80706
1033621.642106 -17.64401 1.74196 96.55657 -0.03894 0.59012 -0.00877 0.80633
1033621.647230 -17.57729 1.74819 96.58305 -0.03926 0.59064 -0.01001 0.80592
1033621.656190 -17.67839 1.76098 96.57543 -0.03813 0.59096 -0.00878 0.80575
1033621.660671 -17.66000 1.77333 96.58058 -0.03801 0.59169 -0.00879 0.80522
1033621.669631 -17.60071 1.77523 96.61458 -0.03763 0.59235 -0.00840 0.80476
1033621.678591 -17.54787 1.77051 96.61567 -0.03799 0.59326 -0.00865 0.80407
1033621.687551 -17.51468 1.76924 96.61946 -0.03760 0.59391 -0.00786 0.80362
1033621.692030 -17.39691 1.76773 96.62278 -0.03847 0.59445 -0.00825 0.80317
1033621.695156 -17.35498 1.75431 96.64248 -0.03893 0.59470 -0.00831 0.80296
1033621.709223 -17.26945 1.75221 96.64648 -0.03884 0.59576 -0.00795 0.80218
1033621.714431 -17.18839 1.74392 96.66574 -0.03931 0.59614 -0.00819 0.80187
1033621.723391 -17.24090 1.77290 96.67280 -0.03811 0.59635 -0.00826 0.80178
1033621.723940 -17.25549 1.78391 96.69560 -0.03786 0.59673 -0.00782 0.80151
1033621.736830 -17.14599 1.77592 96.71741 -0.03811 0.59771 -0.00806 0.80076
1033621.745790 -17.09112 1.78167 96.72696 -0.03805 0.59861 -0.00793 0.80010
1033621.754750 -17.04436 1.78093 96.73110 -0.03818 0.59933 -0.00781 0.79955
1033621.759231 -16.91031 1.77931 96.74695 -0.03854 0.60000 -0.00785 0.79903
1033621.767624 -16.84559 1.77570 96.75752 -0.03860 0.60079 -0.00765 0.79844
1033621.772670 -16.77509 1.77529 96.78522 -0.03888 0.60120 -0.00761 0.79812
1033621.781630 -16.75656 1.77250 96.78370 -0.03900 0.60205 -0.00740 0.79747
1033621.790590 -16.81341 1.78650 96.80239 -0.03810 0.60212 -0.00728 0.79746
1033621.791567 -16.81300 1.78584 96.81377 -0.03862 0.60241 -0.00810 0.79721
1033621.804031 -16.73256 1.78958 96.81115 -0.03818 0.60330 -0.00689 0.79657
1033621.808795 -16.68050 1.79031 96.83026 -0.03821 0.60358 -0.00721 0.79635
1033621.821951 -16.58267 1.79731 96.84291 -0.03793 0.60460 -0.00628 0.79560
1033621.826430 -16.44623 1.79054 96.86124 -0.03888 0.60514 -0.00688 0.79514
1033621.830911 -16.40634 1.79529 96.87102 -0.03949 0.60554 -0.00718 0.79480
1033621.839871 -16.31367 1.78779 96.88746 -0.03950 0.60606 -0.00693 0.79440
1033621.848831 -16.25820 1.78813 96.90033 -0.03950 0.60689 -0.00682 0.79377
1033621.853310 -16.36026 1.80115 96.89078 -0.03838 0.60667 -0.00643 0.79400
1033621.862270 -16.35684 1.79019 96.88573 -0.03870 0.60746 -0.00633 0.79338
1033621.866751 -16.30411 1.79461 96.90766 -0.03917 0.60787 -0.00704 0.79304
1033621.871230 -16.29491 1.79063 96.90565 -0.03899 0.60833 -0.00627 0.79270
1033621.875711 -16.26041 1.80115 96.93767 -0.03876 0.60885 -0.00676 0.79231
1033621.884671 -16.14059 1.79697 96.95006 -0.03959 0.60964 -0.00659 0.79166
1033621.889150 -16.05722 1.79146 96.95842 -0.04030 0.61015 -0.00718 0.79123
1033621.898110 -15.98278 1.78547 96.96872 -0.04035 0.61066 -0.00655 0.79084
1033621.902589 -15.94528 1.78674 96.96651 -0.04070 0.61087 -0.00680 0.79065
1033621.907070 -15.90766 1.78366 96.96154 -0.04022 0.61113 -0.00612 0.79048
1033621.911551 -15.98426 1.79712 96.96816 -0.03948 0.61083 -0.00641 0.79075
1033621.920511 -15.97425 1.80316 96.97207 -0.03955 0.61162 -0.00647 0.79013
1033621.924990 -15.93249 1.80898 96.99179 -0.03947 0.61217 -0.00616 0.78972
1033621.929471 -15.90613 1.80889 96.99900 -0.03979 0.61253 -0.00671 0.78942
1033621.933950 -15.87599 1.81256 97.00250 -0.03982 0.61290 -0.00647 0.78913
1033621.942910 -15.80582 1.80113 97.00548 -0.04020 0.61377 -0.00568 0.78844
1033621.947391 -15.71279 1.79320 97.02723 -0.04068 0.61417 -0.00615 0.78810
1033621.956351 -15.61476 1.79353 97.03887 -0.04116 0.61471 -0.00643 0.78765
1033621.960830 -15.57302 1.80107 97.04614 -0.04098 0.61478 -0.00626 0.78761
1033621.969790 -15.49872 1.80081 97.06313 -0.04114 0.61552 -0.00628 0.78702
1033621.977347 -15.57162 1.81444 97.06296 -0.04003 0.61539 -0.00610 0.78718
1033621.983231 -15.56052 1.82657 97.05984 -0.03950 0.61595 -0.00594 0.78677
1033621.987710 -15.52152 1.82663 97.06619 -0.03918 0.61618 -0.00566 0.78661
1033621.996670 -15.44379 1.83271 97.09557 -0.03962 0.61693 -0.00579 0.78600
1033622.001151 -15.34946 1.83191 97.09550 -0.04004 0.61760 -0.00516 0.78545
1033622.005630 -15.26818 1.81021 97.10846 -0.04024 0.61782 -0.00474 0.78527
1033622.010111 -15.20385 1.81106 97.11626 -0.04113 0.61805 -0.00588 0.78504
1033622.019071 -15.14112 1.81987 97.13287 -0.04061 0.61868 -0.00530 0.78457
1033622.023550 -15.11718 1.81898 97.12954 -0.04080 0.61888 -0.00525 0.78441
1033622.028031 -15.20516 1.82916 97.14126 -0.03969 0.61856 -0.00550 0.78471
1033622.032510 -15.23765 1.82900 97.13065 -0.03965 0.61907 -0.00518 0.78432
1033622.036991 -15.20500 1.83339 97.13812 -0.03946 0.61954 -0.00505 0.78396
1033622.045951 -15.14213 1.83756 97.14944 -0.03942 0.62004 -0.00536 0.78356
1033622.050430 -15.11354 1.83530 97.14216 -0.03971 0.62030 -0.00518 0.78334
1033622.056296 -14.99651 1.82034 97.14865 -0.04041 0.62084 -0.00521 0.78288
1033622.063871 -14.90208 1.81299 97.16636 -0.04069 0.62135 -0.00473 0.78246
1033622.072831 -14.80271 1.82077 97.18309 -0.04047 0.62177 -0.00426 0.78214
1033622.077310 -14.76723 1.82977 97.18213 -0.04015 0.62204 -0.00428 0.78194
1033622.081791 -14.75386 1.83026 97.19348 -0.04038 0.62248 -0.00454 0.78158
1033622.090751 -14.83334 1.84214 97.18778 -0.03957 0.62263 -0.00491 0.78150
1033622.095230 -14.83575 1.84566 97.19367 -0.03908 0.62311 -0.00464 0.78114
1033622.099711 -14.80479 1.83179 97.19502 -0.03925 0.62329 -0.00493 0.78099
1033622.104190 -14.77367 1.83950 97.21152 -0.03909 0.62363 -0.00470 0.78073
1033622.113150 -14.70716 1.84160 97.21985 -0.03910 0.62441 -0.00433 0.78011
1033622.116679 -14.61023 1.83894 97.22972 -0.03987 0.62507 -0.00418 0.77954
1033622.122110 -14.51710 1.83901 97.24842 -0.03991 0.62518 -0.00421 0.77945
1033622.126591 -14.46443 1.83602 97.25895 -0.04021 0.62557 -0.00475 0.77911
1033622.135551 -14.39089 1.83976 97.25879 -0.04026 0.62594 -0.00434 0.77882
1033622.144511 -14.31527 1.84228 97.26761 -0.03983 0.62659 -0.00420 0.77832
1033622.148990 -14.38347 1.84621 97.28996 -0.03909 0.62615 -0.00480 0.77870
1033622.153471 -14.39498 1.85895 97.28607 -0.03875 0.62657 -0.00466 0.77839
1033622.159339 -14.38668 1.85998 97.27983 -0.03848 0.62687 -0.00440 0.77816
1033622.166910 -14.36004 1.85430 97.28293 -0.03832 0.62751 -0.00377 0.77766
1033622.171391 -14.33713 1.85773 97.29239 -0.03833 0.62789 -0.00461 0.77734
1033622.175870 -14.25346 1.86011 97.29728 -0.03950 0.62869 -0.00442 0.77664
1033622.180351 -14.13718 1.84733 97.31752 -0.03991 0.62889 -0.00431 0.77646
1033622.184830 -14.08837 1.84715 97.30684 -0.04002 0.62895 -0.00428 0.77641
1033622.193790 -14.00484 1.84719 97.32813 -0.03973 0.62964 -0.00388 0.77586
1033622.198271 -14.08940 1.85844 97.33500 -0.03849 0.62920 -0.00410 0.77628
1033622.202750 -14.10993 1.86180 97.32188 -0.03778 0.62944 -0.00352 0.77613
1033622.209777 -14.07798 1.86854 97.32404 -0.03725 0.62981 -0.00322 0.77585
1033622.216191 -14.03515 1.86520 97.32988 -0.03784 0.63035 -0.00358 0.77538
1033622.220670 -14.00491 1.85976 97.33726 -0.03740 0.63078 -0.00290 0.77506
1033622.229630 -13.89824 1.85993 97.33309 -0.03836 0.63155 -0.00294 0.77438
1033622.238590 -13.78082 1.85587 97.35489 -0.03843 0.63215 -0.00304 0.77389
1033622.243071 -13.69987 1.86634 97.37041 -0.03865 0.63240 -0.00322 0.77367
1033622.246715 -13.65530 1.86479 97.37880 -0.03885 0.63261 -0.00406 0.77348
1033622.252031 -13.60674 1.87042 97.39445 -0.03882 0.63281 -0.00394 0.77332
1033622.256510 -13.69389 1.87480 97.39412 -0.03736 0.63251 -0.00371 0.77364
1033622.261389 -13.72552 1.88931 97.37848 -0.03682 0.63288 -0.00352 0.77336
1033622.269951 -13.66724 1.87642 97.39273 -0.03684 0.63346 -0.00368 0.77289
1033622.278911 -13.62396 1.88310 97.39720 -0.03667 0.63414 -0.00305 0.77234
1033622.283390 -13.59771 1.87562 97.40486 -0.03677 0.63462 -0.00322 0.77194
1033622.287871 -13.52167 1.88009 97.40683 -0.03757 0.63518 -0.00289 0.77144
1033622.291203 -13.41720 1.87218 97.42594 -0.03841 0.63544 -0.00367 0.77118
1033622.296831 -13.35471 1.87468 97.42818 -0.03816 0.63563 -0.00345 0.77104
1033622.301310 -13.31246 1.87737 97.43202 -0.03823 0.63593 -0.00384 0.77079
1033622.305791 -13.29751 1.88110 97.43677 -0.03770 0.63618 -0.00316 0.77062
1033622.310270 -13.38206 1.89308 97.43501 -0.03653 0.63572 -0.00326 0.77105
1033622.319230 -13.35342 1.90370 97.44006 -0.03605 0.63624 -0.00288 0.77064
1033622.323711 -13.31654 1.89633 97.44297 -0.03627 0.63649 -0.00322 0.77043
1033622.332655 -13.27362 1.90376 97.45833 -0.03560 0.63713 -0.00248 0.76993
1033622.337150 -13.16820 1.89746 97.45535 -0.03693 0.63779 -0.00281 0.76932
1033622.341631 -13.10435 1.88854 97.45948 -0.03760 0.63790 -0.00307 0.76920
1033622.346110 -13.04595 1.88398 97.47077 -0.03785 0.63823 -0.00311 0.76891
1033622.355070 -12.97768 1.89356 97.47317 -0.03725 0.63874 -0.00258 0.76852
1033622.359551 -12.92018 1.89290 97.48687 -0.03762 0.63883 -0.00284 0.76843
1033622.364030 -13.00025 1.89786 97.48787 -0.03633 0.63840 -0.00261 0.76884
1033622.372788 -12.99031 1.90771 97.49053 -0.03578 0.63896 -0.00213 0.76840
1033622.377471 -12.95904 1.90925 97.49975 -0.03556 0.63918 -0.00215 0.76824
1033622.381950 -12.92831 1.91328 97.50549 -0.03576 0.63948 -0.00222 0.76797
1033622.386431 -12.91482 1.91399 97.50059 -0.03573 0.63976 -0.00218 0.76774
1033622.390910 -12.83671 1.90896 97.50480 -0.03672 0.64049 -0.00193 0.76708
1033622.397482 -12.77427 1.89955 97.52963 -0.03746 0.64112 -0.00223 0.76652
1033622.405560 -12.67774 1.89696 97.53703 -0.03749 0.64137 -0.00192 0.76631
1033622.413311 -12.62925 1.89980 97.52857 -0.03729 0.64168 -0.00177 0.76606
1033622.418859 -12.54957 1.90365 97.54157 -0.03733 0.64193 -0.00153 0.76585
1033622.426750 -12.61766 1.91586 97.54543 -0.03605 0.64157 -0.00121 0.76621
1033622.431231 -12.60332 1.92786 97.55323 -0.03545 0.64181 -0.00145 0.76605
1033622.435710 -12.57417 1.92599 97.55861 -0.03565 0.64223 -0.00173 0.76568
1033622.440191 -12.54957 1.92722 97.55696 -0.03571 0.64241 -0.00103 0.76553
1033622.447738 -12.46423 1.91411 97.55248 -0.03662 0.64315 -0.00134 0.76487
1033622.453630 -12.36628 1.90985 97.56808 -0.03746 0.64356 -0.00165 0.76448
1033622.458111 -12.34277 1.90620 97.57111 -0.03743 0.64370 -0.00128 0.76436
1033622.462590 -12.30172 1.91233 97.57779 -0.03753 0.64405 -0.00145 0.76406
1033622.467071 -12.27776 1.90865 97.58439 -0.03779 0.64431 -0.00141 0.76383
1033622.471550 -12.32810 1.92467 97.59346 -0.03650 0.64374 -0.00125 0.76437
1033622.480510 -12.29492 1.92931 97.59331 -0.03596 0.64419 -0.00080 0.76402
1033622.484991 -12.25972 1.93349 97.59647 -0.03569 0.64449 -0.00069 0.76378
1033622.489470 -12.21470 1.92970 97.60520 -0.03603 0.64465 -0.00111 0.76363
1033622.498430 -12.16288 1.94209 97.62214 -0.03589 0.64518 -0.00052 0.76319
1033622.507390 -12.09979 1.93323 97.61282 -0.03665 0.64615 -0.00025 0.76233
1033622.511871 -12.02891 1.91925 97.61694 -0.03773 0.64643 -0.00083 0.76204
1033622.516350 -11.95217 1.92485 97.61861 -0.03743 0.64654 -0.00019 0.76196
1033622.520831 -11.92837 1.92133 97.62531 -0.03736 0.64675 -0.00014 0.76178
1033622.525310 -11.87501 1.92830 97.63458 -0.03752 0.64703 0.00014 0.76154
1033622.529791 -11.93431 1.93104 97.64587 -0.03640 0.64638 0.00026 0.76215
1033622.538751 -11.89289 1.93655 97.64256 -0.03609 0.64666 0.00016 0.76192
1033622.543230 -11.86697 1.94327 97.65331 -0.03601 0.64698 0.00028 0.76166
1033622.547711 -11.83041 1.93434 97.65610 -0.03626 0.64712 -0.00001 0.76153
1033622.552190 -11.81125 1.94126 97.66388 -0.03635 0.64740 -0.00007 0.76129
1033622.558256 -11.75808 1.93652 97.65354 -0.03744 0.64830 0.00001 0.76047
1033622.565631 -11.67504 1.92501 97.66599 -0.03768 0.64869 0.00032 0.76012
1033622.574591 -11.58863 1.92902 97.67142 -0.03794 0.64897 0.00041 0.75987
1033622.579175 -11.52659 1.94481 97.67311 -0.03771 0.64933 0.00027 0.75957
1033622.588030 -11.58552 1.94621 97.68456 -0.03612 0.64883 0.00084 0.76007
1033622.592511 -11.53632 1.94952 97.69292 -0.03634 0.64908 0.00059 0.75986
1033622.596990 -11.50384 1.95301 97.70852 -0.03634 0.64936 0.00048 0.75961
1033622.601471 -11.46976 1.95755 97.70939 -0.03626 0.64956 0.00052 0.75944
1033622.605950 -11.42827 1.95796 97.71981 -0.03658 0.64968 0.00043 0.75932
1033622.613231 -11.36429 1.95140 97.70995 -0.03781 0.65046 0.00027 0.75860
1033622.619391 -11.29552 1.94596 97.71660 -0.03828 0.65075 0.00039 0.75833
1033622.623870 -11.25173 1.94918 97.72571 -0.03793 0.65110 0.00079 0.75804
1033622.628351 -11.22645 1.94660 97.72510 -0.03784 0.65119 0.00116 0.75797
1033622.632830 -11.19272 1.94477 97.72576 -0.03789 0.65141 0.00105 0.75778
1033622.639882 -11.21345 1.95768 97.74634 -0.03678 0.65110 0.00101 0.75810
1033622.649745 -11.15080 1.96399 97.74677 -0.03699 0.65147 0.00090 0.75777
1033622.655231 -11.10996 1.97021 97.75445 -0.03644 0.65168 0.00098 0.75762
1033622.664191 -11.02762 1.97448 97.75614 -0.03663 0.65191 0.00099 0.75741
1033622.670087 -10.97096 1.96684 97.75464 -0.03726 0.65271 0.00170 0.75669
1033622.673151 -10.90728 1.96476 97.75978 -0.03789 0.65279 0.00141 0.75659
1033622.677630 -10.86956 1.96903 97.76997 -0.03808 0.65321 0.00156 0.75622
1033622.682111 -10.84659 1.96562 97.77303 -0.03809 0.65327 0.00167 0.75617
1033622.686590 -10.81788 1.96703 97.77103 -0.03780 0.65349 0.00250 0.75599
1033622.694102 -10.85316 1.96482 97.77546 -0.03665 0.65286 0.00212 0.75659
1033622.700031 -10.82850 1.97708 97.77929 -0.03662 0.65314 0.00159 0.75635
1033622.704510 -10.80198 1.97474 97.77680 -0.03650 0.65324 0.00163 0.75627
1033622.713470 -10.74620 1.97545 97.78766 -0.03687 0.65357 0.00173 0.75597
1033622.717951 -10.71281 1.97783 97.79825 -0.03655 0.65375 0.00235 0.75582
1033622.722430 -10.64616 1.97531 97.79453 -0.03761 0.65453 0.00238 0.75510
1033622.726911 -10.57512 1.97710 97.80415 -0.03840 0.65484 0.00206 0.75479
1033622.735871 -10.49625 1.97727 97.81670 -0.03806 0.65524 0.00223 0.75446
1033622.740350 -10.46016 1.97808 97.82766 -0.03823 0.65538 0.00238 0.75433
1033622.747934 -10.41509 1.97772 97.83199 -0.03830 0.65571 0.00219 0.75404
1033622.753791 -10.47530 1.98113 97.83644 -0.03736 0.65511 0.00217 0.75461
1033622.758270 -10.46114 1.98534 97.83019 -0.03683 0.65512 0.00184 0.75463
1033622.762751 -10.42573 1.99074 97.83029 -0.03678 0.65526 0.00188 0.75451
1033622.767230 -10.38620 1.99945 97.82537 -0.03655 0.65527 0.00208 0.75451
1033622.775064 -10.30599 1.99323 97.83176 -0.03704 0.65606 0.00301 0.75379
1033622.780671 -10.23061 1.98027 97.83928 -0.03784 0.65642 0.00333 0.75344
1033622.786705 -10.16512 1.98659 97.85547 -0.03790 0.65676 0.00342 0.75314
1033622.794110 -10.10848 1.98925 97.86980 -0.03831 0.65710 0.00307 0.75283
1033622.800049 -10.07590 1.98448 97.86765 -0.03810 0.65734 0.00307 0.75262
1033622.807551 -10.12842 1.99824 97.87283 -0.03736 0.65687 0.00282 0.75308
1033622.812030 -10.10987 2.00534 97.86572 -0.03651 0.65685 0.00256 0.75313
1033622.816511 -10.06609 2.01293 97.86825 -0.03631 0.65693 0.00269 0.75307
1033622.820990 -10.04146 2.00228 97.87822 -0.03671 0.65713 0.00231 0.75288
1033622.829950 -9.97442 2.00900 97.87649 -0.03651 0.65744 0.00265 0.75262
1033622.834431 -9.89988 2.01158 97.88081 -0.03747 0.65805 0.00316 0.75204
1033622.842869 -9.81946 2.00320 97.89850 -0.03826 0.65853 0.00337 0.75157
1033622.847870 -9.75957 2.00121 97.91032 -0.03838 0.65871 0.00359 0.75141
1033622.852351 -9.73155 1.99360 97.91160 -0.03842 0.65900 0.00337 0.75115
1033622.856830 -9.69840 2.00130 97.91200 -0.03840 0.65898 0.00336 0.75118
1033622.861311 -9.76734 1.99833 97.91276 -0.03722 0.65851 0.00270 0.75165
1033622.867658 -9.75036 2.01270 97.91770 -0.03700 0.65872 0.00233 0.75147
1033622.874750 -9.70402 2.01006 97.91374 -0.03644 0.65886 0.00282 0.75137
1033622.879231 -9.67781 2.00249 97.92353 -0.03663 0.65904 0.00291 0.75121
1033622.883710 -9.59757 2.00548 97.91481 -0.03737 0.65976 0.00368 0.75054
1033622.888191 -9.52860 2.00030 97.93338 -0.03785 0.66009 0.00387 0.75022
1033622.894702 -9.47324 2.00061 97.93332 -0.03805 0.66034 0.00396 0.74999
1033622.901630 -9.42064 2.00553 97.94445 -0.03826 0.66058 0.00378 0.74977
1033622.910590 -9.35599 2.00863 97.95834 -0.03802 0.66094 0.00383 0.74947
1033622.919550 -9.42385 2.00693 97.95738 -0.03712 0.66045 0.00313 0.74994
1033622.928510 -9.35760 2.02394 97.95880 -0.03650 0.66060 0.00315 0.74985
1033622.937470 -9.30899 2.02223 97.96017 -0.03616 0.66087 0.00334 0.74962
1033622.946430 -9.24800 2.02543 97.96570 -0.03627 0.66118 0.00375 0.74934
1033622.955390 -9.14714 2.02848 97.96983 -0.03713 0.66191 0.00417 0.74865
1033622.959871 -9.06323 2.02170 97.97583 -0.03813 0.66219 0.00384 0.74836
1033622.973310 -8.95638 2.02002 97.98764 -0.03801 0.66265 0.00413 0.74795
1033622.978500 -8.89147 2.03238 97.99264 -0.03803 0.66292 0.00399 0.74771
1033622.986751 -8.84445 2.03129 98.00889 -0.03830 0.66324 0.00379 0.74742
1033623.000190 -8.76502 2.03186 98.01422 -0.03846 0.66370 0.00352 0.74700
1033623.004669 -8.83242 2.02782 98.01670 -0.03751 0.66312 0.00324 0.74756
1033623.016175 -8.78951 2.03796 98.00777 -0.03677 0.66327 0.00356 0.74747
1033623.022591 -8.73393 2.04573 98.02042 -0.03659 0.66349 0.00308 0.74729
1033623.036030 -8.65058 2.04846 98.01816 -0.03646 0.66394 0.00317 0.74689
1033623.040511 -8.54498 2.05652 98.01774 -0.03708 0.66463 0.00384 0.74625
1033623.052773 -8.44481 2.04592 98.02363 -0.03768 0.66507 0.00404 0.74582
1033623.062910 -8.36507 2.03979 98.03695 -0.03808 0.66547 0.00394 0.74544
1033623.067391 -8.31610 2.04005 98.04834 -0.03841 0.66567 0.00364 0.74525
1033623.076351 -8.37074 2.04069 98.05904 -0.03713 0.66512 0.00339 0.74580
1033623.085311 -8.32563 2.05126 98.06038 -0.03638 0.66527 0.00312 0.74571
1033623.090693 -8.27746 2.06253 98.06690 -0.03655 0.66561 0.00224 0.74540
1033623.103231 -8.22241 2.06297 98.07707 -0.03614 0.66588 0.00285 0.74518
1033623.116670 -8.15939 2.05641 98.06418 -0.03643 0.66663 0.00356 0.74449
1033623.121428 -8.04597 2.05547 98.06567 -0.03705 0.66719 0.00400 0.74396
1033623.130111 -7.94234 2.04606 98.07796 -0.03749 0.66741 0.00360 0.74373
1033623.139071 -7.86791 2.05634 98.09261 -0.03775 0.66764 0.00353 0.74352
1033623.148803 -7.89978 2.05591 98.10634 -0.03639 0.66726 0.00283 0.74393
1033623.155789 -7.84781 2.06436 98.10982 -0.03613 0.66749 0.00308 0.74373
1033623.165951 -7.76743 2.07542 98.11545 -0.03572 0.66766 0.00303 0.74360
1033623.174911 -7.69530 2.07725 98.11687 -0.03590 0.66790 0.00270 0.74338
1033623.183871 -7.62238 2.07743 98.10122 -0.03652 0.66855 0.00363 0.74276
1033623.188350 -7.57282 2.06239 98.09792 -0.03736 0.66872 0.00394 0.74256
1033623.197310 -7.52158 2.05754 98.10602 -0.03694 0.66892 0.00460 0.74240
1033623.210751 -7.43164 2.06312 98.11531 -0.03698 0.66928 0.00465 0.74208
1033623.219115 -7.35662 2.05980 98.12243 -0.03676 0.66948 0.00482 0.74191
1033623.228671 -7.36584 2.06954 98.14471 -0.03544 0.66904 0.00455 0.74236
1033623.237631 -7.31376 2.08776 98.14609 -0.03506 0.66921 0.00416 0.74224
1033623.243087 -7.24078 2.09659 98.15272 -0.03503 0.66935 0.00379 0.74211
1033623.260030 -7.15442 2.09822 98.15792 -0.03480 0.66976 0.00400 0.74175
1033623.268990 -7.08671 2.09821 98.14498 -0.03558 0.67043 0.00456 0.74111
1033623.277950 -7.00506 2.09089 98.15636 -0.03671 0.67070 0.00464 0.74081
1033623.286910 -6.92358 2.08289 98.16327 -0.03669 0.67088 0.00483 0.74065
1033623.291391 -6.86986 2.08937 98.16066 -0.03677 0.67099 0.00510 0.74054
1033623.304830 -6.83186 2.08672 98.19072 -0.03553 0.67063 0.00502 0.74092
1033623.313790 -6.76055 2.11099 98.20361 -0.03503 0.67079 0.00471 0.74080
1033623.319140 -6.70698 2.11883 98.20670 -0.03514 0.67093 0.00430 0.74067
1033623.336095 -6.59903 2.12306 98.21814 -0.03461 0.67113 0.00502 0.74051
1033623.345151 -6.51575 2.13170 98.22780 -0.03443 0.67126 0.00512 0.74040
1033623.354111 -6.46418 2.13097 98.20267 -0.03580 0.67192 0.00528 0.73974
1033623.363071 -6.41127 2.11045 98.20480 -0.03678 0.67210 0.00533 0.73952
1033623.372031 -6.36620 2.11608 98.21600 -0.03655 0.67227 0.00529 0.73939
1033623.380991 -6.27315 2.11691 98.22253 -0.03702 0.67247 0.00535 0.73917
1033623.388442 -6.27551 2.12131 98.24885 -0.03520 0.67194 0.00610 0.73975
1033623.398911 -6.19527 2.13617 98.25311 -0.03465 0.67190 0.00596 0.73981
1033623.407871 -6.14317 2.13802 98.25794 -0.03460 0.67202 0.00604 0.73970
1033623.416831 -6.07557 2.13874 98.26261 -0.03471 0.67219 0.00596 0.73954
1033623.425791 -5.98924 2.15239 98.27149 -0.03475 0.67227 0.00565 0.73947
1033623.430270 -5.97015 2.14907 98.24994 -0.03576 0.67282 0.00569 0.73892
1033623.434751 -5.96083 2.14202 98.25331 -0.03667 0.67297 0.00562 0.73874
1033623.448190 -5.87869 2.13819 98.26139 -0.03662 0.67313 0.00631 0.73859
1033623.457150 -5.80659 2.13972 98.26852 -0.03696 0.67318 0.00649 0.73853
1033623.466110 -5.78657 2.14340 98.28980 -0.03559 0.67266 0.00684 0.73906
1033623.479551 -5.69894 2.14888 98.30025 -0.03537 0.67283 0.00674 0.73892
1033623.484030 -5.63897 2.15462 98.30797 -0.03530 0.67290 0.00655 0.73886
1033623.497471 -5.55936 2.15597 98.30989 -0.03519 0.67304 0.00698 0.73874
1033623.501950 -5.54022 2.16281 98.29412 -0.03666 0.67360 0.00684 0.73815
1033623.506431 -5.50006 2.15197 98.29913 -0.03719 0.67366 0.00708 0.73807
1033623.515391 -5.45550 2.15183 98.30307 -0.03767 0.67370 0.00723 0.73801
1033623.528830 -5.38283 2.14780 98.30326 -0.03772 0.67384 0.00718 0.73788
1033623.542271 -5.30085 2.14677 98.31405 -0.03734 0.67398 0.00807 0.73776
1033623.551231 -5.26280 2.15155 98.33883 -0.03645 0.67337 0.00804 0.73836
1033623.555710 -5.18702 2.16347 98.34502 -0.03597 0.67333 0.00776 0.73843
1033623.560191 -5.14739 2.17187 98.34393 -0.03605 0.67339 0.00742 0.73837
1033623.569151 -5.07631 2.17906 98.36554 -0.03590 0.67361 0.00754 0.73818
1033623.574914 -5.04410 2.17414 98.36721 -0.03598 0.67368 0.00730 0.73811
1033623.582590 -4.99463 2.17387 98.37229 -0.03614 0.67371 0.00710 0.73808
1033623.596031 -4.96745 2.17586 98.35538 -0.03744 0.67444 0.00714 0.73735
1033623.604991 -4.91037 2.17008 98.35699 -0.03774 0.67456 0.00727 0.73722
1033623.613951 -4.84593 2.16700 98.36056 -0.03793 0.67449 0.00755 0.73727
1033623.618430 -4.80294 2.17347 98.37458 -0.03794 0.67456 0.00766 0.73721
1033623.627390 -4.77968 2.17079 98.39062 -0.03649 0.67402 0.00806 0.73777
1033623.636502 -4.68816 2.17654 98.39979 -0.03611 0.67396 0.00820 0.73784
1033623.645310 -4.61894 2.18352 98.39893 -0.03641 0.67393 0.00763 0.73786
1033623.654270 -4.54347 2.18911 98.39942 -0.03631 0.67372 0.00767 0.73805
1033623.664957 -4.46113 2.19648 98.40949 -0.03574 0.67375 0.00803 0.73805
1033623.674785 -4.45182 2.19621 98.39315 -0.03735 0.67442 0.00782 0.73736
1033623.681150 -4.40484 2.18979 98.39869 -0.03755 0.67457 0.00786 0.73721
1033623.691122 -4.33278 2.18950 98.40265 -0.03780 0.67468 0.00828 0.73709
1033623.703551 -4.25990 2.19317 98.41372 -0.03771 0.67471 0.00792 0.73708
1033623.712511 -4.19209 2.20069 98.42963 -0.03753 0.67480 0.00784 0.73700
1033623.716990 -4.17153 2.19047 98.43744 -0.03616 0.67406 0.00839 0.73774
1033623.725950 -4.09962 2.20107 98.44361 -0.03586 0.67400 0.00869 0.73781
1033623.730431 -4.03866 2.21621 98.44554 -0.03612 0.67391 0.00815 0.73789
1033623.734910 -3.99502 2.21223 98.44245 -0.03559 0.67399 0.00833 0.73783
1033623.739391 -3.95243 2.21288 98.43357 -0.03601 0.67380 0.00825 0.73799
1033623.743870 -3.93878 2.21227 98.44259 -0.03531 0.67381 0.00793 0.73802
1033623.748351 -3.96489 2.21648 98.42412 -0.03686 0.67440 0.00773 0.73740
1033623.752830 -3.94795 2.21170 98.42142 -0.03709 0.67448 0.00791 0.73732
1033623.760123 -3.90954 2.20709 98.42820 -0.03693 0.67467 0.00880 0.73715
1033623.766271 -3.87679 2.21272 98.44304 -0.03742 0.67480 0.00812 0.73701
1033623.770750 -3.85073 2.21685 98.45096 -0.03732 0.67486 0.00763 0.73696
1033623.779710 -3.78629 2.21178 98.47331 -0.03631 0.67433 0.00800 0.73749
1033623.788670 -3.70466 2.21204 98.47858 -0.03614 0.67440 0.00866 0.73743
1033623.793151 -3.65140 2.21644 98.47506 -0.03612 0.67434 0.00866 0.73748
1033623.797630 -3.60111 2.22490 98.47442 -0.03587 0.67416 0.00803 0.73767
1033623.802111 -3.61910 2.23618 98.45807 -0.03681 0.67474 0.00764 0.73710
1033623.806590 -3.61494 2.23134 98.45582 -0.03657 0.67484 0.00832 0.73701
1033623.813687 -3.57536 2.23340 98.45479 -0.03667 0.67499 0.00840 0.73687
1033623.820031 -3.55173 2.23318 98.46250 -0.03685 0.67490 0.00782 0.73695
1033623.824510 -3.52060 2.23807 98.46894 -0.03712 0.67508 0.00712 0.73678
1033623.828991 -3.49188 2.23369 98.49114 -0.03550 0.67451 0.00822 0.73737
1033623.837951 -3.40933 2.23111 98.50309 -0.03560 0.67451 0.00822 0.73736
1033623.842430 -3.35139 2.23372 98.51057 -0.03587 0.67470 0.00782 0.73718
1033623.851390 -3.30044 2.24214 98.51513 -0.03571 0.67475 0.00763 0.73714
1033623.858198 -3.32407 2.24497 98.49522 -0.03668 0.67521 0.00707 0.73668
1033623.864831 -3.29552 2.24121 98.49768 -0.03665 0.67519 0.00740 0.73670
1033623.869310 -3.24637 2.24265 98.49575 -0.03684 0.67520 0.00779 0.73667
1033623.878270 -3.18257 2.24543 98.50657 -0.03609 0.67524 0.00801 0.73667
1033623.882751 -3.16233 2.25006 98.51464 -0.03682 0.67535 0.00691 0.73655
1033623.887230 -3.11133 2.24185 98.53374 -0.03537 0.67485 0.00807 0.73706
1033623.891711 -3.05971 2.24392 98.53461 -0.03491 0.67475 0.00812 0.73717
1033623.900671 -2.99151 2.24629 98.53089 -0.03536 0.67473 0.00826 0.73717
1033623.905150 -3.01760 2.24971 98.51150 -0.03603 0.67525 0.00790 0.73667
1033623.909631 -3.01773 2.24902 98.51792 -0.03565 0.67522 0.00822 0.73671
1033623.914110 -2.98149 2.25008 98.52930 -0.03599 0.67538 0.00811 0.73655
1033623.923070 -2.92563 2.26329 98.52341 -0.03580 0.67530 0.00796 0.73663
1033623.927551 -2.88230 2.26302 98.52744 -0.03576 0.67542 0.00796 0.73653
1033623.936511 -2.82848 2.25488 98.54617 -0.03510 0.67483 0.00833 0.73709
1033623.940990 -2.76418 2.25375 98.54852 -0.03483 0.67472 0.00874 0.73720
1033623.945471 -2.72410 2.25121 98.55140 -0.03531 0.67477 0.00846 0.73713
1033623.954431 -2.66209 2.24891 98.55535 -0.03513 0.67473 0.00902 0.73718
1033623.958910 -2.63947 2.25381 98.55878 -0.03523 0.67478 0.00865 0.73712
1033623.967520 -2.65245 2.26778 98.54399 -0.03609 0.67521 0.00809 0.73670
1033623.967870 -2.66812 2.27117 98.54312 -0.03625 0.67531 0.00770 0.73660
1033623.972351 -2.65618 2.27196 98.54251 -0.03605 0.67530 0.00779 0.73662
1033623.976830 -2.61105 2.26930 98.54936 -0.03590 0.67550 0.00793 0.73644
1033623.981311 -2.54345 2.26130 98.57490 -0.03496 0.67509 0.00850 0.73686
1033623.988647 -2.48379 2.26252 98.57141 -0.03519 0.67511 0.00853 0.73683
1033623.996897 -2.42646 2.26874 98.57853 -0.03490 0.67507 0.00851 0.73688
1033624.003710 -2.40267 2.26787 98.57756 -0.03462 0.67507 0.00907 0.73688
1033624.012179 -2.31003 2.26256 98.58579 -0.03518 0.67502 0.00891 0.73691
1033624.017151 -2.36220 2.28364 98.56738 -0.03564 0.67550 0.00864 0.73645
1033624.021630 -2.33684 2.28462 98.57094 -0.03519 0.67567 0.00924 0.73630
1033624.026111 -2.32237 2.28601 98.56778 -0.03523 0.67557 0.00850 0.73641
1033624.030590 -2.27530 2.29661 98.57561 -0.03532 0.67569 0.00899 0.73628
1033624.035071 -2.24828 2.27583 98.59248 -0.03447 0.67523 0.00912 0.73675
1033624.042106 -2.18211 2.27715 98.59534 -0.03455 0.67516 0.00928 0.73680
1033624.048510 -2.13995 2.27265 98.59575 -0.03482 0.67515 0.00954 0.73680
1033624.052991 -2.11080 2.27324 98.59897 -0.03457 0.67510 0.00952 0.73686
1033624.061951 -2.04647 2.27561 98.60845 -0.03393 0.67519 0.01002 0.73680
1033624.066430 -2.05469 2.29279 98.58718 -0.03531 0.67565 0.00930 0.73632
1033624.070911 -2.04341 2.30377 98.58660 -0.03483 0.67574 0.00964 0.73626
1033624.075390 -2.01893 2.30318 98.59554 -0.03495 0.67590 0.00932 0.73610
1033624.081545 -1.97465 2.30544 98.60440 -0.03513 0.67599 0.00927 0.73602
1033624.088831 -1.92353 2.28217 98.62605 -0.03446 0.67552 0.00936 0.73648
1033624.093310 -1.88209 2.28242 98.62881 -0.03476 0.67551 0.00982 0.73646
1033624.102270 -1.82916 2.27389 98.62899 -0.03489 0.67550 0.00998 0.73647
1033624.106751 -1.78377 2.28636 98.62448 -0.03437 0.67530 0.01014 0.73667
1033624.115711 -1.80683 2.30077 98.60698 -0.03478 0.67587 0.01011 0.73613
1033624.120190 -1.77121 2.30890 98.60679 -0.03519 0.67586 0.00984 0.73613
1033624.124073 -1.74315 2.30809 98.60937 -0.03478 0.67587 0.01022 0.73613
1033624.129150 -1.71827 2.31209 98.61410 -0.03495 0.67610 0.00946 0.73592
1033624.138002 -1.66605 2.29102 98.63298 -0.03436 0.67565 0.01021 0.73635
1033624.142591 -1.61362 2.28377 98.64623 -0.03434 0.67553 0.01074 0.73645
1033624.147070 -1.56219 2.28833 98.64699 -0.03483 0.67549 0.01059 0.73647
1033624.156030 -1.51476 2.28549 98.65007 -0.03475 0.67560 0.01031 0.73637
1033624.160511 -1.46206 2.29197 98.66101 -0.03509 0.67562 0.01037 0.73634
1033624.164990 -1.50000 2.31175 98.63833 -0.03539 0.67618 0.01041 0.73582
1033624.169471 -1.47532 2.31939 98.63563 -0.03536 0.67624 0.01046 0.73576
1033624.178431 -1.40967 2.32514 98.64281 -0.03537 0.67630 0.00996 0.73571
1033624.182910 -1.36839 2.33239 98.64329 -0.03490 0.67632 0.01014 0.73571
1033624.190215 -1.32403 2.30616 98.66818 -0.03444 0.67577 0.00979 0.73624
1033624.196351 -1.30393 2.30612 98.67332 -0.03459 0.67587 0.01014 0.73614
1033624.200830 -1.25358 2.29860 98.67594 -0.03471 0.67574 0.01020 0.73625
1033624.209790 -1.21639 2.30288 98.68050 -0.03436 0.67600 0.01066 0.73602
1033624.214271 -1.22290 2.32914 98.66300 -0.03542 0.67644 0.01036 0.73557
1033624.223231 -1.15944 2.33584 98.66390 -0.03515 0.67631 0.01034 0.73570
1033624.227710 -1.11091 2.34035 98.66329 -0.03502 0.67651 0.00990 0.73554
1033624.232191 -1.07131 2.34742 98.66435 -0.03510 0.67625 0.01017 0.73576
1033624.236670 -1.04736 2.34546 98.67076 -0.03559 0.67639 0.00985 0.73561
1033624.241151 -0.99185 2.32449 98.68894 -0.03457 0.67595 0.01029 0.73607
1033624.245630 -0.98161 2.31259 98.69278 -0.03461 0.67600 0.01086 0.73601
1033624.254590 -0.92707 2.30770 98.70381 -0.03454 0.67588 0.01120 0.73611
1033624.259071 -0.89861 2.30387 98.70404 -0.03507 0.67604 0.01131 0.73594
1033624.263550 -0.93599 2.32283 98.69487 -0.03541 0.67661 0.01136 0.73541
1033624.272510 -0.89794 2.33164 98.69765 -0.03538 0.67664 0.01108 0.73538
1033624.276991 -0.84713 2.33872 98.68367 -0.03495 0.67647 0.01133 0.73556
1033624.282351 -0.78903 2.34399 98.67738 -0.03485 0.67637 0.01191 0.73564
1033624.290430 -0.72475 2.35295 98.67492 -0.03489 0.67618 0.01126 0.73582
1033624.294911 -0.69685 2.32442 98.69176 -0.03423 0.67573 0.01129 0.73626
1033624.299390 -0.67682 2.31773 98.70093 -0.03424 0.67581 0.01184 0.73618
1033624.303871 -0.63274 2.32017 98.71493 -0.03505 0.67593 0.01157 0.73604
1033624.310601 -0.59692 2.32204 98.72167 -0.03446 0.67607 0.01181 0.73594
1033624.317310 -0.54094 2.32463 98.72828 -0.03486 0.67609 0.01177 0.73590
1033624.321791 -0.57208 2.33875 98.70480 -0.03519 0.67671 0.01186 0.73531
1033624.326270 -0.56795 2.34574 98.70041 -0.03524 0.67682 0.01171 0.73521
1033624.330751 -0.52666 2.34875 98.70767 -0.03508 0.67661 0.01148 0.73542
1033624.336932 -0.49422 2.35538 98.70676 -0.03480 0.67672 0.01170 0.73532
1033624.344190 -0.43562 2.35805 98.70794 -0.03500 0.67679 0.01195 0.73525
1033624.348671 -0.39743 2.33768 98.73439 -0.03442 0.67627 0.01180 0.73576
1033624.357631 -0.33303 2.32816 98.74604 -0.03486 0.67627 0.01186 0.73574
1033624.362110 -0.29867 2.32918 98.75999 -0.03510 0.67642 0.01139 0.73559
1033624.366591 -0.26032 2.33253 98.75089 -0.03476 0.67650 0.01210 0.73552
1033624.371070 -0.28160 2.35506 98.73465 -0.03553 0.67696 0.01164 0.73507
1033624.377495 -0.26074 2.36014 98.73456 -0.03506 0.67712 0.01190 0.73494
1033624.384511 -0.23226 2.36085 98.73442 -0.03520 0.67707 0.01166 0.73499
1033624.390190 -0.17272 2.36492 98.72782 -0.03487 0.67706 0.01197 0.73500
1033624.397950 -0.11274 2.37573 98.73154 -0.03492 0.67699 0.01181 0.73507
1033624.402431 -0.07546 2.35890 98.75563 -0.03469 0.67639 0.01135 0.73564
1033624.406910 -0.06706 2.35072 98.76085 -0.03417 0.67639 0.01247 0.73565
1033624.411391 -0.00694 2.34408 98.76557 -0.03429 0.67646 0.01232 0.73558
1033624.416038 0.03578 2.35517 98.77902 -0.03459 0.67656 0.01162 0.73548
1033624.424830 0.07425 2.34430 98.78378 -0.03503 0.67670 0.01188 0.73533
1033624.429311 0.05723 2.36105 98.76379 -0.03499 0.67733 0.01266 0.73474
1033624.433790 0.06530 2.37088 98.75724 -0.03521 0.67725 0.01236 0.73481
1033624.438271 0.08354 2.36543 98.75708 -0.03474 0.67731 0.01267 0.73477
1033624.442859 0.11977 2.37910 98.75780 -0.03444 0.67742 0.01282 0.73468
1033624.451710 0.17252 2.36489 98.77448 -0.03412 0.67674 0.01232 0.73532
1033624.456191 0.24233 2.36099 98.79047 -0.03445 0.67671 0.01193 0.73535
1033624.460670 0.29505 2.37230 98.78872 -0.03425 0.67684 0.01197 0.73524
1033624.465151 0.31273 2.36969 98.78984 -0.03421 0.67673 0.01183 0.73534
1033624.470439 0.34226 2.36604 98.79609 -0.03400 0.67676 0.01200 0.73532
1033624.478590 0.39599 2.36294 98.79907 -0.03374 0.67674 0.01300 0.73533
1033624.487550 0.37256 2.38263 98.77246 -0.03463 0.67739 0.01291 0.73469
1033624.492068 0.39237 2.38492 98.77954 -0.03433 0.67748 0.01296 0.73463
1033624.500991 0.42674 2.37987 98.78249 -0.03435 0.67748 0.01314 0.73462
1033624.505470 0.47303 2.38437 98.78324 -0.03396 0.67749 0.01359 0.73462
1033624.509951 0.50095 2.36987 98.79986 -0.03361 0.67689 0.01334 0.73520
1033624.514430 0.56563 2.36879 98.80282 -0.03418 0.67679 0.01276 0.73527
1033624.518911 0.59256 2.37225 98.81766 -0.03423 0.67707 0.01237 0.73502
1033624.524138 0.64758 2.38073 98.82037 -0.03415 0.67703 0.01208 0.73506
1033624.532350 0.69462 2.38033 98.82140 -0.03380 0.67714 0.01220 0.73498
1033624.536831 0.66339 2.39667 98.80599 -0.03420 0.67775 0.01322 0.73438
1033624.541310 0.65355 2.39542 98.80990 -0.03396 0.67801 0.01378 0.73414
1033624.545791 0.68179 2.39511 98.81349 -0.03407 0.67788 0.01341 0.73426
1033624.554751 0.72907 2.39490 98.81107 -0.03392 0.67804 0.01384 0.73411
1033624.559230 0.77598 2.39544 98.80000 -0.03350 0.67778 0.01417 0.73436
1033624.564311 0.81444 2.38354 98.82673 -0.03329 0.67730 0.01338 0.73483
1033624.571664 0.89335 2.38361 98.83261 -0.03346 0.67714 0.01350 0.73497
1033624.577150 0.93410 2.39693 98.82957 -0.03318 0.67715 0.01330 0.73498
1033624.581631 0.98337 2.38903 98.83014 -0.03336 0.67713 0.01337 0.73498
1033624.586110 0.93697 2.40402 98.81542 -0.03341 0.67771 0.01394 0.73444
1033624.590591 0.93319 2.40617 98.82636 -0.03385 0.67799 0.01363 0.73417
1033624.599551 0.95991 2.40639 98.84075 -0.03354 0.67809 0.01375 0.73408
1033624.604030 1.00322 2.40835 98.84155 -0.03384 0.67821 0.01359 0.73397
1033624.612990 1.07337 2.41357 98.84798 -0.03365 0.67826 0.01310 0.73394
1033624.617471 1.11417 2.40635 98.86411 -0.03339 0.67764 0.01256 0.73452
1033624.621950 1.16923 2.39950 98.85706 -0.03367 0.67745 0.01288 0.73468
1033624.626431 1.21141 2.40269 98.85969 -0.03292 0.67743 0.01278 0.73474
1033624.631228 1.24149 2.41203 98.85521 -0.03324 0.67745 0.01296 0.73471
1033624.639870 1.22393 2.42245 98.83690 -0.03346 0.67804 0.01349 0.73414
1033624.644351 1.21820 2.41646 98.84383 -0.03345 0.67821 0.01412 0.73397
1033624.653311 1.27681 2.41511 98.84773 -0.03328 0.67816 0.01414 0.73402
1033624.657790 1.30680 2.41584 98.85193 -0.03360 0.67825 0.01412 0.73392
1033624.662271 1.34593 2.41511 98.85786 -0.03326 0.67828 0.01415 0.73392
1033624.666750 1.38261 2.39833 98.87794 -0.03286 0.67767 0.01320 0.73451
1033624.673089 1.45175 2.40364 98.87460 -0.03283 0.67758 0.01353 0.73460
1033624.680191 1.50682 2.40672 98.88069 -0.03259 0.67766 0.01368 0.73453
1033624.684670 1.54474 2.41071 98.87781 -0.03326 0.67761 0.01338 0.73455
1033624.689151 1.49964 2.43002 98.86067 -0.03371 0.67813 0.01384 0.73403
1033624.693630 1.48034 2.43073 98.86871 -0.03389 0.67854 0.01341 0.73366
1033624.698111 1.49956 2.42750 98.87026 -0.03379 0.67862 0.01337 0.73359
1033624.707071 1.55934 2.43033 98.87145 -0.03359 0.67875 0.01363 0.73347
1033624.711550 1.58937 2.42861 98.87746 -0.03361 0.67864 0.01361 0.73357
1033624.716031 1.62303 2.43656 98.88288 -0.03390 0.67867 0.01321 0.73355
1033624.724991 1.67088 2.43064 98.89587 -0.03295 0.67812 0.01340 0.73409
1033624.729470 1.76188 2.43228 98.90917 -0.03321 0.67799 0.01272 0.73421
1033624.733951 1.80522 2.42453 98.90572 -0.03336 0.67797 0.01298 0.73422
1033624.738430 1.84396 2.42767 98.90837 -0.03328 0.67803 0.01275 0.73417
1033624.742911 1.87552 2.43573 98.90805 -0.03298 0.67792 0.01258 0.73429
1033624.747390 1.82593 2.44707 98.89020 -0.03333 0.67855 0.01320 0.73368
1033624.751871 1.81705 2.44261 98.89685 -0.03339 0.67875 0.01373 0.73348
1033624.759635 1.85929 2.44843 98.90301 -0.03339 0.67877 0.01360 0.73347
1033624.765310 1.88069 2.46030 98.89317 -0.03316 0.67885 0.01394 0.73340
1033624.774270 1.93070 2.45294 98.90593 -0.03280 0.67893 0.01441 0.73333
1033624.783230 1.97343 2.44910 98.92035 -0.03246 0.67831 0.01413 0.73392
1033624.787711 2.06469 2.44505 98.92376 -0.03248 0.67823 0.01419 0.73400
1033624.792190 2.13491 2.44461 98.93158 -0.03295 0.67836 0.01302 0.73387
1033624.796671 2.17134 2.44036 98.93526 -0.03338 0.67824 0.01249 0.73397
1033624.801150 2.13610 2.46302 98.91832 -0.03404 0.67883 0.01323 0.73339
1033624.805631 2.10757 2.46496 98.91834 -0.03348 0.67907 0.01384 0.73318
1033624.814591 2.15571 2.47277 98.91395 -0.03332 0.67900 0.01399 0.73325
1033624.819070 2.17551 2.47273 98.92149 -0.03358 0.67908 0.01392 0.73317
1033624.825335 2.20432 2.46492 98.92228 -0.03390 0.67919 0.01417 0.73304
1033624.832511 2.26235 2.44349 98.94374 -0.03319 0.67860 0.01395 0.73363
1033624.836990 2.33787 2.44154 98.94580 -0.03363 0.67849 0.01350 0.73371
1033624.841471 2.38476 2.45065 98.95162 -0.03319 0.67842 0.01358 0.73380
1033624.846194 2.42971 2.45491 98.95725 -0.03342 0.67839 0.01326 0.73382
1033624.854830 2.38893 2.48059 98.93550 -0.03381 0.67899 0.01383 0.73323
1033624.859391 2.36877 2.48159 98.93816 -0.03361 0.67919 0.01411 0.73305
1033624.863870 2.38823 2.47697 98.93309 -0.03368 0.67917 0.01452 0.73306
1033624.872830 2.44057 2.47706 98.93272 -0.03342 0.67908 0.01499 0.73315
1033624.877311 2.48963 2.45664 98.94790 -0.03301 0.67869 0.01477 0.73354
1033624.881790 2.56053 2.44995 98.95591 -0.03329 0.67845 0.01450 0.73375
1033624.886271 2.62102 2.45445 98.96401 -0.03342 0.67846 0.01443 0.73373
1033624.895231 2.67601 2.45522 98.96506 -0.03318 0.67855 0.01487 0.73365
1033624.904191 2.62502 2.47700 98.94633 -0.03418 0.67913 0.01480 0.73308
1033624.908670 2.62315 2.48175 98.94462 -0.03446 0.67941 0.01494 0.73280
1033624.917368 2.65937 2.48504 98.94960 -0.03423 0.67948 0.01519 0.73274
1033624.926590 2.71568 2.48382 98.95956 -0.03405 0.67944 0.01532 0.73278
1033624.926863 2.77005 2.45858 98.98322 -0.03368 0.67892 0.01479 0.73329
1033624.935550 2.87092 2.46055 98.99272 -0.03396 0.67873 0.01490 0.73345
1033624.940031 2.89567 2.46244 98.98784 -0.03363 0.67878 0.01512 0.73342
1033624.940183 2.91263 2.46887 98.98255 -0.03369 0.67863 0.01515 0.73355
1033624.948991 2.87921 2.48950 98.96205 -0.03429 0.67922 0.01568 0.73296
1033624.953470 2.85114 2.49294 98.95707 -0.03396 0.67947 0.01590 0.73275
1033624.960507 2.88559 2.49063 98.96537 -0.03397 0.67950 0.01640 0.73271
1033624.969613 2.92874 2.48907 98.96245 -0.03417 0.67951 0.01628 0.73269
1033624.975871 2.96918 2.50182 98.96697 -0.03418 0.67959 0.01587 0.73263
1033624.983416 3.04052 2.48140 98.98225 -0.03327 0.67925 0.01610 0.73298
1033624.989310 3.10942 2.46862 98.99819 -0.03348 0.67904 0.01626 0.73315
1033624.993791 3.17665 2.46778 98.99981 -0.03356 0.67883 0.01616 0.73335
1033624.998270 3.22128 2.47669 99.00310 -0.03345 0.67884 0.01648 0.73334
1033625.002751 3.16422 2.49357 98.98283 -0.03433 0.67937 0.01662 0.73281
1033625.007230 3.12207 2.50152 98.97290 -0.03375 0.67955 0.01675 0.73266
1033625.015525 3.16506 2.51499 98.98376 -0.03391 0.67963 0.01648 0.73259
1033625.020671 3.20504 2.51744 98.98998 -0.03416 0.67968 0.01600 0.73254
1033625.025150 3.22712 2.50891 98.98024 -0.03385 0.67974 0.01705 0.73248
1033625.029631 3.26176 2.50612 98.98529 -0.03406 0.67956 0.01743 0.73262
1033625.034110 3.31902 2.48348 99.00662 -0.03318 0.67907 0.01706 0.73312
1033625.042032 3.41110 2.48174 99.01864 -0.03383 0.67899 0.01619 0.73319
1033625.047551 3.46442 2.48772 99.02538 -0.03369 0.67909 0.01631 0.73310
1033625.056511 3.51608 2.48284 99.02459 -0.03395 0.67897 0.01621 0.73320
1033625.062919 3.48321 2.50014 98.99994 -0.03465 0.67952 0.01677 0.73265
1033625.069950 3.44518 2.51169 98.99398 -0.03420 0.67973 0.01711 0.73247
1033625.074431 3.48562 2.51765 98.99940 -0.03428 0.67982 0.01761 0.73236
1033625.078910 3.50323 2.52005 99.00311 -0.03411 0.67989 0.01753 0.73231
1033625.083391 3.54395 2.50027 99.00979 -0.03317 0.67955 0.01786 0.73266
1033625.087870 3.62375 2.48789 99.03210 -0.03371 0.67941 0.01768 0.73277
1033625.096830 3.70750 2.49086 99.04470 -0.03390 0.67928 0.01744 0.73289
1033625.101311 3.76809 2.50246 99.04664 -0.03401 0.67927 0.01684 0.73290
1033625.105790 3.70451 2.51662 99.02615 -0.03471 0.67972 0.01758 0.73244
1033625.110271 3.65788 2.52381 99.01349 -0.03464 0.67985 0.01806 0.73231
1033625.123532 3.73375 2.53164 99.01404 -0.03453 0.67982 0.01824 0.73234
1033625.128191 3.75725 2.52962 99.01377 -0.03478 0.67977 0.01843 0.73237
1033625.132670 3.79384 2.49761 99.03412 -0.03387 0.67942 0.01814 0.73274
1033625.137151 3.89722 2.49538 99.05690 -0.03395 0.67937 0.01835 0.73278
1033625.141630 3.93690 2.50046 99.06055 -0.03440 0.67933 0.01753 0.73282
1033625.146111 3.95934 2.49573 99.05890 -0.03433 0.67941 0.01821 0.73273
1033625.150590 3.90600 2.51726 99.04117 -0.03501 0.67998 0.01820 0.73217
1033625.159550 3.89744 2.53797 99.03043 -0.03470 0.67994 0.01822 0.73222
1033625.168510 3.95114 2.54396 99.03392 -0.03466 0.68000 0.01813 0.73217
1033625.171875 3.95556 2.54353 99.03277 -0.03443 0.68019 0.01865 0.73199
1033625.177470 3.99397 2.54445 99.03274 -0.03449 0.68010 0.01829 0.73208
1033625.181951 4.05017 2.53087 99.04556 -0.03413 0.67968 0.01762 0.73250
1033625.186430 4.12109 2.51738 99.06755 -0.03358 0.67953 0.01828 0.73265
1033625.195390 4.19097 2.51486 99.07972 -0.03419 0.67964 0.01797 0.73253
1033625.199871 4.16034 2.54223 99.05860 -0.03496 0.68010 0.01878 0.73204
1033625.204350 4.13785 2.55230 99.04575 -0.03471 0.68027 0.01883 0.73190
1033625.208831 4.16250 2.55406 99.04352 -0.03455 0.68020 0.01895 0.73197
1033625.217791 4.21105 2.55454 99.04019 -0.03419 0.68013 0.01941 0.73204
1033625.222270 4.24436 2.55478 99.04633 -0.03478 0.68012 0.01890 0.73203
1033625.231214 4.29160 2.52939 99.06903 -0.03416 0.67975 0.01821 0.73242
1033625.240190 4.39198 2.52436 99.08897 -0.03396 0.67978 0.01878 0.73238
1033625.243309 4.42111 2.52162 99.09605 -0.03417 0.67973 0.01892 0.73242
1033625.249150 4.38880 2.54874 99.07219 -0.03497 0.68028 0.01930 0.73186
1033625.258110 4.40875 2.56557 99.05874 -0.03446 0.68027 0.01911 0.73190
1033625.262591 4.44097 2.56760 99.05696 -0.03455 0.68017 0.01916 0.73199
1033625.267070 4.45158 2.56569 99.06077 -0.03445 0.68027 0.01951 0.73189
1033625.271551 4.52066 2.55716 99.07872 -0.03400 0.67973 0.01866 0.73244
1033625.276030 4.55150 2.54266 99.09049 -0.03382 0.67963 0.01901 0.73253
1033625.282305 4.60013 2.52924 99.09595 -0.03412 0.67979 0.01885 0.73237
1033625.289471 4.64626 2.53283 99.10191 -0.03382 0.67983 0.01936 0.73233
1033625.293950 4.67631 2.53233 99.10974 -0.03372 0.67987 0.01944 0.73230
1033625.298431 4.63311 2.54784 99.08873 -0.03516 0.68037 0.01946 0.73177
1033625.302910 4.61521 2.56216 99.07874 -0.03454 0.68050 0.01969 0.73166
1033625.311870 4.64912 2.57074 99.07400 -0.03415 0.68053 0.01993 0.73165
1033625.316351 4.69084 2.57423 99.07221 -0.03426 0.68038 0.01945 0.73180
1033625.323695 4.72574 2.57489 99.08006 -0.03416 0.68055 0.01946 0.73165
1033625.329790 4.77462 2.55668 99.09735 -0.03329 0.68008 0.01891 0.73213
1033625.334271 4.85272 2.54302 99.12077 -0.03332 0.67992 0.01918 0.73228
1033625.338750 4.89107 2.54066 99.12337 -0.03377 0.68014 0.01904 0.73205
1033625.343231 4.91127 2.54392 99.13312 -0.03363 0.68025 0.01922 0.73196
1033625.350471 4.95501 2.53977 99.13621 -0.03398 0.68031 0.01890 0.73189
1033625.356670 4.91022 2.56414 99.11232 -0.03491 0.68074 0.01934 0.73144
1033625.361151 4.90887 2.58634 99.09851 -0.03409 0.68066 0.01911 0.73156
1033625.365630 4.92460 2.58480 99.09247 -0.03398 0.68057 0.01931 0.73164
1033625.370111 4.97191 2.58585 99.09275 -0.03378 0.68065 0.01926 0.73158
1033625.376810 4.99993 2.59231 99.09546 -0.03371 0.68059 0.01894 0.73164
1033625.383550 5.05174 2.59123 99.09859 -0.03391 0.68073 0.01899 0.73150
1033625.388031 5.08321 2.57359 99.11871 -0.03333 0.68014 0.01845 0.73209
1033625.392510 5.13639 2.56014 99.13452 -0.03329 0.68012 0.01858 0.73211
1033625.396991 5.17023 2.55876 99.15047 -0.03341 0.68039 0.01898 0.73184
1033625.402570 5.19625 2.55619 99.15467 -0.03380 0.68036 0.01842 0.73187
1033625.410430 5.17234 2.57558 99.13314 -0.03435 0.68095 0.01902 0.73128
1033625.414911 5.17539 2.59450 99.11381 -0.03419 0.68073 0.01877 0.73150
1033625.419390 5.21737 2.60219 99.11466 -0.03372 0.68070 0.01898 0.73154
1033625.428350 5.24929 2.59446 99.10669 -0.03372 0.68056 0.01932 0.73166
1033625.432831 5.28714 2.59962 99.10866 -0.03325 0.68059 0.01948 0.73165
1033625.437310 5.32167 2.58044 99.12859 -0.03247 0.68016 0.01896 0.73210
1033625.443667 5.37973 2.56859 99.14587 -0.03255 0.68005 0.01909 0.73219
1033625.450751 5.43920 2.56647 99.15832 -0.03276 0.68023 0.01902 0.73202
1033625.458366 5.47473 2.57072 99.16694 -0.03281 0.68034 0.01879 0.73193
1033625.464190 5.44684 2.59990 99.14633 -0.03412 0.68081 0.01889 0.73142
1033625.468671 5.43408 2.60979 99.13004 -0.03379 0.68081 0.01827 0.73145
1033625.473150 5.45336 2.60766 99.12636 -0.03346 0.68082 0.01884 0.73144
1033625.477631 5.49002 2.61008 99.12888 -0.03361 0.68069 0.01876 0.73156
1033625.485897 5.51919 2.60758 99.12498 -0.03335 0.68068 0.01902 0.73158
1033625.491070 5.55336 2.58891 99.13751 -0.03147 0.68031 0.01959 0.73199
1033625.495551 5.62355 2.57524 99.16165 -0.03179 0.68014 0.01951 0.73213
1033625.500030 5.67867 2.57629 99.17140 -0.03208 0.68031 0.01952 0.73196
1033625.508990 5.72606 2.58013 99.17756 -0.03204 0.68033 0.01915 0.73195
1033625.513471 5.75136 2.58259 99.17958 -0.03241 0.68039 0.01892 0.73189
1033625.517950 5.72613 2.60934 99.15733 -0.03387 0.68079 0.01866 0.73146
1033625.524023 5.70920 2.61678 99.15092 -0.03323 0.68097 0.01868 0.73132
1033625.531391 5.75683 2.62335 99.15285 -0.03282 0.68093 0.01880 0.73137
1033625.535870 5.78568 2.62329 99.15403 -0.03304 0.68091 0.01856 0.73138
1033625.540351 5.83964 2.60106 99.17779 -0.03150 0.68047 0.01905 0.73185
1033625.544830 5.89688 2.58747 99.19095 -0.03193 0.68045 0.01893 0.73185
1033625.550008 5.91438 2.58459 99.18813 -0.03192 0.68047 0.01932 0.73182
1033625.558271 5.95928 2.58782 99.19397 -0.03163 0.68039 0.01982 0.73190
1033625.567231 6.01428 2.59306 99.20017 -0.03224 0.68059 0.01873 0.73171
1033625.571710 5.97290 2.61181 99.18043 -0.03310 0.68106 0.01903 0.73123
1033625.580670 5.98220 2.62603 99.16572 -0.03302 0.68107 0.01901 0.73122
1033625.588842 6.03267 2.62693 99.16458 -0.03300 0.68092 0.01898 0.73136
1033625.589630 6.02682 2.63268 99.17117 -0.03270 0.68103 0.01874 0.73128
1033625.594111 6.05989 2.63361 99.17189 -0.03303 0.68091 0.01854 0.73138
1033625.598590 6.10325 2.61056 99.19378 -0.03130 0.68048 0.01894 0.73185
1033625.603761 6.17374 2.60501 99.21077 -0.03151 0.68048 0.01907 0.73184
1033625.612031 6.21090 2.60103 99.21423 -0.03111 0.68048 0.01929 0.73185
1033625.616510 6.24337 2.60077 99.21715 -0.03198 0.68047 0.01965 0.73181
1033625.625470 6.22321 2.62403 99.19531 -0.03296 0.68099 0.01953 0.73129
1033625.629951 6.21656 2.63595 99.17684 -0.03280 0.68103 0.01884 0.73127
1033625.634430 6.23789 2.63956 99.18014 -0.03272 0.68107 0.01867 0.73125
1033625.638911 6.24308 2.63984 99.18209 -0.03284 0.68125 0.01886 0.73107
1033625.646290 6.29646 2.64167 99.19119 -0.03297 0.68126 0.01858 0.73106
1033625.652350 6.33658 2.61940 99.21931 -0.03142 0.68081 0.01920 0.73154
1033625.656831 6.40435 2.60854 99.22753 -0.03157 0.68064 0.01960 0.73168
1033625.661310 6.44096 2.60694 99.23249 -0.03102 0.68072 0.02022 0.73161
1033625.665791 6.47632 2.61531 99.22862 -0.03117 0.68070 0.01999 0.73162
1033625.674751 6.52538 2.61319 99.22911 -0.03152 0.68055 0.01982 0.73176
1033625.679230 6.49563 2.63747 99.20951 -0.03308 0.68106 0.01946 0.73122
1033625.684662 6.46971 2.65056 99.19774 -0.03267 0.68142 0.01886 0.73092
1033625.692671 6.50872 2.65935 99.20556 -0.03285 0.68144 0.01873 0.73090
1033625.697150 6.52015 2.65333 99.19733 -0.03268 0.68129 0.01876 0.73105
1033625.701631 6.56268 2.63291 99.22235 -0.03060 0.68085 0.01991 0.73151
1033625.706110 6.62333 2.61404 99.23097 -0.03089 0.68066 0.02031 0.73167
1033625.711476 6.67017 2.61459 99.23743 -0.03155 0.68063 0.02004 0.73167
1033625.719551 6.73214 2.62031 99.24353 -0.03099 0.68066 0.02042 0.73166
1033625.724030 6.73014 2.61140 99.23914 -0.03104 0.68059 0.02061 0.73172
1033625.728511 6.69804 2.63630 99.21731 -0.03283 0.68118 0.01977 0.73112
1033625.732990 6.68363 2.65219 99.20895 -0.03305 0.68139 0.01878 0.73093
1033625.741950 6.72523 2.66241 99.21031 -0.03229 0.68141 0.01918 0.73094
1033625.746431 6.75705 2.66166 99.21366 -0.03249 0.68138 0.01854 0.73097
1033625.755391 6.80009 2.64507 99.23905 -0.03098 0.68085 0.01953 0.73151
1033625.764351 6.86888 2.62332 99.25347 -0.03069 0.68082 0.02035 0.73152
1033625.768830 6.91599 2.62310 99.25211 -0.03103 0.68071 0.02059 0.73161
1033625.773311 6.97543 2.62164 99.26046 -0.03149 0.68069 0.02012 0.73162
1033625.777790 7.00739 2.62931 99.26209 -0.03165 0.68074 0.01985 0.73157
1033625.782271 6.96730 2.65633 99.23798 -0.03283 0.68124 0.01926 0.73107
1033625.786750 6.93765 2.66228 99.22542 -0.03261 0.68139 0.01928 0.73094
1033625.791872 6.96715 2.66984 99.22600 -0.03258 0.68135 0.01880 0.73099
1033625.800191 7.00065 2.67653 99.22843 -0.03196 0.68146 0.01956 0.73090
1033625.804670 7.02828 2.67437 99.22883 -0.03232 0.68143 0.01919 0.73092
1033625.809151 7.05791 2.66227 99.25261 -0.03122 0.68085 0.01969 0.73149
1033625.818111 7.14297 2.64855 99.26629 -0.03107 0.68088 0.02022 0.73146
1033625.822590 7.18251 2.63213 99.27641 -0.03146 0.68079 0.02075 0.73151
1033625.827071 7.21509 2.63437 99.28462 -0.03188 0.68093 0.02033 0.73137
1033625.832032 7.18081 2.66242 99.25695 -0.03301 0.68153 0.02002 0.73077
1033625.840510 7.15754 2.67674 99.24283 -0.03207 0.68146 0.02038 0.73087
1033625.844991 7.18324 2.67995 99.23894 -0.03254 0.68156 0.01994 0.73077
1033625.853951 7.24029 2.68267 99.24906 -0.03308 0.68161 0.01984 0.73070
1033625.858430 7.26745 2.66832 99.26462 -0.03166 0.68091 0.02026 0.73140
1033625.862911 7.33097 2.65088 99.27406 -0.03102 0.68081 0.02159 0.73149
1033625.871871 7.38552 2.64569 99.28165 -0.03070 0.68071 0.02235 0.73157
1033625.881786 7.42746 2.64258 99.28899 -0.03120 0.68084 0.02202 0.73144
1033625.889791 7.49137 2.65118 99.28832 -0.03138 0.68091 0.02165 0.73137
1033625.894270 7.45190 2.67784 99.26246 -0.03276 0.68148 0.02132 0.73080
1033625.898751 7.43500 2.68636 99.26552 -0.03284 0.68177 0.02106 0.73052
1033625.903230 7.44244 2.68823 99.25582 -0.03266 0.68167 0.02144 0.73062
1033625.907711 7.47498 2.69955 99.25537 -0.03228 0.68165 0.02138 0.73066
1033625.912190 7.49467 2.69878 99.27561 -0.03080 0.68097 0.02240 0.73132
1033625.921150 7.56106 2.67891 99.28893 -0.03087 0.68101 0.02262 0.73128
1033625.925631 7.60874 2.65444 99.29546 -0.03172 0.68103 0.02245 0.73122
1033625.930110 7.64140 2.64803 99.29901 -0.03158 0.68104 0.02279 0.73121
1033625.935648 7.69837 2.65109 99.30474 -0.03168 0.68110 0.02269 0.73115
1033625.943551 7.65465 2.67886 99.28136 -0.03319 0.68168 0.02245 0.73055
1033625.949171 7.63705 2.69921 99.26846 -0.03320 0.68185 0.02205 0.73040
1033625.957556 7.68464 2.69815 99.27648 -0.03340 0.68188 0.02218 0.73037
1033625.961471 7.71539 2.70378 99.27147 -0.03331 0.68166 0.02209 0.73058
1033625.965950 7.74019 2.68343 99.29185 -0.03182 0.68113 0.02255 0.73112
1033625.970431 7.80518 2.66489 99.30294 -0.03208 0.68110 0.02298 0.73112
1033625.974910 7.83324 2.66737 99.31028 -0.03242 0.68122 0.02300 0.73099
1033625.979918 7.84031 2.65660 99.31177 -0.03236 0.68123 0.02367 0.73097
1033625.988351 7.89277 2.65901 99.31971 -0.03273 0.68125 0.02337 0.73094
1033625.992830 7.85836 2.67548 99.30025 -0.03402 0.68191 0.02275 0.73029
1033625.997311 7.84134 2.69662 99.29066 -0.03374 0.68209 0.02285 0.73013
1033626.001790 7.86729 2.70436 99.28661 -0.03419 0.68193 0.02232 0.73028
1033626.006751 7.90819 2.70933 99.28617 -0.03417 0.68198 0.02216 0.73024
1033626.015231 7.94563 2.71500 99.29420 -0.03439 0.68203 0.02199 0.73018
1033626.019710 7.96866 2.70254 99.31172 -0.03239 0.68147 0.02305 0.73077
1033626.024191 8.03132 2.68190 99.32831 -0.03218 0.68119 0.02372 0.73101
1033626.028670 8.05213 2.67570 99.31880 -0.03278 0.68111 0.02346 0.73107
1033626.037630 8.09534 2.68251 99.31905 -0.03249 0.68104 0.02382 0.73114
1033626.042111 8.12893 2.67745 99.33230 -0.03284 0.68119 0.02386 0.73098
1033626.046590 8.10297 2.69160 99.30946 -0.03423 0.68183 0.02383 0.73032
1033626.055550 8.12619 2.70736 99.30181 -0.03441 0.68212 0.02331 0.73006
1033626.060031 8.14364 2.71895 99.29929 -0.03457 0.68200 0.02345 0.73016
1033626.064510 8.16942 2.72486 99.29962 -0.03444 0.68199 0.02311 0.73019
1033626.068991 8.19205 2.72624 99.30211 -0.03455 0.68205 0.02268 0.73014
1033626.073470 8.21171 2.71204 99.31968 -0.03284 0.68131 0.02338 0.73089
1033626.082430 8.26952 2.69724 99.32715 -0.03244 0.68115 0.02425 0.73102
1033626.086911 8.31751 2.69833 99.33249 -0.03277 0.68120 0.02402 0.73097
1033626.095871 8.35981 2.69282 99.33370 -0.03267 0.68114 0.02454 0.73101
1033626.100350 8.33304 2.70796 99.31490 -0.03443 0.68180 0.02426 0.73032
1033626.104831 8.34209 2.72128 99.31491 -0.03474 0.68206 0.02437 0.73007
1033626.113791 8.38274 2.72137 99.31035 -0.03488 0.68199 0.02381 0.73014
1033626.118270 8.39910 2.72767 99.31459 -0.03449 0.68191 0.02393 0.73023
1033626.122751 8.43279 2.70875 99.33712 -0.03305 0.68131 0.02409 0.73085
1033626.127251 8.46966 2.69352 99.33500 -0.03283 0.68105 0.02484 0.73108
1033626.134495 8.52084 2.69594 99.34420 -0.03341 0.68116 0.02459 0.73096
1033626.140671 8.54818 2.69823 99.34542 -0.03341 0.68117 0.02507 0.73093
1033626.145150 8.56436 2.69548 99.34104 -0.03332 0.68109 0.02467 0.73103
1033626.157573 8.56412 2.71322 99.31971 -0.03476 0.68179 0.02466 0.73031
1033626.163070 8.57789 2.71631 99.31131 -0.03551 0.68190 0.02389 0.73020
1033626.167551 8.61557 2.72639 99.32089 -0.03525 0.68196 0.02425 0.73014
1033626.172030 8.64894 2.72586 99.31535 -0.03530 0.68200 0.02426 0.73010
1033626.176511 8.66521 2.73548 99.31890 -0.03517 0.68208 0.02391 0.73004
1033626.180990 8.67875 2.71892 99.33836 -0.03352 0.68142 0.02452 0.73072
1033626.189950 8.74745 2.70408 99.35042 -0.03339 0.68121 0.02520 0.73089
1033626.194431 8.79941 2.71411 99.35996 -0.03356 0.68133 0.02503 0.73078
1033626.198910 8.82025 2.71472 99.36460 -0.03363 0.68134 0.02525 0.73076
1033626.203391 8.80096 2.72729 99.33849 -0.03518 0.68190 0.02502 0.73017
1033626.207952 8.80878 2.73906 99.32863 -0.03549 0.68200 0.02450 0.73008
1033626.216830 8.84610 2.73282 99.32491 -0.03579 0.68209 0.02413 0.72999
1033626.221311 8.87529 2.73973 99.32821 -0.03540 0.68208 0.02498 0.72999
1033626.225790 8.89679 2.74284 99.32372 -0.03507 0.68192 0.02513 0.73015
1033626.230271 8.91590 2.72463 99.35189 -0.03367 0.68134 0.02545 0.73075
1033626.234750 8.95795 2.71689 99.36232 -0.03355 0.68126 0.02548 0.73083
1033626.243710 9.01015 2.72343 99.37073 -0.03350 0.68129 0.02569 0.73079
1033626.248271 9.05265 2.72876 99.37810 -0.03354 0.68139 0.02561 0.73070
1033626.256932 9.07727 2.73242 99.38282 -0.03380 0.68155 0.02559 0.73054
1033626.261630 9.05239 2.74826 99.35679 -0.03515 0.68220 0.02554 0.72988
1033626.266111 9.05556 2.75125 99.34592 -0.03546 0.68216 0.02534 0.72990
1033626.270590 9.08217 2.74516 99.34644 -0.03636 0.68210 0.02512 0.72992
1033626.275626 9.10323 2.74484 99.34182 -0.03565 0.68199 0.02582 0.73003
1033626.284031 9.13748 2.75182 99.34453 -0.03529 0.68207 0.02587 0.72998
1033626.288510 9.16058 2.73131 99.37151 -0.03417 0.68146 0.02571 0.73060
1033626.296319 9.23140 2.72459 99.38610 -0.03382 0.68136 0.02670 0.73068
1033626.301951 9.27506 2.72894 99.38726 -0.03401 0.68126 0.02656 0.73077
1033626.306430 9.30042 2.73563 99.38254 -0.03373 0.68131 0.02689 0.73072
1033626.310911 9.28350 2.75074 99.36025 -0.03549 0.68189 0.02644 0.73011
1033626.315390 9.26287 2.75514 99.34844 -0.03533 0.68209 0.02624 0.72994
1033626.324350 9.30332 2.75153 99.34955 -0.03575 0.68203 0.02619 0.72998
1033626.328831 9.32266 2.75524 99.34870 -0.03541 0.68182 0.02662 0.73018
1033626.333310 9.35708 2.76114 99.35384 -0.03552 0.68197 0.02665 0.73003
1033626.337791 9.37623 2.74820 99.37632 -0.03393 0.68135 0.02701 0.73067
1033626.342270 9.43194 2.73490 99.38732 -0.03361 0.68117 0.02763 0.73083
1033626.349213 9.48799 2.73970 99.39792 -0.03379 0.68127 0.02746 0.73074
1033626.355711 9.50359 2.74806 99.40061 -0.03424 0.68135 0.02676 0.73067
1033626.364671 9.55649 2.74867 99.40786 -0.03405 0.68148 0.02715 0.73054
1033626.369150 9.53251 2.76736 99.38092 -0.03502 0.68208 0.02710 0.72993
1033626.373631 9.52105 2.77150 99.36357 -0.03528 0.68197 0.02690 0.73004
1033626.378110 9.55278 2.77736 99.36629 -0.03480 0.68218 0.02710 0.72985
1033626.387070 9.58793 2.77598 99.36578 -0.03502 0.68208 0.02697 0.72994
1033626.391551 9.60142 2.76628 99.39400 -0.03381 0.68140 0.02720 0.73063
1033626.396030 9.65928 2.75578 99.40432 -0.03397 0.68134 0.02732 0.73066
1033626.404990 9.69915 2.74697 99.40815 -0.03402 0.68134 0.02785 0.73065
1033626.409471 9.71842 2.74592 99.40862 -0.03386 0.68135 0.02788 0.73064
1033626.414860 9.73072 2.75025 99.40396 -0.03353 0.68135 0.02822 0.73064
1033626.422910 9.71885 2.76808 99.37573 -0.03464 0.68205 0.02825 0.72994
1033626.427391 9.73642 2.77312 99.37150 -0.03495 0.68208 0.02758 0.72992
1033626.436351 9.78557 2.77767 99.37656 -0.03485 0.68213 0.02753 0.72988
1033626.447357 9.83447 2.78272 99.37586 -0.03444 0.68229 0.02743 0.72976
1033626.458031 9.89150 2.78817 99.38154 -0.03435 0.68227 0.02735 0.72978
1033626.464866 9.91802 2.76894 99.41294 -0.03293 0.68171 0.02799 0.73035
1033626.475460 9.99783 2.76218 99.42563 -0.03291 0.68159 0.02840 0.73044
1033626.476670 10.02682 2.76595 99.42844 -0.03289 0.68150 0.02809 0.73054
1033626.485630 10.07297 2.76776 99.43455 -0.03295 0.68153 0.02823 0.73050
1033626.490111 10.08678 2.76910 99.43415 -0.03275 0.68153 0.02814 0.73051
1033626.503550 10.07975 2.78399 99.40469 -0.03391 0.68234 0.02807 0.72971
1033626.512510 10.12448 2.79465 99.40061 -0.03479 0.68247 0.02716 0.72958
1033626.523301 10.17278 2.79870 99.40202 -0.03443 0.68252 0.02741 0.72954
1033626.534459 10.22606 2.80538 99.39962 -0.03418 0.68255 0.02750 0.72952
1033626.543871 10.27574 2.80680 99.40117 -0.03393 0.68249 0.02760 0.72959
1033626.552831 10.28734 2.79216 99.42171 -0.03296 0.68180 0.02789 0.73027
1033626.566270 10.34909 2.78126 99.43176 -0.03249 0.68180 0.02825 0.73027
1033626.575230 10.40617 2.78298 99.44412 -0.03290 0.68173 0.02807 0.73033
1033626.579711 10.40959 2.80215 99.42131 -0.03384 0.68250 0.02833 0.72956
1033626.588671 10.44925 2.81130 99.41872 -0.03441 0.68270 0.02770 0.72936
1033626.597631 10.50239 2.82052 99.42442 -0.03473 0.68272 0.02746 0.72934
1033626.606591 10.54795 2.82534 99.42521 -0.03432 0.68291 0.02751 0.72918
1033626.615551 10.59021 2.82890 99.42936 -0.03376 0.68278 0.02784 0.72931
1033626.624790 10.60776 2.81155 99.45544 -0.03263 0.68212 0.02842 0.72996
1033626.637950 10.68170 2.80233 99.46472 -0.03286 0.68206 0.02874 0.72999
1033626.645526 10.73471 2.80382 99.47224 -0.03308 0.68209 0.02866 0.72995
1033626.651391 10.76206 2.80054 99.47322 -0.03352 0.68208 0.02838 0.72996
1033626.660351 10.77688 2.81857 99.45300 -0.03471 0.68285 0.02845 0.72917
1033626.669971 10.81291 2.83337 99.44757 -0.03482 0.68309 0.02802 0.72897
1033626.682750 10.88802 2.84182 99.45091 -0.03440 0.68303 0.02807 0.72904
1033626.683647 10.90396 2.84601 99.45076 -0.03447 0.68301 0.02772 0.72907
1033626.700670 10.97027 2.84850 99.45458 -0.03477 0.68308 0.02777 0.72899
1033626.705151 10.96859 2.82677 99.48121 -0.03332 0.68235 0.02844 0.72971
1033626.715385 11.04574 2.81980 99.49336 -0.03321 0.68208 0.02907 0.72994
1033626.723071 11.07674 2.83018 99.49734 -0.03308 0.68211 0.02857 0.72994
1033626.727550 11.12600 2.83668 99.50818 -0.03331 0.68229 0.02838 0.72977
1033626.736510 11.16437 2.83562 99.50943 -0.03341 0.68230 0.02842 0.72975
1033626.745470 11.16956 2.85395 99.48699 -0.03476 0.68306 0.02813 0.72899
1033626.752464 11.19551 2.86724 99.47303 -0.03483 0.68314 0.02765 0.72894
1033626.758911 11.21939 2.86507 99.46858 -0.03481 0.68316 0.02771 0.72891
1033626.767871 11.27813 2.87231 99.47213 -0.03473 0.68298 0.02803 0.72907
1033626.781310 11.33229 2.87533 99.47429 -0.03403 0.68304 0.02817 0.72904
1033626.787368 11.35283 2.85947 99.50222 -0.03328 0.68239 0.02839 0.72968
1033626.799230 11.41746 2.84699 99.52145 -0.03330 0.68228 0.02861 0.72977
1033626.806357 11.46732 2.84574 99.52392 -0.03329 0.68227 0.02914 0.72976
1033626.817150 11.50864 2.84641 99.52436 -0.03328 0.68227 0.02921 0.72976
1033626.826110 11.51648 2.86628 99.50024 -0.03441 0.68306 0.02920 0.72897
1033626.835070 11.55683 2.87784 99.49572 -0.03461 0.68311 0.02825 0.72895
1033626.844030 11.61001 2.88143 99.49812 -0.03484 0.68312 0.02801 0.72894
1033626.856759 11.66965 2.88337 99.50083 -0.03475 0.68321 0.02789 0.72886
1033626.857471 11.67195 2.87103 99.52973 -0.03374 0.68255 0.02838 0.72951
1033626.866026 11.72557 2.86165 99.53827 -0.03311 0.68234 0.02891 0.72972
1033626.875391 11.78863 2.86302 99.53817 -0.03323 0.68227 0.02915 0.72976
1033626.879870 11.80912 2.86707 99.54275 -0.03260 0.68234 0.02925 0.72972
1033626.893311 11.86796 2.86886 99.53579 -0.03274 0.68222 0.02986 0.72980
1033626.902271 11.88115 2.88610 99.50963 -0.03439 0.68287 0.02894 0.72916
1033626.911231 11.90205 2.90050 99.50529 -0.03509 0.68305 0.02785 0.72900
1033626.924670 11.97486 2.89963 99.50829 -0.03474 0.68314 0.02781 0.72893
1033626.933630 12.02044 2.90176 99.52089 -0.03476 0.68323 0.02823 0.72883
1033626.938111 12.03915 2.87703 99.55002 -0.03347 0.68257 0.02853 0.72949
1033626.942590 12.07875 2.87960 99.55406 -0.03289 0.68238 0.02954 0.72966
1033626.947430 12.10025 2.88186 99.55916 -0.03236 0.68240 0.02959 0.72967
1033626.960510 12.15605 2.87840 99.56488 -0.03339 0.68252 0.02879 0.72954
1033626.966386 12.20089 2.88254 99.57095 -0.03288 0.68244 0.02890 0.72963
1033626.973951 12.20391 2.90294 99.54572 -0.03393 0.68315 0.02911 0.72891
1033626.983823 12.23631 2.91723 99.53294 -0.03496 0.68338 0.02829 0.72868
1033626.991871 12.28103 2.92640 99.53682 -0.03460 0.68335 0.02809 0.72873
1033627.000831 12.32315 2.92757 99.53815 -0.03489 0.68341 0.02772 0.72868
1033627.014270 12.31441 2.90602 99.55844 -0.03360 0.68271 0.02796 0.72938
1033627.018751 12.37217 2.88570 99.56487 -0.03264 0.68255 0.02955 0.72951
1033627.027711 12.43024 2.88911 99.56880 -0.03301 0.68238 0.02964 0.72965
1033627.036671 12.46945 2.88966 99.57107 -0.03256 0.68252 0.02958 0.72955
1033627.039188 12.46912 2.90952 99.55167 -0.03379 0.68311 0.02976 0.72893
1033627.050239 12.51909 2.92292 99.54291 -0.03496 0.68328 0.02867 0.72876
1033627.068030 12.59691 2.93130 99.54931 -0.03468 0.68341 0.02862 0.72865
1033627.076990 12.64305 2.94414 99.55408 -0.03471 0.68349 0.02853 0.72858
1033627.085950 12.65510 2.92045 99.57374 -0.03330 0.68286 0.02868 0.72922
1033627.090431 12.70412 2.91381 99.58464 -0.03258 0.68264 0.02937 0.72944
1033627.094910 12.73177 2.91960 99.58536 -0.03254 0.68258 0.02963 0.72948
1033627.103870 12.77015 2.91091 99.58334 -0.03270 0.68255 0.03008 0.72948
1033627.112830 12.81736 2.91157 99.58609 -0.03256 0.68250 0.03042 0.72952
1033627.117311 12.83204 2.93187 99.56315 -0.03381 0.68321 0.03023 0.72881
1033627.130750 12.88444 2.94960 99.55871 -0.03442 0.68344 0.02908 0.72862
1033627.139710 12.92731 2.96209 99.56520 -0.03451 0.68339 0.02880 0.72867
1033627.147114 12.97313 2.96538 99.56104 -0.03420 0.68334 0.02840 0.72875
1033627.153174 12.98494 2.96625 99.55773 -0.03457 0.68331 0.02824 0.72876
1033627.166590 12.98945 2.94722 99.57887 -0.03278 0.68279 0.02893 0.72930
1033627.178108 13.05316 2.93257 99.58553 -0.03219 0.68266 0.02957 0.72943
1033627.184510 13.10981 2.93027 99.59257 -0.03245 0.68241 0.03017 0.72962
1033627.193470 13.13586 2.94962 99.57054 -0.03328 0.68305 0.03049 0.72897
1033627.197951 13.17767 2.96495 99.57188 -0.03472 0.68339 0.02908 0.72864
1033627.204927 13.21419 2.97712 99.58060 -0.03414 0.68348 0.02914 0.72859
1033627.217266 13.27566 2.98189 99.58314 -0.03399 0.68357 0.02913 0.72851
1033627.231452 13.33551 2.98661 99.58336 -0.03378 0.68361 0.02904 0.72849
1033627.238270 13.33639 2.96317 99.61377 -0.03263 0.68283 0.02928 0.72926
1033627.242751 13.37519 2.95481 99.61406 -0.03249 0.68269 0.02973 0.72938
1033627.251711 13.39495 2.95469 99.61829 -0.03240 0.68270 0.02996 0.72936
1033627.257026 13.43121 2.95589 99.61482 -0.03217 0.68254 0.03010 0.72951
1033627.269631 13.45751 2.97382 99.59200 -0.03287 0.68320 0.03068 0.72885
1033627.274110 13.51191 2.98614 99.58188 -0.03386 0.68350 0.03032 0.72853
1033627.283070 13.55826 2.99636 99.59278 -0.03420 0.68347 0.02911 0.72859
1033627.287551 13.57688 3.00202 99.58746 -0.03404 0.68364 0.02911 0.72845
1033627.292030 13.56389 2.98626 99.60972 -0.03301 0.68291 0.02948 0.72916
1033627.296511 13.58793 2.97270 99.62512 -0.03239 0.68260 0.02976 0.72947
1033627.300990 13.60976 2.97056 99.63005 -0.03230 0.68281 0.02987 0.72927
1033627.309950 13.65361 2.97644 99.63564 -0.03233 0.68282 0.03035 0.72924
1033627.314431 13.66906 2.97497 99.63975 -0.03259 0.68296 0.02973 0.72913
1033627.318910 13.68397 2.99271 99.61285 -0.03399 0.68355 0.02949 0.72852
1033627.323391 13.71013 3.00382 99.60960 -0.03443 0.68360 0.02888 0.72847
1033627.332351 13.75006 3.00673 99.61150 -0.03458 0.68372 0.02872 0.72836
1033627.336830 13.79229 3.01542 99.61724 -0.03443 0.68369 0.02896 0.72839
1033627.341311 13.81860 3.01506 99.61140 -0.03419 0.68362 0.02909 0.72845
1033627.345790 13.81151 3.00167 99.63681 -0.03290 0.68293 0.02948 0.72914
1033627.350271 13.82503 2.98410 99.64632 -0.03241 0.68284 0.03065 0.72920
1033627.359231 13.86915 2.99074 99.65323 -0.03200 0.68293 0.03055 0.72914
1033627.363710 13.88569 2.98980 99.65931 -0.03261 0.68302 0.03024 0.72905
1033627.368666 13.89470 2.98921 99.65007 -0.03232 0.68284 0.03035 0.72922
1033627.376987 13.91599 3.00319 99.62904 -0.03293 0.68352 0.03098 0.72853
1033627.386111 13.98718 3.01785 99.62300 -0.03423 0.68369 0.02990 0.72836
1033627.390590 14.02306 3.02846 99.62919 -0.03447 0.68384 0.02937 0.72822
1033627.399550 14.07272 3.03822 99.63514 -0.03425 0.68384 0.02938 0.72824
1033627.404031 14.06457 3.02110 99.66175 -0.03334 0.68323 0.02916 0.72886
1033627.408510 14.06308 3.00521 99.67298 -0.03278 0.68320 0.02985 0.72888
1033627.412991 14.09138 3.00466 99.67543 -0.03260 0.68320 0.03017 0.72888
1033627.417470 14.11167 3.00197 99.67603 -0.03257 0.68323 0.03021 0.72885
1033627.422142 14.13884 3.01147 99.67982 -0.03239 0.68327 0.03037 0.72882
1033627.430911 14.16039 3.02318 99.65524 -0.03341 0.68388 0.03058 0.72819
1033627.435390 14.19065 3.03370 99.63969 -0.03444 0.68396 0.02958 0.72811
1033627.439871 14.23217 3.04433 99.64052 -0.03427 0.68386 0.02978 0.72820
1033627.444350 14.25942 3.04772 99.64465 -0.03409 0.68394 0.02964 0.72813
1033627.448831 14.24766 3.03056 99.66921 -0.03320 0.68329 0.02932 0.72880
1033627.457791 14.28295 3.01840 99.67735 -0.03235 0.68317 0.03024 0.72891
1033627.462270 14.30365 3.01569 99.68305 -0.03254 0.68325 0.03064 0.72881
1033627.466751 14.32683 3.02296 99.68497 -0.03218 0.68322 0.03040 0.72887
1033627.471230 14.34682 3.02613 99.68989 -0.03209 0.68327 0.03067 0.72881
1033627.475793 14.35917 3.03783 99.66739 -0.03286 0.68397 0.03093 0.72811
1033627.484671 14.39898 3.05162 99.65374 -0.03437 0.68406 0.02990 0.72800
1033627.489150 14.43853 3.05592 99.65618 -0.03441 0.68397 0.03028 0.72807
1033627.498110 14.47134 3.05392 99.65248 -0.03367 0.68397 0.03063 0.72809
1033627.502591 14.50646 3.07028 99.65516 -0.03377 0.68400 0.03009 0.72808
1033627.507070 14.50536 3.04713 99.67808 -0.03249 0.68338 0.03015 0.72872
1033627.511549 14.51868 3.03311 99.69617 -0.03208 0.68331 0.03081 0.72877
1033627.516030 14.55190 3.03603 99.70375 -0.03200 0.68330 0.03092 0.72878
1033627.520511 14.56756 3.03404 99.70018 -0.03222 0.68334 0.03071 0.72875
1033627.524990 14.57880 3.03678 99.70633 -0.03206 0.68347 0.03019 0.72865
1033627.529471 14.59502 3.05406 99.68558 -0.03266 0.68415 0.03093 0.72795
1033627.534872 14.62776 3.07161 99.67283 -0.03431 0.68428 0.02996 0.72780
1033627.542910 14.65801 3.07064 99.66832 -0.03441 0.68408 0.03015 0.72797
1033627.551870 14.71064 3.07700 99.66983 -0.03394 0.68411 0.03063 0.72795
1033627.560830 14.75433 3.07726 99.67070 -0.03399 0.68403 0.03008 0.72804
1033627.565311 14.75062 3.06479 99.69604 -0.03303 0.68338 0.03001 0.72870
1033627.569790 14.77213 3.05078 99.71279 -0.03220 0.68346 0.03047 0.72864
1033627.574271 14.78596 3.05194 99.71119 -0.03192 0.68337 0.03043 0.72874
1033627.578750 14.79895 3.07223 99.68959 -0.03248 0.68402 0.03121 0.72808
1033627.583231 14.81678 3.07825 99.67896 -0.03428 0.68413 0.03012 0.72793
1033627.591667 14.86347 3.07957 99.68439 -0.03414 0.68412 0.03019 0.72795
1033627.596670 14.89140 3.09041 99.68694 -0.03419 0.68415 0.03003 0.72793
1033627.601151 14.91015 3.08996 99.69081 -0.03411 0.68424 0.03004 0.72784
1033627.605630 14.89813 3.08079 99.71306 -0.03323 0.68357 0.02959 0.72853
1033627.610111 14.93627 3.07010 99.72661 -0.03215 0.68348 0.03009 0.72864
1033627.618993 14.98257 3.07059 99.72581 -0.03197 0.68361 0.03019 0.72852
1033627.623550 14.99762 3.06972 99.72902 -0.03216 0.68370 0.03003 0.72844
1033627.632402 15.02695 3.07620 99.73145 -0.03231 0.68363 0.02983 0.72850
1033627.636991 15.05261 3.09250 99.71286 -0.03267 0.68428 0.03077 0.72783
1033627.641470 15.07942 3.11380 99.69982 -0.03337 0.68435 0.03031 0.72776
1033627.650430 15.11045 3.12007 99.69718 -0.03343 0.68436 0.02988 0.72777
1033627.654911 15.13451 3.11708 99.69864 -0.03357 0.68437 0.03020 0.72774
1033627.659390 15.12350 3.09596 99.71978 -0.03303 0.68375 0.02923 0.72838
1033627.663871 15.15381 3.08494 99.72751 -0.03171 0.68350 0.03014 0.72864
1033627.672778 15.19268 3.07969 99.73774 -0.03157 0.68363 0.03081 0.72850
1033627.677310 15.21620 3.08619 99.74239 -0.03171 0.68378 0.03037 0.72837
1033627.681791 15.25537 3.08976 99.74769 -0.03157 0.68378 0.03003 0.72839
1033627.686270 15.26996 3.11019 99.72822 -0.03214 0.68443 0.03070 0.72772
1033627.690751 15.28067 3.12545 99.71967 -0.03345 0.68457 0.02991 0.72757
1033627.699253 15.31788 3.13831 99.71602 -0.03339 0.68446 0.03007 0.72766
1033627.704190 15.33036 3.12800 99.70870 -0.03365 0.68447 0.02993 0.72765
1033627.708671 15.32694 3.11290 99.72942 -0.03324 0.68372 0.02924 0.72840
1033627.713150 15.34388 3.09827 99.74073 -0.03132 0.68364 0.03040 0.72851
1033627.717631 15.36777 3.10004 99.74640 -0.03151 0.68375 0.03054 0.72839
1033627.726227 15.41720 3.09931 99.75374 -0.03199 0.68382 0.03033 0.72832
1033627.731070 15.44030 3.10121 99.76027 -0.03181 0.68389 0.02997 0.72827
1033627.735551 15.46910 3.10775 99.75930 -0.03167 0.68385 0.03007 0.72831
1033627.740030 15.48183 3.12287 99.73855 -0.03259 0.68448 0.03033 0.72767
1033627.744511 15.48926 3.13762 99.72478 -0.03393 0.68471 0.02997 0.72741
1033627.753471 15.53268 3.13989 99.72741 -0.03379 0.68467 0.02984 0.72745
1033627.757950 15.55439 3.14060 99.72802 -0.03358 0.68464 0.03054 0.72747
1033627.762431 15.57564 3.14483 99.72956 -0.03388 0.68457 0.02977 0.72755
1033627.766910 15.57682 3.12505 99.74994 -0.03319 0.68393 0.02918 0.72821
1033627.771391 15.59644 3.11047 99.76345 -0.03207 0.68381 0.02987 0.72834
1033627.780351 15.63749 3.10968 99.76519 -0.03180 0.68379 0.03049 0.72835
1033627.784830 15.66114 3.11616 99.77133 -0.03172 0.68381 0.03036 0.72833
1033627.789311 15.68132 3.10904 99.77099 -0.03221 0.68387 0.03044 0.72826
1033627.793790 15.70224 3.12758 99.75057 -0.03280 0.68452 0.03120 0.72759
1033627.798271 15.72045 3.15487 99.74254 -0.03349 0.68468 0.03055 0.72743
1033627.804770 15.75553 3.15715 99.74387 -0.03332 0.68468 0.03037 0.72745
1033627.811710 15.78365 3.15916 99.74331 -0.03338 0.68454 0.03066 0.72756
1033627.817377 15.81501 3.16183 99.74836 -0.03352 0.68465 0.03025 0.72747
1033627.825151 15.80600 3.14203 99.76827 -0.03271 0.68390 0.02971 0.72824
1033627.830859 15.84278 3.13420 99.77519 -0.03107 0.68377 0.03107 0.72838
1033627.838590 15.88633 3.13537 99.78160 -0.03102 0.68377 0.03081 0.72838
1033627.843071 15.90579 3.13492 99.77495 -0.03098 0.68366 0.03131 0.72847
1033627.852031 15.92624 3.15082 99.75437 -0.03135 0.68439 0.03214 0.72773
1033627.856510 15.97188 3.16655 99.74892 -0.03351 0.68451 0.03086 0.72757
1033627.860991 15.99377 3.17213 99.74861 -0.03312 0.68451 0.03082 0.72760
1033627.865470 16.00653 3.17032 99.74855 -0.03313 0.68443 0.03119 0.72766
1033627.872304 16.04192 3.17202 99.75207 -0.03352 0.68460 0.03088 0.72750
1033627.878911 16.04013 3.15687 99.77460 -0.03272 0.68390 0.03043 0.72820
1033627.883390 16.07512 3.14505 99.78573 -0.03081 0.68374 0.03132 0.72840
1033627.887871 16.09577 3.15142 99.78861 -0.03063 0.68382 0.03132 0.72834
1033627.892350 16.12088 3.15788 99.79237 -0.03102 0.68381 0.03083 0.72834
1033627.898703 16.15274 3.15527 99.79487 -0.03078 0.68393 0.03086 0.72824
1033627.905791 16.18093 3.15533 99.79472 -0.03075 0.68396 0.03071 0.72822
1033627.910270 16.19334 3.17558 99.77311 -0.03137 0.68458 0.03161 0.72758
1033627.914751 16.20841 3.19094 99.76259 -0.03273 0.68459 0.03109 0.72752
1033627.919230 16.23244 3.19411 99.76106 -0.03291 0.68452 0.03119 0.72758
1033627.926533 16.26166 3.19216 99.76601 -0.03293 0.68480 0.03133 0.72732
1033627.932671 16.29378 3.19378 99.77236 -0.03317 0.68476 0.03073 0.72736
1033627.937150 16.28822 3.17432 99.79216 -0.03259 0.68414 0.02994 0.72801
1033627.941631 16.32052 3.16475 99.80417 -0.03099 0.68394 0.03070 0.72824
1033627.946110 16.34622 3.16844 99.81121 -0.03100 0.68408 0.03072 0.72810
1033627.953571 16.37501 3.17383 99.81333 -0.03096 0.68418 0.03056 0.72802
1033627.959551 16.39995 3.17921 99.81561 -0.03065 0.68410 0.03034 0.72812
1033627.964030 16.41472 3.19976 99.79214 -0.03096 0.68475 0.03124 0.72745
1033627.968511 16.44188 3.21745 99.78181 -0.03252 0.68491 0.03082 0.72725
1033627.977471 16.48236 3.21903 99.79046 -0.03257 0.68503 0.03073 0.72714
1033627.981950 16.50912 3.20864 99.78972 -0.03278 0.68495 0.03117 0.72719
1033627.986431 16.52466 3.21914 99.78686 -0.03298 0.68500 0.03064 0.72715
1033627.992143 16.52025 3.20683 99.80731 -0.03302 0.68425 0.02944 0.72790
1033627.999870 16.56361 3.18938 99.82112 -0.03102 0.68408 0.03000 0.72813
1033628.008830 16.59152 3.18905 99.82235 -0.03077 0.68412 0.03076 0.72807
1033628.017790 16.64677 3.19036 99.82719 -0.03036 0.68412 0.03093 0.72808
1033628.022271 16.66852 3.20679 99.80357 -0.03045 0.68477 0.03219 0.72741
1033628.026750 16.68696 3.21705 99.79374 -0.03252 0.68481 0.03102 0.72733
1033628.031231 16.71458 3.21953 99.79025 -0.03246 0.68479 0.03120 0.72735
1033628.035710 16.73137 3.22112 99.79681 -0.03313 0.68472 0.03087 0.72740
1033628.040191 16.75352 3.22125 99.79374 -0.03242 0.68473 0.03139 0.72740
1033628.045940 16.74907 3.20119 99.81598 -0.03151 0.68407 0.03102 0.72808
1033628.053630 16.77217 3.19053 99.82408 -0.03071 0.68399 0.03109 0.72818
1033628.058111 16.79595 3.19654 99.82692 -0.03069 0.68400 0.03059 0.72820
1033628.062590 16.82264 3.20910 99.83313 -0.03098 0.68411 0.02974 0.72811
1033628.067071 16.83464 3.22371 99.80854 -0.03135 0.68482 0.03039 0.72740
1033628.076031 16.88174 3.23476 99.80147 -0.03197 0.68489 0.03062 0.72730
1033628.080510 16.90471 3.23055 99.80242 -0.03296 0.68478 0.02980 0.72740
1033628.085854 16.93762 3.22729 99.81073 -0.03289 0.68479 0.03037 0.72736
1033628.093951 16.93382 3.20901 99.82979 -0.03177 0.68414 0.03001 0.72804
1033628.098430 16.96108 3.21182 99.83659 -0.03089 0.68415 0.03001 0.72806
1033628.098592 16.96270 3.21428 99.83820 -0.03069 0.68413 0.02956 0.72812
1033628.113700 17.01739 3.21625 99.84201 -0.03035 0.68408 0.03007 0.72815
1033628.120831 17.06817 3.22487 99.84523 -0.03039 0.68407 0.03000 0.72816
1033628.125310 17.08901 3.22566 99.84714 -0.03095 0.68410 0.02911 0.72815
1033628.129791 17.10449 3.24810 99.82409 -0.03154 0.68476 0.03004 0.72746
1033628.134270 17.13651 3.25421 99.81726 -0.03255 0.68487 0.02987 0.72733
1033628.138751 17.15897 3.25433 99.81784 -0.03277 0.68492 0.02995 0.72726
1033628.143230 17.17427 3.25458 99.82064 -0.03237 0.68484 0.02983 0.72736
1033628.147711 17.16933 3.23779 99.83945 -0.03139 0.68415 0.02944 0.72807
1033628.153349 17.20100 3.24183 99.85550 -0.02983 0.68404 0.03010 0.72821
1033628.161150 17.23285 3.24175 99.85301 -0.03031 0.68408 0.02982 0.72817
1033628.165631 17.25247 3.24433 99.85959 -0.02970 0.68410 0.03054 0.72814
1033628.170110 17.27677 3.24614 99.85543 -0.03002 0.68405 0.03013 0.72819
1033628.174591 17.29113 3.26592 99.83103 -0.03085 0.68470 0.03055 0.72753
1033628.180496 17.32163 3.26954 99.81763 -0.03203 0.68483 0.03053 0.72736
1033628.188030 17.35785 3.27171 99.81570 -0.03205 0.68464 0.03093 0.72752
1033628.192511 17.39006 3.26737 99.81706 -0.03224 0.68462 0.03113 0.72752
1033628.201471 17.42898 3.26437 99.82071 -0.03249 0.68468 0.03101 0.72746
1033628.205950 17.41570 3.24967 99.84307 -0.03179 0.68396 0.03052 0.72819
1033628.210431 17.42600 3.24467 99.85658 -0.02994 0.68385 0.03145 0.72833
1033628.214910 17.44881 3.25629 99.86253 -0.02964 0.68400 0.03083 0.72822
1033628.221298 17.47531 3.26177 99.86515 -0.02941 0.68400 0.03084 0.72824
1033628.228351 17.51879 3.27091 99.87167 -0.02890 0.68398 0.03088 0.72827
1033628.232830 17.52881 3.28600 99.84623 -0.02970 0.68466 0.03130 0.72759
1033628.241790 17.58823 3.28893 99.83439 -0.03163 0.68482 0.03045 0.72738
1033628.246271 17.60996 3.28493 99.83652 -0.03185 0.68483 0.03151 0.72733
1033628.251766 17.65292 3.29070 99.84055 -0.03186 0.68477 0.03130 0.72739
1033628.259710 17.67244 3.28983 99.83898 -0.03251 0.68464 0.03106 0.72749
1033628.264191 17.65528 3.27423 99.85684 -0.03143 0.68396 0.03067 0.72819
1033628.268670 17.65929 3.26788 99.87232 -0.02988 0.68377 0.03139 0.72841
1033628.273151 17.68390 3.27681 99.87340 -0.02931 0.68394 0.03119 0.72828
1033628.275883 17.70022 3.27717 99.86943 -0.02950 0.68387 0.03130 0.72833
1033628.282111 17.72460 3.27831 99.86812 -0.02903 0.68386 0.03194 0.72833
1033628.286588 17.74957 3.29203 99.84568 -0.03021 0.68452 0.03182 0.72767
1033628.291071 17.79211 3.30025 99.84363 -0.03189 0.68477 0.03096 0.72740
1033628.295550 17.81582 3.30670 99.84612 -0.03181 0.68479 0.03121 0.72737
1033628.302198 17.84205 3.30832 99.84459 -0.03121 0.68480 0.03183 0.72737
1033628.308991 17.83547 3.29087 99.86714 -0.03009 0.68411 0.03163 0.72807
1033628.313470 17.83397 3.28866 99.88009 -0.02947 0.68395 0.03118 0.72826
1033628.317951 17.84756 3.28980 99.88404 -0.02942 0.68402 0.03154 0.72819
1033628.322430 17.86901 3.29601 99.88578 -0.02913 0.68412 0.03151 0.72811
1033628.331390 17.91916 3.29922 99.88986 -0.02888 0.68410 0.03167 0.72813
1033628.335871 17.95006 3.31023 99.86980 -0.02970 0.68482 0.03204 0.72740
1033628.340477 18.00321 3.31727 99.86129 -0.03140 0.68494 0.03128 0.72725
1033628.349310 18.03951 3.31892 99.86184 -0.03164 0.68493 0.03157 0.72724
1033628.353791 18.06516 3.31849 99.86063 -0.03142 0.68493 0.03200 0.72723
1033628.362751 18.10383 3.32317 99.85693 -0.03109 0.68480 0.03240 0.72735
1033628.367230 18.08607 3.30539 99.87662 -0.03001 0.68418 0.03202 0.72799
1033628.368488 18.05944 3.30260 99.88618 -0.02931 0.68411 0.03214 0.72808
1033628.376190 18.09995 3.30724 99.89106 -0.02931 0.68417 0.03205 0.72802
1033628.382900 18.12706 3.31340 99.89363 -0.02940 0.68410 0.03167 0.72810
1033628.389631 18.15589 3.31699 99.89857 -0.02904 0.68434 0.03170 0.72789
1033628.394110 18.18303 3.32806 99.87699 -0.02965 0.68502 0.03206 0.72722
1033628.398591 18.23797 3.34182 99.87147 -0.03091 0.68524 0.03193 0.72696
1033628.403070 18.27369 3.33635 99.87302 -0.03106 0.68512 0.03180 0.72708
1033628.407551 18.28394 3.33485 99.87263 -0.03107 0.68521 0.03181 0.72699
1033628.416511 18.32789 3.34088 99.87528 -0.03090 0.68508 0.03222 0.72710
1033628.420990 18.29565 3.32715 99.89244 -0.03017 0.68434 0.03168 0.72785
1033628.425469 18.29294 3.32807 99.90178 -0.02891 0.68423 0.03200 0.72799
1033628.429950 18.31178 3.33464 99.90022 -0.02871 0.68415 0.03169 0.72809
1033628.434509 18.33374 3.33440 99.90071 -0.02894 0.68413 0.03113 0.72812
1033628.443391 18.35820 3.34882 99.88035 -0.02952 0.68485 0.03158 0.72740
1033628.447870 18.42800 3.35542 99.87409 -0.03049 0.68520 0.03140 0.72704
1033628.449840 18.44405 3.35536 99.87801 -0.03105 0.68525 0.03131 0.72698
1033628.461311 18.49177 3.36138 99.87966 -0.03101 0.68528 0.03122 0.72695
1033628.465790 18.52174 3.36208 99.88834 -0.03082 0.68527 0.03122 0.72697
1033628.470271 18.49879 3.35425 99.90989 -0.03018 0.68455 0.03102 0.72768
1033628.474750 18.49377 3.34377 99.91684 -0.02878 0.68423 0.03190 0.72800
1033628.483710 18.52891 3.34491 99.91620 -0.02900 0.68428 0.03168 0.72796
1033628.488191 18.55262 3.34840 99.91234 -0.02907 0.68415 0.03155 0.72808
1033628.492670 18.56484 3.34651 99.91149 -0.02925 0.68419 0.03146 0.72803
1033628.497151 18.57703 3.35663 99.89088 -0.02962 0.68488 0.03210 0.72735
1033628.501630 18.61862 3.36613 99.87585 -0.03039 0.68510 0.03164 0.72713
1033628.510590 18.67218 3.36626 99.86893 -0.03084 0.68492 0.03133 0.72729
1033628.515071 18.70059 3.37393 99.87206 -0.03034 0.68487 0.03175 0.72734
1033628.519550 18.72997 3.38294 99.87643 -0.03054 0.68495 0.03161 0.72727
1033628.524031 18.71085 3.36679 99.89052 -0.03006 0.68425 0.03085 0.72797
1033628.528510 18.69779 3.35561 99.90373 -0.02928 0.68400 0.03134 0.72822
1033628.537470 18.73904 3.35716 99.91116 -0.02958 0.68400 0.03119 0.72821
1033628.541951 18.75991 3.36105 99.92287 -0.02919 0.68420 0.03160 0.72803
1033628.546430 18.77619 3.36076 99.92203 -0.02910 0.68427 0.03146 0.72797
1033628.555390 18.78640 3.37305 99.90120 -0.02947 0.68489 0.03237 0.72733
1033628.564350 18.85924 3.38028 99.89077 -0.03065 0.68511 0.03156 0.72711
1033628.568831 18.92272 3.39355 99.88766 -0.03112 0.68506 0.03146 0.72714
1033628.573310 18.94657 3.39161 99.89000 -0.03105 0.68516 0.03129 0.72706
1033628.577791 18.92933 3.38486 99.90960 -0.03043 0.68442 0.03095 0.72779
1033628.583335 18.91716 3.37602 99.92423 -0.02914 0.68411 0.03184 0.72810
1033628.591230 18.95100 3.37301 99.92747 -0.02964 0.68416 0.03162 0.72804
1033628.595711 18.98462 3.37569 99.93590 -0.02980 0.68425 0.03138 0.72796
1033628.600190 19.00414 3.38035 99.93841 -0.02942 0.68431 0.03141 0.72792
1033628.609150 19.02025 3.39333 99.91859 -0.02988 0.68496 0.03191 0.72727
1033628.618110 19.08287 3.40266 99.90511 -0.03125 0.68519 0.03115 0.72703
1033628.627070 19.14770 3.41120 99.90330 -0.03177 0.68513 0.03102 0.72707
1033628.636030 19.21071 3.41716 99.90992 -0.03159 0.68512 0.03107 0.72708
1033628.640511 19.20258 3.40038 99.92877 -0.03080 0.68447 0.03046 0.72776
1033628.649471 19.20773 3.39541 99.95053 -0.02972 0.68425 0.03111 0.72797
1033628.658431 19.25771 3.40073 99.95728 -0.02982 0.68421 0.03078 0.72803
1033628.667588 19.30483 3.40540 99.95884 -0.02974 0.68430 0.03019 0.72797
1033628.676351 19.32867 3.42185 99.93746 -0.02927 0.68516 0.03107 0.72714
1033628.689790 19.39752 3.44537 99.92961 -0.03031 0.68531 0.03101 0.72696
1033628.694271 19.45114 3.44695 99.92650 -0.03111 0.68532 0.03061 0.72694
1033628.703231 19.49600 3.44981 99.93243 -0.03098 0.68525 0.03116 0.72698
1033628.712191 19.50014 3.43625 99.95325 -0.03051 0.68460 0.03040 0.72765
1033628.721151 19.51898 3.42627 99.97363 -0.02984 0.68425 0.03003 0.72802
1033628.730111 19.55353 3.43270 99.97400 -0.02955 0.68430 0.03048 0.72796
1033628.739071 19.60252 3.43645 99.97297 -0.02888 0.68429 0.03100 0.72798
1033628.748031 19.64107 3.44144 99.98225 -0.02891 0.68439 0.03107 0.72788
1033628.752510 19.65010 3.45389 99.95968 -0.02876 0.68523 0.03200 0.72706
1033628.761470 19.70461 3.46327 99.94498 -0.03087 0.68538 0.03060 0.72689
1033628.770430 19.77855 3.47509 99.94216 -0.03074 0.68529 0.03098 0.72696
1033628.779390 19.80951 3.47898 99.94425 -0.03049 0.68521 0.03088 0.72705
1033628.783871 19.80931 3.46051 99.96310 -0.02976 0.68447 0.03005 0.72782
1033628.797310 19.83561 3.44900 99.97755 -0.02870 0.68411 0.03057 0.72818
1033628.802295 19.86211 3.45647 99.98112 -0.02849 0.68412 0.03067 0.72817
1033628.810751 19.91417 3.45992 99.97915 -0.02843 0.68398 0.03058 0.72831
1033628.819711 19.95640 3.46533 99.99089 -0.02816 0.68427 0.03002 0.72807
1033628.824190 19.96308 3.47717 99.96809 -0.02850 0.68504 0.03052 0.72731
1033628.828671 20.00778 3.49456 99.95694 -0.02950 0.68524 0.03099 0.72706
1033628.837631 20.05652 3.49213 99.95776 -0.03002 0.68532 0.03135 0.72694
1033628.851070 20.10689 3.48938 99.96061 -0.03071 0.68533 0.03094 0.72692
1033628.860030 20.10996 3.47073 99.97973 -0.03010 0.68466 0.03013 0.72762
1033628.868990 20.13642 3.46350 99.99547 -0.02912 0.68415 0.02973 0.72816
1033628.877950 20.18917 3.47061 99.99635 -0.02838 0.68417 0.03008 0.72815
1033628.886910 20.23071 3.47108 100.00162 -0.02860 0.68426 0.03033 0.72804
1033628.895870 20.27864 3.48244 100.00779 -0.02845 0.68424 0.03048 0.72807
1033628.904830 20.27292 3.49446 99.98411 -0.02849 0.68510 0.03130 0.72722
1033628.918271 20.34528 3.50132 99.97615 -0.02947 0.68537 0.03062 0.72696
1033628.922750 20.40089 3.51379 99.97583 -0.03040 0.68547 0.03026 0.72684
1033628.931710 20.43936 3.51610 99.97354 -0.03042 0.68551 0.03059 0.72679
1033628.940670 20.46011 3.50199 99.99661 -0.03010 0.68475 0.02993 0.72754
1033628.949630 20.48920 3.48969 100.01591 -0.02878 0.68432 0.03019 0.72799
1033628.954111 20.50572 3.49107 100.01974 -0.02876 0.68444 0.02978 0.72789
1033628.967550 20.56809 3.49217 100.02287 -0.02873 0.68438 0.02955 0.72796
1033628.976510 20.57338 3.50560 100.00522 -0.02879 0.68506 0.03078 0.72726
1033628.985470 20.62529 3.51516 99.99371 -0.03017 0.68538 0.03068 0.72691
1033628.994430 20.70207 3.52743 99.99094 -0.03080 0.68542 0.03046 0.72686
1033629.001830 20.75039 3.53586 99.99148 -0.03095 0.68533 0.03000 0.72696
1033629.012350 20.77430 3.51858 100.01214 -0.03020 0.68463 0.02910 0.72768
1033629.016831 20.77692 3.50709 100.03122 -0.02873 0.68425 0.02943 0.72808
1033629.025791 20.81921 3.51167 100.03573 -0.02877 0.68427 0.02924 0.72807
1033629.034751 20.85939 3.51546 100.03730 -0.02864 0.68439 0.02847 0.72800
1033629.048190 20.86654 3.52855 100.01322 -0.02877 0.68516 0.02914 0.72724
1033629.056030 20.92974 3.54242 100.00563 -0.02987 0.68535 0.02918 0.72702
1033629.066110 21.00668 3.55301 100.00619 -0.03096 0.68536 0.02903 0.72696
1033629.070591 21.05088 3.56262 100.01376 -0.03085 0.68535 0.02939 0.72696
1033629.082687 21.07010 3.54584 100.03552 -0.03041 0.68457 0.02841 0.72776
1033629.088511 21.08122 3.53150 100.05385 -0.02848 0.68432 0.02923 0.72804
1033629.092990 21.11114 3.52939 100.05897 -0.02884 0.68438 0.02891 0.72798
1033629.097471 21.12839 3.52475 100.06582 -0.02938 0.68463 0.02856 0.72774
1033629.110910 21.18650 3.53062 100.06566 -0.02885 0.68447 0.02957 0.72787
1033629.115391 21.19799 3.53592 100.06916 -0.02909 0.68452 0.02910 0.72783
1033629.124351 21.19253 3.54615 100.04722 -0.02903 0.68531 0.03008 0.72705
1033629.134262 21.26561 3.55754 100.04076 -0.03075 0.68542 0.02936 0.72690
1033629.146750 21.34291 3.56558 100.04104 -0.03143 0.68545 0.02938 0.72684
1033629.155710 21.35765 3.55015 100.06029 -0.03073 0.68472 0.02879 0.72759
1033629.164195 21.40271 3.53864 100.08011 -0.02895 0.68458 0.02968 0.72776
1033629.169151 21.42600 3.54414 100.08782 -0.02907 0.68467 0.02959 0.72767
1033629.178111 21.46989 3.54368 100.08919 -0.02953 0.68467 0.02943 0.72766
1033629.187071 21.50605 3.54454 100.09202 -0.02923 0.68472 0.02923 0.72763
1033629.196031 21.50721 3.55405 100.06998 -0.02896 0.68546 0.03034 0.72690
1033629.200510 21.55471 3.56809 100.05948 -0.03082 0.68565 0.02976 0.72667
1033629.213951 21.62847 3.57028 100.05876 -0.03214 0.68556 0.02879 0.72673
1033629.216460 21.65481 3.58346 100.06295 -0.03204 0.68559 0.02877 0.72671
1033629.222911 21.68147 3.58347 100.06126 -0.03220 0.68562 0.02855 0.72669
1033629.228463 21.71809 3.58619 100.06224 -0.03185 0.68565 0.02918 0.72665
1033629.240831 21.73782 3.57289 100.08349 -0.03192 0.68484 0.02815 0.72745
1033629.245310 21.74951 3.56036 100.10256 -0.02957 0.68464 0.02953 0.72769
1033629.254270 21.79032 3.56394 100.10587 -0.02931 0.68456 0.02905 0.72779
1033629.263230 21.82575 3.56857 100.10228 -0.02875 0.68454 0.02947 0.72781
1033629.272190 21.83863 3.58286 100.08031 -0.02955 0.68541 0.02961 0.72695
1033629.281150 21.90875 3.59191 100.07243 -0.03065 0.68556 0.02919 0.72679
1033629.290110 21.96929 3.59921 100.07077 -0.03188 0.68557 0.02829 0.72676
1033629.295789 22.00110 3.60127 100.08031 -0.03175 0.68554 0.02850 0.72678
1033629.306189 22.04327 3.60079 100.08217 -0.03205 0.68563 0.02859 0.72668
1033629.316990 22.05430 3.58426 100.09971 -0.03159 0.68485 0.02766 0.72748
1033629.323398 22.08565 3.57028 100.11433 -0.02930 0.68449 0.02883 0.72786
1033629.334910 22.13322 3.57155 100.11633 -0.02877 0.68430 0.02862 0.72807
1033629.339391 22.15504 3.57515 100.11774 -0.02921 0.68436 0.02868 0.72800
1033629.349306 22.19835 3.57308 100.12239 -0.02913 0.68446 0.02917 0.72788
1033629.357311 22.22318 3.57750 100.10026 -0.02880 0.68536 0.02966 0.72703
1033629.366271 22.28580 3.59411 100.09663 -0.03126 0.68556 0.02820 0.72680
1033629.379710 22.33879 3.60685 100.09083 -0.03205 0.68546 0.02810 0.72686
1033629.388154 22.39432 3.61423 100.09499 -0.03147 0.68541 0.02868 0.72691
1033629.397630 22.43459 3.61880 100.09772 -0.03137 0.68528 0.02867 0.72704
1033629.402111 22.45025 3.60295 100.11668 -0.03102 0.68455 0.02744 0.72779
1033629.411071 22.46265 3.58955 100.13029 -0.02913 0.68443 0.02831 0.72795
1033629.415550 22.48008 3.59121 100.13951 -0.02931 0.68448 0.02816 0.72789
1033629.424510 22.51556 3.59781 100.14479 -0.02853 0.68452 0.02905 0.72785
1033629.433470 22.52292 3.61139 100.12385 -0.02897 0.68545 0.02961 0.72694
1033629.437951 22.56945 3.62336 100.11391 -0.03104 0.68570 0.02816 0.72667
1033629.446807 22.62704 3.63534 100.11215 -0.03128 0.68564 0.02813 0.72672
1033629.451390 22.65927 3.64004 100.12134 -0.03126 0.68576 0.02828 0.72660
1033629.455871 22.67847 3.64707 100.11722 -0.03097 0.68578 0.02804 0.72661
1033629.460350 22.68937 3.64487 100.11904 -0.03128 0.68574 0.02825 0.72663
1033629.464831 22.67666 3.63044 100.13039 -0.03093 0.68493 0.02704 0.72745
1033629.469310 22.67136 3.61438 100.14093 -0.02933 0.68454 0.02755 0.72787
1033629.478270 22.71360 3.60918 100.14656 -0.02883 0.68458 0.02824 0.72782
1033629.482751 22.74636 3.61316 100.15257 -0.02890 0.68445 0.02827 0.72794
1033629.487230 22.74602 3.62177 100.13363 -0.02881 0.68526 0.02900 0.72715
1033629.491711 22.78270 3.63752 100.12152 -0.03031 0.68566 0.02855 0.72673
1033629.496190 22.82097 3.65378 100.12091 -0.03096 0.68564 0.02830 0.72673
1033629.500671 22.84920 3.66223 100.12101 -0.03071 0.68560 0.02798 0.72679
1033629.509631 22.88784 3.66914 100.12495 -0.03024 0.68572 0.02816 0.72669
1033629.514110 22.88032 3.65780 100.13983 -0.03001 0.68489 0.02713 0.72752
1033629.521114 22.89058 3.64014 100.15385 -0.02830 0.68457 0.02737 0.72788
1033629.523070 22.89757 3.63241 100.15833 -0.02840 0.68462 0.02702 0.72784
1033629.536511 22.95490 3.63384 100.16427 -0.02825 0.68460 0.02810 0.72782
1033629.540990 22.97664 3.63351 100.16505 -0.02829 0.68460 0.02794 0.72783
1033629.545471 22.99852 3.63294 100.16734 -0.02830 0.68467 0.02772 0.72778
1033629.549950 23.00046 3.64685 100.15101 -0.02866 0.68529 0.02878 0.72713
1033629.554431 23.04372 3.66427 100.13985 -0.02952 0.68571 0.02914 0.72669
1033629.558910 23.09151 3.67273 100.13797 -0.03061 0.68564 0.02829 0.72674
1033629.564749 23.10935 3.67521 100.13737 -0.03077 0.68564 0.02820 0.72675
1033629.572351 23.10469 3.66061 100.15346 -0.03003 0.68483 0.02737 0.72757
1033629.576830 23.11683 3.64768 100.16764 -0.02850 0.68449 0.02767 0.72794
1033629.585790 23.15822 3.64667 100.17394 -0.02811 0.68453 0.02805 0.72790
1033629.590271 23.18626 3.64946 100.17983 -0.02796 0.68471 0.02815 0.72773
1033629.594750 23.20935 3.64922 100.18383 -0.02831 0.68484 0.02768 0.72762
1033629.599231 23.22519 3.66262 100.16661 -0.02869 0.68554 0.02856 0.72691
1033629.603936 23.26480 3.67943 100.15514 -0.03023 0.68578 0.02851 0.72662
1033629.612670 23.31760 3.68398 100.15177 -0.03038 0.68568 0.02852 0.72671
1033629.617151 23.35146 3.68885 100.15473 -0.03083 0.68558 0.02812 0.72680
1033629.621630 23.36185 3.68776 100.14805 -0.03080 0.68559 0.02822 0.72679
1033629.626111 23.38110 3.68963 100.15196 -0.03066 0.68554 0.02822 0.72684
1033629.631975 23.38610 3.67911 100.16746 -0.03016 0.68475 0.02756 0.72764
1033629.639024 23.38757 3.66164 100.18180 -0.02857 0.68439 0.02762 0.72803
1033629.644031 23.41614 3.66150 100.18854 -0.02830 0.68448 0.02739 0.72797
1033629.648510 23.42740 3.66474 100.19135 -0.02789 0.68450 0.02769 0.72796
1033629.660608 23.48953 3.66472 100.19434 -0.02775 0.68447 0.02787 0.72798
1033629.666430 23.51136 3.67945 100.17524 -0.02825 0.68522 0.02877 0.72722
1033629.670911 23.54952 3.69451 100.16463 -0.03025 0.68546 0.02815 0.72694
1033629.671429 23.57207 3.70328 100.16275 -0.03088 0.68555 0.02728 0.72686
1033629.679871 23.61389 3.70563 100.16846 -0.03080 0.68559 0.02784 0.72680
1033629.685038 23.63803 3.70867 100.16744 -0.03069 0.68560 0.02724 0.72682
1033629.693310 23.64272 3.69788 100.18197 -0.03033 0.68478 0.02629 0.72764
1033629.697791 23.64060 3.68475 100.19880 -0.02839 0.68439 0.02702 0.72806
1033629.702270 23.66061 3.68644 100.20566 -0.02707 0.68454 0.02736 0.72796
1033629.706751 23.68881 3.68448 100.21176 -0.02765 0.68469 0.02682 0.72781
1033629.711900 23.71188 3.68529 100.22113 -0.02787 0.68487 0.02682 0.72764
1033629.720190 23.72570 3.69614 100.20444 -0.02840 0.68561 0.02774 0.72688
1033629.724671 23.76782 3.70897 100.19083 -0.03005 0.68575 0.02759 0.72669
1033629.733631 23.83188 3.71393 100.18250 -0.03015 0.68581 0.02746 0.72664
1033629.738110 23.87023 3.71811 100.18621 -0.03049 0.68567 0.02772 0.72674
1033629.742591 23.86419 3.70747 100.20220 -0.03037 0.68480 0.02630 0.72762
1033629.747070 23.85577 3.68963 100.21499 -0.02842 0.68450 0.02635 0.72798
1033629.751551 23.88100 3.69621 100.21891 -0.02732 0.68441 0.02660 0.72810
1033629.764144 23.93219 3.69655 100.22310 -0.02744 0.68451 0.02618 0.72802
1033629.769471 23.96626 3.70253 100.22806 -0.02684 0.68463 0.02637 0.72792
1033629.778431 23.97761 3.70957 100.20874 -0.02652 0.68545 0.02782 0.72711
1033629.782910 24.02330 3.72305 100.19352 -0.02793 0.68570 0.02744 0.72683
1033629.790046 24.07566 3.73270 100.19207 -0.02938 0.68570 0.02696 0.72679
1033629.796351 24.11504 3.73158 100.19384 -0.03006 0.68573 0.02648 0.72675
1033629.800830 24.14657 3.73132 100.20318 -0.03060 0.68593 0.02640 0.72654
1033629.805311 24.14185 3.72494 100.21899 -0.03062 0.68532 0.02457 0.72718
1033629.809790 24.13911 3.71755 100.23410 -0.02921 0.68478 0.02455 0.72775
1033629.814271 24.15918 3.71381 100.24039 -0.02697 0.68476 0.02567 0.72782
1033629.818918 24.18132 3.71593 100.24373 -0.02654 0.68477 0.02611 0.72781
1033629.827710 24.21770 3.71845 100.24423 -0.02689 0.68479 0.02537 0.72780
1033629.832191 24.25275 3.71944 100.25151 -0.02709 0.68474 0.02530 0.72785
1033629.836670 24.26357 3.72798 100.23472 -0.02690 0.68553 0.02688 0.72705
1033629.841151 24.28878 3.73683 100.21336 -0.02761 0.68597 0.02716 0.72660
1033629.850111 24.33983 3.74573 100.20543 -0.02914 0.68592 0.02639 0.72662
1033629.857404 24.38777 3.74777 100.20822 -0.02994 0.68568 0.02579 0.72683
1033629.868031 24.37400 3.74031 100.22192 -0.02922 0.68497 0.02495 0.72755
1033629.872510 24.36920 3.72956 100.22653 -0.02713 0.68469 0.02510 0.72790
1033629.876764 24.41391 3.72719 100.23913 -0.02629 0.68451 0.02529 0.72809
1033629.882234 24.45472 3.72800 100.24692 -0.02625 0.68457 0.02544 0.72803
1033629.891092 24.50045 3.72949 100.25140 -0.02591 0.68455 0.02611 0.72804
1033629.894911 24.51254 3.73986 100.23197 -0.02605 0.68538 0.02729 0.72721
1033629.899390 24.53880 3.75177 100.21607 -0.02767 0.68572 0.02682 0.72684
1033629.903871 24.58279 3.76010 100.21439 -0.02853 0.68570 0.02636 0.72685
1033629.908350 24.60666 3.76164 100.21966 -0.02858 0.68570 0.02650 0.72684
1033629.917310 24.61749 3.75558 100.23679 -0.02866 0.68481 0.02515 0.72772
1033629.921791 24.62830 3.74149 100.25052 -0.02684 0.68443 0.02521 0.72815
1033629.926270 24.65257 3.73555 100.25597 -0.02576 0.68436 0.02580 0.72823
1033629.935169 24.69450 3.73702 100.25130 -0.02611 0.68442 0.02563 0.72817
1033629.944190 24.74080 3.74172 100.25882 -0.02572 0.68433 0.02572 0.72826
1033629.948671 24.75074 3.75296 100.23941 -0.02577 0.68519 0.02704 0.72741
1033629.953150 24.78320 3.76892 100.22299 -0.02688 0.68565 0.02727 0.72692
1033629.957631 24.82452 3.77879 100.22058 -0.02765 0.68577 0.02701 0.72679
1033629.962110 24.85453 3.78290 100.22700 -0.02801 0.68573 0.02623 0.72684
1033629.971070 24.87846 3.77593 100.24380 -0.02791 0.68482 0.02518 0.72774
1033629.975551 24.87152 3.76178 100.25773 -0.02577 0.68446 0.02613 0.72813
1033629.984511 24.91446 3.75678 100.26421 -0.02584 0.68447 0.02605 0.72812
1033629.988990 24.94581 3.75889 100.26563 -0.02613 0.68453 0.02619 0.72805
1033629.996384 24.94861 3.77460 100.25099 -0.02632 0.68524 0.02762 0.72732
1033630.002431 24.99114 3.78854 100.23548 -0.02722 0.68572 0.02735 0.72685
1033630.011391 25.05111 3.79690 100.22810 -0.02814 0.68582 0.02727 0.72671
1033630.015680 25.09471 3.79596 100.22840 -0.02811 0.68573 0.02756 0.72679
1033630.020351 25.10647 3.78803 100.24502 -0.02839 0.68477 0.02584 0.72775
1033630.024830 25.10519 3.77415 100.25889 -0.02682 0.68429 0.02589 0.72826
1033630.029311 25.12652 3.77111 100.26666 -0.02590 0.68430 0.02679 0.72825
1033630.033790 25.14885 3.77438 100.26378 -0.02530 0.68432 0.02709 0.72824
1033630.042750 25.19044 3.77320 100.26404 -0.02577 0.68418 0.02690 0.72836
1033630.047231 25.20013 3.78570 100.24417 -0.02584 0.68495 0.02820 0.72759
1033630.051710 25.22195 3.79745 100.22575 -0.02746 0.68531 0.02820 0.72719
1033630.056191 25.25482 3.80940 100.22425 -0.02855 0.68542 0.02738 0.72707
1033630.065151 25.30475 3.81458 100.22305 -0.02850 0.68533 0.02736 0.72716
1033630.072385 25.31524 3.80928 100.24179 -0.02833 0.68445 0.02652 0.72803
1033630.078590 25.33647 3.79759 100.25521 -0.02673 0.68412 0.02630 0.72841
1033630.083071 25.38264 3.79258 100.26738 -0.02539 0.68400 0.02713 0.72854
1033630.092031 25.43188 3.79715 100.27192 -0.02510 0.68412 0.02726 0.72843
1033630.096510 25.45943 3.80059 100.27810 -0.02545 0.68429 0.02733 0.72826
1033630.100991 25.46097 3.81456 100.25848 -0.02571 0.68504 0.02843 0.72750
1033630.105470 25.48366 3.83030 100.24185 -0.02766 0.68536 0.02790 0.72714
1033630.109951 25.52541 3.83546 100.23713 -0.02819 0.68551 0.02779 0.72699
1033630.114430 25.53653 3.83481 100.24900 -0.02920 0.68461 0.02571 0.72787
1033630.123390 25.55951 3.83169 100.26090 -0.02764 0.68406 0.02567 0.72845
1033630.127869 25.58572 3.83277 100.26520 -0.02598 0.68393 0.02661 0.72860
1033630.132350 25.61989 3.82186 100.27344 -0.02536 0.68400 0.02674 0.72855
1033630.136831 25.61390 3.83627 100.25380 -0.02551 0.68473 0.02811 0.72780
1033630.141310 25.64355 3.84950 100.24144 -0.02711 0.68518 0.02805 0.72732
1033630.149418 25.69440 3.85173 100.24590 -0.02801 0.68529 0.02765 0.72721
1033630.154751 25.73462 3.85625 100.25268 -0.02810 0.68541 0.02755 0.72709
1033630.159230 25.75232 3.84555 100.27295 -0.02805 0.68465 0.02630 0.72785
1033630.168190 25.77108 3.83823 100.28271 -0.02671 0.68423 0.02657 0.72830
1033630.172671 25.80961 3.84275 100.28139 -0.02613 0.68404 0.02688 0.72848
1033630.177150 25.83208 3.84525 100.28865 -0.02604 0.68431 0.02656 0.72824
1033630.181631 25.83113 3.85641 100.26724 -0.02644 0.68506 0.02765 0.72748
1033630.190591 25.87637 3.86333 100.25000 -0.02741 0.68534 0.02798 0.72717
1033630.195070 25.91814 3.86871 100.25024 -0.02738 0.68515 0.02813 0.72734
1033630.199551 25.94109 3.86590 100.24941 -0.02784 0.68508 0.02823 0.72738
1033630.204030 25.94692 3.85144 100.27420 -0.02765 0.68439 0.02699 0.72809
1033630.208511 25.96147 3.84817 100.29116 -0.02654 0.68411 0.02727 0.72838
1033630.217471 25.99078 3.84733 100.29860 -0.02661 0.68430 0.02685 0.72822
1033630.221948 26.03107 3.85145 100.30058 -0.02690 0.68430 0.02675 0.72821
1033630.226431 26.03653 3.86502 100.27803 -0.02674 0.68499 0.02820 0.72752
1033630.230910 26.07124 3.87076 100.26437 -0.02798 0.68517 0.02815 0.72730
1033630.235391 26.10122 3.86954 100.26882 -0.02770 0.68524 0.02838 0.72724
1033630.244001 26.14921 3.87729 100.27620 -0.02789 0.68515 0.02834 0.72732
1033630.248832 26.17289 3.87503 100.27178 -0.02785 0.68524 0.02847 0.72722
1033630.253311 26.17039 3.86058 100.29817 -0.02733 0.68451 0.02741 0.72797
1033630.257790 26.18271 3.85646 100.31334 -0.02704 0.68430 0.02711 0.72820
1033630.262271 26.23008 3.86033 100.31403 -0.02713 0.68434 0.02692 0.72816
1033630.271231 26.27659 3.86665 100.31477 -0.02729 0.68418 0.02668 0.72831
1033630.275710 26.29951 3.87173 100.31694 -0.02696 0.68420 0.02731 0.72828
1033630.280193 26.32951 3.86953 100.32243 -0.02706 0.68423 0.02738 0.72825
1033630.284670 26.33410 3.87792 100.29776 -0.02671 0.68506 0.02891 0.72743
1033630.289151 26.34795 3.88219 100.29142 -0.02797 0.68541 0.02862 0.72705
1033630.293630 26.38797 3.88825 100.28696 -0.02842 0.68532 0.02839 0.72713
1033630.298111 26.40986 3.89523 100.28440 -0.02817 0.68532 0.02852 0.72714
1033630.302590 26.44358 3.89816 100.28511 -0.02770 0.68526 0.02902 0.72720
1033630.311550 26.44127 3.88215 100.31681 -0.02766 0.68451 0.02783 0.72795
1033630.316031 26.49885 3.88229 100.32989 -0.02750 0.68420 0.02713 0.72827
1033630.320510 26.52269 3.88048 100.33077 -0.02773 0.68415 0.02710 0.72831
1033630.324991 26.54553 3.88569 100.32900 -0.02775 0.68419 0.02717 0.72827
1033630.333951 26.58301 3.88740 100.33647 -0.02787 0.68432 0.02693 0.72816
1033630.338430 26.59877 3.90328 100.31727 -0.02769 0.68505 0.02864 0.72741
1033630.342911 26.63125 3.90819 100.29662 -0.02841 0.68522 0.02917 0.72720
1033630.351871 26.69331 3.91779 100.30282 -0.02816 0.68531 0.02886 0.72714
1033630.356350 26.72277 3.92093 100.30311 -0.02880 0.68525 0.02852 0.72718
1033630.365310 26.76047 3.92167 100.30594 -0.02892 0.68522 0.02921 0.72718
1033630.369791 26.75786 3.89977 100.32896 -0.02858 0.68454 0.02792 0.72788
1033630.374270 26.79338 3.89500 100.35370 -0.02839 0.68436 0.02729 0.72808
1033630.383230 26.83531 3.90330 100.34990 -0.02822 0.68437 0.02763 0.72806
1033630.387711 26.86772 3.89999 100.35428 -0.02800 0.68436 0.02768 0.72808
1033630.392192 26.88656 3.90084 100.35892 -0.02821 0.68450 0.02767 0.72794
1033630.396671 26.90236 3.91396 100.33268 -0.02837 0.68527 0.02905 0.72715
1033630.401150 26.94306 3.92481 100.32258 -0.02920 0.68549 0.02861 0.72693
1033630.405631 26.97213 3.93779 100.32152 -0.02902 0.68537 0.02854 0.72706
1033630.410112 27.00527 3.93170 100.32485 -0.02910 0.68543 0.02892 0.72698
1033630.419072 27.05800 3.93716 100.33253 -0.02896 0.68550 0.02879 0.72693
1033630.423551 27.04220 3.92141 100.35955 -0.02897 0.68479 0.02724 0.72766
1033630.428030 27.05115 3.91455 100.36735 -0.02807 0.68457 0.02734 0.72789
1033630.436990 27.09563 3.92014 100.37032 -0.02772 0.68454 0.02753 0.72793
1033630.441471 27.12984 3.91918 100.37072 -0.02800 0.68453 0.02710 0.72794
1033630.445950 27.14449 3.91694 100.37714 -0.02782 0.68464 0.02729 0.72784
1033630.450431 27.16499 3.93448 100.35511 -0.02780 0.68536 0.02871 0.72711
1033630.458507 27.23731 3.94210 100.34641 -0.02860 0.68569 0.02870 0.72677
1033630.463870 27.27970 3.95181 100.34840 -0.02903 0.68574 0.02831 0.72672
1033630.472830 27.32246 3.95180 100.35218 -0.02916 0.68574 0.02789 0.72673
1033630.477274 27.34825 3.95388 100.35192 -0.02900 0.68572 0.02799 0.72675
1033630.481790 27.34271 3.93783 100.37755 -0.02879 0.68495 0.02669 0.72754
1033630.486273 27.34743 3.93606 100.38502 -0.02801 0.68453 0.02696 0.72795
1033630.490750 27.39821 3.93835 100.38551 -0.02796 0.68464 0.02696 0.72785
1033630.495231 27.42328 3.94279 100.39480 -0.02751 0.68457 0.02691 0.72793
1033630.504191 27.43694 3.95978 100.37687 -0.02771 0.68536 0.02814 0.72713
1033630.511114 27.50733 3.96767 100.36898 -0.02862 0.68579 0.02803 0.72670
1033630.517630 27.56072 3.97952 100.37051 -0.02880 0.68574 0.02783 0.72675
1033630.522111 27.60721 3.98090 100.37203 -0.02853 0.68580 0.02734 0.72672
1033630.526590 27.62848 3.98230 100.37317 -0.02903 0.68576 0.02769 0.72672
1033630.531071 27.61113 3.96097 100.40247 -0.02901 0.68496 0.02618 0.72753
1033630.539800 27.64526 3.95406 100.41824 -0.02730 0.68479 0.02677 0.72773
1033630.544510 27.69361 3.96362 100.41002 -0.02727 0.68463 0.02667 0.72789
1033630.551672 27.73633 3.96786 100.42025 -0.02753 0.68467 0.02610 0.72787
1033630.557951 27.78108 3.97488 100.41177 -0.02726 0.68470 0.02649 0.72784
1033630.562430 27.80195 3.99541 100.38291 -0.02762 0.68539 0.02733 0.72714
1033630.566911 27.84161 4.00369 100.37802 -0.02738 0.68567 0.02812 0.72685
1033630.571390 27.86292 3.99635 100.38178 -0.02844 0.68572 0.02750 0.72678
1033630.579431 27.92300 4.00378 100.38795 -0.02870 0.68567 0.02728 0.72684
1033630.584831 27.95456 4.00725 100.39151 -0.02835 0.68574 0.02710 0.72679
1033630.592902 27.95450 3.98807 100.42248 -0.02816 0.68495 0.02604 0.72758
1033630.598270 27.96892 3.97793 100.44160 -0.02741 0.68477 0.02606 0.72777
1033630.602751 27.99075 3.98137 100.44128 -0.02752 0.68473 0.02632 0.72780
1033630.607232 28.03175 3.98517 100.43562 -0.02736 0.68472 0.02652 0.72781
1033630.616190 28.05855 4.00290 100.41355 -0.02770 0.68543 0.02765 0.72709
1033630.620671 28.13615 4.01298 100.40175 -0.02849 0.68582 0.02778 0.72668
1033630.625150 28.14666 4.01781 100.40202 -0.02885 0.68578 0.02724 0.72672
1033630.634110 28.21375 4.01886 100.40618 -0.02870 0.68579 0.02773 0.72670
1033630.638591 28.20692 4.00153 100.43319 -0.02861 0.68499 0.02640 0.72751
1033630.646318 28.22060 3.99712 100.45571 -0.02752 0.68466 0.02657 0.72785
1033630.652030 28.25679 3.99750 100.45732 -0.02745 0.68465 0.02682 0.72786
1033630.656511 28.30639 3.99499 100.45755 -0.02741 0.68466 0.02685 0.72785
1033630.660990 28.31556 4.00014 100.46658 -0.02764 0.68474 0.02655 0.72778
1033630.669950 28.35583 4.01847 100.44053 -0.02827 0.68544 0.02731 0.72707
1033630.674431 28.40735 4.02896 100.42002 -0.02873 0.68582 0.02769 0.72667
1033630.678910 28.43157 4.03702 100.41513 -0.02876 0.68580 0.02779 0.72669
1033630.686168 28.47984 4.03842 100.42406 -0.02884 0.68577 0.02747 0.72673
1033630.692351 28.54027 4.04163 100.42885 -0.02842 0.68578 0.02815 0.72670
1033630.696832 28.52110 4.02031 100.45562 -0.02817 0.68507 0.02673 0.72744
1033630.701311 28.53237 4.01586 100.46772 -0.02746 0.68475 0.02665 0.72777
1033630.705790 28.56035 4.01719 100.47612 -0.02767 0.68479 0.02706 0.72772
1033630.714339 28.62506 4.02209 100.48428 -0.02726 0.68489 0.02707 0.72763
1033630.719231 28.63609 4.01812 100.48960 -0.02758 0.68480 0.02692 0.72771
1033630.723710 28.67164 4.03745 100.46586 -0.02784 0.68555 0.02798 0.72695
1033630.728191 28.69835 4.05219 100.43984 -0.02892 0.68593 0.02773 0.72656
1033630.732670 28.71720 4.05420 100.44087 -0.02875 0.68590 0.02768 0.72660
1033630.737407 28.76699 4.06380 100.44697 -0.02870 0.68589 0.02740 0.72663
1033630.746111 28.80783 4.06457 100.44964 -0.02878 0.68587 0.02746 0.72664
1033630.754092 28.78897 4.04772 100.47741 -0.02848 0.68514 0.02639 0.72737
1033630.759550 28.84787 4.03466 100.49892 -0.02773 0.68492 0.02668 0.72760
1033630.764033 28.90898 4.04225 100.50355 -0.02775 0.68487 0.02646 0.72765
1033630.768510 28.90936 4.04321 100.50579 -0.02742 0.68490 0.02707 0.72762
1033630.772991 28.92883 4.06665 100.47004 -0.02796 0.68564 0.02804 0.72686
1033630.777470 28.97949 4.07472 100.46006 -0.02873 0.68580 0.02779 0.72669
1033630.786430 29.01721 4.08004 100.45513 -0.02867 0.68590 0.02769 0.72660
1033630.790913 29.05618 4.08066 100.46306 -0.02887 0.68584 0.02765 0.72665
1033630.795390 29.09757 4.08118 100.46365 -0.02912 0.68584 0.02732 0.72666
1033630.799873 29.11457 4.07873 100.46104 -0.02902 0.68577 0.02760 0.72672
1033630.805907 29.10292 4.06096 100.48841 -0.02834 0.68506 0.02674 0.72745
1033630.813310 29.15099 4.05377 100.50683 -0.02731 0.68479 0.02701 0.72773
1033630.819495 29.19928 4.05768 100.51865 -0.02762 0.68468 0.02694 0.72782
1033630.826751 29.25429 4.06324 100.52314 -0.02796 0.68479 0.02672 0.72772
1033630.831230 29.29782 4.05832 100.52549 -0.02774 0.68471 0.02698 0.72779
1033630.835711 29.32304 4.07634 100.49743 -0.02801 0.68544 0.02814 0.72705
1033630.840190 29.33848 4.09357 100.47356 -0.02907 0.68572 0.02759 0.72676
1033630.849150 29.39805 4.09978 100.48010 -0.02904 0.68576 0.02758 0.72672
1033630.853633 29.43656 4.10721 100.48977 -0.02898 0.68582 0.02731 0.72668
1033630.859222 29.44875 4.10516 100.49176 -0.02920 0.68585 0.02758 0.72663
1033630.867070 29.44480 4.08365 100.52183 -0.02825 0.68517 0.02691 0.72734
1033630.871551 29.49136 4.07638 100.53788 -0.02774 0.68482 0.02698 0.72768
1033630.876030 29.53811 4.07389 100.54135 -0.02774 0.68485 0.02709 0.72765
1033630.880511 29.57338 4.08342 100.54445 -0.02748 0.68481 0.02706 0.72770
1033630.885183 29.59810 4.09196 100.54157 -0.02747 0.68482 0.02688 0.72770
1033630.893950 29.61649 4.10771 100.51467 -0.02766 0.68557 0.02792 0.72695
1033630.899822 29.68180 4.12187 100.50165 -0.02884 0.68585 0.02747 0.72666
1033630.907391 29.72896 4.12523 100.51086 -0.02893 0.68580 0.02750 0.72670
1033630.911870 29.78041 4.12853 100.50658 -0.02877 0.68570 0.02783 0.72678
1033630.916351 29.81097 4.13280 100.50973 -0.02897 0.68573 0.02738 0.72676
1033630.920830 29.78744 4.11186 100.53453 -0.02865 0.68506 0.02612 0.72746
1033630.928357 29.83585 4.10120 100.55815 -0.02751 0.68477 0.02696 0.72774
1033630.934271 29.88942 4.10434 100.56871 -0.02783 0.68480 0.02664 0.72771
1033630.938748 29.89176 4.10432 100.56643 -0.02763 0.68481 0.02720 0.72769
1033630.943231 29.93638 4.10687 100.56432 -0.02742 0.68478 0.02723 0.72772
1033630.947712 29.94796 4.12460 100.53979 -0.02796 0.68546 0.02809 0.72704
1033630.952613 29.98485 4.14147 100.52691 -0.02904 0.68585 0.02807 0.72663
1033630.961151 30.05683 4.14465 100.52477 -0.02899 0.68578 0.02758 0.72671
1033630.965630 30.09529 4.15202 100.53111 -0.02910 0.68575 0.02752 0.72673
1033630.974590 30.14478 4.14922 100.53067 -0.02914 0.68564 0.02782 0.72682
1033630.979071 30.13589 4.13436 100.55469 -0.02855 0.68493 0.02684 0.72756
1033630.981560 30.13336 4.12186 100.57508 -0.02740 0.68466 0.02729 0.72784
1033630.992510 30.20038 4.12105 100.58854 -0.02759 0.68472 0.02742 0.72776
1033630.996991 30.24185 4.12599 100.59088 -0.02770 0.68477 0.02713 0.72772
1033631.001470 30.24443 4.12397 100.58108 -0.02733 0.68472 0.02772 0.72777
1033631.006754 30.26923 4.14143 100.55981 -0.02817 0.68544 0.02834 0.72703
1033631.014911 30.33190 4.15648 100.55299 -0.02881 0.68575 0.02831 0.72671
1033631.019390 30.39702 4.16903 100.55146 -0.02903 0.68575 0.02775 0.72673
1033631.023871 30.43000 4.17224 100.54563 -0.02890 0.68567 0.02767 0.72682
1033631.028350 30.42090 4.15235 100.57746 -0.02846 0.68496 0.02674 0.72753
1033631.032831 30.43264 4.13315 100.59699 -0.02741 0.68470 0.02742 0.72780
1033631.041791 30.49509 4.14249 100.60365 -0.02741 0.68461 0.02757 0.72787
1033631.046270 30.52563 4.14245 100.60767 -0.02753 0.68476 0.02734 0.72773
1033631.050751 30.54739 4.14130 100.61004 -0.02770 0.68472 0.02718 0.72777
1033631.055230 30.55207 4.15391 100.58721 -0.02770 0.68546 0.02852 0.72702
1033631.059711 30.58857 4.16884 100.56892 -0.02915 0.68583 0.02822 0.72663
1033631.068673 30.65158 4.17880 100.56732 -0.02885 0.68579 0.02817 0.72669
1033631.073150 30.70055 4.18435 100.56571 -0.02840 0.68563 0.02858 0.72683
1033631.077631 30.72552 4.19021 100.57410 -0.02851 0.68578 0.02828 0.72670
1033631.082110 30.71222 4.17190 100.59662 -0.02822 0.68505 0.02701 0.72745
1033631.086591 30.72998 4.15661 100.61513 -0.02727 0.68480 0.02744 0.72770
1033631.095551 30.77286 4.15938 100.62807 -0.02720 0.68487 0.02768 0.72763
1033631.100878 30.82369 4.16004 100.62885 -0.02731 0.68488 0.02759 0.72762
1033631.108990 30.87499 4.16268 100.63051 -0.02738 0.68484 0.02748 0.72766
1033631.113471 30.89747 4.17570 100.60803 -0.02753 0.68563 0.02878 0.72686
1033631.117950 30.94083 4.19659 100.58951 -0.02880 0.68579 0.02859 0.72667
1033631.122431 30.99049 4.20575 100.59102 -0.02839 0.68573 0.02865 0.72673
1033631.127045 31.02420 4.20602 100.58997 -0.02849 0.68557 0.02856 0.72689
1033631.135870 31.06730 4.20832 100.59231 -0.02819 0.68566 0.02900 0.72679
1033631.140351 31.05847 4.19086 100.61396 -0.02777 0.68489 0.02788 0.72758
1033631.144830 31.07375 4.17406 100.64318 -0.02678 0.68467 0.02817 0.72781
1033631.149311 31.09110 4.17442 100.63841 -0.02714 0.68469 0.02794 0.72780
1033631.154196 31.12805 4.17711 100.64139 -0.02705 0.68469 0.02804 0.72779
1033631.162750 31.18287 4.17569 100.64970 -0.02733 0.68472 0.02792 0.72776
1033631.167231 31.20116 4.18900 100.62907 -0.02751 0.68550 0.02918 0.72696
1033631.176191 31.27219 4.20629 100.61633 -0.02846 0.68583 0.02949 0.72661
1033631.180670 31.33094 4.21862 100.61371 -0.02888 0.68582 0.02862 0.72663
1033631.185149 31.36698 4.22930 100.61559 -0.02838 0.68572 0.02866 0.72674
1033631.189630 31.39502 4.22552 100.62073 -0.02870 0.68575 0.02843 0.72671
1033631.194249 31.39711 4.20741 100.64380 -0.02804 0.68509 0.02752 0.72740
1033631.203071 31.41303 4.19740 100.66108 -0.02705 0.68478 0.02768 0.72772
1033631.208013 31.45272 4.20215 100.66015 -0.02689 0.68466 0.02794 0.72783
1033631.212031 31.47225 4.20048 100.66363 -0.02680 0.68477 0.02805 0.72773
1033631.220991 31.48172 4.21717 100.64691 -0.02677 0.68559 0.02962 0.72689
1033631.225470 31.54024 4.22886 100.63858 -0.02837 0.68592 0.02925 0.72654
1033631.229951 31.61122 4.23552 100.63668 -0.02892 0.68596 0.02855 0.72650
1033631.234740 31.64993 4.23683 100.63615 -0.02880 0.68584 0.02895 0.72661
1033631.243390 31.71493 4.24000 100.64137 -0.02886 0.68578 0.02877 0.72667
1033631.247873 31.74625 4.25038 100.63780 -0.02822 0.68574 0.02933 0.72671
1033631.252350 31.73479 4.22885 100.66023 -0.02758 0.68503 0.02821 0.72745
1033631.256831 31.73506 4.21629 100.67678 -0.02648 0.68470 0.02859 0.72779
1033631.265791 31.78616 4.21635 100.67767 -0.02685 0.68473 0.02822 0.72776
1033631.270270 31.83587 4.22233 100.68776 -0.02680 0.68475 0.02821 0.72774
1033631.274751 31.85266 4.23778 100.66593 -0.02723 0.68545 0.02922 0.72702
1033631.279230 31.91303 4.25665 100.65047 -0.02859 0.68572 0.02912 0.72672
1033631.288190 31.97230 4.25921 100.65085 -0.02885 0.68562 0.02877 0.72681
1033631.292671 32.00893 4.26565 100.65738 -0.02862 0.68573 0.02892 0.72672
1033631.297150 32.02971 4.26420 100.65949 -0.02866 0.68572 0.02884 0.72673
1033631.301736 32.00580 4.24322 100.68316 -0.02837 0.68508 0.02755 0.72739
1033631.310591 32.04687 4.22821 100.70083 -0.02676 0.68474 0.02843 0.72774
1033631.315072 32.08999 4.23449 100.70490 -0.02696 0.68471 0.02824 0.72777
1033631.319551 32.12805 4.23215 100.70516 -0.02693 0.68463 0.02820 0.72784
1033631.324030 32.14173 4.23824 100.70238 -0.02635 0.68470 0.02863 0.72779
1033631.328511 32.14757 4.25573 100.67875 -0.02668 0.68533 0.02985 0.72713
1033631.337400 32.21421 4.27384 100.66715 -0.02822 0.68575 0.02958 0.72669
1033631.341950 32.29123 4.27625 100.67184 -0.02857 0.68580 0.02918 0.72665
1033631.350910 32.35764 4.28883 100.67631 -0.02823 0.68589 0.02959 0.72655
1033631.355391 32.38366 4.29089 100.67946 -0.02847 0.68591 0.02876 0.72656
1033631.359870 32.36308 4.27482 100.70231 -0.02814 0.68517 0.02760 0.72732
1033631.364351 32.38571 4.25519 100.72611 -0.02680 0.68480 0.02816 0.72769
1033631.368830 32.41638 4.25554 100.72823 -0.02697 0.68470 0.02810 0.72778
1033631.377790 32.46077 4.25381 100.72518 -0.02628 0.68466 0.02861 0.72783
1033631.382271 32.52141 4.25822 100.73344 -0.02703 0.68460 0.02834 0.72786
1033631.386750 32.53700 4.27491 100.70551 -0.02758 0.68528 0.02936 0.72717
1033631.391233 32.56073 4.29526 100.68563 -0.02812 0.68573 0.03001 0.72669
1033631.400191 32.64493 4.30229 100.68554 -0.02826 0.68572 0.02983 0.72670
1033631.404670 32.66798 4.30390 100.69467 -0.02862 0.68586 0.02930 0.72658
1033631.409151 32.65245 4.28722 100.71886 -0.02861 0.68515 0.02776 0.72731
1033631.418111 32.69219 4.26785 100.74227 -0.02692 0.68486 0.02809 0.72764
1033631.422590 32.72902 4.27109 100.75242 -0.02629 0.68480 0.02870 0.72769
1033631.427071 32.75148 4.27568 100.74853 -0.02612 0.68474 0.02874 0.72775
1033631.431552 32.78818 4.27780 100.75555 -0.02646 0.68477 0.02825 0.72773
1033631.440510 32.80406 4.29526 100.73216 -0.02675 0.68541 0.02965 0.72706
1033631.444991 32.85397 4.31197 100.71530 -0.02803 0.68586 0.02988 0.72658
1033631.449470 32.91152 4.31358 100.71498 -0.02872 0.68593 0.02942 0.72651
1033631.458430 32.98083 4.31954 100.71397 -0.02844 0.68572 0.02984 0.72670
1033631.462911 33.02417 4.32026 100.71621 -0.02871 0.68577 0.02956 0.72665
1033631.467390 33.00118 4.30265 100.74406 -0.02852 0.68507 0.02815 0.72737
1033631.471871 33.01308 4.28370 100.77016 -0.02673 0.68476 0.02852 0.72772
1033631.476350 33.04392 4.29035 100.76730 -0.02626 0.68470 0.02898 0.72777
1033631.484292 33.09959 4.28927 100.77537 -0.02622 0.68471 0.02895 0.72777
1033631.489791 33.11969 4.29682 100.77290 -0.02575 0.68469 0.02863 0.72782
1033631.494270 33.17641 4.29966 100.77866 -0.02649 0.68467 0.02862 0.72781
1033631.498751 33.18827 4.31780 100.75352 -0.02676 0.68535 0.02994 0.72711
1033631.503230 33.22458 4.33408 100.73411 -0.02796 0.68580 0.03015 0.72663
1033631.511367 33.30251 4.33983 100.73826 -0.02828 0.68585 0.02995 0.72658
1033631.516671 33.34442 4.34695 100.74008 -0.02828 0.68589 0.03006 0.72654
1033631.523424 33.39305 4.34860 100.74303 -0.02848 0.68586 0.02978 0.72656
1033631.525631 33.38671 4.33438 100.76510 -0.02863 0.68514 0.02807 0.72731
1033631.530110 33.38554 4.31330 100.78979 -0.02689 0.68473 0.02802 0.72776
1033631.539070 33.40094 4.30822 100.79437 -0.02542 0.68470 0.02913 0.72780
1033631.543551 33.44411 4.31492 100.79590 -0.02550 0.68463 0.02893 0.72787
1033631.548030 33.48802 4.32156 100.79651 -0.02538 0.68458 0.02900 0.72791
1033631.552511 33.50308 4.33601 100.77478 -0.02519 0.68536 0.03075 0.72712
1033631.556990 33.52475 4.35357 100.75509 -0.02675 0.68577 0.03087 0.72668
1033631.565950 33.62488 4.36253 100.75154 -0.02780 0.68581 0.03039 0.72661
1033631.570433 33.66865 4.36810 100.75763 -0.02794 0.68585 0.03037 0.72657
1033631.574910 33.69466 4.36756 100.75754 -0.02806 0.68580 0.03011 0.72662
1033631.583870 33.69237 4.35066 100.77686 -0.02792 0.68507 0.02847 0.72738
1033631.588351 33.71042 4.33248 100.80298 -0.02635 0.68463 0.02847 0.72785
1033631.597311 33.76363 4.33543 100.81436 -0.02532 0.68465 0.02891 0.72785
1033631.609562 33.84374 4.33696 100.82729 -0.02543 0.68467 0.02907 0.72783
1033631.619710 33.91480 4.34211 100.83005 -0.02527 0.68481 0.02919 0.72770
1033631.624191 33.91442 4.35866 100.80809 -0.02553 0.68556 0.03065 0.72692
1033631.630485 33.95202 4.37830 100.79417 -0.02747 0.68587 0.03040 0.72657
1033631.642111 34.05037 4.38289 100.79607 -0.02806 0.68607 0.03039 0.72636
1033631.651071 34.14274 4.38841 100.79763 -0.02821 0.68597 0.03032 0.72645
1033631.660031 34.14285 4.36596 100.82353 -0.02782 0.68526 0.02873 0.72720
1033631.668991 34.18124 4.34442 100.84839 -0.02605 0.68482 0.02901 0.72767
1033631.677951 34.24792 4.34900 100.85515 -0.02548 0.68476 0.02954 0.72772
1033631.691390 34.34159 4.35338 100.86619 -0.02522 0.68479 0.02962 0.72771
1033631.700350 34.43468 4.36627 100.87313 -0.02530 0.68474 0.02954 0.72774
1033631.709310 34.43973 4.38738 100.84813 -0.02563 0.68546 0.03110 0.72699
1033631.711651 34.46204 4.40601 100.83059 -0.02706 0.68593 0.03141 0.72649
1033631.722751 34.55697 4.41057 100.82535 -0.02781 0.68604 0.03104 0.72637
1033631.731711 34.65622 4.41864 100.83017 -0.02813 0.68596 0.03103 0.72643
1033631.738097 34.70386 4.42681 100.83040 -0.02810 0.68584 0.03107 0.72654
1033631.749631 34.70294 4.40602 100.85247 -0.02807 0.68499 0.02904 0.72743
1033631.758591 34.74185 4.38438 100.87576 -0.02589 0.68473 0.02929 0.72774
1033631.767551 34.82300 4.38232 100.88987 -0.02512 0.68481 0.03000 0.72767
1033631.776511 34.90922 4.39132 100.90568 -0.02525 0.68470 0.03031 0.72776
1033631.788265 34.98699 4.39813 100.91144 -0.02535 0.68481 0.03011 0.72766
1033631.797960 34.98711 4.41415 100.88986 -0.02573 0.68557 0.03147 0.72687
1033631.798910 35.00980 4.43227 100.87224 -0.02666 0.68608 0.03229 0.72632
1033631.807870 35.09522 4.44345 100.86740 -0.02779 0.68625 0.03183 0.72614
1033631.816830 35.17790 4.45274 100.86555 -0.02805 0.68612 0.03170 0.72626
1033631.825790 35.18518 4.42928 100.88555 -0.02761 0.68540 0.03008 0.72703
1033631.839231 35.22305 4.41114 100.91041 -0.02621 0.68500 0.02972 0.72747
1033631.848191 35.29849 4.40349 100.92569 -0.02569 0.68479 0.03027 0.72766
1033631.852670 35.37968 4.41319 100.93159 -0.02554 0.68463 0.03091 0.72779
1033631.861630 35.43999 4.41899 100.94413 -0.02594 0.68463 0.03048 0.72779
1033631.866111 35.45402 4.43633 100.91972 -0.02596 0.68546 0.03202 0.72694
1033631.870590 35.46178 4.45466 100.89564 -0.02672 0.68599 0.03287 0.72637
1033631.875071 35.49820 4.46853 100.89068 -0.02802 0.68622 0.03224 0.72614
1033631.881588 35.56741 4.47746 100.89575 -0.02851 0.68617 0.03164 0.72619
1033631.888510 35.62829 4.48222 100.90340 -0.02852 0.68629 0.03192 0.72607
1033631.897470 35.63375 4.45139 100.93246 -0.02838 0.68557 0.03008 0.72683
1033631.900948 35.66317 4.43114 100.95804 -0.02702 0.68515 0.02973 0.72729
1033631.906430 35.69482 4.43565 100.96282 -0.02579 0.68486 0.03083 0.72756
1033631.910911 35.74524 4.43897 100.96318 -0.02579 0.68477 0.03067 0.72765
1033631.915390 35.74597 4.46047 100.92744 -0.02587 0.68555 0.03238 0.72684
1033631.919871 35.73232 4.47490 100.90661 -0.02728 0.68593 0.03265 0.72642
1033631.926097 35.81172 4.48555 100.90775 -0.02848 0.68613 0.03221 0.72621
1033631.933310 35.88649 4.49354 100.91203 -0.02921 0.68624 0.03159 0.72611
1033631.937791 35.91963 4.50047 100.91911 -0.02883 0.68617 0.03164 0.72618
1033631.942270 35.92127 4.47505 100.94113 -0.02798 0.68551 0.03046 0.72688
1033631.951230 35.94479 4.45424 100.96661 -0.02683 0.68504 0.02997 0.72739
1033631.955711 35.98747 4.45175 100.98620 -0.02610 0.68498 0.03043 0.72746
1033631.960190 36.01356 4.44919 100.99169 -0.02617 0.68496 0.03065 0.72747
1033631.966189 36.00885 4.46614 100.96474 -0.02683 0.68568 0.03219 0.72669
1033631.973631 36.01357 4.48128 100.94076 -0.02777 0.68621 0.03283 0.72614
1033631.978110 36.08512 4.49073 100.93305 -0.02905 0.68647 0.03195 0.72588
1033631.982591 36.16073 4.49912 100.92827 -0.02954 0.68643 0.03141 0.72592
1033631.987070 36.20082 4.50845 100.92990 -0.02943 0.68628 0.03152 0.72606
1033631.992878 36.20833 4.48162 100.95692 -0.02854 0.68564 0.03023 0.72676
1033632.000511 36.23341 4.46272 100.98246 -0.02739 0.68511 0.02962 0.72732
1033632.007092 36.28209 4.45937 101.00122 -0.02599 0.68489 0.03046 0.72755
1033632.013950 36.34357 4.46540 101.00532 -0.02618 0.68487 0.03018 0.72757
1033632.018431 36.33212 4.48763 100.98044 -0.02724 0.68544 0.03126 0.72695
1033632.027391 36.33457 4.50027 100.95771 -0.02800 0.68617 0.03190 0.72620
1033632.031870 36.40038 4.50584 100.95835 -0.02924 0.68651 0.03091 0.72588
1033632.036351 36.46565 4.50985 100.94774 -0.02937 0.68644 0.03091 0.72594
1033632.040830 36.48503 4.51087 100.94766 -0.02893 0.68640 0.03129 0.72597
1033632.046053 36.49518 4.48740 100.97550 -0.02821 0.68568 0.03020 0.72672
1033632.054271 36.52552 4.46941 101.00207 -0.02686 0.68517 0.02984 0.72728
1033632.058750 36.58373 4.47317 101.01510 -0.02638 0.68485 0.02992 0.72759
1033632.063231 36.61970 4.47820 101.01656 -0.02624 0.68487 0.02986 0.72758
1033632.067710 36.59918 4.49301 100.98924 -0.02658 0.68555 0.03115 0.72688
1033632.072191 36.59055 4.50468 100.96836 -0.02747 0.68610 0.03169 0.72629
1033632.081151 36.66838 4.51256 100.96626 -0.02874 0.68645 0.03085 0.72595
1033632.090111 36.75618 4.51488 100.96898 -0.02947 0.68639 0.03008 0.72601
1033632.094590 36.83108 4.52757 100.96952 -0.02960 0.68640 0.03022 0.72599
1033632.103550 36.89402 4.53342 100.97770 -0.02949 0.68645 0.03013 0.72596
1033632.108031 36.92054 4.50701 101.00431 -0.02882 0.68579 0.02900 0.72665
1033632.112510 36.94596 4.48885 101.03344 -0.02783 0.68523 0.02833 0.72724
1033632.116916 36.95649 4.49386 101.03710 -0.02628 0.68495 0.02909 0.72754
1033632.121470 36.96359 4.49599 101.04621 -0.02569 0.68492 0.02900 0.72758
1033632.125951 37.01124 4.49774 101.04235 -0.02607 0.68480 0.02880 0.72770
1033632.130430 36.99250 4.51687 101.01648 -0.02630 0.68555 0.03019 0.72693
1033632.134911 36.98411 4.52958 100.99444 -0.02708 0.68622 0.03063 0.72625
1033632.140910 37.05646 4.53667 100.98731 -0.02858 0.68649 0.02961 0.72597
1033632.148350 37.13581 4.54373 100.98993 -0.02875 0.68644 0.02952 0.72602
1033632.152831 37.19592 4.55381 100.99117 -0.02931 0.68642 0.02888 0.72604
1033632.157310 37.22238 4.53358 101.01512 -0.02891 0.68566 0.02730 0.72683
1033632.161791 37.25671 4.51662 101.03906 -0.02772 0.68499 0.02710 0.72752
1033632.170751 37.26830 4.50688 101.05223 -0.02557 0.68488 0.02859 0.72764
1033632.184190 37.24331 4.51902 101.02764 -0.02597 0.68563 0.02971 0.72688
1033632.193150 37.28348 4.53049 101.01932 -0.02705 0.68631 0.02978 0.72620
1033632.197631 37.35920 4.54064 101.01608 -0.02852 0.68661 0.02858 0.72590
1033632.206591 37.44803 4.54752 101.01896 -0.02850 0.68670 0.02878 0.72582
1033632.211070 37.51098 4.56033 101.02143 -0.02838 0.68662 0.02851 0.72590
1033632.215551 37.54174 4.53902 101.04500 -0.02773 0.68588 0.02742 0.72667
1033632.224511 37.58065 4.52116 101.07485 -0.02652 0.68524 0.02690 0.72734
1033632.228990 37.61056 4.52632 101.07836 -0.02538 0.68502 0.02722 0.72757
1033632.233471 37.64183 4.53150 101.07469 -0.02478 0.68479 0.02796 0.72778
1033632.237950 37.68898 4.53592 101.07439 -0.02468 0.68482 0.02765 0.72777
1033632.242431 37.66487 4.55095 101.05337 -0.02508 0.68569 0.02867 0.72690
1033632.247185 37.65288 4.56274 101.03872 -0.02560 0.68638 0.02966 0.72619
1033632.255870 37.73158 4.56752 101.03401 -0.02725 0.68675 0.02867 0.72582
1033632.261185 37.79744 4.57580 101.03475 -0.02775 0.68661 0.02834 0.72594
1033632.269311 37.82900 4.54814 101.05657 -0.02693 0.68590 0.02696 0.72670
1033632.273790 37.87558 4.53386 101.08550 -0.02580 0.68525 0.02654 0.72737
1033632.278271 37.89616 4.54274 101.09675 -0.02441 0.68482 0.02792 0.72776
1033632.287231 37.95324 4.54844 101.10894 -0.02385 0.68489 0.02793 0.72772
1033632.291710 37.99880 4.55571 101.09845 -0.02395 0.68489 0.02732 0.72774
1033632.296191 37.96217 4.56880 101.07866 -0.02355 0.68567 0.02938 0.72693
1033632.301104 37.93799 4.57967 101.06007 -0.02450 0.68621 0.02990 0.72638
1033632.309630 37.99107 4.58169 101.06200 -0.02604 0.68662 0.02883 0.72598
1033632.314111 38.05531 4.58731 101.06589 -0.02670 0.68669 0.02857 0.72589
1033632.318590 38.11912 4.59699 101.06563 -0.02711 0.68686 0.02840 0.72573
1033632.323071 38.14287 4.58108 101.08466 -0.02730 0.68582 0.02656 0.72678
1033632.332031 38.18275 4.56539 101.10903 -0.02652 0.68524 0.02568 0.72738
1033632.336510 38.24094 4.55633 101.12835 -0.02459 0.68515 0.02722 0.72748
1033632.341358 38.27057 4.56155 101.14367 -0.02457 0.68506 0.02744 0.72755
1033632.348927 38.31143 4.56389 101.14507 -0.02395 0.68518 0.02789 0.72745
1033632.354430 38.28073 4.57728 101.12255 -0.02404 0.68604 0.02968 0.72656
1033632.358911 38.26147 4.58779 101.10519 -0.02543 0.68664 0.02962 0.72595
1033632.367871 38.32769 4.59190 101.11314 -0.02722 0.68701 0.02868 0.72557
1033632.372350 38.37634 4.59106 101.10329 -0.02765 0.68703 0.02849 0.72554
1033632.376831 38.42178 4.57576 101.12609 -0.02738 0.68619 0.02704 0.72641
1033632.381310 38.46858 4.56109 101.15255 -0.02692 0.68554 0.02592 0.72707
1033632.390270 38.52485 4.55946 101.17298 -0.02545 0.68545 0.02715 0.72717
1033632.394751 38.53221 4.55862 101.16935 -0.02445 0.68525 0.02809 0.72736
1033632.399230 38.55842 4.56356 101.17588 -0.02478 0.68535 0.02728 0.72728
1033632.403711 38.52575 4.57679 101.15486 -0.02405 0.68618 0.02939 0.72644
1033632.408424 38.50195 4.58773 101.13953 -0.02500 0.68678 0.02988 0.72582
1033632.417150 38.55463 4.58994 101.14546 -0.02736 0.68726 0.02845 0.72534
1033632.421631 38.60729 4.59638 101.14863 -0.02736 0.68721 0.02870 0.72538
1033632.430481 38.67200 4.59820 101.14577 -0.02752 0.68721 0.02858 0.72538
1033632.435070 38.70382 4.58692 101.16408 -0.02809 0.68618 0.02643 0.72641
1033632.439551 38.75382 4.57011 101.18434 -0.02686 0.68575 0.02602 0.72688
1033632.444030 38.80294 4.56821 101.19526 -0.02511 0.68556 0.02737 0.72707
1033632.452990 38.85413 4.57309 101.20438 -0.02519 0.68538 0.02704 0.72725
1033632.457471 38.89967 4.57988 101.20841 -0.02572 0.68550 0.02693 0.72712
1033632.466431 38.87398 4.59421 101.18896 -0.02600 0.68629 0.02817 0.72632
1033632.470910 38.85556 4.60596 101.17376 -0.02672 0.68694 0.02909 0.72564
1033632.475391 38.88721 4.60522 101.18623 -0.02776 0.68737 0.02888 0.72520
1033632.484351 38.91567 4.60689 101.21242 -0.02852 0.68755 0.02818 0.72503
1033632.488830 38.92583 4.59687 101.22572 -0.02851 0.68635 0.02707 0.72621
1033632.496387 38.96917 4.58985 101.23183 -0.02772 0.68592 0.02658 0.72667
1033632.502271 39.04687 4.57905 101.25665 -0.02756 0.68578 0.02593 0.72683
1033632.511231 39.13148 4.56688 101.27026 -0.02728 0.68582 0.02640 0.72679
1033632.519876 39.19592 4.57201 101.29034 -0.02725 0.68595 0.02712 0.72663
1033632.524670 39.17271 4.58745 101.26921 -0.02805 0.68681 0.02815 0.72575
1033632.529151 39.15262 4.59959 101.24699 -0.02853 0.68745 0.02909 0.72508
1033632.530005 39.16093 4.60489 101.23016 -0.02899 0.68750 0.02873 0.72503
1033632.538111 39.21029 4.61046 101.24422 -0.02949 0.68761 0.02880 0.72491
1033632.547071 39.26262 4.61456 101.25499 -0.02882 0.68771 0.02923 0.72482
1033632.551550 39.28902 4.60017 101.27745 -0.02904 0.68684 0.02739 0.72572
1033632.557313 39.33157 4.58343 101.29864 -0.02874 0.68630 0.02612 0.72628
1033632.564991 39.41217 4.57252 101.32407 -0.02856 0.68618 0.02594 0.72641
1033632.569470 39.46373 4.57820 101.32033 -0.02761 0.68611 0.02719 0.72647
1033632.578430 39.51836 4.58024 101.32355 -0.02855 0.68614 0.02615 0.72644
1033632.587390 39.49568 4.59693 101.30508 -0.02843 0.68709 0.02789 0.72548
1033632.591871 39.48707 4.60985 101.29186 -0.02933 0.68762 0.02875 0.72491
1033632.596350 39.53186 4.62385 101.28829 -0.03057 0.68782 0.02809 0.72469
1033632.600831 39.58524 4.63382 101.28738 -0.03127 0.68774 0.02766 0.72476
1033632.605310 39.60974 4.63679 101.28953 -0.03102 0.68778 0.02762 0.72473
1033632.609791 39.65522 4.61710 101.31619 -0.03085 0.68700 0.02621 0.72553
1033632.616179 39.70047 4.59585 101.34435 -0.03015 0.68641 0.02530 0.72615
1033632.623230 39.75166 4.59225 101.36105 -0.02824 0.68607 0.02668 0.72650
1033632.632190 39.82554 4.58920 101.35817 -0.02869 0.68608 0.02669 0.72647
1033632.641150 39.87718 4.59459 101.36947 -0.02849 0.68599 0.02710 0.72655
1033632.645631 39.84253 4.60717 101.35532 -0.02754 0.68690 0.02938 0.72564
1033632.650110 39.81727 4.62192 101.33952 -0.02853 0.68747 0.02992 0.72503
1033632.654591 39.83870 4.62700 101.34215 -0.03094 0.68782 0.02852 0.72466
1033632.659070 39.87690 4.62534 101.33277 -0.03131 0.68797 0.02827 0.72451
1033632.668030 39.94644 4.63368 101.33352 -0.03174 0.68786 0.02798 0.72461
1033632.671530 39.98740 4.61775 101.35573 -0.03195 0.68701 0.02638 0.72546
1033632.685950 40.03832 4.59728 101.38030 -0.03116 0.68648 0.02543 0.72604
1033632.694910 40.10202 4.57639 101.39851 -0.02998 0.68617 0.02577 0.72636
1033632.703870 40.18428 4.57947 101.40551 -0.03015 0.68629 0.02638 0.72623
1033632.708351 40.16357 4.59474 101.39012 -0.03011 0.68718 0.02836 0.72531
1033632.717311 40.15175 4.60871 101.37810 -0.03100 0.68772 0.02961 0.72470
1033632.729073 40.21557 4.61261 101.38831 -0.03182 0.68804 0.02962 0.72437
1033632.739710 40.27841 4.61966 101.40909 -0.03170 0.68811 0.02999 0.72429
1033632.750143 40.33417 4.62594 101.43216 -0.03135 0.68821 0.03024 0.72421
1033632.757835 40.37075 4.59722 101.45950 -0.03135 0.68745 0.02801 0.72502
1033632.766590 40.42086 4.57568 101.49099 -0.03011 0.68700 0.02726 0.72552
1033632.772822 40.46692 4.56984 101.52473 -0.02931 0.68722 0.02776 0.72533
1033632.782919 40.52299 4.57494 101.54765 -0.02859 0.68723 0.02860 0.72531
1033632.790333 40.55502 4.58392 101.56821 -0.02836 0.68746 0.02850 0.72511
1033632.797951 40.53757 4.60041 101.54819 -0.02793 0.68834 0.03106 0.72418
1033632.806911 40.57534 4.61139 101.53404 -0.02878 0.68894 0.03216 0.72353
1033632.815871 40.64940 4.62005 101.54089 -0.03012 0.68922 0.03142 0.72324
1033632.824831 40.72214 4.63182 101.55829 -0.02995 0.68943 0.03139 0.72305
1033632.833791 40.78804 4.64314 101.56574 -0.03058 0.68954 0.03062 0.72295
1033632.840275 40.82953 4.62167 101.58706 -0.03103 0.68878 0.02837 0.72375
1033632.848504 40.86591 4.59920 101.61164 -0.03046 0.68821 0.02705 0.72437
1033632.856190 40.93096 4.59493 101.61504 -0.02898 0.68805 0.02738 0.72457
1033632.860671 40.98360 4.60224 101.61324 -0.02858 0.68786 0.02752 0.72476
1033632.869631 41.04309 4.60817 101.60906 -0.02806 0.68775 0.02781 0.72487
1033632.878591 41.02551 4.62288 101.59942 -0.02759 0.68866 0.02970 0.72395
1033632.887551 41.03341 4.63676 101.58503 -0.02784 0.68934 0.03136 0.72322
1033632.892030 41.08708 4.64728 101.58308 -0.02903 0.68960 0.03114 0.72294
1033632.898979 41.13736 4.64847 101.58419 -0.02944 0.68973 0.03029 0.72284
1033632.909950 41.20248 4.65197 101.58597 -0.02932 0.68972 0.03061 0.72284
1033632.918910 41.20461 4.63353 101.60739 -0.02932 0.68880 0.02911 0.72377
1033632.923391 41.24047 4.61127 101.62668 -0.02836 0.68841 0.02802 0.72423
1033632.936830 41.31594 4.59651 101.63697 -0.02775 0.68838 0.02787 0.72428
1033632.937615 41.40865 4.61086 101.64441 -0.02754 0.68828 0.02767 0.72439
1033632.950271 41.38115 4.62241 101.64470 -0.02689 0.68919 0.02953 0.72348
1033632.959231 41.40862 4.63507 101.63323 -0.02722 0.68997 0.03146 0.72265
1033632.968191 41.50673 4.65874 101.62035 -0.02868 0.69015 0.03097 0.72244
1033632.977151 41.60347 4.66677 101.61994 -0.02855 0.69025 0.03071 0.72236
1033632.986111 41.69648 4.67496 101.62561 -0.02864 0.69026 0.03016 0.72237
1033632.995071 41.69622 4.64993 101.64803 -0.02821 0.68933 0.02862 0.72333
1033633.004031 41.74283 4.62269 101.66662 -0.02718 0.68882 0.02761 0.72389
1033633.012991 41.79780 4.62709 101.66924 -0.02670 0.68867 0.02803 0.72404
1033633.023655 41.86338 4.62615 101.67530 -0.02681 0.68880 0.02803 0.72391
1033633.035390 41.96345 4.64026 101.67921 -0.02709 0.68879 0.02722 0.72394
1033633.040238 42.00014 4.64010 101.68370 -0.02725 0.68893 0.02667 0.72383
1033633.053310 42.00027 4.66322 101.66461 -0.02762 0.68950 0.02822 0.72320
1033633.061484 42.07280 4.66945 101.67074 -0.02826 0.68968 0.02825 0.72301
1033633.066751 42.08842 4.67378 101.67244 -0.02764 0.68969 0.02885 0.72300
1033633.080190 42.16892 4.67768 101.68176 -0.02767 0.68981 0.02847 0.72290
1033633.087295 42.20108 4.64843 101.69797 -0.02729 0.68931 0.02670 0.72346
1033633.098110 42.29898 4.64858 101.70914 -0.02711 0.68927 0.02672 0.72351
1033633.102591 42.35318 4.66282 101.70832 -0.02646 0.68902 0.02681 0.72377
1033633.114902 42.42583 4.66840 101.70715 -0.02663 0.68915 0.02625 0.72365
1033633.124990 42.42026 4.68780 101.68637 -0.02698 0.68976 0.02773 0.72301
1033633.133950 42.47777 4.70221 101.69810 -0.02696 0.69014 0.02900 0.72260
1033633.147391 42.56997 4.70260 101.70458 -0.02719 0.69012 0.02899 0.72260
1033633.151850 42.61848 4.70806 101.70335 -0.02698 0.69011 0.02934 0.72261
1033633.160830 42.68161 4.70970 101.70910 -0.02721 0.69007 0.02958 0.72263
1033633.169790 42.70617 4.68427 101.73618 -0.02689 0.68950 0.02806 0.72324
1033633.178750 42.80689 4.67585 101.74224 -0.02675 0.68945 0.02747 0.72331
1033633.187712 42.86458 4.68674 101.73936 -0.02673 0.68940 0.02723 0.72338
1033633.196670 42.94963 4.69596 101.75097 -0.02707 0.68931 0.02738 0.72344
1033633.205630 42.97117 4.71910 101.72821 -0.02720 0.68988 0.02903 0.72283
1033633.214590 42.97612 4.72563 101.72816 -0.02785 0.68991 0.02951 0.72275
1033633.228031 43.04746 4.72100 101.73913 -0.02839 0.69019 0.02968 0.72246
1033633.236991 43.11342 4.73131 101.74357 -0.02819 0.69018 0.02970 0.72248
1033633.241470 43.16108 4.73796 101.74432 -0.02844 0.68995 0.02970 0.72269
1033633.246691 43.18143 4.71116 101.76716 -0.02814 0.68947 0.02827 0.72322
1033633.254678 43.25806 4.70270 101.77559 -0.02856 0.68947 0.02739 0.72324
1033633.259390 43.30561 4.71353 101.76844 -0.02862 0.68933 0.02712 0.72337
1033633.272833 43.40369 4.71809 101.77136 -0.02850 0.68925 0.02793 0.72342
1033633.285777 43.49400 4.72211 101.78502 -0.02899 0.68935 0.02786 0.72331
1033633.290751 43.48358 4.74542 101.75986 -0.02904 0.68996 0.02939 0.72267
1033633.299711 43.49922 4.76085 101.75922 -0.02938 0.69023 0.03025 0.72236
1033633.313150 43.58836 4.75907 101.77807 -0.02968 0.69032 0.03033 0.72226
1033633.322110 43.65333 4.76506 101.77560 -0.02977 0.69044 0.03061 0.72213
1033633.326591 43.68551 4.77328 101.77929 -0.02984 0.69039 0.03070 0.72217
1033633.339297 43.72297 4.73744 101.79695 -0.02952 0.68992 0.02931 0.72269
1033633.344511 43.82781 4.73412 101.80995 -0.02949 0.68963 0.02910 0.72297
1033633.353471 43.91118 4.74535 101.79817 -0.02960 0.68956 0.02934 0.72303
1033633.357950 43.93788 4.75501 101.80244 -0.02929 0.68950 0.02931 0.72310
1033633.371391 44.02314 4.75627 101.81699 -0.02969 0.68961 0.02973 0.72296
1033633.380351 44.02181 4.77788 101.78658 -0.02987 0.69029 0.03106 0.72224
1033633.384830 44.03492 4.79187 101.79517 -0.03055 0.69039 0.03214 0.72208
1033633.389311 44.06913 4.79948 101.79730 -0.03057 0.69057 0.03208 0.72190
1033633.398271 44.14091 4.79888 101.80314 -0.03093 0.69055 0.03223 0.72190
1033633.407231 44.19447 4.80646 101.80270 -0.03139 0.69049 0.03212 0.72195
1033633.411710 44.21490 4.78256 101.83366 -0.03111 0.68992 0.03091 0.72255
1033633.420736 44.30851 4.76924 101.83877 -0.03070 0.68973 0.03076 0.72276
1033633.434111 44.40229 4.78256 101.83441 -0.03090 0.68967 0.03127 0.72278
1033633.441208 44.45370 4.78619 101.83252 -0.03078 0.68956 0.03176 0.72288
1033633.447550 44.50302 4.78806 101.83579 -0.03077 0.68958 0.03199 0.72285
1033633.456510 44.49704 4.80791 101.81052 -0.03138 0.69025 0.03310 0.72214
1033633.460991 44.53178 4.82526 101.81453 -0.03176 0.69051 0.03478 0.72179
1033633.470355 44.57941 4.82607 101.82957 -0.03184 0.69064 0.03499 0.72165
1033633.478911 44.64376 4.83243 101.82254 -0.03219 0.69067 0.03525 0.72159
1033633.487871 44.65781 4.80488 101.84761 -0.03170 0.69008 0.03376 0.72225
1033633.492350 44.73409 4.79783 101.85976 -0.03125 0.68996 0.03367 0.72239
1033633.501310 44.79973 4.80986 101.85331 -0.03151 0.68990 0.03375 0.72243
1033633.510270 44.86944 4.81453 101.85698 -0.03151 0.68992 0.03414 0.72239
1033633.514751 44.89002 4.81537 101.85126 -0.03136 0.68995 0.03444 0.72236
1033633.522487 44.93619 4.81123 101.84900 -0.03192 0.68980 0.03410 0.72250
1033633.528190 44.92632 4.83041 101.83175 -0.03214 0.69056 0.03567 0.72168
1033633.532671 44.94756 4.84819 101.83744 -0.03272 0.69087 0.03705 0.72128
1033633.537376 45.01816 4.86632 101.83530 -0.03282 0.69085 0.03689 0.72131
1033633.546110 45.06884 4.87298 101.84298 -0.03257 0.69085 0.03744 0.72130
1033633.550591 45.10063 4.87400 101.83748 -0.03273 0.69094 0.03723 0.72121
1033633.555070 45.09176 4.85601 101.86870 -0.03282 0.69027 0.03571 0.72193
1033633.559551 45.14399 4.83181 101.86698 -0.03163 0.69015 0.03571 0.72209
1033633.564030 45.16459 4.83013 101.87561 -0.03186 0.69019 0.03605 0.72203
1033633.569392 45.21485 4.83692 101.86321 -0.03165 0.69008 0.03578 0.72216
1033633.577471 45.25648 4.84180 101.87853 -0.03169 0.69023 0.03623 0.72199
1033633.581950 45.26632 4.86879 101.85915 -0.03206 0.69082 0.03782 0.72132
1033633.586431 45.29028 4.88402 101.84747 -0.03266 0.69097 0.03798 0.72115
1033633.590910 45.31014 4.89291 101.85928 -0.03278 0.69107 0.03783 0.72105
1033633.595391 45.34635 4.89754 101.86066 -0.03278 0.69113 0.03788 0.72099
1033633.604351 45.40584 4.90190 101.86590 -0.03272 0.69120 0.03803 0.72092
1033633.608830 45.41799 4.87421 101.89350 -0.03252 0.69065 0.03629 0.72154
1033633.613311 45.44528 4.84896 101.88479 -0.03178 0.69041 0.03635 0.72180
1033633.617790 45.48571 4.85130 101.87673 -0.03190 0.69036 0.03618 0.72186
1033633.622271 45.52758 4.85568 101.87953 -0.03199 0.69038 0.03615 0.72184
1033633.631231 45.57171 4.85441 101.88335 -0.03187 0.69052 0.03643 0.72169
1033633.635710 45.57649 4.87958 101.86079 -0.03207 0.69109 0.03813 0.72105
1033633.640191 45.58858 4.91575 101.86015 -0.03272 0.69118 0.03864 0.72091
1033633.644670 45.63119 4.91583 101.86424 -0.03274 0.69130 0.03875 0.72078
1033633.649776 45.65654 4.91542 101.86791 -0.03254 0.69124 0.03896 0.72084
1033633.658111 45.70656 4.91028 101.86964 -0.03307 0.69137 0.03863 0.72070
1033633.662590 45.75296 4.92828 101.87668 -0.03296 0.69148 0.03854 0.72062
1033633.667071 45.74167 4.91235 101.89619 -0.03299 0.69089 0.03685 0.72127
1033633.671550 45.79964 4.88396 101.89830 -0.03216 0.69085 0.03632 0.72137
1033633.676031 45.84278 4.88010 101.89827 -0.03190 0.69075 0.03652 0.72146
1033633.684991 45.87311 4.87488 101.89441 -0.03208 0.69078 0.03716 0.72140
1033633.689470 45.91810 4.86575 101.90007 -0.03200 0.69078 0.03716 0.72140
1033633.698430 45.93382 4.88982 101.87635 -0.03228 0.69128 0.03900 0.72081
1033633.702913 45.95718 4.92060 101.87472 -0.03276 0.69144 0.03934 0.72062
1033633.707390 45.99680 4.92734 101.87604 -0.03296 0.69161 0.03904 0.72046
1033633.711871 46.01673 4.93113 101.88410 -0.03319 0.69168 0.03863 0.72041
1033633.716350 46.05260 4.93330 101.87671 -0.03314 0.69162 0.03839 0.72048
1033633.725310 46.06336 4.90330 101.89906 -0.03269 0.69117 0.03679 0.72101
1033633.729791 46.11816 4.89009 101.90496 -0.03215 0.69108 0.03664 0.72113
1033633.734268 46.18250 4.90049 101.90955 -0.03186 0.69098 0.03692 0.72123
1033633.738751 46.18872 4.89567 101.90965 -0.03199 0.69099 0.03714 0.72120
1033633.743230 46.22869 4.90061 101.90569 -0.03208 0.69101 0.03687 0.72120
1033633.752190 46.23641 4.92604 101.88635 -0.03259 0.69153 0.03823 0.72059
1033633.756671 46.27213 4.94709 101.89180 -0.03276 0.69178 0.03924 0.72030
1033633.761150 46.30039 4.95070 101.89994 -0.03292 0.69194 0.03871 0.72017
1033633.765631 46.34779 4.95774 101.89749 -0.03317 0.69193 0.03845 0.72018
1033633.770110 46.38548 4.96625 101.90836 -0.03288 0.69193 0.03857 0.72018
1033633.779070 46.39974 4.95068 101.93777 -0.03266 0.69136 0.03722 0.72081
1033633.783551 46.44991 4.91928 101.93404 -0.03179 0.69128 0.03675 0.72096
1033633.788030 46.47604 4.91251 101.92551 -0.03248 0.69119 0.03629 0.72103
1033633.792511 46.51351 4.91930 101.92423 -0.03171 0.69110 0.03678 0.72112
1033633.796990 46.55567 4.92741 101.92162 -0.03175 0.69108 0.03648 0.72116
1033633.805950 46.59845 4.92948 101.92218 -0.03185 0.69108 0.03680 0.72114
1033633.810431 46.59830 4.95589 101.89611 -0.03225 0.69161 0.03826 0.72053
1033633.814910 46.63308 4.97174 101.89963 -0.03250 0.69187 0.03854 0.72026
1033633.819391 46.66341 4.98330 101.90533 -0.03259 0.69196 0.03846 0.72017
1033633.823870 46.69246 4.98677 101.90440 -0.03274 0.69187 0.03819 0.72027
1033633.832120 46.75147 4.99255 101.91357 -0.03219 0.69192 0.03858 0.72022
1033633.837311 46.76541 4.95371 101.94466 -0.03177 0.69139 0.03713 0.72083
1033633.846271 46.82586 4.94782 101.95189 -0.03116 0.69136 0.03627 0.72093
1033633.850750 46.87359 4.94899 101.95020 -0.03093 0.69142 0.03618 0.72088
1033633.855229 46.90132 4.96026 101.94613 -0.03071 0.69134 0.03630 0.72096
1033633.859710 46.93815 4.95404 101.93959 -0.03093 0.69119 0.03648 0.72109
1033633.864191 46.93573 4.98356 101.91493 -0.03159 0.69168 0.03779 0.72052
1033633.873153 46.99745 5.01262 101.91715 -0.03147 0.69187 0.03841 0.72031
1033633.877630 47.01047 5.01532 101.91667 -0.03158 0.69195 0.03824 0.72024
1033633.886590 47.07409 5.01732 101.92296 -0.03140 0.69200 0.03868 0.72018
1033633.891071 47.08118 5.01456 101.93173 -0.03148 0.69207 0.03849 0.72012
1033633.895550 47.10041 4.98162 101.95698 -0.03079 0.69163 0.03732 0.72063
1033633.900031 47.15155 4.96815 101.96155 -0.02996 0.69148 0.03730 0.72081
1033633.908991 47.21519 4.97776 101.96585 -0.02980 0.69152 0.03729 0.72078
1033633.913470 47.23912 4.98202 101.96255 -0.02912 0.69158 0.03772 0.72073
1033633.917951 47.22540 5.01012 101.94387 -0.02975 0.69206 0.03937 0.72015
1033633.926911 47.26778 5.02953 101.93367 -0.03045 0.69228 0.03937 0.71991
1033633.931390 47.32294 5.03372 101.93132 -0.03054 0.69226 0.03915 0.71994
1033633.940350 47.38396 5.04312 101.93309 -0.02973 0.69237 0.03974 0.71983
1033633.944831 47.41964 5.04872 101.93431 -0.02967 0.69234 0.03995 0.71985
1033633.949310 47.43944 5.01178 101.96328 -0.02943 0.69184 0.03857 0.72042
1033633.953791 47.46838 4.99537 101.97748 -0.02880 0.69168 0.03825 0.72061
1033633.962751 47.54296 4.99678 101.97941 -0.02816 0.69174 0.03887 0.72055
1033633.967230 47.58192 5.00263 101.97319 -0.02822 0.69172 0.03864 0.72058
1033633.971711 47.57762 5.03500 101.94791 -0.02858 0.69227 0.04039 0.71994
1033633.979576 47.61640 5.06458 101.93712 -0.02854 0.69237 0.04139 0.71979
1033633.980671 47.62417 5.06250 101.93551 -0.02862 0.69235 0.04111 0.71982
1033633.993039 47.70574 5.06459 101.93639 -0.02891 0.69239 0.04097 0.71977
1033633.998591 47.75395 5.07707 101.94020 -0.02813 0.69243 0.04141 0.71975
1033634.003070 47.78296 5.04410 101.96864 -0.02758 0.69198 0.04015 0.72027
1033634.007551 47.81426 5.02316 101.98071 -0.02730 0.69190 0.03975 0.72038
1033634.016511 47.87878 5.02598 101.98567 -0.02674 0.69197 0.04028 0.72031
1033634.020990 47.89658 5.02890 101.98764 -0.02685 0.69203 0.04035 0.72024
1033634.025471 47.89994 5.06350 101.96383 -0.02734 0.69248 0.04188 0.71970
1033634.034431 47.94064 5.07930 101.94755 -0.02818 0.69260 0.04204 0.71955
1033634.038910 47.99432 5.09023 101.94455 -0.02814 0.69261 0.04194 0.71954
1033634.043391 48.02146 5.09529 101.95071 -0.02809 0.69264 0.04171 0.71953
1033634.047870 48.05103 5.09133 101.95670 -0.02772 0.69276 0.04238 0.71939
1033634.056830 48.11887 5.10012 101.95234 -0.02772 0.69269 0.04232 0.71946
1033634.061311 48.13029 5.06358 101.97965 -0.02762 0.69221 0.04078 0.72002
1033634.065790 48.17014 5.05097 101.99276 -0.02607 0.69208 0.04116 0.72017
1033634.071988 48.20705 5.05556 101.99867 -0.02626 0.69223 0.04083 0.72004
1033634.079231 48.24949 5.05647 101.99688 -0.02601 0.69212 0.04112 0.72015
1033634.088191 48.32699 5.06445 101.99812 -0.02594 0.69208 0.04125 0.72017
1033634.092670 48.31516 5.09267 101.97809 -0.02589 0.69266 0.04304 0.71952
1033634.097151 48.33451 5.11008 101.96535 -0.02705 0.69286 0.04312 0.71928
1033634.101630 48.36399 5.11259 101.96437 -0.02686 0.69291 0.04307 0.71923
1033634.106111 48.38556 5.11810 101.96951 -0.02712 0.69298 0.04291 0.71916
1033634.113271 48.40167 5.08105 101.99037 -0.02704 0.69247 0.04110 0.71977
1033634.119550 48.47274 5.06749 102.00550 -0.02590 0.69231 0.04118 0.71995
1033634.124031 48.50952 5.07335 102.00953 -0.02599 0.69241 0.04120 0.71986
1033634.130702 48.54788 5.07132 102.01195 -0.02552 0.69231 0.04160 0.71995
1033634.137470 48.59509 5.08294 102.01603 -0.02591 0.69247 0.04104 0.71981
1033634.146430 48.65870 5.08417 102.01761 -0.02613 0.69246 0.04090 0.71982
1033634.150911 48.65629 5.10823 101.99771 -0.02595 0.69303 0.04291 0.71916
1033634.155390 48.67598 5.13543 101.97983 -0.02654 0.69316 0.04305 0.71900
1033634.159871 48.72637 5.14451 101.98264 -0.02655 0.69333 0.04271 0.71886
1033634.164350 48.76222 5.15359 101.98484 -0.02676 0.69327 0.04218 0.71894
1033634.173310 48.79211 5.12100 102.01153 -0.02695 0.69277 0.04032 0.71953
1033634.177791 48.83441 5.09715 102.02820 -0.02560 0.69270 0.04058 0.71963
1033634.182270 48.86438 5.09621 102.02899 -0.02558 0.69267 0.04066 0.71966
1033634.186751 48.90052 5.10244 102.02849 -0.02540 0.69257 0.04074 0.71975
1033634.195711 48.95081 5.10619 102.03139 -0.02560 0.69270 0.04028 0.71964
1033634.200190 48.96220 5.13116 102.01278 -0.02541 0.69322 0.04222 0.71904
1033634.204671 48.97669 5.15795 101.99732 -0.02651 0.69343 0.04228 0.71879
1033634.209150 49.02604 5.17394 102.00184 -0.02647 0.69350 0.04156 0.71877
1033634.213631 49.05823 5.17349 102.00254 -0.02662 0.69361 0.04141 0.71867
1033634.222495 49.11534 5.18042 102.00250 -0.02673 0.69363 0.04082 0.71868
1033634.227070 49.13096 5.15067 102.02954 -0.02704 0.69306 0.03892 0.71932
1033634.231551 49.16674 5.12734 102.04801 -0.02560 0.69281 0.03932 0.71959
1033634.234433 49.18901 5.12784 102.05058 -0.02526 0.69275 0.03973 0.71963
1033634.244990 49.26886 5.12801 102.05161 -0.02523 0.69270 0.03951 0.71970
1033634.249471 49.29076 5.12954 102.05391 -0.02535 0.69287 0.03949 0.71954
1033634.253950 49.28186 5.15498 102.02874 -0.02526 0.69339 0.04117 0.71894
1033634.262902 49.33302 5.17813 102.01546 -0.02596 0.69355 0.04132 0.71876
1033634.267391 49.35752 5.19115 102.01286 -0.02595 0.69357 0.04058 0.71878
1033634.271870 49.39976 5.19685 102.01765 -0.02596 0.69362 0.04027 0.71875
1033634.280830 49.45253 5.20378 102.02331 -0.02539 0.69362 0.04023 0.71877
1033634.285311 49.47438 5.17312 102.04265 -0.02547 0.69301 0.03867 0.71944
1033634.294271 49.53450 5.15004 102.05324 -0.02469 0.69272 0.03797 0.71979
1033634.298750 49.58068 5.14767 102.06709 -0.02368 0.69274 0.03888 0.71975
1033634.307710 49.63834 5.15263 102.06994 -0.02363 0.69266 0.03818 0.71987
1033634.312191 49.62763 5.18005 102.04549 -0.02363 0.69328 0.03988 0.71918
1033634.317805 49.64565 5.20544 102.03278 -0.02472 0.69348 0.04003 0.71894
1033634.321151 49.69180 5.22001 102.03272 -0.02480 0.69359 0.03967 0.71885
1033634.325630 49.72052 5.22022 102.02988 -0.02426 0.69353 0.03999 0.71890
1033634.330111 49.75310 5.22550 102.03408 -0.02442 0.69353 0.03949 0.71893
1033634.339071 49.81250 5.23141 102.03758 -0.02436 0.69349 0.03917 0.71899
1033634.348031 49.87601 5.23327 102.03978 -0.02408 0.69338 0.03932 0.71909
1033634.352510 49.90222 5.20502 102.05481 -0.02402 0.69288 0.03763 0.71967
1033634.358486 49.93117 5.18473 102.06965 -0.02314 0.69253 0.03674 0.72009
1033634.361470 49.95162 5.17833 102.08545 -0.02222 0.69248 0.03750 0.72012
1033634.365951 49.98489 5.18215 102.08850 -0.02251 0.69251 0.03696 0.72011
1033634.370430 50.02843 5.18584 102.09625 -0.02209 0.69260 0.03705 0.72003
1033634.374911 50.01548 5.20319 102.07173 -0.02186 0.69339 0.03847 0.71920
1033634.383228 50.02254 5.22341 102.07077 -0.02302 0.69357 0.03920 0.71895
1033634.388350 50.08099 5.23961 102.06383 -0.02412 0.69373 0.03814 0.71882
1033634.396587 50.14648 5.24166 102.06784 -0.02340 0.69362 0.03865 0.71892
1033634.401791 50.19804 5.25097 102.07045 -0.02295 0.69360 0.03851 0.71897
1033634.406270 50.22957 5.22762 102.08788 -0.02308 0.69303 0.03667 0.71961
1033634.410751 50.23535 5.20920 102.10187 -0.02199 0.69264 0.03600 0.72005
1033634.419711 50.29384 5.20548 102.10429 -0.02158 0.69253 0.03609 0.72016
1033634.424190 50.32904 5.20561 102.11120 -0.02153 0.69269 0.03632 0.72000
1033634.428671 50.29667 5.22573 102.09094 -0.02177 0.69335 0.03780 0.71928
1033634.437631 50.32932 5.24295 102.08154 -0.02278 0.69374 0.03838 0.71884
1033634.442110 50.39398 5.26133 102.07897 -0.02300 0.69379 0.03810 0.71880
1033634.448809 50.45538 5.27322 102.07637 -0.02267 0.69370 0.03763 0.71892
1033634.455551 50.49801 5.24727 102.08876 -0.02250 0.69324 0.03592 0.71946
1033634.460028 50.53665 5.22895 102.10744 -0.02131 0.69285 0.03550 0.71990
1033634.464511 50.56875 5.22546 102.10926 -0.02062 0.69259 0.03648 0.72011
1033634.473471 50.60324 5.22226 102.11470 -0.02083 0.69261 0.03618 0.72011
1033634.477950 50.64270 5.22255 102.11810 -0.02057 0.69271 0.03673 0.71999
1033634.482431 50.60982 5.24135 102.10552 -0.02027 0.69327 0.03879 0.71935
1033634.490160 50.63148 5.25576 102.09258 -0.02154 0.69367 0.03924 0.71890
1033634.495870 50.69466 5.27118 102.08188 -0.02252 0.69387 0.03879 0.71871
1033634.500351 50.73542 5.28398 102.09098 -0.02215 0.69396 0.03852 0.71864
1033634.504830 50.77201 5.28992 102.09416 -0.02229 0.69395 0.03810 0.71866
1033634.509311 50.81276 5.26773 102.10101 -0.02291 0.69344 0.03571 0.71926
1033634.518271 50.85080 5.24941 102.11393 -0.02245 0.69300 0.03439 0.71977
1033634.522750 50.89672 5.24930 102.13126 -0.02071 0.69287 0.03525 0.71991
1033634.528182 50.92666 5.25640 102.13049 -0.02057 0.69283 0.03534 0.71994
1033634.540670 50.99101 5.25642 102.13097 -0.02060 0.69286 0.03527 0.71991
1033634.545151 50.95979 5.27349 102.12249 -0.01977 0.69345 0.03772 0.71924
1033634.553818 50.99829 5.28850 102.12228 -0.02066 0.69395 0.03861 0.71869
1033634.558590 51.06415 5.29927 102.11987 -0.02207 0.69420 0.03852 0.71841
1033634.563071 51.11031 5.30622 102.12269 -0.02315 0.69432 0.03791 0.71830
1033634.567550 51.13890 5.31096 102.12506 -0.02288 0.69436 0.03796 0.71826
1033634.572031 51.18314 5.29039 102.12782 -0.02333 0.69386 0.03571 0.71885
1033634.576510 51.20998 5.27442 102.14044 -0.02332 0.69332 0.03412 0.71945
1033634.581718 51.22805 5.26753 102.15143 -0.02160 0.69310 0.03491 0.71967
1033634.589951 51.28467 5.27047 102.15049 -0.02235 0.69308 0.03462 0.71968
1033634.594430 51.31951 5.27361 102.15974 -0.02254 0.69322 0.03478 0.71954
1033634.603390 51.37613 5.27432 102.15792 -0.02283 0.69321 0.03466 0.71954
1033634.607871 51.34779 5.28952 102.15604 -0.02251 0.69373 0.03676 0.71895
1033634.616831 51.36663 5.30385 102.15124 -0.02282 0.69426 0.03840 0.71833
1033634.621310 51.43278 5.31124 102.15151 -0.02429 0.69458 0.03778 0.71801
1033634.625791 51.46660 5.32077 102.15551 -0.02457 0.69453 0.03766 0.71805
1033634.630270 51.50731 5.29576 102.15863 -0.02492 0.69400 0.03546 0.71867
1033634.635722 51.53642 5.28020 102.16694 -0.02430 0.69340 0.03443 0.71932
1033634.643711 51.58319 5.27770 102.17195 -0.02354 0.69310 0.03494 0.71961
1033634.648190 51.63541 5.28532 102.17427 -0.02371 0.69308 0.03526 0.71961
1033634.652671 51.66250 5.29227 102.17129 -0.02340 0.69302 0.03527 0.71968
1033634.659344 51.71901 5.29532 102.17975 -0.02380 0.69306 0.03504 0.71963
1033634.666110 51.68326 5.30922 102.18044 -0.02342 0.69359 0.03711 0.71903
1033634.670591 51.68976 5.31994 102.17293 -0.02387 0.69416 0.03835 0.71841
1033634.676905 51.74527 5.32413 102.15808 -0.02491 0.69433 0.03858 0.71819
1033634.684030 51.78607 5.32271 102.16693 -0.02562 0.69440 0.03826 0.71812
1033634.688511 51.81145 5.32729 102.16634 -0.02607 0.69450 0.03760 0.71804
1033634.692990 51.85828 5.30670 102.16770 -0.02642 0.69391 0.03563 0.71869
1033634.697471 51.88376 5.28932 102.17702 -0.02627 0.69329 0.03406 0.71938
1033634.701950 51.92067 5.29329 102.17680 -0.02515 0.69291 0.03440 0.71977
1033634.710036 51.97709 5.30053 102.18011 -0.02481 0.69291 0.03498 0.71975
1033634.715391 52.02348 5.30826 102.18622 -0.02532 0.69271 0.03446 0.71995
1033634.719870 51.99133 5.32173 102.18792 -0.02534 0.69313 0.03610 0.71946
1033634.728830 52.00362 5.33140 102.17304 -0.02567 0.69382 0.03765 0.71870
1033634.733311 52.05783 5.34038 102.16793 -0.02641 0.69409 0.03800 0.71840
1033634.739750 52.11565 5.34494 102.16911 -0.02663 0.69411 0.03785 0.71838
1033634.746750 52.14384 5.34750 102.17557 -0.02709 0.69416 0.03742 0.71834
1033634.755710 52.19582 5.34672 102.18252 -0.02693 0.69424 0.03744 0.71826
1033634.756050 52.24452 5.32819 102.18101 -0.02730 0.69376 0.03534 0.71882
1033634.764670 52.28452 5.31288 102.19278 -0.02702 0.69315 0.03401 0.71948
1033634.769151 52.32953 5.32004 102.20677 -0.02637 0.69307 0.03421 0.71957
1033634.773630 52.36481 5.32425 102.20424 -0.02655 0.69274 0.03380 0.71991
1033634.778111 52.33487 5.33769 102.20878 -0.02640 0.69324 0.03563 0.71934
1033634.783063 52.32686 5.34850 102.19764 -0.02638 0.69395 0.03735 0.71857
1033634.791550 52.38462 5.35303 102.18416 -0.02784 0.69410 0.03680 0.71840
1033634.796523 52.41845 5.35846 102.17889 -0.02763 0.69412 0.03725 0.71836
1033634.804991 52.46713 5.36020 102.17647 -0.02824 0.69410 0.03683 0.71838
1033634.813951 52.52267 5.33664 102.17040 -0.02813 0.69364 0.03514 0.71891
1033634.818430 52.55923 5.32098 102.17719 -0.02791 0.69298 0.03352 0.71964
1033634.827390 52.61912 5.32305 102.18351 -0.02709 0.69278 0.03449 0.71981
1033634.831871 52.66970 5.33011 102.19054 -0.02687 0.69260 0.03478 0.71998
1033634.836350 52.71246 5.33664 102.19648 -0.02740 0.69266 0.03393 0.71994
1033634.840831 52.67879 5.35158 102.20536 -0.02717 0.69309 0.03585 0.71945
1033634.845310 52.68059 5.36195 102.19871 -0.02687 0.69387 0.03792 0.71860
1033634.850160 52.72502 5.37017 102.19233 -0.02818 0.69407 0.03749 0.71838
1033634.858751 52.78039 5.37259 102.18946 -0.02797 0.69412 0.03780 0.71832
1033634.863230 52.81569 5.38085 102.19800 -0.02841 0.69403 0.03724 0.71842
1033634.869679 52.86686 5.38649 102.20061 -0.02825 0.69405 0.03742 0.71840
1033634.876671 52.91428 5.36273 102.19015 -0.02798 0.69371 0.03564 0.71882
1033634.881150 52.94064 5.34256 102.19658 -0.02763 0.69295 0.03421 0.71964
1033634.890110 52.99698 5.33743 102.19504 -0.02776 0.69233 0.03453 0.72022
1033634.891843 53.00758 5.33983 102.19747 -0.02783 0.69245 0.03419 0.72012
1033634.899070 53.05921 5.34306 102.19758 -0.02728 0.69239 0.03513 0.72015
1033634.903551 53.03797 5.35887 102.20106 -0.02683 0.69293 0.03752 0.71953
1033634.908030 53.03625 5.37287 102.19417 -0.02720 0.69355 0.03897 0.71884
1033634.912511 53.08374 5.38427 102.19032 -0.02864 0.69365 0.03821 0.71872
1033634.916990 53.13312 5.39935 102.20039 -0.02855 0.69374 0.03768 0.71867
1033634.925950 53.18590 5.40500 102.19105 -0.02836 0.69368 0.03810 0.71871
1033634.930431 53.21044 5.40484 102.19101 -0.02848 0.69383 0.03820 0.71856
1033634.934910 53.25278 5.38007 102.18277 -0.02817 0.69341 0.03663 0.71906
1033634.939391 53.27403 5.36076 102.19307 -0.02826 0.69257 0.03480 0.71996
1033634.948351 53.32627 5.35652 102.20277 -0.02794 0.69229 0.03488 0.72024
1033634.952830 53.37428 5.36657 102.20188 -0.02774 0.69228 0.03514 0.72024
1033634.957311 53.38876 5.36718 102.20140 -0.02767 0.69224 0.03509 0.72028
1033634.966271 53.36781 5.38244 102.20547 -0.02707 0.69292 0.03737 0.71953
1033634.970750 53.39397 5.39775 102.19369 -0.02767 0.69351 0.03890 0.71887
1033634.975231 53.46565 5.40811 102.19652 -0.02925 0.69363 0.03854 0.71870
1033634.984191 53.50446 5.41247 102.20180 -0.02931 0.69385 0.03829 0.71850
1033634.988670 53.54439 5.38960 102.19676 -0.02944 0.69333 0.03626 0.71910
1033634.993151 53.57689 5.37117 102.20565 -0.02908 0.69262 0.03485 0.71987
1033634.997630 53.61762 5.37126 102.20462 -0.02818 0.69226 0.03565 0.72022
1033635.006590 53.68097 5.37796 102.20073 -0.02866 0.69222 0.03534 0.72025
1033635.011071 53.71592 5.39874 102.20392 -0.02872 0.69226 0.03475 0.72024
1033635.019622 53.69659 5.41282 102.20080 -0.02837 0.69300 0.03682 0.71943
1033635.024510 53.72720 5.43102 102.18925 -0.02916 0.69355 0.03835 0.71880
1033635.028991 53.77625 5.43180 102.19289 -0.02906 0.69359 0.03943 0.71870
1033635.033470 53.82378 5.43598 102.20610 -0.02980 0.69367 0.03902 0.71862
1033635.042430 53.86665 5.44285 102.20055 -0.02965 0.69358 0.03928 0.71870
1033635.051390 53.92544 5.45336 102.20344 -0.02998 0.69367 0.03951 0.71858
1033635.051421 53.93694 5.42222 102.20640 -0.02970 0.69303 0.03796 0.71929
1033635.056523 53.95698 5.40005 102.21125 -0.02971 0.69240 0.03587 0.72001
1033635.063646 54.01578 5.40890 102.20265 -0.02963 0.69216 0.03558 0.72026
1033635.069310 54.05794 5.41704 102.20657 -0.02904 0.69238 0.03636 0.72003
1033635.073791 54.09705 5.42337 102.21657 -0.02903 0.69234 0.03625 0.72008
1033635.082751 54.09321 5.44131 102.20863 -0.02847 0.69319 0.03840 0.71917
1033635.087232 54.12147 5.46363 102.19735 -0.02950 0.69358 0.03979 0.71868
1033635.096190 54.20224 5.47066 102.20207 -0.03071 0.69375 0.03990 0.71845
1033635.105150 54.24968 5.46738 102.20381 -0.03108 0.69368 0.03985 0.71851
1033635.114110 54.26206 5.43414 102.20859 -0.03096 0.69300 0.03799 0.71927
1033635.123070 54.32863 5.41519 102.21619 -0.03048 0.69273 0.03698 0.71960
1033635.132030 54.40282 5.42053 102.21918 -0.03030 0.69266 0.03738 0.71966
1033635.140990 54.47235 5.42726 102.22100 -0.03039 0.69247 0.03780 0.71981
1033635.145471 54.52502 5.44661 102.22006 -0.03023 0.69251 0.03786 0.71978
1033635.149950 54.55389 5.44790 102.22370 -0.03015 0.69249 0.03798 0.71979
1033635.158910 54.60767 5.45350 102.22149 -0.03009 0.69248 0.03811 0.71980
1033635.167870 54.68675 5.46068 102.22927 -0.03016 0.69248 0.03792 0.71980
1033635.178647 54.76214 5.47299 102.23057 -0.03065 0.69250 0.03764 0.71978
1033635.181938 54.72862 5.46817 102.22550 -0.03011 0.69290 0.03807 0.71940
1033635.194750 54.76776 5.45578 102.22291 -0.03088 0.69288 0.03812 0.71938
1033635.203407 54.82294 5.45616 102.22088 -0.03053 0.69311 0.03898 0.71913
1033635.217151 54.87134 5.45353 102.21981 -0.03127 0.69293 0.03844 0.71930
1033635.225095 54.96733 5.44723 102.22806 -0.03186 0.69284 0.03798 0.71938
1033635.233361 55.03442 5.45101 102.23029 -0.03175 0.69264 0.03819 0.71957
1033635.244031 55.11804 5.46325 102.23950 -0.03164 0.69256 0.03802 0.71966
1033635.252991 55.19012 5.47209 102.24871 -0.03161 0.69274 0.03800 0.71949
1033635.261951 55.19771 5.47848 102.24227 -0.03085 0.69338 0.03884 0.71886
1033635.270911 55.25781 5.47554 102.24478 -0.03059 0.69363 0.03928 0.71861
1033635.283250 55.33698 5.48196 102.25359 -0.03061 0.69363 0.03952 0.71859
1033635.288831 55.36066 5.48371 102.25240 -0.03095 0.69373 0.03979 0.71846
1033635.301543 55.44655 5.47876 102.25677 -0.03121 0.69385 0.03993 0.71834
1033635.311230 55.49817 5.47902 102.26731 -0.03131 0.69313 0.03880 0.71909
1033635.320190 55.56619 5.48646 102.26780 -0.03045 0.69309 0.03913 0.71914
1033635.329150 55.64141 5.50044 102.26243 -0.03063 0.69307 0.03875 0.71918
1033635.333631 55.67988 5.50219 102.26652 -0.03026 0.69294 0.03898 0.71930
1033635.340136 55.66638 5.51438 102.25445 -0.03013 0.69339 0.04003 0.71882
1033635.351551 55.72303 5.50868 102.25090 -0.02977 0.69352 0.04034 0.71869
1033635.360511 55.77970 5.51432 102.25034 -0.03000 0.69365 0.04072 0.71853
1033635.373743 55.84947 5.52644 102.25050 -0.02978 0.69363 0.04065 0.71857
1033635.381827 55.91587 5.52059 102.26383 -0.03066 0.69322 0.03893 0.71902
1033635.387391 55.97352 5.52690 102.26671 -0.03065 0.69301 0.03900 0.71922
1033635.391870 55.99725 5.53197 102.25626 -0.03040 0.69297 0.03877 0.71928
1033635.396351 56.03869 5.53883 102.26294 -0.03016 0.69311 0.03874 0.71916
1033635.400830 56.07182 5.54192 102.27153 -0.03064 0.69306 0.03831 0.71921
1033635.405311 56.09671 5.54293 102.27897 -0.03070 0.69320 0.03826 0.71907
1033635.414271 56.09531 5.55556 102.26651 -0.02962 0.69365 0.03994 0.71859
1033635.418750 56.11324 5.55692 102.26076 -0.02970 0.69356 0.03981 0.71869
1033635.423231 56.14061 5.55662 102.25324 -0.02953 0.69357 0.04020 0.71866
1033635.427710 56.15386 5.55747 102.26179 -0.02941 0.69361 0.04033 0.71862
1033635.436599 56.23370 5.56658 102.26287 -0.02931 0.69362 0.04003 0.71863
1033635.441151 56.27938 5.55598 102.27641 -0.03031 0.69302 0.03848 0.71925
1033635.445630 56.32454 5.55494 102.27455 -0.03040 0.69296 0.03867 0.71930
1033635.454590 56.36373 5.55624 102.28008 -0.03028 0.69311 0.03895 0.71914
1033635.459071 56.41998 5.56775 102.28097 -0.03082 0.69316 0.03843 0.71910
1033635.463550 56.44486 5.57240 102.28353 -0.03072 0.69317 0.03782 0.71912
1033635.468031 56.40644 5.58476 102.27615 -0.02996 0.69390 0.03942 0.71836
1033635.472510 56.42506 5.58504 102.27900 -0.02989 0.69399 0.03967 0.71827
1033635.476991 56.45620 5.58482 102.28106 -0.03013 0.69396 0.03932 0.71831
1033635.481470 56.47930 5.58252 102.27955 -0.03017 0.69400 0.03965 0.71825
1033635.490191 56.53220 5.58730 102.28749 -0.03024 0.69409 0.03922 0.71819
1033635.494911 56.58901 5.58089 102.29994 -0.03129 0.69357 0.03793 0.71871
1033635.502452 56.66112 5.59166 102.29919 -0.03125 0.69340 0.03784 0.71888
1033635.508350 56.68925 5.59463 102.30511 -0.03091 0.69348 0.03768 0.71883
1033635.512831 56.74488 5.60107 102.30348 -0.03120 0.69342 0.03753 0.71888
1033635.517310 56.78718 5.60775 102.30656 -0.03095 0.69343 0.03761 0.71888
1033635.521791 56.73544 5.61447 102.29637 -0.03028 0.69397 0.03903 0.71831
1033635.527976 56.75873 5.61441 102.29156 -0.03072 0.69399 0.03879 0.71829
1033635.535230 56.79247 5.61117 102.28813 -0.03059 0.69387 0.03925 0.71837
1033635.539711 56.83970 5.61568 102.29465 -0.03103 0.69392 0.03887 0.71834
1033635.544190 56.86041 5.61092 102.29653 -0.03082 0.69385 0.03923 0.71839
1033635.548671 56.91699 5.60591 102.30605 -0.03190 0.69346 0.03735 0.71882
1033635.555458 56.99087 5.61579 102.31125 -0.03192 0.69326 0.03708 0.71903
1033635.562110 57.02648 5.62738 102.31052 -0.03178 0.69328 0.03720 0.71900
1033635.566591 57.07002 5.63130 102.31701 -0.03202 0.69339 0.03691 0.71891
1033635.575551 57.14176 5.63817 102.31981 -0.03177 0.69316 0.03700 0.71914
1033635.580030 57.09982 5.64892 102.30562 -0.03075 0.69372 0.03884 0.71854
1033635.584511 57.10295 5.64341 102.30336 -0.03140 0.69375 0.03861 0.71850
1033635.593471 57.15414 5.64573 102.31064 -0.03130 0.69380 0.03906 0.71842
1033635.605030 57.22245 5.65152 102.30995 -0.03186 0.69388 0.03858 0.71835
1033635.611391 57.30487 5.64790 102.32393 -0.03262 0.69335 0.03746 0.71889
1033635.615870 57.36164 5.65189 102.32473 -0.03246 0.69318 0.03732 0.71907
1033635.620351 57.39875 5.65514 102.31628 -0.03225 0.69300 0.03775 0.71923
1033635.629311 57.44764 5.66565 102.32356 -0.03216 0.69322 0.03772 0.71902
1033635.633790 57.47617 5.66929 102.33334 -0.03291 0.69328 0.03717 0.71896
1033635.642750 57.48788 5.67912 102.32330 -0.03166 0.69392 0.03917 0.71828
1033635.651710 57.52482 5.67692 102.31963 -0.03160 0.69386 0.03967 0.71832
1033635.660670 57.57643 5.67202 102.32787 -0.03181 0.69384 0.03963 0.71833
1033635.665151 57.61291 5.68337 102.32291 -0.03163 0.69376 0.03953 0.71842
1033635.669630 57.69400 5.67446 102.34130 -0.03276 0.69345 0.03797 0.71876
1033635.674111 57.74952 5.68655 102.34814 -0.03258 0.69334 0.03779 0.71888
1033635.678590 57.77827 5.69416 102.34780 -0.03177 0.69331 0.03827 0.71892
1033635.687550 57.85142 5.70502 102.35279 -0.03227 0.69333 0.03812 0.71889
1033635.697884 57.80921 5.70289 102.33652 -0.03112 0.69380 0.03982 0.71840
1033635.705470 57.83192 5.69620 102.33579 -0.03051 0.69385 0.04062 0.71833
1033635.709951 57.86838 5.70126 102.32427 -0.03042 0.69368 0.04083 0.71848
1033635.714430 57.91772 5.70555 102.33393 -0.02972 0.69367 0.04120 0.71849
1033635.723390 57.94751 5.70179 102.34184 -0.03013 0.69379 0.04082 0.71838
1033635.732350 58.04923 5.68978 102.35843 -0.03101 0.69345 0.03967 0.71875
1033635.736831 58.12256 5.70797 102.37001 -0.03084 0.69344 0.03913 0.71879
1033635.741310 58.17972 5.72286 102.37010 -0.03031 0.69343 0.03914 0.71882
1033635.745791 58.18511 5.71852 102.36830 -0.03059 0.69338 0.03904 0.71886
1033635.750270 58.13577 5.72523 102.35160 -0.02959 0.69391 0.04088 0.71829
1033635.755235 58.15645 5.72214 102.34670 -0.02909 0.69385 0.04145 0.71834
1033635.763711 58.19754 5.72006 102.34760 -0.02934 0.69379 0.04110 0.71840
1033635.772995 58.27356 5.72862 102.35088 -0.02934 0.69382 0.04105 0.71838
1033635.781631 58.30979 5.73005 102.35619 -0.02923 0.69395 0.04100 0.71826
1033635.786929 58.37974 5.71665 102.36902 -0.03024 0.69348 0.03929 0.71876
1033635.795068 58.46036 5.72377 102.37926 -0.03040 0.69350 0.03942 0.71873
1033635.798898 58.49940 5.73755 102.37611 -0.03024 0.69341 0.03885 0.71886
1033635.804030 58.53505 5.74375 102.37287 -0.03049 0.69343 0.03867 0.71883
1033635.808511 58.55472 5.74090 102.38111 -0.03055 0.69356 0.03847 0.71872
1033635.817471 58.53915 5.75213 102.36861 -0.02978 0.69400 0.03992 0.71825
1033635.824201 58.56582 5.75051 102.36641 -0.02944 0.69407 0.04028 0.71818
1033635.830910 58.61344 5.75285 102.36049 -0.02981 0.69400 0.04020 0.71823
1033635.837112 58.65997 5.75702 102.36365 -0.02992 0.69410 0.04003 0.71814
1033635.844351 58.73303 5.74431 102.37520 -0.03083 0.69366 0.03834 0.71862
1033635.849279 58.78998 5.75579 102.37879 -0.03061 0.69369 0.03844 0.71860
1033635.857790 58.84582 5.76338 102.38346 -0.03072 0.69370 0.03790 0.71861
1033635.862271 58.88431 5.76671 102.39145 -0.03048 0.69378 0.03779 0.71855
1033635.871231 58.93506 5.77078 102.39107 -0.03064 0.69386 0.03776 0.71847
1033635.875710 58.89879 5.78012 102.38130 -0.02996 0.69442 0.03899 0.71789
1033635.884670 58.94578 5.77914 102.37816 -0.02985 0.69444 0.03911 0.71787
1033635.889471 58.98191 5.78263 102.38052 -0.02938 0.69448 0.03952 0.71783
1033635.898111 59.02198 5.78366 102.37778 -0.02953 0.69453 0.03929 0.71778
1033635.907071 59.08582 5.77001 102.38951 -0.03082 0.69409 0.03716 0.71827
1033635.912292 59.15789 5.77817 102.39506 -0.03089 0.69395 0.03712 0.71841
1033635.920510 59.23654 5.78883 102.40500 -0.03070 0.69413 0.03702 0.71824
1033635.929470 59.27790 5.79153 102.40154 -0.03112 0.69419 0.03635 0.71820
1033635.933951 59.24581 5.80189 102.39649 -0.02986 0.69479 0.03836 0.71757
1033635.942911 59.29218 5.80230 102.39383 -0.02984 0.69484 0.03853 0.71752
1033635.945066 59.32610 5.81073 102.39446 -0.02982 0.69482 0.03854 0.71753
1033635.951871 59.34378 5.80357 102.38896 -0.02958 0.69480 0.03866 0.71756
1033635.956545 59.40516 5.79514 102.40734 -0.03102 0.69434 0.03657 0.71805
1033635.965310 59.48316 5.80351 102.41450 -0.03071 0.69437 0.03694 0.71802
1033635.969791 59.53362 5.81197 102.42333 -0.03083 0.69445 0.03653 0.71795
1033635.978751 59.60958 5.82930 102.43122 -0.03067 0.69454 0.03636 0.71788
1033635.983808 59.64456 5.83471 102.42970 -0.03071 0.69455 0.03601 0.71788
1033635.992190 59.60865 5.84272 102.41462 -0.02961 0.69513 0.03796 0.71727
1033635.996671 59.63232 5.84041 102.40165 -0.02982 0.69495 0.03860 0.71740
1033636.005631 59.66075 5.82990 102.41253 -0.03000 0.69496 0.03858 0.71739
1033636.010716 59.70230 5.83798 102.40516 -0.02961 0.69487 0.03895 0.71747
1033636.019070 59.75659 5.84556 102.40266 -0.03011 0.69489 0.03873 0.71744
1033636.028030 59.82730 5.83799 102.41121 -0.03126 0.69439 0.03713 0.71796
1033636.036990 59.91064 5.84351 102.42560 -0.03110 0.69424 0.03742 0.71810
1033636.041471 59.97306 5.85483 102.43415 -0.03063 0.69414 0.03775 0.71820
1033636.050431 60.02580 5.86167 102.44325 -0.03071 0.69437 0.03768 0.71797
1033636.054910 59.97888 5.86886 102.42901 -0.02988 0.69494 0.03908 0.71738
1033636.063870 60.00942 5.86579 102.42667 -0.02977 0.69490 0.03963 0.71739
1033636.068644 60.03679 5.86721 102.41849 -0.02973 0.69487 0.03979 0.71741
1033636.072830 60.08898 5.87740 102.41712 -0.02942 0.69479 0.03996 0.71750
1033636.077311 60.14191 5.86651 102.43104 -0.03003 0.69419 0.03845 0.71813
1033636.081790 60.19488 5.87328 102.43748 -0.02992 0.69414 0.03881 0.71817
1033636.090750 60.25697 5.87986 102.44535 -0.02990 0.69427 0.03885 0.71805
1033636.095231 60.28300 5.88191 102.44210 -0.02940 0.69425 0.03950 0.71805
1033636.099710 60.31039 5.88075 102.45242 -0.02934 0.69432 0.03983 0.71797
1033636.108670 60.29349 5.88906 102.43838 -0.02932 0.69498 0.04077 0.71727
1033636.113151 60.33251 5.89783 102.43257 -0.02914 0.69492 0.04102 0.71732
1033636.122111 60.38156 5.89834 102.42737 -0.02877 0.69485 0.04197 0.71735
1033636.126949 60.41285 5.90094 102.43522 -0.02903 0.69496 0.04181 0.71724
1033636.135550 60.46528 5.90082 102.43767 -0.02862 0.69485 0.04257 0.71733
1033636.144510 60.55190 5.89498 102.44834 -0.02915 0.69432 0.04146 0.71788
1033636.148991 60.61699 5.90795 102.45818 -0.02911 0.69447 0.04140 0.71774
1033636.153470 60.66783 5.91871 102.45923 -0.02954 0.69445 0.04112 0.71776
1033636.162430 60.71585 5.91906 102.45921 -0.02944 0.69438 0.04161 0.71780
1033636.166911 60.74360 5.92029 102.46472 -0.02893 0.69448 0.04202 0.71770
1033636.175871 60.71276 5.92995 102.45215 -0.02841 0.69518 0.04362 0.71694
1033636.184831 60.76827 5.92941 102.44471 -0.02781 0.69522 0.04444 0.71688
1033636.189310 60.79453 5.93425 102.43956 -0.02786 0.69508 0.04454 0.71701
1033636.198270 60.86522 5.93837 102.44818 -0.02788 0.69530 0.04475 0.71678
1033636.207230 60.94094 5.92964 102.45906 -0.02861 0.69468 0.04361 0.71742
1033636.211711 61.01462 5.94026 102.46313 -0.02863 0.69453 0.04360 0.71757
1033636.220671 61.07176 5.94455 102.46589 -0.02899 0.69455 0.04344 0.71754
1033636.225150 61.10846 5.95439 102.46406 -0.02850 0.69458 0.04420 0.71749
1033636.229631 61.13399 5.96052 102.46361 -0.02850 0.69457 0.04398 0.71751
1033636.234110 61.10071 5.96762 102.45464 -0.02792 0.69529 0.04536 0.71675
1033636.238591 61.11442 5.96290 102.44791 -0.02747 0.69532 0.04580 0.71672
1033636.247551 61.16705 5.96609 102.44776 -0.02754 0.69536 0.04646 0.71663
1033636.252030 61.21377 5.96964 102.44704 -0.02729 0.69526 0.04690 0.71671
1033636.260990 61.26107 5.97634 102.45356 -0.02732 0.69552 0.04680 0.71646
1033636.265471 61.32957 5.96683 102.47068 -0.02787 0.69488 0.04558 0.71714
1033636.274431 61.40816 5.97749 102.47338 -0.02813 0.69492 0.04559 0.71709
1033636.278910 61.43235 5.97960 102.46814 -0.02785 0.69485 0.04578 0.71715
1033636.292351 61.51929 5.98140 102.46626 -0.02785 0.69490 0.04630 0.71708
1033636.296830 61.48693 5.98858 102.45057 -0.02728 0.69545 0.04754 0.71648
1033636.300955 61.51429 5.98829 102.45748 -0.02721 0.69564 0.04801 0.71627
1033636.310271 61.55996 5.98589 102.45657 -0.02732 0.69564 0.04816 0.71625
1033636.314750 61.60398 5.99686 102.46270 -0.02764 0.69571 0.04717 0.71624
1033636.323710 61.68942 5.99503 102.47432 -0.02820 0.69514 0.04623 0.71683
1033636.328191 61.73282 6.00278 102.47773 -0.02861 0.69510 0.04575 0.71688
1033636.332670 61.76429 6.01026 102.47631 -0.02810 0.69508 0.04600 0.71691
1033636.337151 61.78512 6.01275 102.47607 -0.02798 0.69521 0.04589 0.71679
1033636.350467 61.79737 6.01901 102.46432 -0.02756 0.69589 0.04754 0.71604
1033636.355071 61.83221 6.01566 102.46897 -0.02757 0.69596 0.04819 0.71593
1033636.364031 61.89358 6.02045 102.46210 -0.02753 0.69582 0.04825 0.71607
1033636.368510 61.92272 6.01889 102.47124 -0.02773 0.69596 0.04834 0.71591
1033636.377470 61.97871 6.01810 102.46938 -0.02775 0.69599 0.04891 0.71585
1033636.381843 62.03877 6.01366 102.48340 -0.02831 0.69537 0.04721 0.71654
1033636.386430 62.09618 6.03119 102.48893 -0.02803 0.69540 0.04714 0.71653
1033636.393453 62.14111 6.03290 102.48886 -0.02766 0.69537 0.04747 0.71655
1033636.399871 62.19169 6.04279 102.49409 -0.02752 0.69543 0.04764 0.71649
1033636.404350 62.22823 6.05028 102.49040 -0.02769 0.69545 0.04717 0.71649
1033636.413310 62.21471 6.05754 102.47780 -0.02676 0.69597 0.04925 0.71588
1033636.417791 62.24613 6.05241 102.48096 -0.02708 0.69602 0.04902 0.71583
1033636.425805 62.29470 6.05680 102.48094 -0.02657 0.69617 0.04930 0.71569
1033636.431230 62.34849 6.06803 102.48531 -0.02631 0.69613 0.04940 0.71573
1033636.440190 62.42735 6.06201 102.49776 -0.02664 0.69559 0.04824 0.71633
1033636.444671 62.46611 6.06724 102.49794 -0.02680 0.69547 0.04850 0.71642
1033636.453631 62.52892 6.06900 102.49640 -0.02665 0.69548 0.04832 0.71643
1033636.458110 62.56193 6.08100 102.50072 -0.02679 0.69550 0.04830 0.71640
1033636.462591 62.59303 6.07900 102.50400 -0.02687 0.69565 0.04833 0.71625
1033636.471551 62.57117 6.08437 102.48481 -0.02612 0.69615 0.04966 0.71570
1033636.476075 62.60473 6.08384 102.48769 -0.02582 0.69612 0.05010 0.71571
1033636.489471 62.67016 6.07981 102.49240 -0.02647 0.69617 0.05060 0.71561
1033636.498431 62.74039 6.08451 102.49452 -0.02659 0.69610 0.05026 0.71569
1033636.502910 62.80562 6.08473 102.50994 -0.02715 0.69554 0.04901 0.71630
1033636.511870 62.88650 6.09529 102.51844 -0.02754 0.69560 0.04834 0.71627
1033636.517551 62.93424 6.09966 102.51492 -0.02731 0.69550 0.04812 0.71640
1033636.525311 62.98241 6.10436 102.51993 -0.02715 0.69558 0.04824 0.71631
1033636.534271 63.03667 6.11760 102.51883 -0.02744 0.69556 0.04744 0.71638
1033636.543231 63.01049 6.12107 102.50245 -0.02725 0.69614 0.04866 0.71573
1033636.552191 63.07887 6.11253 102.50697 -0.02725 0.69628 0.04931 0.71555
1033636.555802 63.09212 6.11229 102.50771 -0.02721 0.69621 0.04909 0.71564
1033636.565630 63.15331 6.11986 102.51448 -0.02735 0.69625 0.04898 0.71560
1033636.569671 63.17986 6.11824 102.51150 -0.02724 0.69613 0.04904 0.71572
1033636.579071 63.27034 6.11516 102.52745 -0.02757 0.69564 0.04817 0.71624
1033636.583550 63.33936 6.12317 102.53674 -0.02779 0.69560 0.04722 0.71633
1033636.596991 63.42403 6.13699 102.54395 -0.02798 0.69577 0.04689 0.71619
1033636.604290 63.47668 6.14807 102.54425 -0.02798 0.69582 0.04663 0.71616
1033636.614911 63.55102 6.15233 102.54956 -0.02763 0.69589 0.04630 0.71613
1033636.623871 63.52193 6.15385 102.53189 -0.02736 0.69635 0.04744 0.71561
1033636.637310 63.59412 6.15171 102.53300 -0.02752 0.69625 0.04755 0.71569
1033636.646270 63.65471 6.16079 102.53386 -0.02697 0.69642 0.04784 0.71553
1033636.650751 63.69493 6.16631 102.52889 -0.02742 0.69636 0.04730 0.71560
1033636.659711 63.78460 6.16760 102.54344 -0.02798 0.69585 0.04622 0.71616
1033636.664190 63.86750 6.17780 102.55505 -0.02760 0.69583 0.04618 0.71619
1033636.673150 63.94327 6.18620 102.56411 -0.02754 0.69601 0.04569 0.71605
1033636.682110 63.99573 6.19545 102.56894 -0.02780 0.69602 0.04522 0.71605
1033636.694028 64.07936 6.20366 102.57378 -0.02826 0.69604 0.04468 0.71606
1033636.700030 64.02125 6.20551 102.55373 -0.02776 0.69650 0.04568 0.71556
1033636.708992 64.06681 6.20048 102.54860 -0.02768 0.69636 0.04645 0.71565
1033636.717952 64.11280 6.20309 102.54462 -0.02787 0.69634 0.04579 0.71571
1033636.726912 64.16388 6.20288 102.55335 -0.02770 0.69633 0.04617 0.71570
1033636.740353 64.24540 6.20750 102.56148 -0.02840 0.69599 0.04546 0.71605
1033636.749313 64.35209 6.20769 102.56714 -0.02876 0.69573 0.04426 0.71636
1033636.758273 64.45812 6.21401 102.57300 -0.02874 0.69573 0.04376 0.71639
1033636.771712 64.54298 6.22878 102.57784 -0.02818 0.69573 0.04337 0.71644
1033636.780672 64.63627 6.23858 102.58402 -0.02744 0.69557 0.04356 0.71661
1033636.789632 64.57579 6.24035 102.56344 -0.02611 0.69623 0.04507 0.71593
1033636.798592 64.61492 6.24169 102.55877 -0.02621 0.69615 0.04464 0.71603
1033636.807552 64.67276 6.25084 102.56383 -0.02574 0.69621 0.04469 0.71598
1033636.816512 64.72925 6.25684 102.56730 -0.02495 0.69636 0.04476 0.71586
1033636.825472 64.80629 6.25917 102.58027 -0.02598 0.69583 0.04330 0.71643
1033636.835192 64.91974 6.26353 102.59071 -0.02521 0.69584 0.04303 0.71646
1033636.843392 64.99392 6.26350 102.59395 -0.02514 0.69576 0.04304 0.71654
1033636.852352 65.04643 6.26636 102.59542 -0.02512 0.69585 0.04279 0.71647
1033636.861312 65.01280 6.27310 102.57520 -0.02381 0.69645 0.04425 0.71585
1033636.868501 65.04049 6.28573 102.57410 -0.02332 0.69620 0.04444 0.71609
1033636.879232 65.11969 6.28512 102.57603 -0.02311 0.69632 0.04428 0.71599
1033636.890369 65.18516 6.28222 102.58210 -0.02264 0.69653 0.04438 0.71580
1033636.901633 65.28145 6.27500 102.59837 -0.02377 0.69604 0.04264 0.71634
1033636.908232 65.37308 6.28382 102.60732 -0.02419 0.69609 0.04153 0.71635
1033636.919553 65.45220 6.29577 102.60686 -0.02386 0.69618 0.04105 0.71630
1033636.932992 65.52712 6.30243 102.60730 -0.02374 0.69624 0.04053 0.71627
1033636.941952 65.58502 6.30099 102.61265 -0.02411 0.69632 0.03953 0.71623
1033636.950912 65.58215 6.31952 102.60446 -0.02264 0.69695 0.04149 0.71556
1033636.955393 65.60187 6.32652 102.59895 -0.02247 0.69696 0.04103 0.71559
1033636.968832 65.68116 6.33687 102.60195 -0.02283 0.69707 0.04044 0.71550
1033636.982269 65.78115 6.33549 102.60739 -0.02253 0.69726 0.03983 0.71536
1033636.991233 65.85014 6.32399 102.61835 -0.02370 0.69694 0.03865 0.71569
1033637.000193 65.93799 6.33093 102.63036 -0.02406 0.69704 0.03785 0.71562
1033637.012352 66.01249 6.33624 102.63516 -0.02368 0.69701 0.03797 0.71566
1033637.022592 66.10325 6.35274 102.63869 -0.02352 0.69733 0.03741 0.71539
1033637.027073 66.13446 6.35861 102.63915 -0.02347 0.69727 0.03720 0.71545
1033637.036033 66.11274 6.36380 102.62600 -0.02240 0.69763 0.03848 0.71508
1033637.049472 66.18319 6.36449 102.62733 -0.02196 0.69752 0.03866 0.71518
1033637.058432 66.24776 6.37610 102.62744 -0.02209 0.69759 0.03792 0.71516
1033637.062913 66.29130 6.37944 102.62508 -0.02203 0.69754 0.03810 0.71519
1033637.071873 66.37437 6.37426 102.64240 -0.02287 0.69736 0.03654 0.71543
1033637.085220 66.45986 6.36774 102.65348 -0.02316 0.69747 0.03625 0.71532
1033637.098753 66.57138 6.37504 102.66226 -0.02289 0.69770 0.03633 0.71510
1033637.107713 66.63841 6.39195 102.65800 -0.02265 0.69762 0.03605 0.71520
1033637.116673 66.60161 6.40215 102.64763 -0.02209 0.69789 0.03727 0.71490
1033637.121152 66.62850 6.40269 102.65000 -0.02196 0.69785 0.03715 0.71495
1033637.130112 66.68159 6.41280 102.65863 -0.02202 0.69806 0.03704 0.71474
1033637.139072 66.71939 6.42058 102.66697 -0.02152 0.69821 0.03693 0.71461
1033637.144121 66.77435 6.41666 102.66070 -0.02181 0.69815 0.03721 0.71465
1033637.156992 66.86255 6.41918 102.67537 -0.02237 0.69793 0.03662 0.71487
1033637.170433 66.96149 6.41772 102.68106 -0.02277 0.69794 0.03598 0.71489
1033637.179389 67.05895 6.42641 102.68781 -0.02234 0.69791 0.03611 0.71492
1033637.188353 67.12699 6.42406 102.68872 -0.02242 0.69797 0.03637 0.71485
1033637.197313 67.18702 6.42984 102.68566 -0.02255 0.69797 0.03659 0.71484
1033637.210752 67.20850 6.44692 102.67948 -0.02183 0.69836 0.03784 0.71441
1033637.221138 67.28725 6.44631 102.67589 -0.02137 0.69825 0.03856 0.71449
1033637.228672 67.34064 6.45289 102.67993 -0.02149 0.69836 0.03809 0.71441
1033637.242113 67.42923 6.46851 102.68561 -0.02152 0.69851 0.03868 0.71423
1033637.251073 67.49677 6.45503 102.70279 -0.02169 0.69822 0.03762 0.71456
1033637.260033 67.57429 6.45797 102.70847 -0.02207 0.69820 0.03773 0.71457
1033637.264512 67.60699 6.46363 102.69634 -0.02208 0.69800 0.03790 0.71476
1033637.268993 67.64383 6.46576 102.70067 -0.02184 0.69807 0.03828 0.71468
1033637.273472 67.59879 6.47854 102.68725 -0.02131 0.69845 0.03881 0.71429
1033637.277953 67.63165 6.48756 102.68736 -0.02121 0.69858 0.03899 0.71416
1033637.286913 67.68237 6.48526 102.69373 -0.02101 0.69851 0.03920 0.71422
1033637.295873 67.75022 6.49021 102.69057 -0.02116 0.69854 0.03926 0.71418
1033637.304833 67.81892 6.48702 102.70068 -0.02187 0.69823 0.03902 0.71447
1033637.309312 67.87567 6.48547 102.69675 -0.02202 0.69813 0.03904 0.71457
1033637.313793 67.91063 6.48652 102.69620 -0.02175 0.69810 0.03894 0.71461
1033637.318272 67.94735 6.49016 102.70368 -0.02200 0.69811 0.03914 0.71458
1033637.323657 67.98547 6.49849 102.69849 -0.02192 0.69818 0.03912 0.71451
1033637.331713 67.95878 6.50632 102.69093 -0.02107 0.69860 0.04042 0.71406
1033637.336192 67.97079 6.50380 102.70533 -0.02150 0.69870 0.04037 0.71395
1033637.345152 68.03799 6.51037 102.70525 -0.02134 0.69884 0.04011 0.71384
1033637.354112 68.10444 6.51215 102.70831 -0.02164 0.69892 0.04025 0.71374
1033637.363072 68.20511 6.51111 102.72392 -0.02255 0.69863 0.03957 0.71403
1033637.368876 68.25827 6.51143 102.72002 -0.02220 0.69870 0.03997 0.71396
1033637.372032 68.28807 6.51202 102.72235 -0.02249 0.69868 0.03996 0.71397
1033637.376513 68.29532 6.50236 102.71747 -0.02239 0.69860 0.04055 0.71401
1033637.385473 68.37018 6.51974 102.71781 -0.02219 0.69860 0.04060 0.71401
1033637.389952 68.32939 6.52645 102.71013 -0.02176 0.69924 0.04096 0.71338
1033637.394433 68.34537 6.52933 102.71491 -0.02172 0.69929 0.04126 0.71331
1033637.403393 68.41136 6.53102 102.71864 -0.02181 0.69946 0.04127 0.71315
1033637.412353 68.47778 6.53424 102.71608 -0.02231 0.69951 0.04148 0.71307
1033637.416832 68.49667 6.53459 102.71968 -0.02256 0.69960 0.04111 0.71300
1033637.421313 68.56272 6.52914 102.73451 -0.02263 0.69915 0.04084 0.71345
1033637.430273 68.63506 6.53030 102.73148 -0.02276 0.69898 0.04119 0.71360
1033637.430585 68.63170 6.53108 102.72189 -0.02262 0.69888 0.04114 0.71369
1033637.448193 68.74113 6.53475 102.72802 -0.02320 0.69902 0.04134 0.71353
1033637.452672 68.71167 6.54785 102.71703 -0.02232 0.69936 0.04225 0.71317
1033637.457153 68.74023 6.54843 102.71568 -0.02226 0.69953 0.04198 0.71302
1033637.461632 68.77238 6.54908 102.72096 -0.02206 0.69948 0.04258 0.71304
1033637.466113 68.80004 6.55880 102.72660 -0.02208 0.69966 0.04229 0.71288
1033637.475073 68.87609 6.55124 102.74575 -0.02281 0.69922 0.04160 0.71334
1033637.482876 68.95214 6.55014 102.73821 -0.02305 0.69920 0.04157 0.71335
1033637.488512 69.01425 6.56055 102.73870 -0.02314 0.69909 0.04119 0.71347
1033637.492993 69.05646 6.56044 102.73548 -0.02319 0.69900 0.04117 0.71356
1033637.497472 69.07881 6.56744 102.73667 -0.02314 0.69892 0.04114 0.71364
1033637.506432 69.13810 6.56552 102.73161 -0.02326 0.69889 0.04097 0.71367
1033637.510913 69.08976 6.57609 102.71547 -0.02235 0.69937 0.04207 0.71317
1033637.519871 69.12904 6.58562 102.73138 -0.02211 0.69957 0.04215 0.71298
1033637.524352 69.16177 6.58182 102.73422 -0.02225 0.69953 0.04206 0.71302
1033637.533314 69.19681 6.59059 102.74156 -0.02190 0.69975 0.04237 0.71280
1033637.537791 69.28537 6.58272 102.75463 -0.02294 0.69919 0.04139 0.71336
1033637.542272 69.34399 6.58917 102.74067 -0.02310 0.69902 0.04113 0.71355
1033637.546753 69.37983 6.59602 102.74446 -0.02265 0.69888 0.04174 0.71366
1033637.551234 69.41267 6.58877 102.74499 -0.02318 0.69894 0.04153 0.71360
1033637.560192 69.46496 6.59234 102.74333 -0.02258 0.69884 0.04213 0.71368
1033637.564673 69.42509 6.59762 102.73038 -0.02253 0.69944 0.04243 0.71308
1033637.573631 69.47727 6.60434 102.73941 -0.02255 0.69964 0.04227 0.71289
1033637.578112 69.51115 6.61118 102.73737 -0.02229 0.69971 0.04222 0.71283
1033637.582593 69.53240 6.61282 102.74210 -0.02273 0.69973 0.04226 0.71280
1033637.587074 69.55406 6.61425 102.73965 -0.02227 0.69967 0.04267 0.71284
1033637.596032 69.64909 6.60746 102.76519 -0.02277 0.69921 0.04214 0.71331
1033637.600505 69.71023 6.61374 102.75547 -0.02286 0.69910 0.04185 0.71344
1033637.604994 69.74110 6.62211 102.75359 -0.02276 0.69887 0.04202 0.71365
1033637.612863 69.79802 6.61834 102.75657 -0.02301 0.69911 0.04196 0.71342
1033637.618433 69.74815 6.62666 102.73641 -0.02247 0.69968 0.04267 0.71283
1033637.627391 69.80139 6.61938 102.74033 -0.02270 0.69963 0.04302 0.71285
1033637.631872 69.83590 6.62494 102.74636 -0.02283 0.69978 0.04287 0.71271
1033637.640834 69.90012 6.62977 102.75076 -0.02250 0.69973 0.04333 0.71274
1033637.645311 69.96487 6.62534 102.76594 -0.02342 0.69914 0.04242 0.71334
1033637.649792 70.01157 6.63385 102.76177 -0.02291 0.69907 0.04249 0.71343
1033637.654273 70.03360 6.63391 102.75607 -0.02320 0.69892 0.04264 0.71355
1033637.663231 70.10661 6.63904 102.76089 -0.02303 0.69891 0.04305 0.71354
1033637.667712 70.13311 6.64634 102.75897 -0.02294 0.69888 0.04284 0.71358
1033637.672193 70.08582 6.65204 102.73913 -0.02198 0.69952 0.04384 0.71293
1033637.681151 70.12833 6.65577 102.74544 -0.02219 0.69951 0.04350 0.71296
1033637.685632 70.15319 6.64449 102.74842 -0.02246 0.69960 0.04364 0.71285
1033637.694594 70.20161 6.65736 102.75357 -0.02261 0.69970 0.04337 0.71276
1033637.699071 70.27673 6.65386 102.77346 -0.02319 0.69923 0.04331 0.71320
1033637.708033 70.35474 6.65623 102.77183 -0.02314 0.69911 0.04359 0.71331
1033637.712514 70.39191 6.65971 102.76752 -0.02302 0.69888 0.04372 0.71353
1033637.716991 70.44180 6.67018 102.76247 -0.02309 0.69877 0.04371 0.71364
1033637.721472 70.46243 6.66611 102.76580 -0.02295 0.69896 0.04369 0.71346
1033637.725953 70.41092 6.66744 102.74472 -0.02225 0.69953 0.04413 0.71289
1033637.734911 70.44535 6.66383 102.74676 -0.02211 0.69955 0.04477 0.71284
1033637.739392 70.46897 6.67306 102.74523 -0.02227 0.69939 0.04438 0.71302
1033637.748354 70.53191 6.66859 102.75598 -0.02293 0.69956 0.04402 0.71285
1033637.752831 70.61640 6.68112 102.77425 -0.02325 0.69895 0.04400 0.71344
1033637.761793 70.67876 6.68486 102.77226 -0.02310 0.69882 0.04390 0.71358
1033637.766274 70.71852 6.69541 102.77044 -0.02303 0.69871 0.04413 0.71368
1033637.774507 70.78235 6.69794 102.77566 -0.02329 0.69873 0.04396 0.71366
1033637.779713 70.81370 6.70120 102.77590 -0.02296 0.69880 0.04416 0.71358
1033637.788671 70.78195 6.70572 102.75620 -0.02244 0.69945 0.04470 0.71292
1033637.793152 70.79008 6.70050 102.75846 -0.02278 0.69946 0.04446 0.71292
1033637.797633 70.81795 6.69773 102.75921 -0.02277 0.69952 0.04476 0.71285
1033637.802114 70.83726 6.70363 102.75835 -0.02299 0.69964 0.04441 0.71274
1033637.806591 70.88462 6.70680 102.76348 -0.02288 0.69963 0.04475 0.71274
1033637.815553 70.94525 6.70401 102.78511 -0.02370 0.69900 0.04422 0.71336
1033637.820034 71.02236 6.70864 102.78350 -0.02383 0.69877 0.04430 0.71358
1033637.828992 71.07944 6.71210 102.77775 -0.02398 0.69867 0.04449 0.71365
1033637.833473 71.11873 6.72116 102.78030 -0.02353 0.69859 0.04471 0.71374
1033637.842431 71.17437 6.72535 102.77829 -0.02351 0.69867 0.04483 0.71365
1033637.851393 71.14231 6.72319 102.75964 -0.02300 0.69935 0.04499 0.71299
1033637.855874 71.16224 6.72597 102.76123 -0.02315 0.69940 0.04493 0.71295
1033637.860351 71.18299 6.72550 102.75584 -0.02315 0.69939 0.04531 0.71293
1033637.864832 71.20978 6.72512 102.76585 -0.02333 0.69940 0.04534 0.71291
1033637.869313 71.28246 6.73006 102.78367 -0.02382 0.69872 0.04517 0.71357
1033637.873794 71.32922 6.73215 102.78313 -0.02386 0.69855 0.04530 0.71373
1033637.882752 71.39534 6.73576 102.78826 -0.02378 0.69863 0.04539 0.71364
1033637.891714 71.46262 6.75198 102.79131 -0.02396 0.69861 0.04504 0.71368
1033637.896191 71.48164 6.74486 102.79550 -0.02449 0.69878 0.04483 0.71351
1033637.900672 71.43089 6.74618 102.77238 -0.02363 0.69939 0.04538 0.71291
1033637.909630 71.46773 6.74405 102.77004 -0.02379 0.69935 0.04504 0.71297
1033637.914111 71.48670 6.74991 102.77123 -0.02327 0.69936 0.04576 0.71292
1033637.920792 71.52394 6.74780 102.76929 -0.02367 0.69933 0.04576 0.71294
1033637.927554 71.59971 6.74750 102.79446 -0.02446 0.69866 0.04515 0.71361
1033637.932031 71.67282 6.75972 102.79395 -0.02444 0.69837 0.04488 0.71391
1033637.940993 71.72191 6.76847 102.79438 -0.02448 0.69843 0.04479 0.71386
1033637.945474 71.75563 6.76444 102.79464 -0.02485 0.69835 0.04479 0.71392
1033637.949951 71.77265 6.76269 102.79543 -0.02453 0.69852 0.04504 0.71375
1033637.958913 71.74728 6.76397 102.77274 -0.02374 0.69930 0.04598 0.71295
1033637.963394 71.76451 6.76667 102.77421 -0.02413 0.69933 0.04546 0.71295
1033637.967871 71.77596 6.76852 102.78321 -0.02412 0.69928 0.04546 0.71299
1033637.976833 71.85151 6.76496 102.78224 -0.02398 0.69936 0.04553 0.71292
1033637.981314 71.90098 6.76555 102.80700 -0.02547 0.69857 0.04459 0.71370
1033637.990272 71.96409 6.76785 102.81145 -0.02573 0.69849 0.04498 0.71375
1033637.999234 72.04774 6.77376 102.80402 -0.02571 0.69839 0.04496 0.71384
1033638.003711 72.07858 6.77376 102.80323 -0.02525 0.69829 0.04504 0.71395
1033638.012673 72.04241 6.77555 102.77830 -0.02439 0.69906 0.04576 0.71318
1033638.021631 72.08298 6.78524 102.78101 -0.02460 0.69899 0.04539 0.71327
1033638.026112 72.10524 6.78798 102.78313 -0.02449 0.69907 0.04572 0.71316
1033638.035074 72.14757 6.78921 102.78880 -0.02503 0.69921 0.04541 0.71304
1033638.039551 72.21720 6.78658 102.81142 -0.02555 0.69852 0.04488 0.71373
1033638.044032 72.27481 6.79375 102.81615 -0.02549 0.69842 0.04519 0.71381
1033638.048513 72.30413 6.79841 102.81290 -0.02547 0.69838 0.04506 0.71385
1033638.057471 72.35304 6.79454 102.81552 -0.02582 0.69844 0.04481 0.71380
1033638.061952 72.37520 6.79309 102.81679 -0.02583 0.69845 0.04496 0.71378
1033638.070914 72.33604 6.80165 102.79383 -0.02446 0.69906 0.04568 0.71318
1033638.075391 72.34968 6.81032 102.78860 -0.02415 0.69895 0.04563 0.71331
1033638.084353 72.41426 6.80743 102.78637 -0.02461 0.69900 0.04551 0.71325
1033638.088834 72.41197 6.79959 102.80040 -0.02495 0.69907 0.04547 0.71317
1033638.096592 72.47914 6.79630 102.82225 -0.02611 0.69851 0.04451 0.71374
1033638.102273 72.56446 6.79985 102.82616 -0.02592 0.69834 0.04498 0.71388
1033638.111231 72.61804 6.80482 102.82301 -0.02601 0.69836 0.04461 0.71388
1033638.120193 72.67114 6.81065 102.82566 -0.02605 0.69839 0.04439 0.71386
1033638.129151 72.64123 6.81993 102.80391 -0.02457 0.69908 0.04575 0.71315
1033638.133632 72.65368 6.82411 102.79524 -0.02429 0.69891 0.04564 0.71334
1033638.138113 72.68491 6.83186 102.79776 -0.02391 0.69903 0.04542 0.71325
1033638.142594 72.71418 6.82888 102.79660 -0.02393 0.69900 0.04562 0.71326
1033638.147071 72.74402 6.83985 102.79579 -0.02406 0.69885 0.04545 0.71341
1033638.147620 72.78438 6.83294 102.81249 -0.02533 0.69820 0.04441 0.71407
1033995.444989 0.01442 -0.00901 0.07296 0.00024 0.00083 0.00008 1.00000
1033995.454826 0.00962 -0.00917 0.15324 -0.00027 0.00057 0.00012 1.00000
1033995.459743 0.00659 -0.00143 0.18647 -0.00020 0.00060 -0.00056 1.00000
1033995.464661 0.00189 -0.00350 0.23307 -0.00013 0.00084 -0.00025 1.00000
1033995.469654 -0.00138 -0.00063 0.24923 0.00019 0.00080 -0.00032 1.00000
1033995.479415 0.00165 0.00417 0.26539 0.00022 0.00107 -0.00044 1.00000
1033995.484334 0.00320 -0.00214 0.30402 0.00019 0.00100 -0.00026 1.00000
1033995.489251 -0.00175 -0.00191 0.31481 0.00007 0.00111 -0.00042 1.00000
1033995.494169 -0.00234 -0.00166 0.33058 0.00029 0.00131 -0.00040 1.00000
1033995.504005 0.00020 -0.00478 0.36298 0.00007 0.00127 -0.00064 1.00000
1033995.513842 0.00140 -0.00192 0.39749 0.00016 0.00141 -0.00144 1.00000
1033995.523677 -0.00013 -0.00506 0.45087 -0.00005 0.00167 -0.00139 1.00000
1033995.528596 0.00032 -0.00242 0.47306 -0.00009 0.00135 -0.00163 1.00000
1033995.534788 0.00121 -0.00596 0.48959 -0.00010 0.00168 -0.00245 1.00000
1033995.548199 0.00138 -0.00407 0.52956 0.00071 0.00147 -0.00133 1.00000
1033995.558104 -0.00185 -0.00369 0.57743 0.00068 0.00175 -0.00158 1.00000
1033995.563021 -0.00130 -0.00237 0.60054 0.00078 0.00150 -0.00106 1.00000
1033995.567939 -0.00374 0.00444 0.58708 0.00027 0.00080 -0.00298 1.00000
1033995.577092 -0.00191 0.00969 0.60003 0.00016 0.00106 -0.00175 1.00000
1033995.588744 -0.00335 0.01147 0.64167 0.00049 0.00105 -0.00148 1.00000
1033995.593261 -0.00517 0.01253 0.66005 0.00063 0.00134 -0.00221 1.00000
1033995.605613 -0.00908 0.01447 0.70141 0.00051 0.00149 -0.00095 1.00000
1033995.607284 0.00124 0.00404 0.74167 0.00096 0.00192 -0.00159 1.00000
1033995.617119 0.00115 0.00075 0.78308 0.00097 0.00205 -0.00218 1.00000
1033995.617652 -0.00026 -0.00152 0.78424 0.00056 0.00204 -0.00217 1.00000
1033995.623872 -0.00043 -0.00222 0.81338 0.00059 0.00210 -0.00214 1.00000
1033995.626955 -0.00396 0.00031 0.82385 0.00072 0.00249 -0.00233 0.99999
1033995.638992 -0.00091 0.00108 0.86624 0.00078 0.00268 -0.00226 0.99999
1033995.650820 -0.00870 0.00677 0.89488 0.00031 0.00209 -0.00292 0.99999
1033995.654178 -0.00693 0.00746 0.91235 0.00027 0.00207 -0.00303 0.99999
1033995.661381 -0.00050 0.01102 0.93521 0.00004 0.00209 -0.00271 0.99999
1033995.669186 -0.00441 0.00735 0.95622 0.00041 0.00218 -0.00259 0.99999
1033995.676135 -0.00026 0.00247 0.99440 0.00014 0.00292 -0.00145 0.99999
1033995.690890 0.00572 -0.00783 1.03356 0.00049 0.00328 -0.00242 0.99999
1033995.695808 0.00324 -0.00552 1.07369 0.00025 0.00306 -0.00238 0.99999
1033995.705643 0.00577 -0.00590 1.11710 0.00019 0.00291 -0.00247 0.99999
1033995.710562 -0.00528 -0.00115 1.13152 -0.00013 0.00272 -0.00333 0.99999
1033995.720397 -0.00865 -0.00090 1.16318 -0.00045 0.00285 -0.00369 0.99999
1033995.724226 -0.00860 -0.00585 1.17855 -0.00053 0.00305 -0.00423 0.99999
1033995.740055 -0.00234 -0.00716 1.21755 -0.00027 0.00351 -0.00337 0.99999
1033995.744988 0.00526 -0.01062 1.26276 0.00010 0.00351 -0.00252 0.99999
1033995.749906 0.00343 -0.01097 1.30279 0.00001 0.00358 -0.00220 0.99999
1033995.754824 -0.00360 -0.01081 1.32974 0.00012 0.00375 -0.00229 0.99999
1033995.759741 0.00157 -0.00243 1.34380 0.00026 0.00380 -0.00264 0.99999
1033995.769578 0.00424 -0.00417 1.36810 0.00055 0.00396 -0.00210 0.99999
1033995.779220 0.00035 0.00092 1.37802 -0.00003 0.00349 -0.00371 0.99999
1033995.789250 0.00188 -0.00466 1.41095 0.00012 0.00371 -0.00444 0.99998
1033995.794167 -0.00074 -0.00599 1.44111 -0.00024 0.00390 -0.00416 0.99998
1033995.804004 0.00265 -0.00280 1.47330 -0.00011 0.00375 -0.00449 0.99998
1033995.813840 0.00842 -0.01447 1.51029 0.00057 0.00442 -0.00318 0.99999
1033995.816624 0.00538 -0.01278 1.54997 0.00028 0.00440 -0.00290 0.99999
1033995.823675 0.00035 -0.00840 1.57993 0.00058 0.00446 -0.00328 0.99998
1033995.828594 0.00490 -0.00669 1.61884 0.00064 0.00448 -0.00282 0.99999
1033995.836479 -0.00179 -0.00417 1.59604 0.00027 0.00416 -0.00468 0.99998
1033995.851183 0.00461 -0.00949 1.64379 0.00036 0.00454 -0.00480 0.99998
1033995.853184 0.00506 -0.00693 1.65992 0.00033 0.00445 -0.00517 0.99998
1033995.858101 0.00140 -0.00622 1.68821 0.00031 0.00458 -0.00497 0.99998
1033995.867938 0.00434 -0.00544 1.71906 0.00038 0.00453 -0.00411 0.99998
1033995.872855 0.00888 -0.01202 1.75459 0.00087 0.00494 -0.00311 0.99998
1033995.875269 0.00778 -0.01200 1.77000 0.00066 0.00514 -0.00354 0.99998
1033995.887610 0.00718 -0.01300 1.80829 0.00071 0.00526 -0.00410 0.99998
1033995.893360 0.00427 -0.01713 1.83414 0.00064 0.00555 -0.00362 0.99998
1033995.907282 0.01257 -0.01789 1.87175 0.00079 0.00585 -0.00368 0.99998
1033995.917117 0.01127 -0.01641 1.90280 0.00018 0.00528 -0.00535 0.99997
1033995.920583 0.01163 -0.02037 1.92463 -0.00004 0.00568 -0.00568 0.99997
1033995.926954 0.00861 -0.01524 1.96741 -0.00001 0.00543 -0.00560 0.99997
1033995.931133 0.01152 -0.01930 1.98916 0.00073 0.00593 -0.00365 0.99998
1033995.936789 0.00687 -0.01984 2.01700 0.00043 0.00609 -0.00364 0.99997
1033995.946626 0.01042 -0.02061 2.04409 0.00042 0.00619 -0.00376 0.99997
1033995.956461 0.02065 -0.02327 2.07495 0.00082 0.00620 -0.00341 0.99997
1033995.966298 0.01369 -0.01983 2.08394 0.00025 0.00616 -0.00513 0.99997
1033995.971216 0.01132 -0.01593 2.10801 0.00022 0.00598 -0.00547 0.99997
1033995.985970 0.01370 -0.02070 2.15827 0.00049 0.00655 -0.00600 0.99996
1033995.990887 0.01732 -0.01688 2.19779 0.00036 0.00652 -0.00604 0.99996
1033996.000724 0.01684 -0.02194 2.23193 0.00038 0.00689 -0.00645 0.99996
1033996.005642 0.02144 -0.02794 2.27017 0.00069 0.00697 -0.00436 0.99997
1033996.010560 0.02528 -0.03049 2.29765 0.00082 0.00664 -0.00429 0.99997
1033996.015477 0.02833 -0.02573 2.31568 0.00069 0.00663 -0.00440 0.99997
1033996.030231 0.03459 -0.02903 2.36605 0.00075 0.00673 -0.00398 0.99997
1033996.035149 0.02799 -0.02531 2.38493 0.00008 0.00675 -0.00610 0.99996
1033996.044986 0.02584 -0.02776 2.43542 0.00009 0.00703 -0.00568 0.99996
1033996.054821 0.02719 -0.02841 2.47575 0.00032 0.00696 -0.00633 0.99996
1033996.059740 0.02758 -0.02707 2.48851 0.00013 0.00748 -0.00629 0.99995
1033996.069575 0.03427 -0.03311 2.51818 0.00069 0.00761 -0.00518 0.99996
1033996.079412 0.03439 -0.03288 2.56001 0.00074 0.00760 -0.00413 0.99996
1033996.084330 0.03651 -0.03106 2.58509 0.00098 0.00769 -0.00431 0.99996
1033996.095095 0.04106 -0.02724 2.62701 0.00102 0.00770 -0.00438 0.99996
1033996.104002 0.03199 -0.02637 2.66802 0.00084 0.00749 -0.00632 0.99995
1033996.108919 0.03106 -0.02667 2.70241 0.00071 0.00751 -0.00664 0.99995
1033996.118755 0.03358 -0.02951 2.73203 0.00040 0.00757 -0.00655 0.99995
1033996.133509 0.04170 -0.03131 2.77974 -0.00004 0.00783 -0.00608 0.99995
1033996.138428 0.05233 -0.03323 2.80058 0.00070 0.00842 -0.00452 0.99995
1033996.143346 0.04867 -0.03053 2.84291 0.00096 0.00858 -0.00552 0.99995
1033996.148263 0.04644 -0.02715 2.88157 0.00117 0.00824 -0.00435 0.99996
1033996.153181 0.04081 -0.02564 2.91124 0.00160 0.00850 -0.00508 0.99995
1033996.163018 0.04580 -0.02591 2.94357 0.00078 0.00839 -0.00387 0.99996
1033996.172853 0.04572 -0.02543 2.96709 0.00101 0.00846 -0.00570 0.99995
1033996.175031 0.03815 -0.02326 2.99000 0.00106 0.00884 -0.00626 0.99994
1033996.182690 0.03691 -0.02242 3.03515 0.00121 0.00906 -0.00717 0.99993
1033996.192525 0.03865 -0.02225 3.07068 0.00148 0.00936 -0.00652 0.99993
1033996.197444 0.03925 -0.02883 3.10151 0.00192 0.00934 -0.00587 0.99994
1033996.202362 0.04435 -0.02731 3.12792 0.00188 0.00932 -0.00576 0.99994
1033996.207280 0.04367 -0.02843 3.14473 0.00186 0.00957 -0.00539 0.99994
1033996.212197 0.04201 -0.03393 3.17523 0.00186 0.00956 -0.00592 0.99994
1033996.217116 0.04287 -0.02718 3.20148 0.00195 0.00968 -0.00612 0.99993
1033996.222034 0.04159 -0.02037 3.20390 0.00168 0.00932 -0.00728 0.99993
1033996.231869 0.04457 -0.01466 3.24014 0.00176 0.00964 -0.00703 0.99993
1033996.236787 0.04558 -0.01719 3.26609 0.00181 0.00940 -0.00641 0.99993
1033996.243376 0.04487 -0.02172 3.30373 0.00126 0.00949 -0.00713 0.99993
1033996.251541 0.04785 -0.02060 3.33232 0.00129 0.00978 -0.00665 0.99993
1033996.256459 0.05245 -0.03145 3.35240 0.00232 0.01014 -0.00537 0.99993
1033996.266295 0.05731 -0.02699 3.38961 0.00226 0.01018 -0.00505 0.99993
1033996.271213 0.05669 -0.03307 3.43075 0.00238 0.01013 -0.00522 0.99993
1033996.276132 0.05471 -0.03311 3.46049 0.00209 0.01015 -0.00534 0.99993
1033996.281311 0.05966 -0.03281 3.47622 0.00204 0.01006 -0.00501 0.99993
1033996.289784 0.06500 -0.03197 3.51714 0.00225 0.01014 -0.00529 0.99993
1033996.295803 0.05919 -0.01951 3.52033 0.00161 0.01009 -0.00596 0.99993
1033996.305639 0.06347 -0.02071 3.56220 0.00173 0.01008 -0.00633 0.99993
1033996.314384 0.07118 -0.01981 3.60175 0.00168 0.01010 -0.00575 0.99993
1033996.320394 0.06892 -0.02108 3.63618 0.00168 0.01017 -0.00573 0.99993
1033996.328533 0.07587 -0.03214 3.66615 0.00221 0.01062 -0.00411 0.99993
1033996.334463 0.07638 -0.03488 3.69289 0.00191 0.01088 -0.00363 0.99993
1033996.337548 0.07423 -0.03268 3.71118 0.00245 0.01095 -0.00431 0.99993
1033996.347014 0.08088 -0.03137 3.75685 0.00234 0.01100 -0.00382 0.99993
1033996.354820 0.07695 -0.02280 3.77543 0.00173 0.01048 -0.00517 0.99993
1033996.360575 0.07769 -0.02313 3.80696 0.00202 0.01071 -0.00616 0.99992
1033996.365046 0.07708 -0.02310 3.83715 0.00210 0.01042 -0.00654 0.99992
1033996.374492 0.08424 -0.02153 3.87613 0.00221 0.01068 -0.00626 0.99992
1033996.380173 0.09020 -0.03202 3.91900 0.00282 0.01118 -0.00464 0.99992
1033996.384327 0.08763 -0.03512 3.95243 0.00250 0.01147 -0.00362 0.99992
1033996.399082 0.09783 -0.04328 3.99816 0.00254 0.01159 -0.00376 0.99992
1033996.400188 0.09583 -0.04097 4.03288 0.00252 0.01144 -0.00281 0.99993
1033996.413835 0.10089 -0.04307 4.07181 0.00267 0.01203 -0.00353 0.99992
1033996.423671 0.10862 -0.02904 4.09848 0.00218 0.01141 -0.00400 0.99992
1033996.428589 0.10479 -0.02460 4.13145 0.00238 0.01112 -0.00471 0.99992
1033996.433507 0.10588 -0.01952 4.17332 0.00251 0.01139 -0.00448 0.99992
1033996.439883 0.10437 -0.01900 4.22131 0.00268 0.01132 -0.00542 0.99992
1033996.446913 0.10963 -0.03278 4.24188 0.00341 0.01191 -0.00375 0.99992
1033996.453180 0.11001 -0.03580 4.27817 0.00294 0.01201 -0.00291 0.99992
1033996.463015 0.11869 -0.03876 4.32989 0.00304 0.01212 -0.00253 0.99992
1033996.467933 0.11936 -0.04332 4.36433 0.00337 0.01213 -0.00297 0.99992
1033996.477770 0.12366 -0.04025 4.41256 0.00297 0.01221 -0.00168 0.99992
1033996.482688 0.11835 -0.02630 4.41289 0.00211 0.01201 -0.00368 0.99992
1033996.492523 0.12332 -0.02599 4.46236 0.00232 0.01203 -0.00331 0.99992
1033996.497730 0.11674 -0.02508 4.49435 0.00246 0.01227 -0.00414 0.99991
1033996.507277 0.12632 -0.04152 4.52914 0.00357 0.01288 -0.00343 0.99990
1033996.512195 0.12168 -0.04463 4.57728 0.00342 0.01280 -0.00353 0.99991
1033996.522032 0.12490 -0.04705 4.62804 0.00303 0.01308 -0.00334 0.99990
1033996.529333 0.12334 -0.04460 4.67869 0.00321 0.01312 -0.00394 0.99990
1033996.536785 0.12545 -0.04532 4.71871 0.00322 0.01298 -0.00354 0.99990
1033996.541703 0.12316 -0.02883 4.71412 0.00253 0.01265 -0.00440 0.99991
1033996.547650 0.12143 -0.03170 4.74616 0.00251 0.01281 -0.00506 0.99990
1033996.555447 0.12494 -0.02746 4.78931 0.00264 0.01278 -0.00489 0.99990
1033996.566294 0.13151 -0.02979 4.83734 0.00256 0.01290 -0.00449 0.99990
1033996.571211 0.14344 -0.04508 4.87882 0.00337 0.01344 -0.00321 0.99990
1033996.579659 0.14620 -0.05116 4.93286 0.00288 0.01334 -0.00308 0.99990
1033996.585965 0.14523 -0.05195 4.97296 0.00254 0.01341 -0.00315 0.99990
1033996.590883 0.14264 -0.04995 5.00534 0.00262 0.01372 -0.00299 0.99990
1033996.600028 0.13637 -0.03383 5.01537 0.00207 0.01319 -0.00430 0.99990
1033996.605638 0.13521 -0.03385 5.04461 0.00174 0.01326 -0.00453 0.99990
1033996.610609 0.13967 -0.03454 5.07144 0.00201 0.01356 -0.00451 0.99990
1033996.615473 0.13973 -0.03728 5.10108 0.00227 0.01334 -0.00518 0.99989
1033996.625309 0.14785 -0.03628 5.15072 0.00203 0.01359 -0.00396 0.99990
1033996.630227 0.15564 -0.04823 5.20059 0.00287 0.01395 -0.00246 0.99990
1033996.640064 0.16421 -0.05103 5.24457 0.00288 0.01421 -0.00157 0.99989
1033996.649899 0.16868 -0.05510 5.30067 0.00253 0.01397 -0.00210 0.99990
1033996.659735 0.17107 -0.05754 5.35975 0.00239 0.01403 -0.00189 0.99990
1033996.662397 0.16762 -0.03806 5.36668 0.00174 0.01370 -0.00253 0.99990
1033996.670925 0.16853 -0.03298 5.38756 0.00196 0.01394 -0.00221 0.99990
1033996.681772 0.17601 -0.03810 5.44400 0.00171 0.01410 -0.00248 0.99990
1033996.694161 0.18214 -0.04290 5.48756 0.00170 0.01390 -0.00210 0.99990
1033996.703997 0.19027 -0.06120 5.55040 0.00246 0.01448 -0.00172 0.99989
1033996.711344 0.19278 -0.06543 5.61748 0.00210 0.01462 -0.00186 0.99989
1033996.723504 0.19423 -0.06624 5.68177 0.00195 0.01475 -0.00209 0.99989
1033996.728587 0.18890 -0.06033 5.73989 0.00218 0.01474 -0.00187 0.99989
1033996.738423 0.18424 -0.04871 5.75267 0.00152 0.01438 -0.00383 0.99989
1033996.745430 0.18722 -0.04496 5.79124 0.00151 0.01468 -0.00319 0.99989
1033996.753973 0.18837 -0.04476 5.82197 0.00158 0.01454 -0.00305 0.99989
1033996.758096 0.19083 -0.04862 5.84663 0.00151 0.01475 -0.00307 0.99989
1033996.763291 0.19998 -0.07044 5.89244 0.00195 0.01520 -0.00245 0.99988
1033996.767932 0.20543 -0.07242 5.94418 0.00190 0.01511 -0.00211 0.99988
1033996.772850 0.20736 -0.07448 5.98035 0.00206 0.01501 -0.00198 0.99988
1033996.777767 0.20870 -0.07042 6.00337 0.00193 0.01520 -0.00215 0.99988
1033996.787603 0.20404 -0.05539 6.01100 0.00162 0.01457 -0.00259 0.99989
1033996.797440 0.19803 -0.04856 6.04562 0.00173 0.01498 -0.00303 0.99988
1033996.802358 0.20015 -0.05144 6.08394 0.00160 0.01514 -0.00256 0.99988
1033996.807512 0.20293 -0.05221 6.11910 0.00167 0.01510 -0.00287 0.99988
1033996.812193 0.20142 -0.04919 6.12784 0.00168 0.01512 -0.00258 0.99988
1033996.822315 0.20763 -0.05223 6.18596 0.00162 0.01488 -0.00218 0.99989
1033996.826947 0.21532 -0.08142 6.22651 0.00177 0.01553 -0.00195 0.99988
1033996.837746 0.22061 -0.08472 6.32004 0.00177 0.01577 -0.00190 0.99987
1033996.846620 0.22431 -0.08573 6.39248 0.00144 0.01577 -0.00204 0.99987
1033996.851592 0.22243 -0.08587 6.43346 0.00156 0.01582 -0.00176 0.99987
1033996.861373 0.22313 -0.07205 6.40191 0.00104 0.01546 -0.00196 0.99988
1033996.866292 0.22601 -0.06779 6.43810 0.00100 0.01551 -0.00226 0.99988
1033996.876128 0.22392 -0.06482 6.50700 0.00097 0.01545 -0.00241 0.99988
1033996.881046 0.22047 -0.06293 6.52780 0.00104 0.01569 -0.00235 0.99987
1033996.891114 0.22138 -0.06270 6.60564 0.00131 0.01568 -0.00261 0.99987
1033996.900719 0.22338 -0.08334 6.64697 0.00131 0.01645 -0.00230 0.99986
1033996.910554 0.23556 -0.08879 6.69983 0.00093 0.01644 -0.00210 0.99986
1033996.915472 0.24135 -0.10061 6.74379 0.00102 0.01633 -0.00250 0.99986
1033996.920390 0.24457 -0.09943 6.80083 0.00083 0.01636 -0.00186 0.99986
1033996.925308 0.23148 -0.07996 6.75555 0.00041 0.01600 -0.00295 0.99987
1033996.930225 0.23524 -0.07290 6.78335 0.00062 0.01601 -0.00298 0.99987
1033996.940063 0.23522 -0.07785 6.82399 0.00032 0.01609 -0.00276 0.99987
1033996.949898 0.24221 -0.07768 6.88544 0.00059 0.01616 -0.00299 0.99986
1033996.959734 0.24515 -0.08376 6.96296 0.00036 0.01630 -0.00224 0.99986
1033996.974487 0.24802 -0.10631 7.02716 0.00074 0.01658 -0.00327 0.99986
1033996.979407 0.25645 -0.11006 7.09267 0.00064 0.01664 -0.00261 0.99986
1033996.984323 0.25614 -0.10795 7.14144 0.00047 0.01669 -0.00232 0.99986
1033996.993031 0.26069 -0.10765 7.19328 0.00039 0.01683 -0.00237 0.99986
1033996.994160 0.25802 -0.10126 7.22349 0.00062 0.01690 -0.00253 0.99985
1033997.007168 0.25491 -0.08257 7.23602 0.00009 0.01653 -0.00271 0.99986
1033997.013831 0.25293 -0.07735 7.27465 0.00017 0.01645 -0.00289 0.99986
1033997.023668 0.25917 -0.08056 7.34259 -0.00011 0.01657 -0.00266 0.99986
1033997.033504 0.26442 -0.08398 7.40610 -0.00021 0.01667 -0.00302 0.99986
1033997.043339 0.26130 -0.07978 7.47543 -0.00040 0.01667 -0.00249 0.99986
1033997.052802 0.26564 -0.10395 7.54757 0.00017 0.01716 -0.00225 0.99985
1033997.063012 0.26747 -0.11306 7.58507 -0.00014 0.01724 -0.00277 0.99985
1033997.067930 0.27061 -0.11401 7.62339 -0.00011 0.01721 -0.00238 0.99985
1033997.072848 0.27934 -0.11134 7.70237 -0.00026 0.01709 -0.00224 0.99985
1033997.077766 0.27282 -0.09890 7.65415 -0.00071 0.01677 -0.00293 0.99985
1033997.087602 0.27804 -0.10276 7.71555 -0.00077 0.01681 -0.00305 0.99985
1033997.094406 0.28207 -0.10418 7.73715 -0.00118 0.01680 -0.00308 0.99985
1033997.102355 0.28070 -0.10337 7.79431 -0.00105 0.01684 -0.00262 0.99985
1033997.113233 0.28533 -0.09672 7.87873 -0.00088 0.01682 -0.00251 0.99986
1033997.122027 0.27728 -0.11335 7.91764 -0.00049 0.01708 -0.00164 0.99985
1033997.125964 0.28515 -0.11526 7.98835 -0.00051 0.01735 -0.00175 0.99985
1033997.131863 0.28238 -0.11811 7.98948 -0.00059 0.01742 -0.00214 0.99985
1033997.141700 0.28621 -0.10722 8.03203 -0.00153 0.01700 -0.00265 0.99985
1033997.146618 0.28751 -0.10289 8.07098 -0.00137 0.01675 -0.00235 0.99986
1033997.159263 0.29203 -0.10609 8.15230 -0.00175 0.01666 -0.00208 0.99986
1033997.171207 0.30628 -0.11189 8.23663 -0.00185 0.01660 -0.00166 0.99986
1033997.176125 0.30094 -0.12615 8.22587 -0.00127 0.01712 -0.00124 0.99985
1033997.181045 0.29938 -0.13790 8.22945 -0.00142 0.01706 -0.00126 0.99985
1033997.190880 0.30969 -0.13245 8.28805 -0.00136 0.01677 -0.00140 0.99986
1033997.192514 0.30468 -0.13831 8.34052 -0.00178 0.01684 -0.00158 0.99986
1033997.206022 0.31393 -0.13624 8.40553 -0.00167 0.01690 -0.00191 0.99985
1033997.219623 0.30901 -0.12005 8.50520 -0.00251 0.01640 -0.00240 0.99986
1033997.220388 0.31927 -0.12112 8.53764 -0.00246 0.01649 -0.00206 0.99986
1033997.230224 0.31459 -0.11305 8.60095 -0.00259 0.01638 -0.00108 0.99986
1033997.235142 0.31568 -0.12926 8.61239 -0.00168 0.01685 -0.00092 0.99986
1033997.240060 0.31343 -0.13669 8.64331 -0.00194 0.01673 -0.00148 0.99986
1033997.244977 0.32183 -0.14456 8.68787 -0.00234 0.01665 -0.00153 0.99986
1033997.259731 0.32976 -0.14471 8.77062 -0.00238 0.01651 -0.00175 0.99986
1033997.269568 0.33506 -0.14543 8.81214 -0.00240 0.01634 -0.00125 0.99986
1033997.279403 0.34207 -0.12866 8.86138 -0.00278 0.01621 -0.00186 0.99986
1033997.284321 0.33931 -0.12499 8.93914 -0.00302 0.01590 -0.00226 0.99987
1033997.289239 0.33513 -0.13019 8.97183 -0.00326 0.01618 -0.00230 0.99986
1033997.294157 0.34155 -0.13509 8.98119 -0.00342 0.01605 -0.00188 0.99986
1033997.303994 0.33824 -0.13141 9.06434 -0.00359 0.01584 -0.00222 0.99987
1033997.313830 0.34081 -0.15159 9.05279 -0.00318 0.01624 -0.00233 0.99986
1033997.323665 0.33083 -0.15295 9.11465 -0.00312 0.01611 -0.00211 0.99986
1033997.333501 0.33198 -0.14203 9.21100 -0.00392 0.01581 -0.00154 0.99987
1033997.338420 0.34234 -0.14587 9.27081 -0.00436 0.01569 -0.00200 0.99987
1033997.348256 0.32134 -0.13869 9.32170 -0.00415 0.01579 -0.00220 0.99986
1033997.358091 0.33875 -0.14160 9.41130 -0.00435 0.01575 -0.00194 0.99986
1033997.363009 0.33570 -0.13604 9.43722 -0.00419 0.01571 -0.00210 0.99987
1033997.372845 0.34211 -0.14685 9.40311 -0.00372 0.01597 -0.00219 0.99986
1033997.376255 0.35128 -0.15172 9.44346 -0.00355 0.01577 -0.00191 0.99987
1033997.382682 0.35453 -0.15761 9.48067 -0.00393 0.01561 -0.00215 0.99987
1033997.387600 0.35461 -0.15670 9.52662 -0.00389 0.01555 -0.00212 0.99987
1033997.400406 0.35456 -0.16749 9.60693 -0.00420 0.01561 -0.00227 0.99987
1033997.412190 0.35983 -0.15766 9.69684 -0.00485 0.01508 -0.00224 0.99987
1033997.419176 0.35467 -0.15393 9.77372 -0.00486 0.01519 -0.00161 0.99987
1033997.422025 0.35327 -0.14486 9.79732 -0.00479 0.01501 -0.00162 0.99987
1033997.436779 0.35321 -0.15137 9.86406 -0.00487 0.01515 -0.00144 0.99987
1033997.441697 0.35639 -0.14134 9.95048 -0.00490 0.01502 -0.00148 0.99987
1033997.446615 0.35771 -0.15456 9.90487 -0.00433 0.01526 -0.00200 0.99987
1033997.451533 0.36604 -0.16421 9.92592 -0.00456 0.01510 -0.00161 0.99987
1033997.461370 0.37013 -0.16184 9.95663 -0.00443 0.01508 -0.00140 0.99988
1033997.471206 0.36390 -0.15821 10.05285 -0.00470 0.01486 -0.00172 0.99988
1033997.481042 0.37249 -0.16132 10.09837 -0.00547 0.01431 -0.00107 0.99988
1033997.485960 0.36776 -0.14946 10.15982 -0.00529 0.01434 -0.00124 0.99988
1033997.493916 0.36985 -0.15673 10.23114 -0.00571 0.01427 -0.00158 0.99988
1033997.500713 0.36779 -0.14873 10.27056 -0.00567 0.01429 -0.00132 0.99988
1033997.510549 0.38008 -0.15707 10.32365 -0.00580 0.01408 -0.00095 0.99988
1033997.518642 0.37348 -0.15706 10.36108 -0.00595 0.01377 -0.00127 0.99989
1033997.520385 0.37596 -0.14906 10.34579 -0.00483 0.01420 -0.00168 0.99989
1033997.528047 0.37392 -0.15746 10.38982 -0.00518 0.01424 -0.00180 0.99988
1033997.539254 0.38366 -0.15810 10.46863 -0.00535 0.01386 -0.00222 0.99989
1033997.540058 0.38535 -0.16341 10.48923 -0.00531 0.01389 -0.00206 0.99989
1033997.554812 0.38824 -0.16232 10.57162 -0.00589 0.01361 -0.00158 0.99989
1033997.564648 0.39908 -0.15903 10.63012 -0.00668 0.01323 -0.00060 0.99989
1033997.573162 0.40696 -0.16293 10.70917 -0.00663 0.01288 -0.00022 0.99990
1033997.579401 0.40921 -0.16115 10.75898 -0.00660 0.01270 -0.00079 0.99990
1033997.584319 0.41350 -0.17399 10.76426 -0.00695 0.01241 -0.00073 0.99990
1033997.594155 0.42708 -0.17590 10.80305 -0.00706 0.01209 -0.00044 0.99990
1033997.603991 0.42186 -0.18353 10.85243 -0.00669 0.01238 -0.00208 0.99990
1033997.613828 0.43624 -0.19469 10.90840 -0.00705 0.01204 -0.00239 0.99990
1033997.618746 0.42651 -0.18874 10.96525 -0.00693 0.01211 -0.00188 0.99990
1033997.624689 0.42058 -0.18850 11.00063 -0.00704 0.01222 -0.00198 0.99990
1033997.633500 0.41631 -0.17963 11.01383 -0.00748 0.01181 -0.00115 0.99990
1033997.643336 0.42277 -0.17612 11.09202 -0.00754 0.01136 -0.00078 0.99991
1033997.653172 0.42199 -0.17998 11.15689 -0.00762 0.01124 -0.00055 0.99991
1033997.663007 0.43126 -0.17313 11.25421 -0.00782 0.01093 -0.00050 0.99991
1033997.667925 0.43433 -0.18173 11.25828 -0.00729 0.01136 -0.00169 0.99991
1033997.679594 0.44345 -0.18590 11.34779 -0.00704 0.01109 -0.00214 0.99991
1033997.687597 0.43454 -0.19699 11.37111 -0.00728 0.01089 -0.00227 0.99991
1033997.692516 0.44261 -0.19084 11.42244 -0.00731 0.01107 -0.00141 0.99991
1033997.697434 0.43874 -0.19268 11.47403 -0.00770 0.01070 -0.00189 0.99991
1033997.707270 0.43329 -0.18299 11.50313 -0.00833 0.01030 -0.00044 0.99991
1033997.713971 0.43416 -0.18821 11.52403 -0.00831 0.01008 -0.00033 0.99991
1033997.722024 0.44926 -0.18909 11.56221 -0.00815 0.00984 -0.00029 0.99992
1033997.731859 0.45308 -0.18957 11.60939 -0.00826 0.00927 -0.00025 0.99992
1033997.736777 0.47052 -0.19932 11.64793 -0.00777 0.00972 -0.00156 0.99992
1033997.746613 0.48287 -0.20443 11.70806 -0.00814 0.00922 -0.00111 0.99992
1033997.758433 0.48157 -0.20816 11.77569 -0.00803 0.00896 -0.00107 0.99993
1033997.767123 0.47700 -0.20966 11.81724 -0.00819 0.00876 -0.00196 0.99993
1033997.776122 0.49548 -0.20224 11.86311 -0.00892 0.00812 0.00042 0.99993
1033997.781040 0.49290 -0.20801 11.91538 -0.00910 0.00766 0.00016 0.99993
1033997.786389 0.50105 -0.20478 11.93837 -0.00889 0.00767 0.00047 0.99993
1033997.797556 0.49571 -0.20161 12.02231 -0.00897 0.00726 0.00035 0.99993
1033997.810548 0.49161 -0.20060 12.08765 -0.00892 0.00703 0.00039 0.99994
1033997.820383 0.49422 -0.20829 12.14039 -0.00866 0.00712 -0.00118 0.99994
1033997.825011 0.50206 -0.20814 12.18251 -0.00860 0.00690 -0.00057 0.99994
1033997.833802 0.49654 -0.20829 12.24524 -0.00892 0.00673 -0.00148 0.99994
1033997.844973 0.49706 -0.20697 12.31170 -0.00892 0.00660 -0.00130 0.99994
1033997.854810 0.49298 -0.20482 12.34770 -0.00939 0.00590 -0.00004 0.99994
1033997.859728 0.50603 -0.20031 12.38828 -0.00936 0.00560 0.00039 0.99994
1033997.871237 0.49216 -0.20011 12.48272 -0.00960 0.00541 -0.00019 0.99994
1033997.879400 0.48319 -0.19533 12.53805 -0.00951 0.00560 0.00021 0.99994
1033997.884318 0.49366 -0.20145 12.57455 -0.00875 0.00569 -0.00141 0.99994
1033997.886971 0.48084 -0.20752 12.60229 -0.00898 0.00585 -0.00147 0.99994
1033997.899071 0.48667 -0.20539 12.67545 -0.00911 0.00553 -0.00135 0.99994
1033997.905996 0.49358 -0.20333 12.72477 -0.00907 0.00519 -0.00088 0.99995
1033997.913825 0.48353 -0.20205 12.76825 -0.00975 0.00488 -0.00033 0.99994
1033997.923661 0.48571 -0.19937 12.82808 -0.00982 0.00449 -0.00026 0.99994
1033997.928579 0.49111 -0.19277 12.85988 -0.00957 0.00419 -0.00008 0.99995
1033997.940389 0.50409 -0.19790 12.93591 -0.00948 0.00353 0.00031 0.99995
1033997.948252 0.50760 -0.20162 12.99398 -0.00955 0.00326 0.00059 0.99995
1033997.953170 0.50545 -0.20580 12.99179 -0.00906 0.00368 -0.00064 0.99995
1033997.967924 0.50313 -0.20619 13.08396 -0.00918 0.00315 -0.00137 0.99995
1033997.973971 0.50099 -0.19866 13.16244 -0.00959 0.00314 -0.00128 0.99995
1033997.982677 0.49635 -0.20322 13.22401 -0.00942 0.00290 -0.00088 0.99995
1033997.992513 0.49735 -0.19331 13.23934 -0.00995 0.00218 0.00062 0.99995
1033998.002349 0.49777 -0.19098 13.27982 -0.00988 0.00167 0.00002 0.99995
1033998.017104 0.49746 -0.20032 13.35958 -0.00994 0.00076 0.00131 0.99995
1033998.026940 0.49731 -0.20376 13.41850 -0.01006 0.00033 0.00147 0.99995
1033998.031858 0.50300 -0.21724 13.50836 -0.01019 0.00055 -0.00015 0.99995
1033998.036776 0.51803 -0.21225 13.55828 -0.01041 0.00028 -0.00118 0.99995
1033998.041694 0.52428 -0.21196 13.61460 -0.01056 -0.00003 -0.00113 0.99994
1033998.051529 0.51218 -0.20963 13.66756 -0.01043 -0.00018 -0.00127 0.99994
1033998.061365 0.51864 -0.19985 13.66484 -0.01051 -0.00095 0.00025 0.99994
1033998.071201 0.51303 -0.20268 13.70751 -0.01037 -0.00163 0.00178 0.99994
1033998.081037 0.51713 -0.18914 13.79209 -0.01042 -0.00214 0.00173 0.99994
1033998.085956 0.51760 -0.19363 13.82842 -0.01021 -0.00247 0.00150 0.99994
1033998.092254 0.51924 -0.20274 13.86909 -0.01034 -0.00263 0.00186 0.99994
1033998.100710 0.52628 -0.21283 13.97218 -0.01072 -0.00236 -0.00031 0.99994
1033998.110546 0.53571 -0.21776 14.05354 -0.01131 -0.00288 0.00018 0.99993
1033998.115464 0.52746 -0.20513 14.08137 -0.01081 -0.00293 -0.00013 0.99994
1033998.122752 0.51863 -0.20539 14.17632 -0.01072 -0.00334 -0.00050 0.99994
1033998.134426 0.51343 -0.20268 14.17264 -0.01065 -0.00408 0.00153 0.99993
1033998.140053 0.51220 -0.19041 14.19953 -0.01052 -0.00455 0.00185 0.99993
1033998.145525 0.51488 -0.20594 14.21068 -0.01064 -0.00501 0.00196 0.99993
1033998.154807 0.51808 -0.20307 14.24730 -0.01075 -0.00515 0.00165 0.99993
1033998.164644 0.52545 -0.20476 14.34936 -0.01102 -0.00547 0.00081 0.99992
1033998.169562 0.51519 -0.19823 14.44006 -0.01092 -0.00543 0.00015 0.99993
1033998.175372 0.51804 -0.19905 14.48331 -0.01121 -0.00574 0.00036 0.99992
1033998.184316 0.52007 -0.20028 14.53487 -0.01100 -0.00620 -0.00030 0.99992
1033998.194152 0.50493 -0.19500 14.57191 -0.01102 -0.00696 0.00171 0.99991
1033998.203987 0.48656 -0.18969 14.62519 -0.01092 -0.00746 0.00215 0.99991
1033998.204413 0.48823 -0.19412 14.60772 -0.01096 -0.00745 0.00194 0.99991
1033998.213823 0.48147 -0.18809 14.66535 -0.01087 -0.00791 0.00237 0.99991
1033998.225530 0.46854 -0.17849 14.77304 -0.01128 -0.00822 0.00097 0.99990
1033998.230919 0.46622 -0.19136 14.85603 -0.01143 -0.00823 0.00086 0.99990
1033998.240490 0.46620 -0.19033 14.94860 -0.01163 -0.00894 0.00047 0.99989
1033998.246064 0.46623 -0.17675 15.01525 -0.01164 -0.00912 0.00039 0.99989
1033998.253168 0.46496 -0.18763 15.03473 -0.01157 -0.00960 -0.00003 0.99989
1033998.258086 0.43765 -0.17398 15.02234 -0.01112 -0.00996 0.00231 0.99989
1033998.265382 0.43263 -0.16235 15.07156 -0.01099 -0.01046 0.00248 0.99988
1033998.271095 0.44216 -0.17082 15.10509 -0.01094 -0.01095 0.00187 0.99988
1033998.277758 0.44467 -0.16341 15.14388 -0.01101 -0.01130 0.00247 0.99987
1033998.282676 0.45259 -0.16064 15.25490 -0.01139 -0.01094 0.00099 0.99987
1033998.291703 0.44595 -0.16094 15.31033 -0.01135 -0.01153 0.00102 0.99987
1033998.297429 0.44706 -0.16324 15.34436 -0.01162 -0.01180 0.00070 0.99986
1033998.303570 0.45794 -0.17373 15.39344 -0.01202 -0.01229 0.00085 0.99985
1033998.312183 0.45162 -0.17282 15.46720 -0.01213 -0.01304 0.00102 0.99984
1033998.322019 0.42277 -0.17385 15.47743 -0.01165 -0.01420 0.00199 0.99983
1033998.326938 0.43067 -0.17147 15.50101 -0.01146 -0.01483 0.00241 0.99982
1033998.331856 0.43105 -0.17786 15.53514 -0.01168 -0.01526 0.00220 0.99981
1033998.336774 0.43243 -0.16400 15.54695 -0.01164 -0.01562 0.00246 0.99981
1033998.345963 0.45211 -0.17743 15.60815 -0.01252 -0.01536 0.00197 0.99980
1033998.351528 0.45746 -0.18364 15.63060 -0.01255 -0.01613 0.00144 0.99979
1033998.356446 0.46936 -0.18908 15.66330 -0.01259 -0.01667 0.00177 0.99978
1033998.366281 0.47969 -0.20006 15.68799 -0.01327 -0.01772 0.00255 0.99975
1033998.371199 0.46853 -0.19877 15.71096 -0.01265 -0.01859 0.00270 0.99974
1033998.381035 0.46583 -0.19981 15.75616 -0.01311 -0.01943 0.00250 0.99972
1033998.385953 0.47812 -0.19605 15.79275 -0.01313 -0.01987 0.00268 0.99971
1033998.394065 0.48108 -0.18880 15.85977 -0.01328 -0.02079 0.00324 0.99969
1033998.400708 0.47408 -0.18528 15.92469 -0.01316 -0.02135 0.00245 0.99968
1033998.405626 0.47368 -0.19263 15.96322 -0.01355 -0.02066 0.00180 0.99969
1033998.410544 0.46348 -0.19360 16.00702 -0.01381 -0.02053 0.00121 0.99969
1033998.415462 0.43609 -0.19321 16.03337 -0.01388 -0.02099 0.00128 0.99968
1033998.425298 0.41872 -0.19536 16.13094 -0.01424 -0.02112 0.00031 0.99968
1033998.430216 0.39848 -0.19188 16.13306 -0.01405 -0.02220 0.00141 0.99965
1033998.440052 0.38427 -0.17977 16.14373 -0.01410 -0.02322 0.00136 0.99963
1033998.444969 0.36964 -0.18232 16.20943 -0.01446 -0.02344 0.00223 0.99962
1033998.449887 0.35073 -0.19330 16.24457 -0.01470 -0.02336 0.00149 0.99962
1033998.455838 0.34475 -0.18613 16.30483 -0.01482 -0.02387 0.00138 0.99960
1033998.464641 0.35677 -0.18911 16.40018 -0.01501 -0.02307 0.00081 0.99962
1033998.469559 0.34140 -0.20046 16.41127 -0.01551 -0.02353 0.00052 0.99960
1033998.475013 0.33890 -0.19389 16.46928 -0.01550 -0.02377 0.00084 0.99960
1033998.481473 0.34252 -0.18668 16.53912 -0.01553 -0.02443 -0.00101 0.99958
1033998.489662 0.31895 -0.18621 16.52523 -0.01520 -0.02576 0.00057 0.99955
1033998.499068 0.29929 -0.19536 16.56231 -0.01528 -0.02658 0.00079 0.99953
1033998.508904 0.27550 -0.19731 16.60632 -0.01557 -0.02731 0.00096 0.99951
1033998.513918 0.26036 -0.19749 16.63550 -0.01536 -0.02750 0.00052 0.99950
1033998.520597 0.28284 -0.19391 16.71224 -0.01579 -0.02696 0.00077 0.99951
1033998.528575 0.26372 -0.20531 16.78628 -0.01644 -0.02745 0.00048 0.99949
1033998.533493 0.26691 -0.20008 16.80552 -0.01669 -0.02819 -0.00003 0.99946
1033998.543329 0.25467 -0.19001 16.84218 -0.01631 -0.02896 -0.00003 0.99945
1033998.548247 0.26831 -0.19463 16.91543 -0.01652 -0.02960 0.00042 0.99943
1033998.553165 0.25426 -0.19980 16.95484 -0.01637 -0.03011 -0.00038 0.99941
1033998.558084 0.26293 -0.19305 16.99685 -0.01632 -0.03050 -0.00001 0.99940
1033998.563002 0.26846 -0.19956 17.05260 -0.01679 -0.03118 0.00004 0.99937
1033998.568205 0.24449 -0.19944 17.02666 -0.01626 -0.03227 0.00066 0.99935
1033998.577756 0.23064 -0.18836 17.07771 -0.01619 -0.03309 0.00038 0.99932
1033998.582674 0.21510 -0.18891 17.14311 -0.01616 -0.03356 0.00047 0.99931
1033998.587592 0.22033 -0.18289 17.17157 -0.01601 -0.03396 0.00030 0.99929
1033998.592510 0.22173 -0.17244 17.16735 -0.01590 -0.03471 0.00065 0.99927
1033998.597428 0.23523 -0.17942 17.24637 -0.01618 -0.03362 0.00071 0.99930
1033998.603326 0.22191 -0.18624 17.30178 -0.01640 -0.03397 -0.00079 0.99929
1033998.612181 0.21668 -0.18440 17.34660 -0.01641 -0.03473 0.00033 0.99926
1033998.622017 0.19834 -0.17846 17.45220 -0.01668 -0.03564 0.00012 0.99923
1033998.626935 0.19673 -0.17289 17.49019 -0.01649 -0.03621 -0.00074 0.99921
1033998.631853 0.17198 -0.17849 17.48868 -0.01611 -0.03744 -0.00005 0.99917
1033998.636771 0.16757 -0.18095 17.48071 -0.01636 -0.03795 0.00081 0.99915
1033998.641690 0.15686 -0.17858 17.54516 -0.01633 -0.03865 0.00017 0.99912
1033998.646608 0.14590 -0.18674 17.58260 -0.01662 -0.03902 0.00032 0.99910
1033998.651526 0.13926 -0.18671 17.58803 -0.01631 -0.03949 0.00056 0.99909
1033998.661362 0.13925 -0.18530 17.66838 -0.01681 -0.03878 0.00082 0.99911
1033998.666280 0.13395 -0.18198 17.69069 -0.01676 -0.03879 0.00078 0.99911
1033998.671198 0.12860 -0.18847 17.75644 -0.01706 -0.03951 0.00069 0.99907
1033998.677325 0.13383 -0.18176 17.81908 -0.01715 -0.04013 0.00022 0.99905
1033998.685077 0.10396 -0.19096 17.83224 -0.01641 -0.04172 0.00004 0.99899
1033998.690869 0.09926 -0.18008 17.85215 -0.01639 -0.04281 0.00113 0.99895
1033998.697009 0.09134 -0.18420 17.89865 -0.01626 -0.04341 0.00149 0.99892
1033998.705623 0.07681 -0.18618 17.95373 -0.01647 -0.04416 0.00108 0.99889
1033998.710541 0.09593 -0.18312 17.98684 -0.01682 -0.04310 0.00172 0.99893
1033998.719303 0.09247 -0.18066 18.05616 -0.01665 -0.04406 0.00097 0.99889
1033998.725296 0.08019 -0.18338 18.10653 -0.01666 -0.04462 0.00112 0.99886
1033998.730214 0.06603 -0.18576 18.16178 -0.01674 -0.04521 0.00078 0.99884
1033998.735132 0.06391 -0.17440 18.19091 -0.01633 -0.04568 0.00150 0.99882
1033998.740050 0.04491 -0.17523 18.18525 -0.01598 -0.04710 0.00162 0.99876
1033998.748256 0.04374 -0.17568 18.25524 -0.01608 -0.04795 0.00174 0.99872
1033998.753168 0.04525 -0.17788 18.28700 -0.01592 -0.04879 0.00160 0.99868
1033998.759721 0.03430 -0.17135 18.32499 -0.01582 -0.04934 0.00211 0.99865
1033998.764639 0.05677 -0.17641 18.36383 -0.01636 -0.04845 0.00133 0.99869
1033998.768843 0.05264 -0.18001 18.40094 -0.01653 -0.04899 0.00196 0.99866
1033998.775729 0.04353 -0.17875 18.48764 -0.01652 -0.04977 0.00102 0.99862
1033998.784311 0.01733 -0.16917 18.56195 -0.01619 -0.05042 0.00067 0.99860
1033998.789229 -0.00765 -0.17261 18.58132 -0.01575 -0.05172 0.00081 0.99854
1033998.799066 -0.01366 -0.17224 18.62016 -0.01554 -0.05290 0.00153 0.99848
1033998.803984 -0.00775 -0.16499 18.66400 -0.01559 -0.05354 0.00182 0.99844
1033998.809291 -0.02074 -0.16751 18.70788 -0.01595 -0.05419 0.00204 0.99840
1033998.813820 0.00122 -0.16987 18.77445 -0.01623 -0.05351 0.00114 0.99843
1033998.823656 -0.01994 -0.18066 18.81828 -0.01620 -0.05448 0.00123 0.99838
1033998.828574 -0.02953 -0.17858 18.87057 -0.01652 -0.05499 0.00071 0.99835
1033998.833491 -0.03984 -0.16972 18.91768 -0.01609 -0.05558 0.00029 0.99832
1033998.842498 -0.03886 -0.17070 18.95443 -0.01628 -0.05646 0.00032 0.99827
1033998.847917 -0.05407 -0.17201 18.94249 -0.01588 -0.05774 0.00082 0.99820
1033998.853163 -0.07239 -0.17309 18.97902 -0.01586 -0.05826 0.00118 0.99817
1033998.858081 -0.07893 -0.17243 18.98992 -0.01581 -0.05869 0.00200 0.99815
1033998.865319 -0.08488 -0.16497 19.05935 -0.01594 -0.05960 0.00102 0.99809
1033998.871546 -0.08407 -0.18358 19.10543 -0.01661 -0.05921 0.00048 0.99811
1033998.877754 -0.09251 -0.17538 19.18581 -0.01674 -0.05970 0.00016 0.99808
1033998.881341 -0.09761 -0.17522 19.24095 -0.01680 -0.06016 0.00028 0.99805
1033998.887590 -0.10649 -0.17014 19.27073 -0.01645 -0.06081 0.00040 0.99801
1033998.892508 -0.11872 -0.16484 19.30942 -0.01668 -0.06144 0.00107 0.99797
1033998.897426 -0.12334 -0.16290 19.26755 -0.01597 -0.06251 0.00163 0.99792
1033998.902964 -0.12614 -0.15665 19.31582 -0.01600 -0.06293 0.00249 0.99789
1033998.907262 -0.13443 -0.15808 19.35295 -0.01620 -0.06352 0.00241 0.99785
1033998.917097 -0.15133 -0.15808 19.42430 -0.01613 -0.06457 0.00204 0.99778
1033998.924461 -0.16493 -0.15626 19.47807 -0.01611 -0.06559 0.00237 0.99771
1033998.931851 -0.16170 -0.16167 19.57835 -0.01676 -0.06508 0.00111 0.99774
1033998.936769 -0.17300 -0.16098 19.61544 -0.01685 -0.06552 0.00079 0.99771
1033998.943819 -0.18234 -0.16972 19.66260 -0.01685 -0.06645 0.00055 0.99765
1033998.951524 -0.19882 -0.16331 19.64501 -0.01655 -0.06770 0.00210 0.99757
1033998.958661 -0.19951 -0.15586 19.68572 -0.01652 -0.06883 0.00275 0.99749
1033998.966278 -0.20433 -0.15677 19.76430 -0.01674 -0.06982 0.00256 0.99742
1033998.971196 -0.21016 -0.15263 19.79722 -0.01653 -0.07053 0.00212 0.99737
1033998.976114 -0.21935 -0.15589 19.84004 -0.01657 -0.07100 0.00296 0.99733
1033998.981032 -0.21766 -0.15245 19.92672 -0.01699 -0.07057 0.00173 0.99736
1033998.985950 -0.21806 -0.15917 19.94703 -0.01734 -0.07117 0.00131 0.99731
1033998.990867 -0.22670 -0.15102 19.98801 -0.01711 -0.07180 0.00233 0.99727
1033998.999042 -0.25037 -0.14423 20.06262 -0.01704 -0.07275 0.00140 0.99720
1033999.005440 -0.26067 -0.15149 20.01948 -0.01662 -0.07390 0.00245 0.99712
1033999.010539 -0.26134 -0.14795 20.07082 -0.01670 -0.07446 0.00268 0.99708
1033999.015457 -0.26923 -0.14566 20.12071 -0.01689 -0.07540 0.00373 0.99700
1033999.020375 -0.27762 -0.14730 20.14589 -0.01704 -0.07603 0.00328 0.99695
1033999.025293 -0.27694 -0.14543 20.18070 -0.01688 -0.07660 0.00395 0.99691
1033999.030974 -0.28212 -0.15208 20.27812 -0.01757 -0.07630 0.00281 0.99693
1033999.040048 -0.28921 -0.15307 20.33520 -0.01747 -0.07736 0.00299 0.99685
1033999.044966 -0.28655 -0.15182 20.36311 -0.01746 -0.07814 0.00376 0.99678
1033999.049884 -0.30182 -0.15129 20.42430 -0.01773 -0.07881 0.00344 0.99673
1033999.054802 -0.32179 -0.14395 20.39112 -0.01715 -0.07968 0.00340 0.99667
1033999.059720 -0.33659 -0.13488 20.42658 -0.01684 -0.08001 0.00361 0.99664
1033999.064638 -0.34732 -0.13133 20.46202 -0.01717 -0.08059 0.00378 0.99659
1033999.069556 -0.35329 -0.13675 20.51162 -0.01704 -0.08145 0.00328 0.99653
1033999.074473 -0.35841 -0.13500 20.54307 -0.01738 -0.08192 0.00372 0.99648
1033999.079391 -0.37435 -0.13863 20.59384 -0.01724 -0.08261 0.00383 0.99643
1033999.089227 -0.37101 -0.14499 20.67800 -0.01792 -0.08287 0.00232 0.99640
1033999.094145 -0.37359 -0.14875 20.72551 -0.01794 -0.08360 0.00378 0.99633
1033999.099063 -0.39750 -0.14904 20.78381 -0.01792 -0.08407 0.00343 0.99629
1033999.103981 -0.39792 -0.14585 20.82831 -0.01806 -0.08478 0.00282 0.99623
1033999.108899 -0.40880 -0.14029 20.79060 -0.01777 -0.08584 0.00361 0.99614
1033999.118736 -0.42487 -0.13700 20.84860 -0.01769 -0.08699 0.00363 0.99605
1033999.121865 -0.42627 -0.12415 20.87869 -0.01738 -0.08746 0.00392 0.99601
1033999.128572 -0.44271 -0.12274 20.94688 -0.01718 -0.08826 0.00332 0.99594
1033999.133490 -0.43401 -0.14256 20.99324 -0.01799 -0.08793 0.00313 0.99596
1033999.143326 -0.45941 -0.15143 21.06212 -0.01808 -0.08921 0.00336 0.99584
1033999.148243 -0.47575 -0.14446 21.13621 -0.01822 -0.08985 0.00282 0.99578
1033999.153161 -0.48244 -0.14378 21.17393 -0.01826 -0.09053 0.00349 0.99572
1033999.158079 -0.49254 -0.13646 21.12212 -0.01795 -0.09144 0.00353 0.99564
1033999.164862 -0.50134 -0.12924 21.18419 -0.01800 -0.09245 0.00371 0.99555
1033999.172833 -0.52269 -0.13283 21.24261 -0.01787 -0.09329 0.00336 0.99547
1033999.177751 -0.52267 -0.12882 21.26679 -0.01806 -0.09429 0.00364 0.99537
1033999.182668 -0.52655 -0.14057 21.34295 -0.01810 -0.09355 0.00319 0.99544
1033999.187587 -0.53861 -0.14548 21.40714 -0.01822 -0.09455 0.00298 0.99535
1033999.194144 -0.54756 -0.13586 21.47938 -0.01843 -0.09529 0.00337 0.99527
1033999.197424 -0.55343 -0.13872 21.48698 -0.01847 -0.09570 0.00363 0.99523
1033999.207260 -0.58262 -0.13196 21.49189 -0.01809 -0.09725 0.00267 0.99509
1033999.207330 -0.57796 -0.12491 21.48446 -0.01786 -0.09723 0.00385 0.99509
1033999.217096 -0.59754 -0.11590 21.55917 -0.01785 -0.09846 0.00257 0.99498
1033999.222014 -0.60835 -0.11988 21.59065 -0.01824 -0.09937 0.00341 0.99488
1033999.226932 -0.61173 -0.11282 21.61311 -0.01813 -0.09887 0.00237 0.99493
1033999.231849 -0.62887 -0.11066 21.65654 -0.01836 -0.09932 0.00266 0.99488
1033999.236767 -0.62805 -0.11557 21.66373 -0.01801 -0.09984 0.00277 0.99484
1033999.241685 -0.64079 -0.10787 21.72214 -0.01816 -0.10075 0.00204 0.99474
1033999.248735 -0.65434 -0.11666 21.77033 -0.01844 -0.10195 0.00307 0.99461
1033999.251521 -0.65391 -0.12047 21.77410 -0.01826 -0.10253 0.00349 0.99456
1033999.261357 -0.67793 -0.11221 21.85891 -0.01840 -0.10387 0.00361 0.99441
1033999.265502 -0.68111 -0.11677 21.89441 -0.01851 -0.10445 0.00326 0.99435
1033999.266744 -0.67887 -0.11737 21.90179 -0.01854 -0.10495 0.00397 0.99430
1033999.276112 -0.69919 -0.10761 21.95967 -0.01870 -0.10610 0.00331 0.99417
1033999.281030 -0.71230 -0.10635 21.99031 -0.01835 -0.10561 0.00215 0.99424
1033999.285948 -0.72521 -0.10029 22.05073 -0.01834 -0.10611 0.00147 0.99418
1033999.290866 -0.73145 -0.10719 22.08275 -0.01851 -0.10696 0.00190 0.99409
1033999.295784 -0.74803 -0.09816 22.13523 -0.01841 -0.10756 0.00102 0.99403
1033999.300702 -0.75855 -0.09688 22.16392 -0.01829 -0.10817 0.00134 0.99396
1033999.305619 -0.76103 -0.10655 22.17085 -0.01871 -0.10941 0.00304 0.99382
1033999.310537 -0.76331 -0.10945 22.22922 -0.01878 -0.11038 0.00372 0.99370
1033999.315455 -0.77370 -0.10916 22.24585 -0.01887 -0.11113 0.00351 0.99362
1033999.320373 -0.77723 -0.11345 22.27482 -0.01913 -0.11165 0.00346 0.99356
1033999.325482 -0.79826 -0.10683 22.33938 -0.01903 -0.11244 0.00336 0.99347
1033999.335127 -0.81286 -0.09961 22.39930 -0.01934 -0.11250 0.00210 0.99346
1033999.340045 -0.82245 -0.08993 22.41323 -0.01908 -0.11288 0.00152 0.99342
1033999.344964 -0.83772 -0.09018 22.48004 -0.01898 -0.11338 0.00119 0.99337
1033999.352056 -0.85182 -0.10066 22.48812 -0.01919 -0.11468 0.00258 0.99321
1033999.359718 -0.86203 -0.10143 22.55198 -0.01920 -0.11604 0.00252 0.99306
1033999.364636 -0.87442 -0.10449 22.59380 -0.01959 -0.11675 0.00371 0.99296
1033999.369554 -0.88069 -0.10097 22.64182 -0.01962 -0.11756 0.00361 0.99287
1033999.374472 -0.90037 -0.10290 22.68705 -0.01953 -0.11832 0.00314 0.99278
1033999.379390 -0.89531 -0.08052 22.69931 -0.01944 -0.11799 0.00274 0.99282
1033999.381653 -0.90411 -0.08386 22.71255 -0.01950 -0.11830 0.00276 0.99278
1033999.389225 -0.92030 -0.07886 22.76974 -0.01923 -0.11914 0.00230 0.99269
1033999.394143 -0.93777 -0.07512 22.82437 -0.01953 -0.11989 0.00294 0.99259
1033999.399061 -0.95913 -0.07094 22.87287 -0.01944 -0.12047 0.00270 0.99252
1033999.408897 -0.97920 -0.07963 22.92533 -0.01960 -0.12185 0.00310 0.99235
1033999.413815 -0.97951 -0.08468 22.96551 -0.01954 -0.12276 0.00294 0.99224
1033999.418309 -0.98950 -0.07832 22.99614 -0.01983 -0.12371 0.00401 0.99211
1033999.425691 -1.00891 -0.08395 23.05124 -0.01991 -0.12454 0.00367 0.99201
1033999.433488 -1.01362 -0.06707 23.09841 -0.02001 -0.12464 0.00329 0.99199
1033999.438406 -1.02322 -0.06823 23.13330 -0.01980 -0.12536 0.00258 0.99191
1033999.443324 -1.03735 -0.06887 23.17827 -0.02009 -0.12619 0.00341 0.99180
1033999.448242 -1.04921 -0.06477 23.21903 -0.02039 -0.12680 0.00392 0.99171
1033999.453160 -1.06309 -0.07821 23.24307 -0.02031 -0.12824 0.00457 0.99152
1033999.458078 -1.07491 -0.07317 23.29527 -0.02047 -0.12912 0.00531 0.99140
1033999.466292 -1.09883 -0.07597 23.35812 -0.02058 -0.13003 0.00515 0.99128
1033999.467913 -1.08905 -0.07264 23.36162 -0.02060 -0.13046 0.00484 0.99123
1033999.472831 -1.08132 -0.06745 23.35489 -0.02059 -0.12985 0.00379 0.99131
1033999.482667 -1.10686 -0.07247 23.42618 -0.02072 -0.13098 0.00322 0.99116
1033999.487585 -1.12832 -0.06325 23.49702 -0.02090 -0.13190 0.00339 0.99104
1033999.492503 -1.13879 -0.06262 23.53235 -0.02089 -0.13273 0.00415 0.99092
1033999.502340 -1.16603 -0.05843 23.61112 -0.02099 -0.13386 0.00404 0.99077
1033999.507258 -1.18801 -0.06762 23.65188 -0.02095 -0.13516 0.00505 0.99059
1033999.512176 -1.19580 -0.06471 23.67924 -0.02100 -0.13579 0.00475 0.99050
1033999.517094 -1.21719 -0.06844 23.74305 -0.02108 -0.13656 0.00444 0.99040
1033999.522012 -1.22401 -0.07683 23.75633 -0.02148 -0.13726 0.00479 0.99029
1033999.526930 -1.20816 -0.06452 23.77138 -0.02167 -0.13678 0.00345 0.99036
1033999.536733 -1.23076 -0.06472 23.82305 -0.02114 -0.13789 0.00240 0.99022
1033999.541684 -1.24697 -0.05663 23.88553 -0.02148 -0.13849 0.00360 0.99012
1033999.546601 -1.26241 -0.05785 23.91415 -0.02135 -0.13937 0.00337 0.99000
1033999.551520 -1.29543 -0.06395 23.96754 -0.02113 -0.14036 0.00371 0.98987
1033999.556437 -1.30650 -0.06664 24.01234 -0.02121 -0.14132 0.00427 0.98973
1033999.561356 -1.30034 -0.07652 24.02122 -0.02160 -0.14203 0.00409 0.98962
1033999.566273 -1.31495 -0.06421 24.07051 -0.02151 -0.14274 0.00457 0.98952
1033999.571192 -1.33107 -0.05901 24.11169 -0.02138 -0.14332 0.00435 0.98944
1033999.576109 -1.32109 -0.04976 24.12144 -0.02135 -0.14277 0.00363 0.98952
1033999.585946 -1.34702 -0.04796 24.18830 -0.02140 -0.14389 0.00338 0.98936
1033999.590863 -1.36563 -0.04506 24.23247 -0.02119 -0.14491 0.00337 0.98921
1033999.595782 -1.37483 -0.04613 24.26339 -0.02133 -0.14536 0.00382 0.98914
1033999.600699 -1.39761 -0.05855 24.30257 -0.02123 -0.14649 0.00374 0.98898
1033999.610535 -1.41602 -0.05653 24.36175 -0.02147 -0.14792 0.00471 0.98875
1033999.615454 -1.44127 -0.05547 24.42463 -0.02128 -0.14838 0.00404 0.98869
1033999.620371 -1.45122 -0.05500 24.45158 -0.02167 -0.14915 0.00467 0.98857
1033999.625290 -1.43452 -0.04009 24.44509 -0.02121 -0.14913 0.00337 0.98858
1033999.630207 -1.44018 -0.04276 24.49480 -0.02133 -0.15011 0.00362 0.98843
1033999.637079 -1.45713 -0.02914 24.54679 -0.02149 -0.15110 0.00427 0.98828
1033999.640043 -1.46798 -0.02515 24.57702 -0.02095 -0.15150 0.00385 0.98823
1033999.644962 -1.48791 -0.03868 24.60960 -0.02077 -0.15251 0.00365 0.98808
1033999.654798 -1.51893 -0.03728 24.68461 -0.02095 -0.15347 0.00345 0.98792
1033999.659715 -1.52865 -0.03261 24.71750 -0.02060 -0.15406 0.00427 0.98784
1033999.664633 -1.55126 -0.03541 24.76990 -0.02104 -0.15497 0.00345 0.98769
1033999.669552 -1.56298 -0.03686 24.80165 -0.02112 -0.15549 0.00366 0.98760
1033999.674469 -1.55535 -0.02218 24.80866 -0.02120 -0.15526 0.00344 0.98764
1033999.679388 -1.57045 -0.01481 24.86640 -0.02151 -0.15592 0.00358 0.98753
1033999.684305 -1.58549 -0.01623 24.90051 -0.02110 -0.15659 0.00296 0.98743
1033999.689224 -1.60116 -0.00804 24.94323 -0.02110 -0.15713 0.00294 0.98735
1033999.694141 -1.61240 -0.01238 24.96607 -0.02097 -0.15776 0.00245 0.98725
1033999.699060 -1.64107 -0.02588 25.01425 -0.02080 -0.15893 0.00335 0.98706
1033999.703977 -1.65710 -0.03005 25.04933 -0.02108 -0.15953 0.00292 0.98696
1033999.708896 -1.67313 -0.02598 25.08555 -0.02105 -0.16019 0.00331 0.98686
1033999.713813 -1.68604 -0.01994 25.12710 -0.02117 -0.16076 0.00336 0.98676
1033999.718732 -1.68288 -0.00055 25.14523 -0.02114 -0.16034 0.00248 0.98683
1033999.728568 -1.70714 0.00090 25.20664 -0.02092 -0.16161 0.00202 0.98663
1033999.729375 -1.72099 0.00152 25.23818 -0.02085 -0.16184 0.00250 0.98659
1033999.738404 -1.74395 0.00313 25.30041 -0.02074 -0.16292 0.00226 0.98642
1033999.743322 -1.76662 -0.00134 25.35196 -0.02100 -0.16358 0.00197 0.98630
1033999.747045 -1.77594 -0.01800 25.35330 -0.02089 -0.16447 0.00219 0.98616
1033999.753158 -1.78803 -0.01619 25.38836 -0.02097 -0.16528 0.00248 0.98602
1033999.758075 -1.81375 -0.01458 25.45138 -0.02107 -0.16624 0.00256 0.98586
1033999.762994 -1.81924 -0.01870 25.47493 -0.02135 -0.16688 0.00303 0.98574
1033999.767911 -1.82501 0.00551 25.49395 -0.02087 -0.16619 0.00249 0.98587
1033999.772830 -1.84179 0.00996 25.55999 -0.02104 -0.16718 0.00232 0.98570
1033999.777747 -1.86422 0.01410 25.59655 -0.02055 -0.16791 0.00275 0.98558
1033999.782666 -1.87652 0.01272 25.63709 -0.02080 -0.16853 0.00267 0.98547
1033999.787583 -1.88751 0.00833 25.65405 -0.02108 -0.16933 0.00221 0.98533
1033999.792502 -1.90752 -0.00766 25.68964 -0.02098 -0.17060 0.00254 0.98511
1033999.797419 -1.91708 -0.00545 25.73142 -0.02070 -0.17139 0.00160 0.98498
1033999.803333 -1.93684 -0.00494 25.77877 -0.02079 -0.17231 0.00251 0.98482
1033999.807255 -1.94162 0.01241 25.80132 -0.02098 -0.17140 0.00262 0.98497
1033999.812174 -1.95677 0.01353 25.84202 -0.02116 -0.17209 0.00274 0.98485
1033999.822009 -1.99778 0.02253 25.93269 -0.02130 -0.17326 0.00237 0.98464
1033999.826928 -2.01822 0.02196 25.97178 -0.02104 -0.17423 0.00240 0.98448
1033999.831845 -2.02175 0.00875 25.98264 -0.02095 -0.17535 0.00141 0.98428
1033999.836764 -2.02883 -0.00017 26.00558 -0.02114 -0.17617 0.00133 0.98413
1033999.841681 -2.05496 0.00424 26.04877 -0.02098 -0.17680 0.00098 0.98402
1033999.846600 -2.06978 0.01179 26.09295 -0.02078 -0.17763 0.00133 0.98388
1033999.851517 -2.08007 0.00545 26.11980 -0.02075 -0.17839 0.00113 0.98374
1033999.856436 -2.07912 0.02356 26.14847 -0.02188 -0.17771 0.00257 0.98384
1033999.861353 -2.09700 0.02202 26.19699 -0.02178 -0.17867 0.00225 0.98366
1033999.866272 -2.11234 0.03523 26.23121 -0.02124 -0.17929 0.00271 0.98356
1033999.872808 -2.14108 0.03214 26.29427 -0.02147 -0.18022 0.00256 0.98339
1033999.876108 -2.14283 0.01718 26.27895 -0.02116 -0.18114 0.00192 0.98323
1033999.885944 -2.18243 0.00298 26.34172 -0.02159 -0.18265 0.00131 0.98294
1033999.889080 -2.17428 0.01218 26.37931 -0.02197 -0.18331 0.00318 0.98280
1033999.890861 -2.19885 0.00545 26.40696 -0.02201 -0.18333 0.00301 0.98280
1033999.895779 -2.21181 0.00205 26.44725 -0.02193 -0.18424 0.00214 0.98263
1033999.900930 -2.21104 0.02307 26.47315 -0.02206 -0.18379 0.00276 0.98271
1033999.905754 -2.21611 0.03162 26.49419 -0.02184 -0.18450 0.00273 0.98259
1033999.915451 -2.25918 0.03249 26.56509 -0.02170 -0.18594 0.00164 0.98232
1033999.920370 -2.28074 0.04133 26.62003 -0.02109 -0.18653 0.00142 0.98222
1033999.925287 -2.30098 0.02733 26.64083 -0.02140 -0.18764 0.00218 0.98200
1033999.930206 -2.30505 0.00905 26.66360 -0.02217 -0.18843 0.00213 0.98183
1033999.935123 -2.32679 0.01037 26.70760 -0.02188 -0.18945 0.00151 0.98165
1033999.940042 -2.33896 0.00191 26.74078 -0.02217 -0.19008 0.00166 0.98152
1033999.944959 -2.36376 0.01624 26.79657 -0.02215 -0.19073 0.00217 0.98139
1033999.949878 -2.36322 0.03158 26.78816 -0.02208 -0.19013 0.00189 0.98151
1033999.957187 -2.39334 0.04023 26.85727 -0.02188 -0.19123 0.00119 0.98130
1033999.959714 -2.40342 0.04021 26.87570 -0.02181 -0.19143 0.00071 0.98126
1033999.969550 -2.44278 0.04424 26.96354 -0.02152 -0.19294 0.00075 0.98097
1033999.973928 -2.44284 0.01871 26.95447 -0.02156 -0.19402 0.00031 0.98076
1033999.974467 -2.44714 0.00638 26.96172 -0.02186 -0.19408 -0.00028 0.98074
1033999.984300 -2.47141 0.00812 27.02665 -0.02184 -0.19552 0.00002 0.98046
1033999.984304 -2.47131 0.01047 27.03004 -0.02229 -0.19578 0.00114 0.98039
1033999.994140 -2.49067 0.03367 27.09078 -0.02214 -0.19595 0.00020 0.98036
1033999.999057 -2.50599 0.03595 27.11780 -0.02182 -0.19660 0.00051 0.98024
1034000.003976 -2.53136 0.04536 27.16639 -0.02160 -0.19743 0.00035 0.98008
1034000.008893 -2.56678 0.05172 27.23013 -0.02154 -0.19798 -0.00001 0.97997
1034000.013812 -2.57268 0.02876 27.23846 -0.02137 -0.19905 -0.00018 0.97976
1034000.018729 -2.58943 0.02159 27.26412 -0.02174 -0.19987 -0.00076 0.97958
1034000.023648 -2.58828 0.00611 27.28741 -0.02188 -0.20069 0.00005 0.97941
1034000.028565 -2.60680 0.00789 27.32219 -0.02215 -0.20143 -0.00021 0.97925
1034000.033484 -2.61709 0.00734 27.34338 -0.02193 -0.20211 -0.00059 0.97912
1034000.039886 -2.63156 0.02906 27.38971 -0.02198 -0.20225 0.00015 0.97909
1034000.043320 -2.64079 0.04699 27.41293 -0.02163 -0.20274 -0.00104 0.97899
1034000.053156 -2.67997 0.04487 27.48270 -0.02133 -0.20397 -0.00065 0.97874
1034000.058074 -2.71052 0.04420 27.53699 -0.02164 -0.20501 -0.00007 0.97852
1034000.062991 -2.71865 0.02612 27.55842 -0.02183 -0.20579 -0.00018 0.97835
1034000.067910 -2.73785 0.02073 27.59208 -0.02150 -0.20660 -0.00059 0.97819
1034000.077746 -2.76991 0.01878 27.65139 -0.02136 -0.20823 -0.00129 0.97785
1034000.081787 -2.79805 0.02485 27.70789 -0.02107 -0.20853 -0.00195 0.97779
1034000.083364 -2.78462 0.03988 27.69907 -0.02179 -0.20790 -0.00015 0.97791
1034000.092499 -2.80724 0.04628 27.73884 -0.02142 -0.20896 -0.00158 0.97769
1034000.097418 -2.83112 0.04712 27.78521 -0.02140 -0.20972 -0.00114 0.97753
1034000.102335 -2.83687 0.05203 27.81966 -0.02126 -0.21065 -0.00131 0.97733
1034000.107254 -2.85083 0.03105 27.83714 -0.02080 -0.21184 -0.00151 0.97708
1034000.112171 -2.88044 0.01826 27.87139 -0.02133 -0.21257 -0.00164 0.97691
1034000.122007 -2.90445 0.01297 27.90500 -0.02094 -0.21370 -0.00203 0.97667
1034000.123347 -2.92601 0.01367 27.94866 -0.02103 -0.21409 -0.00163 0.97659
1034000.126926 -2.91221 0.03583 27.95093 -0.02173 -0.21319 -0.00132 0.97677
1034000.136761 -2.93209 0.04096 27.99455 -0.02079 -0.21455 -0.00124 0.97649
1034000.141680 -2.96932 0.04357 28.06442 -0.02087 -0.21539 -0.00120 0.97631
1034000.146597 -2.97605 0.04753 28.08777 -0.02063 -0.21621 -0.00159 0.97613
1034000.151516 -3.00156 0.02518 28.10042 -0.02028 -0.21735 -0.00247 0.97588
1034000.158186 -3.02062 0.01960 28.12957 -0.02068 -0.21832 -0.00225 0.97565
1034000.161352 -3.04119 0.02125 28.17665 -0.02079 -0.21862 -0.00236 0.97559
1034000.171188 -3.06988 0.01808 28.22098 -0.02022 -0.22021 -0.00257 0.97524
1034000.172985 -3.09229 0.02033 28.27129 -0.02024 -0.22056 -0.00216 0.97516
1034000.176753 -3.07960 0.03089 28.28473 -0.02082 -0.21981 -0.00195 0.97532
1034000.185941 -3.10529 0.04034 28.32388 -0.02063 -0.22094 -0.00161 0.97507
1034000.188456 -3.13294 0.03767 28.37000 -0.02014 -0.22139 -0.00224 0.97497
1034000.195777 -3.14428 0.04058 28.40758 -0.02018 -0.22268 -0.00204 0.97468
1034000.200696 -3.15025 0.02768 28.39087 -0.01994 -0.22376 -0.00251 0.97444
1034000.204739 -3.16082 0.03221 28.42866 -0.01952 -0.22432 -0.00308 0.97432
1034000.210531 -3.16663 0.03258 28.44449 -0.01981 -0.22511 -0.00324 0.97413
1034000.215450 -3.17674 0.02554 28.47103 -0.01988 -0.22604 -0.00267 0.97391
1034000.220367 -3.19648 0.02494 28.51247 -0.01958 -0.22695 -0.00261 0.97371
1034000.225286 -3.20201 0.03670 28.56660 -0.02038 -0.22672 -0.00224 0.97375
1034000.229588 -3.23591 0.04191 28.61076 -0.02048 -0.22733 -0.00136 0.97360
1034000.235122 -3.25566 0.05009 28.64622 -0.02004 -0.22785 -0.00177 0.97349
1034000.244958 -3.28639 0.05128 28.68456 -0.01960 -0.22911 -0.00285 0.97320
1034000.249875 -3.29636 0.03066 28.69541 -0.01959 -0.23031 -0.00278 0.97292
1034000.254794 -3.30568 0.03383 28.70818 -0.01968 -0.23102 -0.00284 0.97275
1034000.259710 -3.32784 0.03102 28.75860 -0.01965 -0.23164 -0.00289 0.97260
1034000.266440 -3.34950 0.02787 28.79434 -0.01979 -0.23244 -0.00342 0.97240
1034000.269547 -3.37227 0.03725 28.83888 -0.02023 -0.23182 -0.00203 0.97255
1034000.274466 -3.38201 0.04546 28.85192 -0.01979 -0.23257 -0.00225 0.97238
1034000.283316 -3.41687 0.05267 28.91815 -0.01965 -0.23373 -0.00166 0.97210
1034000.289220 -3.41850 0.05403 28.95655 -0.01985 -0.23475 -0.00263 0.97185
1034000.294137 -3.41935 0.03744 28.95358 -0.01944 -0.23623 -0.00358 0.97150
1034000.299056 -3.42567 0.04731 28.98931 -0.01983 -0.23744 -0.00168 0.97120
1034000.303973 -3.44463 0.05451 29.02181 -0.01974 -0.23808 -0.00235 0.97104
1034000.308892 -3.47149 0.07060 29.05809 -0.01925 -0.23843 -0.00361 0.97096
1034000.313809 -3.49248 0.05636 29.09453 -0.01929 -0.23944 -0.00282 0.97071
1034000.318728 -3.50705 0.07361 29.10740 -0.01973 -0.23853 -0.00253 0.97093
1034000.323645 -3.55236 0.05584 29.16659 -0.01971 -0.23891 -0.00291 0.97084
1034000.328564 -3.57414 0.04467 29.18866 -0.02019 -0.23955 -0.00256 0.97067
1034000.330561 -3.60698 0.05906 29.23595 -0.01988 -0.23991 -0.00240 0.97059
1034000.338400 -3.61081 0.06943 29.26342 -0.01995 -0.24087 -0.00208 0.97035
1034000.343317 -3.60735 0.07246 29.26568 -0.01914 -0.24222 -0.00469 0.97002
1034000.348236 -3.61506 0.07348 29.29865 -0.01899 -0.24318 -0.00392 0.96979
1034000.353153 -3.63963 0.07674 29.33761 -0.01912 -0.24389 -0.00363 0.96961
1034000.362989 -3.65438 0.07857 29.36886 -0.01909 -0.24506 -0.00460 0.96931
1034000.367908 -3.66704 0.07213 29.39786 -0.02008 -0.24479 -0.00299 0.96936
1034000.372826 -3.70429 0.06191 29.45374 -0.01971 -0.24506 -0.00385 0.96930
1034000.377743 -3.73637 0.05822 29.48423 -0.02007 -0.24609 -0.00402 0.96903
1034000.382662 -3.77275 0.06331 29.54721 -0.02015 -0.24654 -0.00308 0.96892
1034000.387579 -3.75457 0.06771 29.52825 -0.01964 -0.24773 -0.00360 0.96862
1034000.392498 -3.76664 0.06416 29.54853 -0.01934 -0.24887 -0.00361 0.96834
1034000.397415 -3.78526 0.07458 29.59994 -0.01921 -0.24959 -0.00324 0.96816
1034000.402334 -3.81897 0.07529 29.64802 -0.01955 -0.25030 -0.00373 0.96796
1034000.407251 -3.82483 0.07556 29.66860 -0.01967 -0.25094 -0.00304 0.96780
1034000.412170 -3.83258 0.08355 29.68418 -0.01940 -0.25175 -0.00403 0.96759
1034000.413352 -3.83595 0.07582 29.69618 -0.02007 -0.25069 -0.00274 0.96786
1034000.422006 -3.84906 0.07343 29.70570 -0.01969 -0.25130 -0.00448 0.96770
1034000.426923 -3.90131 0.06716 29.78033 -0.02043 -0.25217 -0.00321 0.96746
1034000.431842 -3.96310 0.07713 29.85871 -0.02029 -0.25267 -0.00389 0.96733
1034000.436759 -3.94919 0.07827 29.84398 -0.01970 -0.25410 -0.00482 0.96696
1034000.441678 -3.96992 0.08320 29.89240 -0.01970 -0.25490 -0.00466 0.96676
1034000.446935 -3.98793 0.08708 29.93593 -0.01984 -0.25589 -0.00504 0.96649
1034000.451513 -4.00421 0.08957 29.96771 -0.01970 -0.25649 -0.00476 0.96634
1034000.461349 -4.02621 0.07626 29.99025 -0.02055 -0.25633 -0.00374 0.96636
1034000.466268 -4.04816 0.07160 30.01035 -0.02083 -0.25696 -0.00387 0.96619
1034000.471185 -4.07715 0.07375 30.06091 -0.02126 -0.25757 -0.00350 0.96602
1034000.476104 -4.10107 0.06786 30.09984 -0.02128 -0.25839 -0.00318 0.96580
1034000.481021 -4.12124 0.07282 30.13529 -0.02114 -0.25902 -0.00326 0.96564
1034000.485940 -4.14754 0.08181 30.15525 -0.02061 -0.26034 -0.00476 0.96529
1034000.495776 -4.17133 0.08179 30.20618 -0.02073 -0.26175 -0.00426 0.96490
1034000.500409 -4.19375 0.08706 30.23876 -0.02111 -0.26263 -0.00359 0.96466
1034000.508255 -4.23109 0.10131 30.27999 -0.02073 -0.26357 -0.00378 0.96441
1034000.510529 -4.22403 0.08116 30.30396 -0.02122 -0.26235 -0.00289 0.96474
1034000.515448 -4.25465 0.08705 30.35679 -0.02117 -0.26321 -0.00265 0.96450
1034000.525283 -4.28244 0.07687 30.39407 -0.02158 -0.26446 -0.00269 0.96415
1034000.530202 -4.30254 0.08110 30.44100 -0.02149 -0.26523 -0.00205 0.96394
1034000.535119 -4.31963 0.08991 30.43833 -0.02080 -0.26648 -0.00445 0.96360
1034000.540038 -4.32465 0.08980 30.45528 -0.02037 -0.26723 -0.00413 0.96341
1034000.544955 -4.37172 0.09544 30.52443 -0.02030 -0.26777 -0.00330 0.96326
1034000.549874 -4.40125 0.09482 30.56518 -0.02053 -0.26869 -0.00386 0.96300
1034000.559710 -4.40681 0.09588 30.61409 -0.02146 -0.26903 -0.00204 0.96289
1034000.564627 -4.41302 0.09099 30.62075 -0.02119 -0.26971 -0.00238 0.96271
1034000.569546 -4.42437 0.08549 30.65046 -0.02135 -0.27040 -0.00215 0.96251
1034000.574463 -4.44241 0.08307 30.68432 -0.02158 -0.27110 -0.00145 0.96231
1034000.579382 -4.43603 0.08041 30.65166 -0.02048 -0.27203 -0.00376 0.96206
1034000.585228 -4.46130 0.09765 30.68644 -0.02029 -0.27292 -0.00371 0.96182
1034000.589218 -4.49059 0.09698 30.73960 -0.01967 -0.27342 -0.00395 0.96169
1034000.599054 -4.50892 0.09981 30.76528 -0.01906 -0.27472 -0.00504 0.96132
1034000.603935 -4.55257 0.09600 30.84757 -0.02047 -0.27432 -0.00306 0.96142
1034000.603971 -4.57248 0.09205 30.87164 -0.02049 -0.27457 -0.00278 0.96135
1034000.609798 -4.60054 0.09784 30.91872 -0.02060 -0.27525 -0.00301 0.96115
1034000.618725 -4.62492 0.08895 30.95134 -0.02044 -0.27642 -0.00302 0.96081
1034000.619620 -4.60186 0.10284 30.90850 -0.01920 -0.27656 -0.00473 0.96079
1034000.628561 -4.62956 0.10562 30.95826 -0.01835 -0.27765 -0.00541 0.96049
1034000.633480 -4.67111 0.10971 31.01181 -0.01866 -0.27828 -0.00490 0.96031
1034000.638397 -4.71170 0.11039 31.05196 -0.01871 -0.27915 -0.00452 0.96006
1034000.643316 -4.74769 0.10705 31.11654 -0.01950 -0.27874 -0.00331 0.96016
1034000.647481 -4.75183 0.09982 31.12319 -0.01989 -0.27919 -0.00279 0.96002
1034000.653152 -4.77037 0.09862 31.16318 -0.01963 -0.27979 -0.00356 0.95985
1034000.662988 -4.79142 0.10473 31.20549 -0.01962 -0.28101 -0.00360 0.95950
1034000.667905 -4.78407 0.10783 31.18588 -0.01815 -0.28206 -0.00529 0.95921
1034000.672761 -4.81632 0.11396 31.23784 -0.01807 -0.28267 -0.00473 0.95904
1034000.677741 -4.82843 0.11442 31.26818 -0.01802 -0.28352 -0.00484 0.95878
1034000.681968 -4.83614 0.11551 31.27122 -0.01786 -0.28413 -0.00454 0.95861
1034000.687578 -4.90065 0.10526 31.36945 -0.01917 -0.28400 -0.00280 0.95863
1034000.692495 -4.92695 0.11307 31.40120 -0.01830 -0.28438 -0.00378 0.95853
1034000.697414 -4.95041 0.10890 31.43368 -0.01824 -0.28495 -0.00352 0.95836
1034000.702331 -4.96404 0.11253 31.45297 -0.01833 -0.28558 -0.00353 0.95817
1034000.711564 -5.01799 0.11315 31.52333 -0.01881 -0.28678 -0.00313 0.95781
1034000.713014 -4.97915 0.11349 31.46894 -0.01731 -0.28750 -0.00492 0.95761
1034000.717086 -4.98191 0.11393 31.49291 -0.01777 -0.28809 -0.00526 0.95743
1034000.722702 -5.00102 0.11424 31.50136 -0.01701 -0.28908 -0.00493 0.95714
1034000.731839 -5.03619 0.12113 31.56551 -0.01738 -0.28998 -0.00448 0.95687
1034000.736758 -5.04549 0.11836 31.60349 -0.01818 -0.28958 -0.00325 0.95698
1034000.739987 -5.03798 0.11613 31.59259 -0.01772 -0.28990 -0.00383 0.95688
1034000.746594 -5.06497 0.11864 31.61324 -0.01765 -0.29046 -0.00443 0.95671
1034000.751140 -5.06688 0.11513 31.63759 -0.01754 -0.29111 -0.00459 0.95652
1034000.756502 -5.08889 0.11837 31.64458 -0.01670 -0.29221 -0.00546 0.95619
1034000.761564 -5.11759 0.11541 31.67003 -0.01666 -0.29287 -0.00558 0.95599
1034000.771184 -5.14475 0.11266 31.71712 -0.01635 -0.29403 -0.00615 0.95564
1034000.776101 -5.20368 0.11751 31.79206 -0.01659 -0.29470 -0.00567 0.95543
1034000.781020 -5.24084 0.13056 31.84543 -0.01638 -0.29576 -0.00509 0.95511
1034000.785937 -5.22979 0.13084 31.84237 -0.01725 -0.29481 -0.00371 0.95539
1034000.790856 -5.25380 0.13007 31.87755 -0.01665 -0.29550 -0.00517 0.95518
1034000.795773 -5.28313 0.12777 31.90033 -0.01728 -0.29585 -0.00475 0.95506
1034000.800692 -5.31371 0.12433 31.95502 -0.01737 -0.29651 -0.00499 0.95486
1034000.805609 -5.33141 0.12127 31.96735 -0.01641 -0.29743 -0.00645 0.95458
1034000.810528 -5.35084 0.12892 32.00077 -0.01647 -0.29821 -0.00602 0.95434
1034000.815445 -5.37074 0.13395 32.02320 -0.01669 -0.29877 -0.00587 0.95416
1034000.820364 -5.39161 0.12178 32.05884 -0.01691 -0.29942 -0.00547 0.95396
1034000.825281 -5.43075 0.12408 32.10175 -0.01702 -0.29990 -0.00601 0.95380
1034000.830200 -5.43261 0.13300 32.11236 -0.01736 -0.29963 -0.00473 0.95389
1034000.835117 -5.44399 0.12655 32.13592 -0.01749 -0.30031 -0.00503 0.95367
1034000.844954 -5.47409 0.12847 32.17874 -0.01791 -0.30125 -0.00490 0.95336
1034000.849871 -5.52173 0.12967 32.23980 -0.01817 -0.30204 -0.00543 0.95311
1034000.854790 -5.55252 0.13777 32.28478 -0.01830 -0.30256 -0.00456 0.95294
1034000.859707 -5.56562 0.12881 32.28356 -0.01741 -0.30330 -0.00639 0.95271
1034000.864626 -5.59167 0.12973 32.32793 -0.01735 -0.30403 -0.00586 0.95249
1034000.869542 -5.61328 0.12716 32.33627 -0.01758 -0.30448 -0.00657 0.95233
1034000.875378 -5.65952 0.13443 32.38886 -0.01761 -0.30490 -0.00680 0.95220
1034000.884298 -5.67018 0.13075 32.42373 -0.01866 -0.30505 -0.00617 0.95213
1034000.889215 -5.69810 0.13909 32.47186 -0.01901 -0.30579 -0.00536 0.95189
1034000.892116 -5.70986 0.13683 32.49634 -0.01901 -0.30625 -0.00548 0.95174
1034000.899051 -5.76369 0.14137 32.55005 -0.01894 -0.30692 -0.00511 0.95153
1034000.903970 -5.78720 0.14369 32.60563 -0.01917 -0.30755 -0.00484 0.95133
1034000.908887 -5.80939 0.13438 32.61238 -0.01857 -0.30849 -0.00614 0.95103
1034000.913806 -5.82495 0.14137 32.61841 -0.01863 -0.30895 -0.00605 0.95088
1034000.923641 -5.82889 0.13130 32.63081 -0.01869 -0.30991 -0.00608 0.95056
1034000.928560 -5.84703 0.13508 32.67401 -0.01878 -0.31055 -0.00613 0.95035
1034000.933477 -5.91590 0.14767 32.75145 -0.01946 -0.31003 -0.00469 0.95052
1034000.935142 -5.93787 0.14730 32.76617 -0.01968 -0.31012 -0.00521 0.95048
1034000.943313 -5.97082 0.15278 32.80668 -0.01977 -0.31085 -0.00519 0.95024
1034000.948232 -6.01868 0.15104 32.86217 -0.01947 -0.31129 -0.00563 0.95010
1034000.953149 -5.99032 0.14601 32.81809 -0.01914 -0.31205 -0.00613 0.94985
1034000.958068 -5.99334 0.13874 32.84721 -0.01958 -0.31308 -0.00528 0.94951
1034000.962985 -6.03443 0.14174 32.88589 -0.01949 -0.31333 -0.00608 0.94942
1034000.967904 -6.06169 0.14693 32.92301 -0.01962 -0.31383 -0.00501 0.94926
1034000.976589 -6.09030 0.15290 32.97013 -0.01991 -0.31476 -0.00491 0.94895
1034000.982657 -6.14201 0.15697 33.03256 -0.02003 -0.31431 -0.00557 0.94909
1034000.986171 -6.18861 0.16378 33.08164 -0.02000 -0.31459 -0.00533 0.94900
1034000.992493 -6.21860 0.16417 33.12050 -0.02000 -0.31508 -0.00513 0.94884
1034000.997412 -6.23756 0.15923 33.13935 -0.02048 -0.31577 -0.00534 0.94860
1034001.007247 -6.25478 0.15387 33.15809 -0.01979 -0.31677 -0.00587 0.94828
1034001.012166 -6.27262 0.15930 33.19730 -0.01977 -0.31762 -0.00550 0.94800
1034001.017083 -6.30286 0.16614 33.23285 -0.01989 -0.31811 -0.00436 0.94784
1034001.022002 -6.31990 0.16214 33.27093 -0.02012 -0.31863 -0.00396 0.94766
1034001.026919 -6.35912 0.16180 33.30590 -0.02021 -0.31904 -0.00512 0.94751
1034001.032142 -6.41749 0.17185 33.37827 -0.02027 -0.31863 -0.00429 0.94765
1034001.041674 -6.46687 0.17352 33.43791 -0.02034 -0.31953 -0.00384 0.94735
1034001.046591 -6.50907 0.17515 33.49662 -0.02056 -0.31993 -0.00367 0.94721
1034001.051510 -6.53226 0.17589 33.51654 -0.02039 -0.32026 -0.00356 0.94710
1034001.056427 -6.49598 0.16623 33.47063 -0.02051 -0.32114 -0.00337 0.94680
1034001.061346 -6.52100 0.15865 33.50980 -0.02026 -0.32175 -0.00341 0.94660
1034001.066263 -6.54865 0.16063 33.55167 -0.02042 -0.32216 -0.00341 0.94646
1034001.072273 -6.56120 0.16305 33.57282 -0.02041 -0.32275 -0.00318 0.94626
1034001.081017 -6.61735 0.16106 33.63556 -0.01996 -0.32353 -0.00384 0.94600
1034001.085936 -6.66200 0.17770 33.69443 -0.02050 -0.32328 -0.00275 0.94608
1034001.090853 -6.72333 0.18693 33.77611 -0.02033 -0.32366 -0.00246 0.94595
1034001.095772 -6.74188 0.19310 33.80155 -0.02010 -0.32419 -0.00201 0.94578
1034001.105608 -6.78582 0.19455 33.84581 -0.02005 -0.32485 -0.00226 0.94555
1034001.110525 -6.75773 0.17998 33.81166 -0.01955 -0.32544 -0.00319 0.94536
1034001.115443 -6.77968 0.16923 33.83110 -0.01966 -0.32592 -0.00356 0.94519
1034001.120361 -6.80109 0.16850 33.85255 -0.01982 -0.32606 -0.00332 0.94513
1034001.125280 -6.83296 0.17012 33.89147 -0.01988 -0.32652 -0.00326 0.94498
1034001.130996 -6.85752 0.16075 33.91345 -0.01975 -0.32722 -0.00268 0.94474
1034001.136173 -6.88736 0.17189 33.95511 -0.01965 -0.32760 -0.00236 0.94461
1034001.144952 -6.93498 0.18259 34.02699 -0.01946 -0.32755 -0.00177 0.94463
1034001.149868 -6.98379 0.19406 34.08848 -0.01940 -0.32802 -0.00160 0.94447
1034001.152820 -7.04114 0.19322 34.16715 -0.01914 -0.32834 -0.00139 0.94436
1034001.159706 -7.08457 0.20622 34.20750 -0.01898 -0.32852 -0.00090 0.94430
1034001.167422 -7.06313 0.19132 34.16518 -0.01841 -0.32925 -0.00278 0.94406
1034001.172408 -7.08649 0.18834 34.18562 -0.01826 -0.32986 -0.00284 0.94385
1034001.179536 -7.11217 0.18077 34.22444 -0.01854 -0.33034 -0.00262 0.94367
1034001.186046 -7.14095 0.18508 34.26276 -0.01824 -0.33089 -0.00272 0.94349
1034001.194131 -7.17574 0.18969 34.31150 -0.01825 -0.33086 -0.00209 0.94350
1034001.199050 -7.22656 0.19606 34.38198 -0.01830 -0.33138 -0.00159 0.94332
1034001.203967 -7.25572 0.20037 34.43005 -0.01805 -0.33190 -0.00070 0.94314
1034001.213803 -7.31093 0.20675 34.48615 -0.01766 -0.33264 -0.00083 0.94289
1034001.216567 -7.28378 0.19413 34.43377 -0.01746 -0.33281 -0.00200 0.94283
1034001.223639 -7.30274 0.18491 34.45799 -0.01748 -0.33336 -0.00205 0.94263
1034001.228558 -7.33985 0.19020 34.51950 -0.01771 -0.33373 -0.00119 0.94250
1034001.233476 -7.37506 0.20892 34.57135 -0.01743 -0.33354 -0.00084 0.94258
1034001.239189 -7.40792 0.21041 34.60687 -0.01728 -0.33418 -0.00054 0.94235
1034001.248229 -7.43816 0.20670 34.64985 -0.01710 -0.33494 -0.00083 0.94208
1034001.253148 -7.50623 0.21440 34.72527 -0.01677 -0.33511 -0.00079 0.94203
1034001.258065 -7.54278 0.21194 34.76247 -0.01655 -0.33538 -0.00089 0.94194
1034001.265525 -7.53833 0.20774 34.74789 -0.01654 -0.33622 -0.00130 0.94164
1034001.272820 -7.55627 0.19576 34.77026 -0.01702 -0.33692 -0.00109 0.94138
1034001.277737 -7.59735 0.19740 34.81430 -0.01664 -0.33717 -0.00192 0.94129
1034001.282656 -7.61191 0.19287 34.83624 -0.01689 -0.33752 -0.00082 0.94117
1034001.287573 -7.66465 0.21063 34.91459 -0.01651 -0.33727 -0.00057 0.94126
1034001.292492 -7.68710 0.21699 34.94295 -0.01611 -0.33778 -0.00062 0.94109
1034001.302328 -7.70544 0.22345 34.97759 -0.01601 -0.33839 -0.00065 0.94087
1034001.307245 -7.75543 0.23298 35.02096 -0.01581 -0.33884 -0.00028 0.94071
1034001.313589 -7.78546 0.21373 35.03369 -0.01596 -0.33928 -0.00161 0.94055
1034001.317823 -7.80136 0.20266 35.05074 -0.01626 -0.33936 -0.00208 0.94051
1034001.326918 -7.85675 0.20328 35.11449 -0.01636 -0.34008 -0.00207 0.94025
1034001.336754 -7.90465 0.20570 35.16562 -0.01601 -0.34077 -0.00211 0.94001
1034001.341671 -7.89964 0.21728 35.19589 -0.01595 -0.34056 -0.00103 0.94009
1034001.346590 -7.94194 0.22360 35.24872 -0.01568 -0.34106 -0.00055 0.93991
1034001.351507 -7.97886 0.22921 35.28847 -0.01595 -0.34132 -0.00016 0.93981
1034001.356426 -8.01276 0.23080 35.32968 -0.01563 -0.34158 -0.00044 0.93972
1034001.366262 -8.06781 0.23579 35.38640 -0.01558 -0.34225 -0.00058 0.93948
1034001.371179 -8.09704 0.21929 35.40044 -0.01581 -0.34289 -0.00152 0.93924
1034001.376098 -8.12166 0.21377 35.41389 -0.01591 -0.34320 -0.00173 0.93912
1034001.381015 -8.16077 0.21173 35.47298 -0.01596 -0.34343 -0.00203 0.93904
1034001.385934 -8.20670 0.21356 35.52036 -0.01601 -0.34355 -0.00155 0.93900
1034001.390851 -8.22034 0.20944 35.52890 -0.01579 -0.34400 -0.00226 0.93883
1034001.395769 -8.21277 0.22072 35.55184 -0.01570 -0.34346 -0.00187 0.93903
1034001.403941 -8.26377 0.22995 35.61724 -0.01517 -0.34403 -0.00145 0.93883
1034001.410524 -8.31923 0.24005 35.66628 -0.01519 -0.34443 -0.00101 0.93869
1034001.419094 -8.37656 0.23730 35.73592 -0.01503 -0.34489 -0.00154 0.93852
1034001.425277 -8.40342 0.22446 35.74332 -0.01551 -0.34563 -0.00210 0.93824
1034001.430196 -8.44208 0.21753 35.78934 -0.01574 -0.34596 -0.00201 0.93811
1034001.435564 -8.45971 0.21972 35.80381 -0.01568 -0.34596 -0.00224 0.93811
1034001.444949 -8.48538 0.23614 35.85843 -0.01537 -0.34609 -0.00140 0.93807
1034001.449868 -8.52222 0.25269 35.89734 -0.01541 -0.34638 -0.00078 0.93797
1034001.455523 -8.54310 0.24677 35.91925 -0.01501 -0.34674 -0.00081 0.93784
1034001.459704 -8.55978 0.24347 35.93920 -0.01500 -0.34705 -0.00126 0.93772
1034001.469539 -8.62116 0.24674 36.00388 -0.01503 -0.34748 -0.00162 0.93757
1034001.474458 -8.67277 0.22868 36.04008 -0.01534 -0.34795 -0.00227 0.93739
1034001.484294 -8.74077 0.22190 36.11830 -0.01530 -0.34850 -0.00309 0.93718
1034001.489211 -8.77113 0.21867 36.15472 -0.01539 -0.34880 -0.00272 0.93707
1034001.494130 -8.79346 0.22587 36.17923 -0.01508 -0.34913 -0.00314 0.93695
1034001.499047 -8.78350 0.24262 36.17897 -0.01482 -0.34855 -0.00213 0.93717
1034001.503966 -8.80542 0.25548 36.21530 -0.01458 -0.34915 -0.00147 0.93695
1034001.510022 -8.83409 0.24974 36.24871 -0.01437 -0.34940 -0.00190 0.93686
1034001.513802 -8.85522 0.24933 36.27210 -0.01457 -0.34960 -0.00223 0.93678
1034001.523638 -8.89242 0.25286 36.31547 -0.01433 -0.35010 -0.00183 0.93660
1034001.528555 -8.93950 0.23651 36.35695 -0.01449 -0.35073 -0.00276 0.93636
1034001.533474 -8.98997 0.22503 36.40938 -0.01470 -0.35082 -0.00272 0.93632
1034001.538391 -9.03256 0.22702 36.44976 -0.01482 -0.35104 -0.00328 0.93624
1034001.548228 -9.07472 0.22398 36.50694 -0.01424 -0.35170 -0.00353 0.93600
1034001.553145 -9.06371 0.24547 36.50488 -0.01436 -0.35116 -0.00252 0.93620
1034001.558064 -9.08294 0.24771 36.52138 -0.01362 -0.35126 -0.00295 0.93618
1034001.562981 -9.11827 0.25044 36.57143 -0.01353 -0.35175 -0.00296 0.93599
1034001.567900 -9.14561 0.25614 36.58815 -0.01338 -0.35174 -0.00311 0.93600
1034001.572817 -9.15479 0.24955 36.61541 -0.01329 -0.35229 -0.00288 0.93579
1034001.581260 -9.19707 0.24657 36.63413 -0.01340 -0.35296 -0.00432 0.93553
1034001.586233 -9.25244 0.23658 36.69482 -0.01363 -0.35328 -0.00378 0.93541
1034001.592489 -9.32193 0.23283 36.76304 -0.01356 -0.35333 -0.00442 0.93539
1034001.597408 -9.36827 0.24014 36.81050 -0.01372 -0.35338 -0.00414 0.93537
1034001.607244 -9.36145 0.25533 36.82149 -0.01318 -0.35325 -0.00372 0.93543
1034001.615417 -9.39133 0.25919 36.85735 -0.01259 -0.35368 -0.00378 0.93527
1034001.619236 -9.41671 0.25754 36.89290 -0.01279 -0.35385 -0.00356 0.93521
1034001.630240 -9.45240 0.25798 36.92453 -0.01253 -0.35446 -0.00448 0.93498
1034001.636751 -9.51693 0.24368 36.98501 -0.01290 -0.35514 -0.00461 0.93471
1034001.641670 -9.58252 0.23875 37.05046 -0.01307 -0.35499 -0.00467 0.93477
1034001.646587 -9.61824 0.23586 37.08736 -0.01283 -0.35535 -0.00519 0.93463
1034001.656423 -9.65236 0.23399 37.12355 -0.01277 -0.35567 -0.00547 0.93451
1034001.665886 -9.70025 0.24167 37.17309 -0.01244 -0.35625 -0.00610 0.93429
1034001.671178 -9.69411 0.25200 37.18382 -0.01265 -0.35571 -0.00481 0.93450
1034001.676095 -9.71939 0.25581 37.21920 -0.01252 -0.35582 -0.00459 0.93446
1034001.682706 -9.75442 0.26640 37.25041 -0.01175 -0.35613 -0.00462 0.93435
1034001.690493 -9.81750 0.26750 37.32744 -0.01208 -0.35648 -0.00478 0.93421
1034001.695767 -9.86077 0.25789 37.36287 -0.01242 -0.35710 -0.00525 0.93397
1034001.700686 -9.89975 0.25480 37.39584 -0.01239 -0.35707 -0.00562 0.93398
1034001.705604 -9.93827 0.25318 37.43049 -0.01271 -0.35724 -0.00562 0.93391
1034001.715440 -9.98707 0.25095 37.49037 -0.01280 -0.35751 -0.00591 0.93380
1034001.725276 -9.95945 0.25846 37.47390 -0.01232 -0.35727 -0.00548 0.93391
1034001.730193 -9.99119 0.26459 37.51740 -0.01210 -0.35779 -0.00477 0.93371
1034001.736356 -10.01639 0.26295 37.54509 -0.01213 -0.35791 -0.00474 0.93367
1034001.744948 -10.05310 0.26930 37.58967 -0.01220 -0.35821 -0.00454 0.93355
1034001.751515 -10.11946 0.26821 37.64368 -0.01251 -0.35904 -0.00556 0.93322
1034001.759701 -10.19166 0.25835 37.72317 -0.01278 -0.35890 -0.00535 0.93327
1034001.764620 -10.24148 0.25770 37.76296 -0.01265 -0.35913 -0.00646 0.93318
1034001.769727 -10.31468 0.26106 37.83306 -0.01281 -0.35906 -0.00562 0.93321
1034001.779373 -10.29096 0.27398 37.83641 -0.01205 -0.35900 -0.00539 0.93324
1034001.784291 -10.31560 0.27144 37.86293 -0.01240 -0.35941 -0.00489 0.93308
1034001.794127 -10.38481 0.27715 37.93547 -0.01225 -0.35978 -0.00478 0.93295
1034001.799046 -10.41479 0.27522 37.96212 -0.01216 -0.35959 -0.00435 0.93302
1034001.803963 -10.44431 0.27315 37.99630 -0.01221 -0.35950 -0.00617 0.93305
1034001.808882 -10.49636 0.27006 38.04123 -0.01279 -0.36030 -0.00574 0.93273
1034001.814059 -10.53839 0.26533 38.08016 -0.01288 -0.36010 -0.00669 0.93280
1034001.819506 -10.55423 0.26585 38.10132 -0.01316 -0.36050 -0.00572 0.93265
1034001.828554 -10.61203 0.26766 38.16747 -0.01333 -0.36076 -0.00579 0.93254
1034001.833471 -10.59111 0.27282 38.15458 -0.01275 -0.36033 -0.00497 0.93272
1034001.843307 -10.64877 0.27435 38.22156 -0.01300 -0.36074 -0.00439 0.93257
1034001.853143 -10.70797 0.28072 38.27910 -0.01302 -0.36078 -0.00467 0.93255
1034001.858062 -10.74468 0.27140 38.32632 -0.01297 -0.36108 -0.00445 0.93243
1034001.862979 -10.78776 0.28144 38.36838 -0.01324 -0.36098 -0.00389 0.93247
1034001.868661 -10.82216 0.27539 38.39838 -0.01381 -0.36170 -0.00525 0.93218
1034001.876845 -10.86675 0.27315 38.43520 -0.01377 -0.36189 -0.00635 0.93210
1034001.882652 -10.89026 0.27422 38.46247 -0.01366 -0.36211 -0.00670 0.93201
1034001.892488 -10.91118 0.27946 38.49178 -0.01407 -0.36256 -0.00626 0.93183
1034001.897404 -10.92672 0.27067 38.52640 -0.01348 -0.36202 -0.00473 0.93206
1034001.902324 -10.97774 0.26932 38.58238 -0.01361 -0.36208 -0.00471 0.93203
1034001.908251 -11.00533 0.28371 38.61720 -0.01351 -0.36233 -0.00374 0.93194
1034001.917077 -11.05045 0.28175 38.66552 -0.01360 -0.36242 -0.00398 0.93191
1034001.922601 -11.08380 0.28557 38.68728 -0.01380 -0.36294 -0.00587 0.93169
1034001.931832 -11.13780 0.28233 38.73331 -0.01430 -0.36330 -0.00534 0.93155
1034001.936749 -11.19071 0.28034 38.78942 -0.01409 -0.36324 -0.00578 0.93157
1034001.946586 -11.23828 0.28292 38.83797 -0.01444 -0.36335 -0.00581 0.93152
1034001.951933 -11.27719 0.27876 38.88575 -0.01454 -0.36356 -0.00610 0.93144
1034001.961339 -11.31276 0.27497 38.92449 -0.01429 -0.36307 -0.00450 0.93164
1034001.966258 -11.34831 0.28421 38.98309 -0.01411 -0.36367 -0.00304 0.93142
1034001.971175 -11.38457 0.28666 39.02531 -0.01407 -0.36364 -0.00389 0.93142
1034001.978196 -11.42866 0.29032 39.07367 -0.01371 -0.36406 -0.00365 0.93127
1034001.985930 -11.46403 0.29795 39.08728 -0.01388 -0.36430 -0.00476 0.93116
1034001.991125 -11.49636 0.28783 39.12637 -0.01403 -0.36454 -0.00544 0.93107
1034002.000683 -11.53079 0.28671 39.15081 -0.01446 -0.36451 -0.00501 0.93107
1034002.010519 -11.57677 0.28923 39.19687 -0.01425 -0.36466 -0.00585 0.93102
1034002.015438 -11.60099 0.28448 39.23581 -0.01365 -0.36447 -0.00513 0.93110
1034002.020882 -11.65167 0.29029 39.29575 -0.01365 -0.36442 -0.00448 0.93112
1034002.030192 -11.70161 0.29838 39.35497 -0.01386 -0.36458 -0.00408 0.93106
1034002.033551 -11.73150 0.30353 39.38005 -0.01364 -0.36472 -0.00350 0.93101
1034002.044945 -11.77277 0.29996 39.43732 -0.01381 -0.36495 -0.00389 0.93092
1034002.049864 -11.78513 0.29794 39.43263 -0.01418 -0.36570 -0.00509 0.93061
1034002.054781 -11.80654 0.29282 39.45011 -0.01434 -0.36569 -0.00543 0.93061
1034002.062920 -11.84798 0.29827 39.49340 -0.01416 -0.36576 -0.00546 0.93058
1034002.069536 -11.90213 0.29628 39.54621 -0.01390 -0.36583 -0.00599 0.93056
1034002.074453 -11.93667 0.29485 39.58043 -0.01385 -0.36578 -0.00610 0.93058
1034002.079372 -11.95672 0.29385 39.63134 -0.01369 -0.36551 -0.00445 0.93070
1034002.089208 -12.01032 0.29494 39.68952 -0.01386 -0.36588 -0.00392 0.93055
1034002.094125 -12.04746 0.30398 39.73917 -0.01336 -0.36615 -0.00386 0.93045
1034002.099043 -12.08160 0.30255 39.77210 -0.01360 -0.36620 -0.00377 0.93043
1034002.108878 -12.12602 0.30934 39.82739 -0.01322 -0.36645 -0.00382 0.93034
1034002.113798 -12.13144 0.30641 39.81081 -0.01372 -0.36685 -0.00515 0.93017
1034002.123634 -12.18902 0.30607 39.86233 -0.01378 -0.36690 -0.00518 0.93014
1034002.128551 -12.25354 0.30065 39.91988 -0.01359 -0.36692 -0.00628 0.93013
1034002.133470 -12.28667 0.30531 39.94693 -0.01313 -0.36669 -0.00621 0.93023
1034002.143306 -12.33481 0.30871 39.99481 -0.01335 -0.36671 -0.00624 0.93022
1034002.148223 -12.36147 0.30735 40.05893 -0.01307 -0.36663 -0.00476 0.93026
1034002.158059 -12.41285 0.30011 40.12245 -0.01317 -0.36689 -0.00451 0.93016
1034002.167895 -12.46324 0.29865 40.19357 -0.01300 -0.36731 -0.00443 0.93000
1034002.172814 -12.51256 0.29926 40.25509 -0.01307 -0.36765 -0.00440 0.92986
1034002.182649 -12.57200 0.30316 40.31229 -0.01294 -0.36777 -0.00388 0.92982
1034002.187568 -12.59498 0.31962 40.31640 -0.01277 -0.36804 -0.00536 0.92971
1034002.197404 -12.63381 0.31652 40.34696 -0.01247 -0.36808 -0.00569 0.92969
1034002.202321 -12.66061 0.31669 40.37972 -0.01241 -0.36806 -0.00584 0.92970
1034002.212157 -12.70640 0.30488 40.44312 -0.01250 -0.36787 -0.00532 0.92978
1034002.217076 -12.74041 0.30050 40.49107 -0.01260 -0.36812 -0.00460 0.92968
1034002.226050 -12.77899 0.30082 40.53254 -0.01275 -0.36831 -0.00485 0.92960
1034002.231829 -12.83550 0.30870 40.58793 -0.01272 -0.36847 -0.00473 0.92954
1034002.236748 -12.87583 0.30713 40.62742 -0.01249 -0.36832 -0.00501 0.92960
1034002.241665 -12.87598 0.31127 40.60578 -0.01244 -0.36881 -0.00668 0.92940
1034002.251501 -12.93481 0.32021 40.66364 -0.01270 -0.36875 -0.00611 0.92942
1034002.257164 -12.97519 0.32187 40.71022 -0.01245 -0.36904 -0.00588 0.92931
1034002.266255 -13.03265 0.31698 40.77337 -0.01240 -0.36912 -0.00659 0.92928
1034002.271174 -13.04118 0.31295 40.80204 -0.01269 -0.36881 -0.00519 0.92941
1034002.281010 -13.10679 0.31203 40.86658 -0.01275 -0.36912 -0.00501 0.92928
1034002.286506 -13.14614 0.31162 40.92054 -0.01286 -0.36908 -0.00511 0.92929
1034002.295763 -13.16944 0.32411 40.92201 -0.01227 -0.36950 -0.00671 0.92912
1034002.305599 -13.21358 0.32525 40.97703 -0.01278 -0.36995 -0.00568 0.92895
1034002.310518 -13.24752 0.33105 41.00742 -0.01253 -0.36982 -0.00640 0.92900
1034002.320354 -13.29753 0.32823 41.06325 -0.01252 -0.37011 -0.00660 0.92888
1034002.325271 -13.33758 0.33175 41.10894 -0.01257 -0.37022 -0.00637 0.92884
1034002.330190 -13.37219 0.32103 41.16442 -0.01256 -0.36983 -0.00525 0.92900
1034002.335107 -13.41452 0.32046 41.20334 -0.01319 -0.36986 -0.00456 0.92898
1034002.344944 -13.48015 0.32336 41.27566 -0.01323 -0.36985 -0.00468 0.92899
1034002.349861 -13.52113 0.33023 41.31149 -0.01309 -0.36982 -0.00505 0.92900
1034002.354780 -13.49649 0.33788 41.27117 -0.01267 -0.37034 -0.00689 0.92878
1034002.359697 -13.52581 0.33241 41.29744 -0.01263 -0.37047 -0.00710 0.92873
1034002.369533 -13.57431 0.33896 41.35154 -0.01273 -0.37074 -0.00715 0.92862
1034002.379369 -13.62105 0.33386 41.40766 -0.01300 -0.37092 -0.00662 0.92855
1034002.389205 -13.66740 0.32384 41.46743 -0.01350 -0.37038 -0.00605 0.92876
1034002.399041 -13.73222 0.32893 41.53804 -0.01387 -0.37042 -0.00529 0.92874
1034002.403960 -13.79515 0.32373 41.62058 -0.01364 -0.37059 -0.00567 0.92868
1034002.413795 -13.86528 0.33752 41.69828 -0.01398 -0.37040 -0.00586 0.92875
1034002.418714 -13.86042 0.34378 41.67357 -0.01377 -0.37096 -0.00650 0.92853
1034002.423631 -13.89171 0.34341 41.69083 -0.01358 -0.37092 -0.00696 0.92854
1034002.433467 -13.93037 0.33903 41.73703 -0.01412 -0.37116 -0.00738 0.92843
1034002.443303 -13.99756 0.33996 41.80375 -0.01424 -0.37125 -0.00733 0.92839
1034002.448222 -14.03195 0.32855 41.86168 -0.01426 -0.37072 -0.00606 0.92862
1034002.456426 -14.08023 0.32884 41.92383 -0.01468 -0.37068 -0.00563 0.92863
1034002.462975 -14.12131 0.32808 41.96642 -0.01486 -0.37083 -0.00552 0.92856
1034002.467894 -14.16525 0.33100 42.01590 -0.01497 -0.37095 -0.00583 0.92851
1034002.473402 -14.18879 0.33364 42.04208 -0.01509 -0.37083 -0.00650 0.92855
1034002.482647 -14.21479 0.34651 42.05333 -0.01502 -0.37152 -0.00705 0.92828
1034002.488947 -14.24908 0.34919 42.08681 -0.01500 -0.37190 -0.00717 0.92812
1034002.499234 -14.29239 0.34739 42.13875 -0.01514 -0.37204 -0.00760 0.92806
1034002.507237 -14.35280 0.35339 42.19057 -0.01500 -0.37188 -0.00782 0.92813
1034002.514210 -14.39454 0.34613 42.25204 -0.01513 -0.37119 -0.00652 0.92841
1034002.521992 -14.45058 0.34254 42.32425 -0.01548 -0.37129 -0.00607 0.92837
1034002.529511 -14.50108 0.34579 42.37358 -0.01554 -0.37139 -0.00589 0.92833
1034002.536745 -14.50390 0.35764 42.35604 -0.01516 -0.37198 -0.00786 0.92808
1034002.541664 -14.52967 0.35827 42.38135 -0.01529 -0.37231 -0.00813 0.92795
1034002.551500 -14.59513 0.36143 42.45143 -0.01541 -0.37201 -0.00725 0.92807
1034002.561336 -14.64727 0.35923 42.50855 -0.01536 -0.37231 -0.00806 0.92795
1034002.567873 -14.69390 0.35461 42.56380 -0.01565 -0.37176 -0.00665 0.92817
1034002.576090 -14.75837 0.35058 42.64102 -0.01600 -0.37155 -0.00637 0.92825
1034002.581007 -14.81265 0.35329 42.70033 -0.01642 -0.37146 -0.00635 0.92828
1034002.590843 -14.87700 0.35243 42.76878 -0.01666 -0.37156 -0.00642 0.92824
1034002.597169 -14.86021 0.36211 42.73346 -0.01585 -0.37222 -0.00824 0.92797
1034002.605598 -14.89932 0.36694 42.76839 -0.01575 -0.37259 -0.00844 0.92782
1034002.615434 -14.95502 0.36320 42.82535 -0.01603 -0.37249 -0.00824 0.92786
1034002.620351 -14.99752 0.37243 42.86816 -0.01576 -0.37251 -0.00876 0.92785
1034002.625831 -15.04788 0.36546 42.94142 -0.01627 -0.37197 -0.00763 0.92807
1034002.635106 -15.10581 0.36560 43.01001 -0.01671 -0.37196 -0.00730 0.92807
1034002.640023 -15.15511 0.36774 43.06471 -0.01676 -0.37205 -0.00645 0.92804
1034002.645010 -15.19265 0.36689 43.09709 -0.01674 -0.37179 -0.00687 0.92814
1034002.654777 -15.18573 0.37524 43.06741 -0.01659 -0.37237 -0.00797 0.92790
1034002.659696 -15.21372 0.37296 43.09416 -0.01658 -0.37254 -0.00812 0.92783
1034002.664613 -15.24903 0.37448 43.13099 -0.01668 -0.37250 -0.00816 0.92785
1034002.674449 -15.29941 0.37430 43.19223 -0.01647 -0.37261 -0.00887 0.92780
1034002.679368 -15.34672 0.37357 43.26517 -0.01692 -0.37238 -0.00719 0.92790
1034002.684285 -15.39529 0.37422 43.32302 -0.01723 -0.37243 -0.00655 0.92788
1034002.689204 -15.42364 0.37892 43.34865 -0.01734 -0.37218 -0.00642 0.92798
1034002.694121 -15.47961 0.37609 43.39670 -0.01745 -0.37213 -0.00637 0.92799
1034002.703957 -15.47134 0.38049 43.36695 -0.01687 -0.37275 -0.00831 0.92774
1034002.708876 -15.49483 0.37972 43.39065 -0.01705 -0.37273 -0.00834 0.92775
1034002.713793 -15.52532 0.38788 43.42427 -0.01735 -0.37275 -0.00831 0.92773
1034002.719925 -15.56564 0.37994 43.46989 -0.01730 -0.37259 -0.00823 0.92780
1034002.728547 -15.60790 0.38603 43.51980 -0.01751 -0.37265 -0.00794 0.92777
1034002.733466 -15.65817 0.37857 43.59116 -0.01811 -0.37245 -0.00673 0.92785
1034002.742258 -15.71835 0.38247 43.65988 -0.01809 -0.37244 -0.00679 0.92786
1034002.748219 -15.77247 0.38883 43.71790 -0.01819 -0.37240 -0.00638 0.92787
1034002.753138 -15.80316 0.38737 43.75046 -0.01773 -0.37255 -0.00691 0.92782
1034002.758055 -15.78901 0.39592 43.71567 -0.01755 -0.37284 -0.00742 0.92770
1034002.762974 -15.80354 0.39107 43.72070 -0.01766 -0.37296 -0.00836 0.92764
1034002.767891 -15.84295 0.39094 43.76083 -0.01747 -0.37292 -0.00839 0.92766
1034002.777727 -15.89899 0.38988 43.82198 -0.01815 -0.37316 -0.00819 0.92755
1034002.782646 -15.93835 0.39326 43.85597 -0.01807 -0.37266 -0.00886 0.92775
1034002.787563 -15.97789 0.39008 43.92001 -0.01853 -0.37231 -0.00743 0.92789
1034002.792482 -16.03325 0.39604 43.98104 -0.01891 -0.37228 -0.00624 0.92791
1034002.802318 -16.07979 0.39944 44.04238 -0.01871 -0.37242 -0.00663 0.92785
1034002.807235 -16.11394 0.40512 44.08572 -0.01904 -0.37259 -0.00568 0.92779
1034002.812153 -16.14913 0.40423 44.11675 -0.01873 -0.37267 -0.00609 0.92776
1034002.817072 -16.13175 0.40035 44.08796 -0.01849 -0.37328 -0.00667 0.92751
1034002.826908 -16.16746 0.40572 44.12176 -0.01858 -0.37330 -0.00808 0.92749
1034002.836744 -16.21360 0.39733 44.15646 -0.01890 -0.37352 -0.00788 0.92740
1034002.841661 -16.25005 0.39729 44.19302 -0.01889 -0.37336 -0.00781 0.92746
1034002.851497 -16.28702 0.39840 44.24252 -0.01954 -0.37264 -0.00674 0.92774
1034002.856416 -16.33394 0.40553 44.30197 -0.01970 -0.37251 -0.00651 0.92780
1034002.866252 -16.38744 0.40631 44.34474 -0.01983 -0.37256 -0.00700 0.92777
1034002.871169 -16.42965 0.40691 44.38507 -0.01976 -0.37262 -0.00708 0.92774
1034002.876088 -16.43231 0.39864 44.37990 -0.01939 -0.37323 -0.00822 0.92750
1034002.885924 -16.48325 0.40017 44.43203 -0.01944 -0.37335 -0.00863 0.92745
1034002.890842 -16.52253 0.40401 44.48070 -0.01991 -0.37342 -0.00735 0.92742
1034002.895759 -16.55914 0.41364 44.51467 -0.01983 -0.37335 -0.00724 0.92745
1034002.900678 -16.58024 0.41705 44.54853 -0.01966 -0.37269 -0.00706 0.92772
1034002.910514 -16.63250 0.41098 44.60055 -0.02020 -0.37272 -0.00714 0.92770
1034002.916403 -16.66261 0.41122 44.62133 -0.02051 -0.37254 -0.00709 0.92776
1034002.925267 -16.69465 0.41198 44.65610 -0.02057 -0.37275 -0.00770 0.92767
1034002.930185 -16.75092 0.41275 44.70972 -0.02057 -0.37325 -0.00678 0.92748
1034002.938906 -16.78935 0.41420 44.75163 -0.02049 -0.37328 -0.00785 0.92746
1034002.944939 -16.84701 0.42505 44.81170 -0.02047 -0.37326 -0.00733 0.92747
1034002.949858 -16.88976 0.42204 44.85029 -0.02061 -0.37309 -0.00708 0.92754
1034002.955645 -16.90971 0.42504 44.86901 -0.02087 -0.37239 -0.00655 0.92782
1034002.964612 -16.94896 0.42828 44.92025 -0.02109 -0.37235 -0.00703 0.92782
1034002.970516 -16.99563 0.42415 44.96377 -0.02102 -0.37228 -0.00730 0.92785
1034002.979365 -17.04198 0.43054 45.00991 -0.02088 -0.37203 -0.00738 0.92796
1034002.984284 -17.09141 0.43483 45.06019 -0.02098 -0.37208 -0.00711 0.92793
1034002.990035 -17.12619 0.43254 45.09061 -0.02070 -0.37293 -0.00782 0.92760
1034002.999037 -17.16491 0.42617 45.13689 -0.02091 -0.37301 -0.00758 0.92756
1034003.004459 -17.19641 0.42597 45.17308 -0.02107 -0.37323 -0.00708 0.92747
1034003.013792 -17.25936 0.42904 45.24091 -0.02146 -0.37315 -0.00682 0.92750
1034003.018709 -17.25688 0.43767 45.24581 -0.02129 -0.37218 -0.00699 0.92789
1034003.023628 -17.28632 0.43676 45.27284 -0.02140 -0.37202 -0.00668 0.92796
1034003.033464 -17.34092 0.43603 45.32902 -0.02129 -0.37189 -0.00718 0.92801
1034003.038381 -17.38642 0.43741 45.36840 -0.02125 -0.37199 -0.00758 0.92796
1034003.043299 -17.40439 0.43115 45.38252 -0.02106 -0.37290 -0.00744 0.92760
1034003.048218 -17.43825 0.42684 45.42893 -0.02149 -0.37312 -0.00669 0.92751
1034003.053135 -17.47783 0.44152 45.46594 -0.02112 -0.37315 -0.00641 0.92751
1034003.062971 -17.52820 0.43718 45.51840 -0.02164 -0.37317 -0.00629 0.92749
1034003.068347 -17.56223 0.43752 45.55404 -0.02163 -0.37323 -0.00634 0.92746
1034003.077726 -17.56860 0.43678 45.57791 -0.02168 -0.37219 -0.00652 0.92788
1034003.082643 -17.61233 0.43946 45.61325 -0.02175 -0.37202 -0.00669 0.92794
1034003.088642 -17.66373 0.43978 45.64640 -0.02160 -0.37181 -0.00691 0.92803
1034003.099239 -17.70621 0.43338 45.70208 -0.02142 -0.37174 -0.00707 0.92806
1034003.107234 -17.75708 0.43409 45.74830 -0.02146 -0.37266 -0.00673 0.92769
1034003.112151 -17.81549 0.44021 45.80937 -0.02136 -0.37274 -0.00634 0.92767
1034003.117070 -17.83395 0.44328 45.82930 -0.02122 -0.37269 -0.00616 0.92769
1034003.126905 -17.89095 0.44050 45.89628 -0.02181 -0.37261 -0.00588 0.92771
1034003.131824 -17.89820 0.45080 45.91017 -0.02114 -0.37186 -0.00669 0.92802
1034003.141660 -17.94121 0.44552 45.94366 -0.02154 -0.37182 -0.00619 0.92803
1034003.146577 -17.99111 0.44793 45.99489 -0.02104 -0.37162 -0.00677 0.92812
1034003.156413 -18.05828 0.45280 46.06446 -0.02066 -0.37166 -0.00663 0.92811
1034003.161332 -18.08653 0.45354 46.07757 -0.02091 -0.37264 -0.00635 0.92772
1034003.166249 -18.10775 0.45368 46.10781 -0.02060 -0.37255 -0.00611 0.92776
1034003.176085 -18.17423 0.44644 46.17670 -0.02068 -0.37261 -0.00621 0.92774
1034003.176818 -18.19594 0.45434 46.19320 -0.02033 -0.37263 -0.00622 0.92774
1034003.190840 -18.22040 0.46127 46.23526 -0.02004 -0.37175 -0.00654 0.92809
1034003.195757 -18.26459 0.46251 46.28430 -0.01980 -0.37154 -0.00671 0.92818
1034003.201956 -18.30708 0.46413 46.32679 -0.01981 -0.37140 -0.00690 0.92824
1034003.210511 -18.34288 0.46458 46.35209 -0.01929 -0.37138 -0.00669 0.92826
1034003.220347 -18.40389 0.46700 46.42519 -0.01978 -0.37136 -0.00609 0.92826
1034003.230183 -18.46344 0.45599 46.46929 -0.01950 -0.37226 -0.00557 0.92791
1034003.240019 -18.52961 0.45865 46.54223 -0.01959 -0.37243 -0.00562 0.92784
1034003.244938 -18.59573 0.46339 46.61988 -0.01945 -0.37250 -0.00561 0.92781
1034003.249855 -18.54883 0.46743 46.58180 -0.01898 -0.37173 -0.00605 0.92813
1034003.254774 -18.56232 0.46725 46.59902 -0.01896 -0.37158 -0.00542 0.92819
1034003.259691 -18.60001 0.46354 46.63433 -0.01852 -0.37144 -0.00631 0.92825
1034003.268835 -18.62781 0.46468 46.66964 -0.01834 -0.37137 -0.00660 0.92828
1034003.274446 -18.69444 0.47616 46.71994 -0.01826 -0.37133 -0.00592 0.92830
1034003.279363 -18.72536 0.47204 46.73997 -0.01885 -0.37227 -0.00479 0.92792
1034003.284281 -18.74746 0.46455 46.77299 -0.01874 -0.37245 -0.00536 0.92785
1034003.294117 -18.79949 0.46277 46.83001 -0.01874 -0.37242 -0.00519 0.92786
1034003.299036 -18.84616 0.45951 46.88933 -0.01880 -0.37243 -0.00506 0.92786
1034003.308872 -18.92007 0.46659 46.95273 -0.01830 -0.37230 -0.00579 0.92792
1034003.318708 -18.92617 0.46831 46.98977 -0.01769 -0.37128 -0.00624 0.92833
1034003.323625 -18.92920 0.46789 47.01046 -0.01776 -0.37155 -0.00587 0.92823
1034003.333461 -18.98888 0.47692 47.05876 -0.01753 -0.37126 -0.00524 0.92835
1034003.343210 -19.04056 0.46938 47.09348 -0.01769 -0.37213 -0.00515 0.92800
1034003.348216 -19.08997 0.47087 47.13508 -0.01802 -0.37222 -0.00506 0.92795
1034003.354477 -19.15070 0.47100 47.19171 -0.01796 -0.37209 -0.00495 0.92801
1034003.364442 -19.20242 0.48257 47.24192 -0.01748 -0.37203 -0.00455 0.92805
1034003.372806 -19.20442 0.48424 47.27878 -0.01689 -0.37125 -0.00582 0.92836
1034003.379525 -19.24070 0.47567 47.32969 -0.01705 -0.37128 -0.00514 0.92835
1034003.382642 -19.26183 0.47789 47.35586 -0.01721 -0.37138 -0.00488 0.92831
1034003.394858 -19.32009 0.47737 47.40997 -0.01674 -0.37127 -0.00565 0.92836
1034003.402314 -19.39997 0.47079 47.46009 -0.01728 -0.37193 -0.00481 0.92809
1034003.411852 -19.46955 0.47285 47.52527 -0.01759 -0.37188 -0.00477 0.92810
1034003.412150 -19.51381 0.48233 47.56374 -0.01750 -0.37179 -0.00547 0.92813
1034003.426903 -19.57915 0.48248 47.62618 -0.01706 -0.37165 -0.00545 0.92820
1034003.431822 -19.54506 0.48998 47.62623 -0.01692 -0.37076 -0.00526 0.92856
1034003.441657 -19.56830 0.48330 47.66442 -0.01676 -0.37080 -0.00508 0.92855
1034003.449426 -19.62239 0.48330 47.72373 -0.01707 -0.37092 -0.00518 0.92849
1034003.454513 -19.66929 0.48872 47.78069 -0.01691 -0.37113 -0.00511 0.92841
1034003.460809 -19.72962 0.47943 47.82385 -0.01717 -0.37192 -0.00467 0.92809
1034003.468574 -19.78934 0.48132 47.88014 -0.01756 -0.37192 -0.00442 0.92809
1034003.475277 -19.84720 0.48423 47.93764 -0.01811 -0.37189 -0.00402 0.92809
1034003.479750 -19.89437 0.48984 47.97611 -0.01726 -0.37167 -0.00471 0.92819
1034003.485920 -19.84938 0.49783 47.95230 -0.01715 -0.37089 -0.00510 0.92850
1034003.491471 -19.83694 0.49362 47.95576 -0.01667 -0.37072 -0.00555 0.92858
1034003.500673 -19.88808 0.49119 48.00268 -0.01658 -0.37078 -0.00570 0.92856
1034003.505592 -19.91352 0.48599 48.04826 -0.01728 -0.37072 -0.00514 0.92857
1034003.515428 -19.96572 0.48940 48.08492 -0.01703 -0.37051 -0.00598 0.92865
1034003.521089 -20.02404 0.49227 48.13168 -0.01777 -0.37122 -0.00522 0.92836
1034003.530663 -20.09351 0.48714 48.19185 -0.01808 -0.37136 -0.00452 0.92830
1034003.535114 -20.15874 0.48688 48.25293 -0.01825 -0.37142 -0.00478 0.92828
1034003.543139 -20.21174 0.48897 48.30641 -0.01833 -0.37120 -0.00485 0.92836
1034003.549854 -20.28266 0.49244 48.38235 -0.01779 -0.37118 -0.00540 0.92837
1034003.555190 -20.24191 0.50056 48.35953 -0.01763 -0.37060 -0.00563 0.92861
1034003.564607 -20.23905 0.49458 48.38068 -0.01691 -0.37023 -0.00629 0.92877
1034003.574443 -20.27816 0.50102 48.42824 -0.01697 -0.37037 -0.00591 0.92871
1034003.579362 -20.30975 0.50245 48.47580 -0.01725 -0.37054 -0.00606 0.92863
1034003.589198 -20.32826 0.50727 48.48287 -0.01752 -0.37071 -0.00578 0.92856
1034003.599033 -20.35916 0.50186 48.51180 -0.01813 -0.37055 -0.00499 0.92862
1034003.603952 -20.39410 0.48749 48.53721 -0.01820 -0.37045 -0.00486 0.92866
1034003.613788 -20.41676 0.48618 48.56520 -0.01923 -0.37014 -0.00421 0.92877
1034003.618705 -20.44125 0.49025 48.59207 -0.01797 -0.36991 -0.00592 0.92888
1034003.625408 -20.50505 0.49062 48.67110 -0.01746 -0.36994 -0.00607 0.92887
1034003.633460 -20.58185 0.50082 48.73903 -0.01740 -0.37003 -0.00639 0.92883
1034003.638377 -20.62812 0.50647 48.79650 -0.01673 -0.37017 -0.00646 0.92879
1034003.648213 -20.63119 0.49583 48.79599 -0.01809 -0.37014 -0.00559 0.92878
1034003.653132 -20.66547 0.49256 48.81813 -0.01868 -0.36998 -0.00510 0.92884
1034003.662967 -20.71706 0.48512 48.86359 -0.01883 -0.36980 -0.00561 0.92890
1034003.667885 -20.75979 0.48682 48.90616 -0.01872 -0.36968 -0.00575 0.92895
1034003.677722 -20.81639 0.48724 48.96438 -0.01815 -0.36972 -0.00559 0.92895
1034003.682638 -20.87040 0.50194 49.02898 -0.01744 -0.36951 -0.00731 0.92904
1034003.687558 -20.89661 0.51176 49.06005 -0.01703 -0.36944 -0.00712 0.92907
1034003.691928 -20.92101 0.51198 49.09248 -0.01730 -0.36953 -0.00685 0.92903
1034003.697394 -20.96491 0.51430 49.12639 -0.01712 -0.36952 -0.00747 0.92903
1034003.702311 -20.93019 0.49545 49.09020 -0.01851 -0.36965 -0.00550 0.92897
1034003.707229 -20.96110 0.49330 49.11757 -0.01901 -0.36973 -0.00548 0.92893
1034003.712613 -20.99501 0.49106 49.16020 -0.01860 -0.36966 -0.00619 0.92896
1034003.721983 -21.03941 0.48977 49.20692 -0.01874 -0.36981 -0.00629 0.92890
1034003.726902 -21.09087 0.50434 49.26533 -0.01769 -0.36926 -0.00738 0.92913
1034003.732681 -21.14111 0.51886 49.31642 -0.01699 -0.36930 -0.00728 0.92913
1034003.741655 -21.16715 0.52622 49.33826 -0.01671 -0.36890 -0.00740 0.92929
1034003.748455 -21.21560 0.52329 49.38009 -0.01671 -0.36893 -0.00725 0.92928
1034003.756409 -21.26122 0.51075 49.42618 -0.01777 -0.36933 -0.00605 0.92911
1034003.761328 -21.29408 0.50272 49.46564 -0.01792 -0.36933 -0.00652 0.92910
1034003.771164 -21.34452 0.50063 49.52521 -0.01861 -0.36933 -0.00582 0.92909
1034003.779240 -21.38570 0.50137 49.57252 -0.01838 -0.36937 -0.00622 0.92908
1034003.785917 -21.43668 0.50758 49.62757 -0.01821 -0.36946 -0.00658 0.92904
1034003.790836 -21.44084 0.52403 49.63587 -0.01724 -0.36924 -0.00739 0.92915
1034003.800672 -21.50033 0.51832 49.69283 -0.01754 -0.36891 -0.00764 0.92927
1034003.805589 -21.54631 0.52115 49.74019 -0.01761 -0.36903 -0.00769 0.92922
1034003.812963 -21.58395 0.52241 49.77504 -0.01730 -0.36889 -0.00798 0.92928
1034003.820344 -21.59462 0.51141 49.79038 -0.01847 -0.36917 -0.00655 0.92916
1034003.830180 -21.65900 0.51067 49.85825 -0.01862 -0.36931 -0.00635 0.92910
1034003.835098 -21.69922 0.51079 49.89897 -0.01843 -0.36918 -0.00631 0.92916
1034003.844934 -21.75233 0.51112 49.95691 -0.01862 -0.36914 -0.00638 0.92916
1034003.849852 -21.80306 0.51342 49.99545 -0.01837 -0.36905 -0.00664 0.92921
1034003.854769 -21.81227 0.52690 50.01571 -0.01756 -0.36875 -0.00798 0.92933
1034003.864606 -21.86795 0.52951 50.06121 -0.01718 -0.36845 -0.00885 0.92945
1034003.870222 -21.89417 0.52459 50.09404 -0.01755 -0.36844 -0.00843 0.92945
1034003.879359 -21.94331 0.52439 50.15188 -0.01744 -0.36832 -0.00840 0.92950
1034003.886262 -21.97583 0.52077 50.18161 -0.01798 -0.36871 -0.00708 0.92934
1034003.894113 -22.02046 0.52458 50.23346 -0.01796 -0.36861 -0.00697 0.92938
1034003.903950 -22.07058 0.52357 50.28284 -0.01809 -0.36858 -0.00744 0.92939
1034003.908867 -22.09336 0.53381 50.31168 -0.01747 -0.36848 -0.00843 0.92943
1034003.918704 -22.14545 0.53294 50.35453 -0.01741 -0.36809 -0.00862 0.92959
1034003.928539 -22.18546 0.53540 50.39642 -0.01719 -0.36808 -0.00908 0.92959
1034003.933457 -22.24865 0.53218 50.45503 -0.01744 -0.36795 -0.00950 0.92963
1034003.943294 -22.27140 0.53072 50.48581 -0.01803 -0.36832 -0.00760 0.92949
1034003.948211 -22.30261 0.53246 50.53058 -0.01743 -0.36830 -0.00803 0.92951
1034003.958048 -22.36839 0.53592 50.58870 -0.01770 -0.36822 -0.00819 0.92953
1034003.963299 -22.40591 0.53843 50.62650 -0.01759 -0.36810 -0.00846 0.92958
1034003.971241 -22.43237 0.53772 50.64492 -0.01735 -0.36783 -0.00938 0.92969
1034003.977720 -22.46819 0.53660 50.68857 -0.01731 -0.36758 -0.00985 0.92978
1034003.982638 -22.51128 0.54510 50.72525 -0.01707 -0.36757 -0.01007 0.92979
1034003.992474 -22.55658 0.54728 50.76188 -0.01708 -0.36746 -0.01046 0.92982
1034003.997392 -22.59599 0.54103 50.81107 -0.01747 -0.36757 -0.00925 0.92979
1034004.003015 -22.61509 0.54021 50.84023 -0.01733 -0.36775 -0.00939 0.92972
1034004.012145 -22.67253 0.54069 50.90814 -0.01784 -0.36789 -0.00848 0.92966
1034004.017064 -22.70166 0.54198 50.94529 -0.01765 -0.36775 -0.00894 0.92971
1034004.022745 -22.75244 0.54282 50.99486 -0.01769 -0.36775 -0.00908 0.92971
1034004.031818 -22.76354 0.54951 50.99232 -0.01736 -0.36751 -0.01044 0.92980
1034004.041653 -22.81425 0.55346 51.03618 -0.01711 -0.36724 -0.01050 0.92991
1034004.046571 -22.85956 0.55729 51.07922 -0.01695 -0.36709 -0.01097 0.92997
1034004.051490 -22.89819 0.55386 51.11972 -0.01681 -0.36699 -0.01128 0.93000
1034004.056470 -22.92039 0.55532 51.16481 -0.01712 -0.36730 -0.00910 0.92990
1034004.066243 -22.96749 0.55194 51.21909 -0.01738 -0.36738 -0.00878 0.92987
1034004.071162 -23.00617 0.55080 51.26912 -0.01750 -0.36749 -0.00849 0.92982
1034004.076079 -23.03170 0.55192 51.29732 -0.01738 -0.36746 -0.00837 0.92984
1034004.080997 -23.06734 0.55190 51.33424 -0.01737 -0.36751 -0.00839 0.92982
1034004.090834 -23.08672 0.55703 51.34825 -0.01690 -0.36728 -0.00965 0.92991
1034004.095751 -23.12716 0.56168 51.37884 -0.01694 -0.36699 -0.01005 0.93002
1034004.100669 -23.15577 0.56224 51.40257 -0.01640 -0.36677 -0.01076 0.93010
1034004.108386 -23.19624 0.55890 51.46271 -0.01682 -0.36702 -0.00902 0.93002
1034004.115423 -23.23784 0.55550 51.51113 -0.01691 -0.36714 -0.00893 0.92997
1034004.120341 -23.26930 0.56005 51.54851 -0.01702 -0.36726 -0.00863 0.92992
1034004.125260 -23.30031 0.56526 51.58570 -0.01680 -0.36744 -0.00820 0.92986
1034004.130178 -23.32659 0.56540 51.61372 -0.01700 -0.36726 -0.00748 0.92993
1034004.135094 -23.32696 0.56503 51.60386 -0.01654 -0.36715 -0.01015 0.92996
1034004.144932 -23.36961 0.56108 51.63493 -0.01631 -0.36684 -0.01106 0.93008
1034004.150966 -23.41457 0.56274 51.68069 -0.01621 -0.36661 -0.01115 0.93017
1034004.157315 -23.46508 0.56364 51.73900 -0.01621 -0.36680 -0.01125 0.93009
1034004.164604 -23.49707 0.56793 51.77549 -0.01595 -0.36663 -0.01118 0.93016
1034004.169520 -23.52906 0.56603 51.81794 -0.01640 -0.36679 -0.00882 0.93012
1034004.174439 -23.56745 0.57205 51.86111 -0.01648 -0.36674 -0.00865 0.93014
1034004.183077 -23.61513 0.56617 51.92174 -0.01685 -0.36692 -0.00871 0.93006
1034004.189193 -23.65866 0.57420 51.96143 -0.01632 -0.36666 -0.00830 0.93017
1034004.194111 -23.67046 0.57221 51.96129 -0.01582 -0.36642 -0.01086 0.93025
1034004.200655 -23.72533 0.56972 52.01580 -0.01599 -0.36645 -0.01151 0.93023
1034004.208864 -23.75555 0.56443 52.04630 -0.01560 -0.36631 -0.01218 0.93028
1034004.213783 -23.79429 0.57136 52.09157 -0.01571 -0.36643 -0.01178 0.93024
1034004.218702 -23.80354 0.56811 52.11600 -0.01664 -0.36641 -0.00928 0.93026
1034004.226325 -23.84870 0.56861 52.17826 -0.01668 -0.36656 -0.00860 0.93021
1034004.233456 -23.88816 0.57369 52.21589 -0.01644 -0.36657 -0.00856 0.93021
1034004.238374 -23.90965 0.57348 52.23770 -0.01642 -0.36656 -0.00884 0.93021
1034004.247023 -23.97617 0.57411 52.29955 -0.01596 -0.36646 -0.00884 0.93026
1034004.253128 -23.98436 0.57945 52.30127 -0.01544 -0.36633 -0.01137 0.93029
1034004.262963 -24.02593 0.57519 52.35172 -0.01514 -0.36616 -0.01190 0.93035
1034004.269243 -24.07886 0.57641 52.39772 -0.01520 -0.36587 -0.01180 0.93047
1034004.272800 -24.08797 0.57955 52.41560 -0.01597 -0.36623 -0.00945 0.93034
1034004.287067 -24.14069 0.57708 52.46789 -0.01557 -0.36607 -0.00975 0.93041
1034004.287553 -24.16504 0.58087 52.50469 -0.01597 -0.36613 -0.00846 0.93039
1034004.297390 -24.21848 0.57672 52.55663 -0.01579 -0.36597 -0.00961 0.93044
1034004.302307 -24.21971 0.57856 52.56166 -0.01499 -0.36558 -0.01169 0.93059
1034004.308205 -24.25850 0.57635 52.59541 -0.01463 -0.36539 -0.01205 0.93066
1034004.317061 -24.30884 0.57855 52.64947 -0.01482 -0.36539 -0.01178 0.93066
1034004.321979 -24.34336 0.57940 52.66635 -0.01495 -0.36517 -0.01155 0.93075
1034004.331816 -24.39830 0.58416 52.73649 -0.01488 -0.36502 -0.01188 0.93081
1034004.337253 -24.40863 0.58197 52.74916 -0.01549 -0.36539 -0.01055 0.93067
1034004.341651 -24.43770 0.58164 52.78242 -0.01524 -0.36545 -0.01040 0.93065
1034004.351488 -24.48307 0.57357 52.83361 -0.01548 -0.36536 -0.01080 0.93068
1034004.356405 -24.52012 0.58243 52.87713 -0.01542 -0.36559 -0.00991 0.93059
1034004.361323 -24.54873 0.58241 52.89775 -0.01511 -0.36518 -0.01100 0.93075
1034004.366242 -24.58777 0.58651 52.93300 -0.01484 -0.36520 -0.01157 0.93074
1034004.371170 -24.60830 0.58901 52.95341 -0.01471 -0.36496 -0.01132 0.93084
1034004.380996 -24.64911 0.58263 52.99155 -0.01453 -0.36482 -0.01196 0.93089
1034004.386267 -24.69693 0.58850 53.03883 -0.01463 -0.36457 -0.01137 0.93099
1034004.395749 -24.71914 0.58299 53.07212 -0.01552 -0.36487 -0.01024 0.93087
1034004.400677 -24.74733 0.58359 53.11577 -0.01555 -0.36492 -0.01027 0.93085
1034004.405988 -24.77191 0.58015 53.14176 -0.01594 -0.36510 -0.01050 0.93077
1034004.415165 -24.81223 0.58291 53.18662 -0.01612 -0.36484 -0.00968 0.93088
1034004.421454 -24.85124 0.58130 53.23641 -0.01609 -0.36512 -0.00936 0.93077
1034004.430175 -24.87501 0.58314 53.26336 -0.01524 -0.36484 -0.01138 0.93088
1034004.440012 -24.92979 0.57623 53.31358 -0.01547 -0.36482 -0.01135 0.93088
1034004.443554 -24.95490 0.57858 53.34469 -0.01556 -0.36464 -0.01210 0.93094
1034004.448911 -24.99546 0.57958 53.38441 -0.01507 -0.36457 -0.01218 0.93098
1034004.454765 -25.02854 0.58431 53.41340 -0.01591 -0.36446 -0.01053 0.93102
1034004.459684 -25.05821 0.58398 53.44862 -0.01623 -0.36444 -0.01018 0.93103
1034004.469519 -25.09440 0.58672 53.48014 -0.01616 -0.36433 -0.01020 0.93107
1034004.475133 -25.13748 0.59358 53.53131 -0.01607 -0.36422 -0.00969 0.93113
1034004.484273 -25.15688 0.58943 53.55677 -0.01530 -0.36439 -0.01066 0.93106
1034004.489191 -25.19505 0.59021 53.59434 -0.01531 -0.36420 -0.01092 0.93113
1034004.494110 -25.21896 0.58414 53.61581 -0.01542 -0.36417 -0.01127 0.93114
1034004.503944 -25.27631 0.58702 53.68280 -0.01559 -0.36416 -0.01155 0.93113
1034004.509383 -25.31159 0.59922 53.71033 -0.01582 -0.36379 -0.01027 0.93129
1034004.515821 -25.34435 0.60079 53.73329 -0.01547 -0.36361 -0.01039 0.93136
1034004.523617 -25.37771 0.59887 53.77465 -0.01552 -0.36352 -0.01065 0.93140
1034004.533454 -25.41526 0.59167 53.81510 -0.01511 -0.36354 -0.01165 0.93138
1034004.541808 -25.45398 0.59084 53.85486 -0.01555 -0.36345 -0.01163 0.93141
1034004.553126 -25.51000 0.59494 53.91930 -0.01561 -0.36338 -0.01169 0.93144
1034004.562198 -25.57190 0.59066 53.98897 -0.01546 -0.36332 -0.01093 0.93147
1034004.567880 -25.60722 0.60331 54.03015 -0.01609 -0.36346 -0.01014 0.93141
1034004.572798 -25.63444 0.60397 54.05862 -0.01617 -0.36331 -0.00999 0.93148
1034004.582633 -25.68696 0.60476 54.10869 -0.01597 -0.36314 -0.01049 0.93154
1034004.587371 -25.72478 0.60416 54.16250 -0.01622 -0.36311 -0.00996 0.93155
1034004.597387 -25.77896 0.60269 54.21952 -0.01662 -0.36312 -0.01012 0.93154
1034004.599403 -25.76248 0.59282 54.21692 -0.01519 -0.36357 -0.01070 0.93138
1034004.612142 -25.81322 0.59440 54.25928 -0.01559 -0.36331 -0.01060 0.93148
1034004.618812 -25.86045 0.59304 54.31423 -0.01531 -0.36333 -0.01081 0.93147
1034004.626896 -25.89807 0.59283 54.34432 -0.01550 -0.36322 -0.01085 0.93151
1034004.636731 -25.94945 0.60454 54.40774 -0.01651 -0.36272 -0.00970 0.93170
1034004.641879 -26.01319 0.60568 54.47324 -0.01628 -0.36263 -0.01013 0.93173
1034004.650359 -26.05717 0.60950 54.53087 -0.01622 -0.36263 -0.00995 0.93174
1034004.656403 -26.11109 0.61212 54.58944 -0.01634 -0.36259 -0.00944 0.93176
1034004.663263 -26.11158 0.60473 54.58093 -0.01512 -0.36279 -0.01080 0.93169
1034004.671157 -26.15325 0.60196 54.61388 -0.01524 -0.36268 -0.01117 0.93172
1034004.680994 -26.20453 0.60338 54.68245 -0.01545 -0.36255 -0.01037 0.93178
1034004.690829 -26.26149 0.60684 54.73914 -0.01474 -0.36240 -0.01094 0.93184
1034004.693943 -26.27790 0.61438 54.77497 -0.01560 -0.36241 -0.00961 0.93184
1034004.700666 -26.31595 0.61673 54.82481 -0.01576 -0.36237 -0.00896 0.93186
1034004.710501 -26.37739 0.61946 54.89613 -0.01538 -0.36213 -0.00934 0.93195
1034004.715419 -26.42478 0.62507 54.93240 -0.01520 -0.36215 -0.00934 0.93195
1034004.720508 -26.39538 0.61612 54.88972 -0.01505 -0.36203 -0.00970 0.93199
1034004.730173 -26.45015 0.60523 54.94158 -0.01506 -0.36189 -0.01054 0.93204
1034004.734950 -26.47499 0.60389 54.96759 -0.01523 -0.36193 -0.01043 0.93202
1034004.744927 -26.53095 0.60377 55.01553 -0.01499 -0.36160 -0.01031 0.93215
1034004.749845 -26.57113 0.60820 55.08116 -0.01578 -0.36131 -0.00950 0.93226
1034004.754764 -26.61834 0.61364 55.13972 -0.01564 -0.36144 -0.00949 0.93221
1034004.759682 -26.64145 0.62138 55.16859 -0.01540 -0.36150 -0.00917 0.93220
1034004.765095 -26.67306 0.62673 55.20261 -0.01528 -0.36126 -0.00914 0.93230
1034004.774104 -26.70502 0.62193 55.24696 -0.01492 -0.36130 -0.00977 0.93228
1034004.779353 -26.72992 0.61321 55.25013 -0.01497 -0.36159 -0.01058 0.93216
1034004.784271 -26.74187 0.60953 55.25507 -0.01490 -0.36152 -0.01098 0.93218
1034004.789190 -26.77846 0.60677 55.28662 -0.01484 -0.36133 -0.01144 0.93225
1034004.794108 -26.80693 0.61724 55.32042 -0.01470 -0.36131 -0.01065 0.93227
1034004.799377 -26.83247 0.61567 55.34108 -0.01447 -0.36106 -0.01095 0.93237
1034004.808862 -26.85554 0.62607 55.38482 -0.01568 -0.36052 -0.00928 0.93257
1034004.813780 -26.89201 0.63086 55.43408 -0.01548 -0.36068 -0.00871 0.93252
1034004.820864 -26.93529 0.62476 55.47905 -0.01529 -0.36038 -0.00936 0.93263
1034004.823615 -26.96881 0.63158 55.51858 -0.01502 -0.36053 -0.00950 0.93258
1034004.833452 -26.99329 0.62477 55.52198 -0.01439 -0.36097 -0.01050 0.93241
1034004.841381 -27.03955 0.61931 55.56895 -0.01468 -0.36079 -0.01063 0.93247
1034004.843877 -27.04612 0.61906 55.57887 -0.01463 -0.36073 -0.01058 0.93250
1034004.853124 -27.08882 0.61925 55.61841 -0.01456 -0.36060 -0.01091 0.93254
1034004.858041 -27.11152 0.62835 55.66855 -0.01501 -0.36004 -0.00944 0.93277
1034004.862960 -27.15977 0.63465 55.71656 -0.01482 -0.35997 -0.00967 0.93280
1034004.872795 -27.19759 0.63542 55.76542 -0.01454 -0.35995 -0.00966 0.93281
1034004.878567 -27.23496 0.63668 55.80599 -0.01476 -0.35978 -0.00981 0.93287
1034004.884513 -27.25930 0.63221 55.80917 -0.01438 -0.36008 -0.01008 0.93275
1034004.888911 -27.27630 0.62584 55.83741 -0.01446 -0.36026 -0.01060 0.93268
1034004.897385 -27.31119 0.62220 55.87520 -0.01469 -0.36009 -0.01058 0.93274
1034004.902304 -27.36020 0.62071 55.92012 -0.01461 -0.36001 -0.01071 0.93277
1034004.911250 -27.40204 0.62094 55.96808 -0.01487 -0.35982 -0.01059 0.93284
1034004.917057 -27.41437 0.63212 56.00144 -0.01485 -0.35931 -0.00983 0.93305
1034004.921976 -27.44178 0.63656 56.03625 -0.01461 -0.35941 -0.00944 0.93302
1034004.926894 -27.46531 0.63563 56.05607 -0.01456 -0.35908 -0.01003 0.93314
1034004.936730 -27.52684 0.63817 56.12141 -0.01427 -0.35890 -0.01019 0.93321
1034004.941648 -27.56163 0.63129 56.14013 -0.01419 -0.35944 -0.01043 0.93300
1034004.946565 -27.58377 0.62924 56.16827 -0.01424 -0.35930 -0.01034 0.93306
1034004.951483 -27.61519 0.63286 56.19310 -0.01384 -0.35929 -0.01073 0.93306
1034004.957177 -27.60886 0.64263 56.20614 -0.01472 -0.35876 -0.00965 0.93327
1034004.966237 -27.65284 0.64118 56.25876 -0.01480 -0.35856 -0.00981 0.93334
1034004.971155 -27.68258 0.64276 56.28584 -0.01483 -0.35855 -0.00898 0.93335
1034004.976074 -27.71804 0.63788 56.32371 -0.01440 -0.35834 -0.00998 0.93343
1034004.980992 -27.74807 0.63540 56.34378 -0.01430 -0.35871 -0.01040 0.93328
1034004.990827 -27.78527 0.63813 56.38669 -0.01420 -0.35873 -0.01048 0.93327
1034004.996031 -27.81750 0.63392 56.42290 -0.01401 -0.35869 -0.01074 0.93329
1034005.001077 -27.85326 0.63272 56.45783 -0.01429 -0.35857 -0.01108 0.93333
1034005.010499 -27.87466 0.64469 56.49095 -0.01431 -0.35788 -0.01006 0.93360
1034005.015418 -27.90797 0.64077 56.53526 -0.01433 -0.35788 -0.01001 0.93360
1034005.024533 -27.95887 0.63893 56.59050 -0.01443 -0.35764 -0.01010 0.93369
1034005.030172 -27.99045 0.64180 56.63052 -0.01471 -0.35774 -0.01002 0.93365
1034005.035090 -28.01720 0.64279 56.65485 -0.01462 -0.35735 -0.01015 0.93380
1034005.040007 -28.04788 0.63515 56.67234 -0.01425 -0.35787 -0.01098 0.93360
1034005.045630 -28.07390 0.63336 56.70485 -0.01410 -0.35788 -0.01061 0.93360
1034005.050724 -28.08406 0.62752 56.70931 -0.01470 -0.35788 -0.01066 0.93359
1034005.059679 -28.10832 0.62320 56.74704 -0.01470 -0.35770 -0.01077 0.93366
1034005.064597 -28.15818 0.63538 56.78695 -0.01451 -0.35754 -0.01071 0.93372
1034005.070491 -28.18236 0.63976 56.81403 -0.01451 -0.35683 -0.01043 0.93400
1034005.078017 -28.22257 0.63583 56.87446 -0.01450 -0.35687 -0.01085 0.93398
1034005.084269 -28.26076 0.64213 56.92755 -0.01440 -0.35700 -0.01043 0.93394
1034005.089188 -28.29962 0.64938 56.96340 -0.01401 -0.35671 -0.01060 0.93405
1034005.094105 -28.30256 0.63908 56.95392 -0.01414 -0.35730 -0.01077 0.93382
1034005.103942 -28.32020 0.62912 56.97644 -0.01455 -0.35699 -0.01039 0.93394
1034005.108860 -28.33955 0.63047 57.00047 -0.01447 -0.35682 -0.01042 0.93400
1034005.113777 -28.38796 0.63321 57.05106 -0.01459 -0.35676 -0.01059 0.93402
1034005.120859 -28.40985 0.63512 57.08141 -0.01435 -0.35656 -0.01063 0.93410
1034005.125631 -28.46520 0.64645 57.14326 -0.01441 -0.35609 -0.01093 0.93428
1034005.129789 -28.50009 0.65277 57.19025 -0.01456 -0.35617 -0.01011 0.93425
1034005.138367 -28.52772 0.64860 57.22054 -0.01390 -0.35626 -0.01071 0.93422
1034005.147187 -28.55420 0.63781 57.22586 -0.01436 -0.35615 -0.01047 0.93426
1034005.152911 -28.59114 0.64019 57.26382 -0.01458 -0.35605 -0.01062 0.93429
1034005.158039 -28.60793 0.63736 57.29064 -0.01422 -0.35592 -0.01052 0.93435
1034005.162958 -28.63118 0.64057 57.31827 -0.01446 -0.35602 -0.01047 0.93431
1034005.167875 -28.67080 0.64571 57.36177 -0.01446 -0.35603 -0.01001 0.93431
1034005.172793 -28.71689 0.65383 57.43293 -0.01451 -0.35548 -0.00995 0.93452
1034005.182630 -28.76552 0.65818 57.49035 -0.01398 -0.35555 -0.00993 0.93450
1034005.192465 -28.82134 0.66327 57.55573 -0.01413 -0.35538 -0.00975 0.93457
1034005.197384 -28.86811 0.66159 57.60002 -0.01378 -0.35539 -0.01007 0.93456
1034005.202302 -28.82673 0.65136 57.54108 -0.01419 -0.35542 -0.01001 0.93455
1034005.207219 -28.83014 0.64464 57.53961 -0.01426 -0.35529 -0.01046 0.93459
1034005.217056 -28.86154 0.64632 57.57793 -0.01435 -0.35487 -0.01022 0.93475
1034005.221974 -28.91548 0.63973 57.63291 -0.01408 -0.35489 -0.01126 0.93473
1034005.226891 -28.94875 0.65399 57.66485 -0.01380 -0.35464 -0.01145 0.93483
1034005.231809 -28.99158 0.66162 57.73834 -0.01395 -0.35450 -0.01044 0.93489
1034005.236728 -29.01726 0.66654 57.77482 -0.01407 -0.35461 -0.00993 0.93485
1034005.246563 -29.06771 0.66449 57.83187 -0.01429 -0.35460 -0.00986 0.93486
1034005.251482 -29.05711 0.65707 57.80498 -0.01438 -0.35458 -0.01013 0.93486
1034005.261316 -29.07921 0.64919 57.81780 -0.01442 -0.35404 -0.01071 0.93506
1034005.266235 -29.10819 0.64454 57.85165 -0.01450 -0.35399 -0.01087 0.93507
1034005.271154 -29.13685 0.64874 57.88609 -0.01453 -0.35383 -0.01058 0.93514
1034005.276072 -29.18456 0.66040 57.94540 -0.01432 -0.35356 -0.01044 0.93524
1034005.280989 -29.21512 0.65784 57.98696 -0.01410 -0.35362 -0.01068 0.93522
1034005.285907 -29.24914 0.65842 58.03222 -0.01461 -0.35360 -0.00998 0.93523
1034005.290826 -29.28178 0.66609 58.06771 -0.01393 -0.35363 -0.01057 0.93522
1034005.295744 -29.31436 0.67382 58.09492 -0.01364 -0.35330 -0.01137 0.93534
1034005.300661 -29.33118 0.67564 58.11884 -0.01383 -0.35332 -0.01100 0.93533
1034005.305579 -29.30442 0.66292 58.07546 -0.01437 -0.35350 -0.01052 0.93527
1034005.310498 -29.30528 0.65428 58.08721 -0.01461 -0.35340 -0.01072 0.93530
1034005.317716 -29.35603 0.65518 58.13129 -0.01465 -0.35315 -0.01117 0.93538
1034005.325252 -29.39600 0.65098 58.18151 -0.01488 -0.35296 -0.01101 0.93546
1034005.330170 -29.44799 0.66118 58.25336 -0.01458 -0.35275 -0.01109 0.93554
1034005.340005 -29.50857 0.66463 58.32573 -0.01455 -0.35271 -0.01115 0.93555
1034005.343210 -29.54381 0.67488 58.36185 -0.01433 -0.35248 -0.01128 0.93564
1034005.344924 -29.55109 0.68611 58.37311 -0.01423 -0.35262 -0.01077 0.93560
1034005.354759 -29.56865 0.67130 58.36519 -0.01448 -0.35246 -0.01105 0.93565
1034005.359677 -29.58513 0.66897 58.38720 -0.01442 -0.35233 -0.01159 0.93569
1034005.364596 -29.60131 0.66682 58.40889 -0.01485 -0.35214 -0.01161 0.93576
1034005.369514 -29.64180 0.66403 58.44681 -0.01470 -0.35214 -0.01176 0.93576
1034005.374431 -29.66513 0.67223 58.49252 -0.01451 -0.35186 -0.01148 0.93587
1034005.379349 -29.70140 0.67569 58.53389 -0.01427 -0.35175 -0.01122 0.93592
1034005.389186 -29.75071 0.68371 58.59253 -0.01416 -0.35172 -0.01154 0.93593
1034005.394032 -29.76235 0.68777 58.61685 -0.01418 -0.35162 -0.01157 0.93596
1034005.399021 -29.77271 0.67561 58.60677 -0.01489 -0.35161 -0.01066 0.93597
1034005.408857 -29.81715 0.67732 58.65747 -0.01489 -0.35145 -0.01068 0.93603
1034005.413775 -29.85510 0.67399 58.69342 -0.01502 -0.35114 -0.01132 0.93613
1034005.418694 -29.87454 0.67490 58.71737 -0.01518 -0.35102 -0.01104 0.93618
1034005.428529 -29.92119 0.68090 58.78853 -0.01450 -0.35080 -0.01249 0.93625
1034005.433447 -29.96644 0.67992 58.84121 -0.01474 -0.35080 -0.01220 0.93625
1034005.438366 -29.98911 0.68539 58.86768 -0.01464 -0.35083 -0.01224 0.93624
1034005.443284 -30.01196 0.67938 58.89499 -0.01449 -0.35067 -0.01230 0.93631
1034005.448201 -30.03930 0.68257 58.92873 -0.01459 -0.35067 -0.01200 0.93631
1034005.458038 -30.05905 0.67538 58.93139 -0.01490 -0.35023 -0.01189 0.93647
1034005.462956 -30.07992 0.68122 58.95368 -0.01475 -0.35025 -0.01176 0.93647
1034005.467873 -30.10257 0.68321 58.98698 -0.01481 -0.35014 -0.01172 0.93651
1034005.472791 -30.13928 0.67956 59.03607 -0.01447 -0.35007 -0.01266 0.93653
1034005.477710 -30.16333 0.68395 59.07053 -0.01438 -0.34996 -0.01236 0.93657
1034005.487545 -30.21806 0.68225 59.13585 -0.01438 -0.35005 -0.01252 0.93654
1034005.492464 -30.24348 0.68799 59.16808 -0.01434 -0.34988 -0.01241 0.93660
1034005.497382 -30.27543 0.68538 59.19766 -0.01456 -0.34956 -0.01244 0.93672
1034005.503208 -30.26951 0.68735 59.16948 -0.01456 -0.34943 -0.01266 0.93676
1034005.512136 -30.31541 0.68640 59.22580 -0.01492 -0.34921 -0.01199 0.93685
1034005.517054 -30.33767 0.68971 59.25277 -0.01444 -0.34914 -0.01280 0.93687
1034005.526889 -30.38375 0.68970 59.30233 -0.01431 -0.34887 -0.01262 0.93698
1034005.531808 -30.41543 0.69108 59.35360 -0.01460 -0.34887 -0.01273 0.93697
1034005.536726 -30.44892 0.69103 59.39942 -0.01405 -0.34887 -0.01311 0.93697
1034005.541643 -30.47619 0.69519 59.43402 -0.01383 -0.34865 -0.01301 0.93706
1034005.551480 -30.52558 0.69230 59.49340 -0.01422 -0.34848 -0.01312 0.93712
1034005.556398 -30.55060 0.69451 59.52595 -0.01406 -0.34855 -0.01308 0.93709
1034005.561315 -30.53753 0.69237 59.49263 -0.01442 -0.34826 -0.01213 0.93721
1034005.566234 -30.55364 0.69456 59.50606 -0.01425 -0.34791 -0.01278 0.93733
1034005.575625 -30.59471 0.69376 59.55530 -0.01440 -0.34769 -0.01303 0.93741
1034005.580393 -30.62428 0.69435 59.59236 -0.01467 -0.34771 -0.01238 0.93741
1034005.585906 -30.66060 0.68650 59.65251 -0.01387 -0.34758 -0.01364 0.93745
1034005.590824 -30.70432 0.69112 59.70057 -0.01407 -0.34758 -0.01399 0.93744
1034005.600659 -30.75224 0.69091 59.75405 -0.01416 -0.34729 -0.01374 0.93755
1034005.605578 -30.77782 0.69987 59.78215 -0.01413 -0.34706 -0.01342 0.93764
1034005.610773 -30.80234 0.70033 59.81031 -0.01363 -0.34703 -0.01374 0.93765
1034005.620331 -30.80531 0.70439 59.80437 -0.01434 -0.34664 -0.01251 0.93781
1034005.625250 -30.81613 0.70201 59.80746 -0.01390 -0.34644 -0.01345 0.93787
1034005.630168 -30.84650 0.69897 59.84276 -0.01387 -0.34602 -0.01336 0.93803
1034005.635085 -30.88370 0.70050 59.87975 -0.01393 -0.34593 -0.01368 0.93806
1034005.640004 -30.91928 0.70179 59.94417 -0.01383 -0.34605 -0.01365 0.93802
1034005.646841 -30.95301 0.69888 59.98972 -0.01382 -0.34603 -0.01361 0.93802
1034005.654757 -31.00160 0.70654 60.04906 -0.01362 -0.34597 -0.01396 0.93804
1034005.659676 -31.02469 0.70662 60.07614 -0.01374 -0.34574 -0.01390 0.93813
1034005.666972 -31.01126 0.71058 60.04902 -0.01432 -0.34568 -0.01302 0.93815
1034005.674429 -31.04129 0.70632 60.07841 -0.01442 -0.34520 -0.01279 0.93833
1034005.682601 -31.07420 0.70279 60.12289 -0.01391 -0.34498 -0.01322 0.93841
1034005.687376 -31.11518 0.70697 60.16556 -0.01413 -0.34475 -0.01350 0.93849
1034005.694101 -31.15741 0.70821 60.21663 -0.01422 -0.34464 -0.01341 0.93853
1034005.699020 -31.20396 0.71012 60.28075 -0.01373 -0.34467 -0.01422 0.93852
1034005.703938 -31.23487 0.71464 60.31607 -0.01360 -0.34441 -0.01426 0.93861
1034005.708855 -31.26178 0.71228 60.35587 -0.01380 -0.34445 -0.01452 0.93859
1034005.713773 -31.28253 0.71511 60.37820 -0.01370 -0.34440 -0.01417 0.93861
1034005.718692 -31.25789 0.71498 60.33521 -0.01371 -0.34423 -0.01385 0.93868
1034005.723970 -31.25657 0.70668 60.34068 -0.01437 -0.34410 -0.01356 0.93872
1034005.733446 -31.29231 0.70759 60.38485 -0.01453 -0.34377 -0.01353 0.93884
1034005.738363 -31.32410 0.70257 60.42575 -0.01434 -0.34358 -0.01372 0.93891
1034005.743281 -31.36872 0.70217 60.49251 -0.01407 -0.34349 -0.01476 0.93893
1034005.748199 -31.41735 0.70639 60.55024 -0.01425 -0.34356 -0.01486 0.93890
1034005.753705 -31.46518 0.71180 60.59878 -0.01425 -0.34332 -0.01510 0.93899
1034005.758036 -31.48250 0.72182 60.61746 -0.01368 -0.34314 -0.01498 0.93907
1034005.762953 -31.52090 0.72189 60.65381 -0.01363 -0.34281 -0.01580 0.93917
1034005.767871 -31.48929 0.72077 60.60564 -0.01380 -0.34272 -0.01439 0.93922
1034005.772790 -31.48551 0.71055 60.60353 -0.01423 -0.34236 -0.01410 0.93936
1034005.782625 -31.52586 0.71332 60.66414 -0.01459 -0.34226 -0.01404 0.93939
1034005.787543 -31.55411 0.71619 60.69965 -0.01430 -0.34235 -0.01423 0.93936
1034005.792462 -31.60765 0.72246 60.76729 -0.01385 -0.34234 -0.01539 0.93935
1034005.797774 -31.65636 0.72500 60.82728 -0.01412 -0.34207 -0.01558 0.93944
1034005.807216 -31.70834 0.72639 60.88563 -0.01416 -0.34179 -0.01549 0.93954
1034005.812134 -31.73917 0.72641 60.92800 -0.01406 -0.34154 -0.01554 0.93963
1034005.812521 -31.74565 0.73104 60.92754 -0.01362 -0.34133 -0.01598 0.93971
1034005.826888 -31.73456 0.72727 60.91975 -0.01437 -0.34111 -0.01469 0.93980
1034005.830446 -31.75263 0.73109 60.94129 -0.01508 -0.34105 -0.01365 0.93983
1034005.836723 -31.77501 0.72704 60.97474 -0.01508 -0.34081 -0.01386 0.93991
1034005.841641 -31.78947 0.72234 60.99101 -0.01519 -0.34066 -0.01402 0.93996
1034005.846560 -31.84040 0.72004 61.05427 -0.01468 -0.34068 -0.01522 0.93994
1034005.856395 -31.90257 0.72451 61.12709 -0.01473 -0.34036 -0.01564 0.94005
1034005.859874 -31.93571 0.72747 61.16472 -0.01466 -0.34016 -0.01580 0.94012
1034005.866232 -31.97444 0.73396 61.20468 -0.01454 -0.33988 -0.01591 0.94022
1034005.871150 -31.93853 0.73224 61.16958 -0.01533 -0.33972 -0.01420 0.94030
1034005.876067 -31.94110 0.73208 61.17777 -0.01526 -0.33959 -0.01429 0.94034
1034005.885904 -31.95596 0.72470 61.19630 -0.01567 -0.33925 -0.01407 0.94046
1034005.890821 -31.98391 0.72421 61.23088 -0.01581 -0.33920 -0.01520 0.94046
1034005.895739 -31.99862 0.71365 61.24808 -0.01622 -0.33914 -0.01509 0.94048
1034005.900658 -32.03432 0.71210 61.28473 -0.01548 -0.33865 -0.01550 0.94066
1034005.910493 -32.06615 0.71316 61.32901 -0.01548 -0.33822 -0.01590 0.94081
1034005.915411 -32.08978 0.73146 61.35688 -0.01574 -0.33839 -0.01427 0.94077
1034005.916008 -32.08933 0.73444 61.35969 -0.01594 -0.33847 -0.01361 0.94074
1034005.925894 -32.11419 0.73158 61.38694 -0.01589 -0.33792 -0.01401 0.94093
1034005.935083 -32.16213 0.73048 61.45096 -0.01585 -0.33774 -0.01367 0.94101
1034005.940002 -32.20102 0.72421 61.50292 -0.01544 -0.33748 -0.01483 0.94109
1034005.946621 -32.23061 0.72084 61.53332 -0.01559 -0.33721 -0.01512 0.94118
1034005.950935 -32.27827 0.72719 61.58162 -0.01546 -0.33715 -0.01568 0.94119
1034005.959674 -32.30566 0.72711 61.62396 -0.01504 -0.33681 -0.01517 0.94133
1034005.964591 -32.33850 0.72824 61.65998 -0.01533 -0.33653 -0.01520 0.94143
1034005.969509 -32.31708 0.73631 61.64326 -0.01588 -0.33647 -0.01435 0.94145
1034005.974428 -32.32817 0.73932 61.65746 -0.01572 -0.33651 -0.01418 0.94144
1034005.984263 -32.35458 0.73641 61.68897 -0.01594 -0.33621 -0.01384 0.94155
1034005.989181 -32.37148 0.72304 61.71457 -0.01569 -0.33583 -0.01434 0.94168
1034005.994100 -32.40684 0.72114 61.75800 -0.01511 -0.33573 -0.01507 0.94172
1034006.003935 -32.45005 0.72463 61.80045 -0.01505 -0.33540 -0.01524 0.94183
1034006.008853 -32.48746 0.71880 61.85246 -0.01485 -0.33501 -0.01546 0.94197
1034006.013843 -32.51945 0.72136 61.88766 -0.01448 -0.33461 -0.01595 0.94211
1034006.022371 -32.49295 0.72184 61.85789 -0.01534 -0.33466 -0.01466 0.94210
1034006.023607 -32.48223 0.72641 61.85912 -0.01545 -0.33478 -0.01415 0.94206
1034006.033444 -32.49553 0.72386 61.88438 -0.01581 -0.33440 -0.01417 0.94219
1034006.039386 -32.52189 0.72266 61.91455 -0.01553 -0.33406 -0.01455 0.94231
1034006.043279 -32.58817 0.71758 61.98174 -0.01484 -0.33378 -0.01483 0.94242
1034006.053116 -32.64328 0.71441 62.03938 -0.01465 -0.33315 -0.01499 0.94264
1034006.058033 -32.69121 0.71270 62.10113 -0.01417 -0.33298 -0.01565 0.94270
1034006.062951 -32.70035 0.71498 62.11962 -0.01412 -0.33267 -0.01480 0.94282
1034006.067870 -32.70150 0.72242 62.12258 -0.01447 -0.33299 -0.01450 0.94271
1034006.072788 -32.67993 0.73918 62.10508 -0.01447 -0.33277 -0.01384 0.94279
1034006.077705 -32.67275 0.74092 62.09646 -0.01408 -0.33236 -0.01386 0.94295
1034006.082623 -32.69062 0.73532 62.12590 -0.01428 -0.33230 -0.01387 0.94296
1034006.087542 -32.70810 0.72905 62.12906 -0.01420 -0.33206 -0.01407 0.94305
1034006.097377 -32.74000 0.72106 62.15349 -0.01397 -0.33123 -0.01353 0.94335
1034006.102294 -32.77009 0.72011 62.17739 -0.01339 -0.33069 -0.01486 0.94353
1034006.107947 -32.81229 0.71302 62.23657 -0.01346 -0.33029 -0.01510 0.94366
1034006.117049 -32.85088 0.72159 62.28656 -0.01357 -0.33002 -0.01490 0.94376
1034006.117078 -32.84379 0.73717 62.30194 -0.01369 -0.33083 -0.01404 0.94349
1034006.126886 -32.88173 0.73713 62.35868 -0.01397 -0.33058 -0.01361 0.94358
1034006.130450 -32.90269 0.73822 62.39205 -0.01388 -0.33041 -0.01396 0.94363
1034006.136721 -32.92331 0.74367 62.42261 -0.01381 -0.33004 -0.01289 0.94378
1034006.141640 -32.91866 0.73761 62.40051 -0.01286 -0.32943 -0.01417 0.94399
1034006.146558 -32.92920 0.74061 62.40085 -0.01274 -0.32916 -0.01439 0.94408
1034006.151475 -32.94872 0.74258 62.42623 -0.01252 -0.32889 -0.01388 0.94418
1034006.156393 -32.96700 0.73835 62.44862 -0.01233 -0.32857 -0.01493 0.94428
1034006.161311 -32.99961 0.73316 62.47976 -0.01266 -0.32814 -0.01398 0.94444
1034006.171147 -33.05368 0.74932 62.55936 -0.01332 -0.32848 -0.01361 0.94432
1034006.176065 -33.08966 0.74949 62.61609 -0.01312 -0.32835 -0.01367 0.94436
1034006.180984 -33.11877 0.74922 62.64747 -0.01317 -0.32808 -0.01351 0.94446
1034006.185902 -33.13575 0.74276 62.67558 -0.01286 -0.32791 -0.01358 0.94452
1034006.194624 -33.17418 0.75135 62.73279 -0.01309 -0.32767 -0.01336 0.94461
1034006.195738 -33.15111 0.75570 62.69789 -0.01238 -0.32717 -0.01343 0.94479
1034006.202806 -33.17639 0.75698 62.71785 -0.01228 -0.32679 -0.01292 0.94493
1034006.205573 -33.17940 0.75754 62.71321 -0.01197 -0.32650 -0.01330 0.94503
1034006.215410 -33.21592 0.76048 62.75329 -0.01195 -0.32586 -0.01333 0.94525
1034006.220328 -33.23950 0.74710 62.80455 -0.01246 -0.32621 -0.01294 0.94513
1034006.222701 -33.27301 0.74219 62.85415 -0.01259 -0.32626 -0.01298 0.94511
1034006.230163 -33.29048 0.74134 62.87537 -0.01258 -0.32599 -0.01351 0.94519
1034006.235082 -33.33451 0.74024 62.93283 -0.01274 -0.32563 -0.01295 0.94532
1034006.240000 -33.30990 0.75097 62.88811 -0.01225 -0.32518 -0.01269 0.94549
1034006.243672 -33.32376 0.75829 62.90009 -0.01147 -0.32478 -0.01354 0.94562
1034006.249835 -33.34885 0.75827 62.93584 -0.01173 -0.32449 -0.01244 0.94573
1034006.254754 -33.38036 0.76506 62.97569 -0.01150 -0.32418 -0.01293 0.94584
1034006.259672 -33.41610 0.76090 62.99701 -0.01144 -0.32378 -0.01330 0.94597
1034006.264589 -33.43975 0.75417 63.05881 -0.01233 -0.32427 -0.01285 0.94580
1034006.269507 -33.44085 0.75445 63.07179 -0.01232 -0.32431 -0.01249 0.94579
1034006.274426 -33.47971 0.75261 63.11996 -0.01225 -0.32391 -0.01213 0.94593
1034006.279343 -33.51890 0.75445 63.17266 -0.01234 -0.32358 -0.01272 0.94604
1034006.289180 -33.54992 0.74633 63.21197 -0.01211 -0.32300 -0.01259 0.94624
1034006.294098 -33.52656 0.74695 63.17627 -0.01199 -0.32266 -0.01256 0.94636
1034006.298974 -33.55709 0.75614 63.19464 -0.01203 -0.32214 -0.01208 0.94654
1034006.303933 -33.57045 0.75486 63.23211 -0.01161 -0.32200 -0.01250 0.94658
1034006.308852 -33.56945 0.74659 63.23402 -0.01176 -0.32183 -0.01227 0.94664
1034006.313770 -33.61712 0.75060 63.30621 -0.01245 -0.32220 -0.01233 0.94651
1034006.318687 -33.65533 0.75031 63.35952 -0.01250 -0.32182 -0.01191 0.94664
1034006.323605 -33.69459 0.75491 63.41152 -0.01258 -0.32193 -0.01172 0.94661
1034006.328524 -33.70785 0.75552 63.43369 -0.01247 -0.32142 -0.01193 0.94678
1034006.333442 -33.74163 0.75694 63.47549 -0.01246 -0.32129 -0.01152 0.94683
1034006.338359 -33.76929 0.75952 63.49697 -0.01224 -0.32079 -0.01218 0.94699
1034006.343277 -33.74038 0.76029 63.46002 -0.01148 -0.32042 -0.01142 0.94714
1034006.353113 -33.75486 0.75896 63.47351 -0.01144 -0.31965 -0.01170 0.94739
1034006.355936 -33.76864 0.76044 63.49184 -0.01185 -0.31966 -0.01151 0.94739
1034006.362950 -33.77483 0.75968 63.49952 -0.01183 -0.31925 -0.01127 0.94753
1034006.372785 -33.83108 0.75814 63.58160 -0.01264 -0.31893 -0.01084 0.94763
1034006.375518 -33.90481 0.75379 63.68515 -0.01258 -0.31906 -0.01098 0.94759
1034006.377703 -33.92694 0.75537 63.72013 -0.01264 -0.31901 -0.01109 0.94760
1034006.383500 -33.95430 0.76009 63.74692 -0.01235 -0.31852 -0.01117 0.94777
1034006.387612 -33.92584 0.77241 63.70168 -0.01152 -0.31803 -0.01108 0.94794
1034006.392457 -33.92824 0.77096 63.70131 -0.01166 -0.31798 -0.01069 0.94797
1034006.397675 -33.93594 0.76906 63.72216 -0.01129 -0.31732 -0.01129 0.94818
1034006.402294 -33.95677 0.76900 63.74404 -0.01178 -0.31715 -0.01069 0.94824
1034006.407212 -33.97394 0.76646 63.77450 -0.01192 -0.31693 -0.01040 0.94832
1034006.412129 -34.02171 0.76299 63.83514 -0.01238 -0.31693 -0.01084 0.94831
1034006.420088 -34.07950 0.75639 63.92205 -0.01289 -0.31674 -0.01059 0.94836
1034006.423141 -34.09545 0.76201 63.95706 -0.01278 -0.31666 -0.01001 0.94840
1034006.431801 -34.14022 0.76483 64.01576 -0.01310 -0.31620 -0.00959 0.94855
1034006.436720 -34.15614 0.75963 64.03846 -0.01347 -0.31584 -0.00953 0.94867
1034006.441638 -34.12138 0.76565 63.98972 -0.01234 -0.31546 -0.00974 0.94881
1034006.446555 -34.13137 0.77490 63.98005 -0.01194 -0.31495 -0.00973 0.94898
1034006.451473 -34.15302 0.77620 64.01281 -0.01212 -0.31451 -0.00944 0.94913
1034006.456392 -34.15850 0.76660 64.02277 -0.01204 -0.31421 -0.00993 0.94922
1034006.461310 -34.20455 0.76498 64.09337 -0.01327 -0.31458 -0.00951 0.94909
1034006.466226 -34.24086 0.75781 64.14557 -0.01352 -0.31437 -0.00947 0.94916
1034006.471145 -34.26387 0.75933 64.18307 -0.01330 -0.31409 -0.00945 0.94925
1034006.476064 -34.30367 0.76137 64.22974 -0.01388 -0.31380 -0.00853 0.94935
1034006.485899 -34.31661 0.76308 64.25201 -0.01361 -0.31336 -0.00878 0.94950
1034006.489995 -34.30220 0.77928 64.22001 -0.01279 -0.31281 -0.00875 0.94969
1034006.495736 -34.31530 0.78072 64.23343 -0.01248 -0.31221 -0.00894 0.94989
1034006.500654 -34.33640 0.77992 64.26298 -0.01300 -0.31191 -0.00865 0.94998
1034006.505571 -34.35550 0.77675 64.29827 -0.01272 -0.31174 -0.00861 0.95004
1034006.510490 -34.39354 0.76373 64.35402 -0.01351 -0.31184 -0.00899 0.95000
1034006.515911 -34.41675 0.75656 64.40138 -0.01375 -0.31159 -0.00916 0.95007
1034006.525243 -34.45254 0.76121 64.44976 -0.01420 -0.31120 -0.00803 0.95021
1034006.530162 -34.49062 0.76162 64.50484 -0.01404 -0.31078 -0.00865 0.95034
1034006.533450 -34.46135 0.77706 64.45639 -0.01350 -0.31030 -0.00816 0.95051
1034006.539997 -34.47480 0.77820 64.45379 -0.01338 -0.30976 -0.00845 0.95068
1034006.544915 -34.50846 0.77933 64.49509 -0.01336 -0.30932 -0.00802 0.95083
1034006.549834 -34.52830 0.78158 64.53408 -0.01360 -0.30896 -0.00827 0.95094
1034006.554752 -34.54902 0.78798 64.56462 -0.01332 -0.30865 -0.00812 0.95105
1034006.559669 -34.58967 0.77353 64.62741 -0.01434 -0.30897 -0.00776 0.95093
1034006.564587 -34.59611 0.77109 64.65653 -0.01461 -0.30898 -0.00727 0.95093
1034006.569506 -34.61608 0.76855 64.68683 -0.01490 -0.30869 -0.00696 0.95102
1034006.574424 -34.64836 0.76778 64.72879 -0.01498 -0.30831 -0.00760 0.95114
1034006.579341 -34.67149 0.77247 64.75904 -0.01475 -0.30804 -0.00723 0.95123
1034006.584260 -34.65359 0.78093 64.72290 -0.01394 -0.30712 -0.00736 0.95154
1034006.585592 -34.66589 0.79084 64.72409 -0.01361 -0.30681 -0.00809 0.95164
1034006.593506 -34.69027 0.78453 64.76292 -0.01364 -0.30624 -0.00809 0.95182
1034006.599013 -34.72077 0.78763 64.81045 -0.01344 -0.30591 -0.00841 0.95193
1034006.603932 -34.73416 0.79132 64.81792 -0.01362 -0.30543 -0.00833 0.95208
1034006.608850 -34.77945 0.77614 64.89359 -0.01441 -0.30579 -0.00810 0.95195
1034006.613767 -34.81059 0.78205 64.94224 -0.01466 -0.30560 -0.00821 0.95201
1034006.618685 -34.83193 0.77707 64.97659 -0.01491 -0.30538 -0.00796 0.95208
1034006.623604 -34.85580 0.77274 65.02574 -0.01508 -0.30515 -0.00802 0.95215
1034006.628522 -34.86857 0.76981 65.04886 -0.01524 -0.30494 -0.00799 0.95222
1034006.633439 -34.84455 0.78037 65.00972 -0.01426 -0.30423 -0.00787 0.95246
1034006.638357 -34.85495 0.79089 65.01934 -0.01386 -0.30383 -0.00731 0.95260
1034006.643276 -34.88434 0.79015 65.04999 -0.01376 -0.30317 -0.00826 0.95280
1034006.648194 -34.91753 0.79400 65.08675 -0.01376 -0.30279 -0.00850 0.95292
1034006.653111 -34.94268 0.79384 65.12059 -0.01394 -0.30253 -0.00783 0.95300
1034006.662948 -34.98520 0.78182 65.19820 -0.01516 -0.30256 -0.00756 0.95298
1034006.667865 -35.02391 0.77683 65.26001 -0.01562 -0.30236 -0.00771 0.95303
1034006.672783 -35.05819 0.78441 65.31000 -0.01539 -0.30199 -0.00802 0.95315
1034006.679831 -35.08981 0.79056 65.35833 -0.01527 -0.30146 -0.00735 0.95333
1034006.682620 -35.08268 0.79221 65.32430 -0.01422 -0.30078 -0.00809 0.95355
1034006.687537 -35.07156 0.79351 65.31780 -0.01469 -0.30033 -0.00768 0.95369
1034006.692455 -35.08793 0.79553 65.33782 -0.01458 -0.29998 -0.00742 0.95381
1034006.697374 -35.12429 0.80052 65.38536 -0.01480 -0.29971 -0.00758 0.95389
1034006.702292 -35.12915 0.79854 65.38301 -0.01451 -0.29912 -0.00791 0.95407
1034006.707209 -35.14490 0.79768 65.42756 -0.01439 -0.29885 -0.00790 0.95416
1034006.712127 -35.18037 0.79010 65.47882 -0.01514 -0.29921 -0.00796 0.95403
1034006.717046 -35.21007 0.79264 65.55367 -0.01574 -0.29924 -0.00712 0.95402
1034006.721964 -35.24393 0.78810 65.60755 -0.01589 -0.29882 -0.00649 0.95415
1034006.726881 -35.24761 0.78813 65.61819 -0.01629 -0.29848 -0.00642 0.95426
1034006.731799 -35.28660 0.78687 65.67345 -0.01636 -0.29830 -0.00652 0.95431
1034006.736718 -35.26163 0.79580 65.62335 -0.01510 -0.29754 -0.00722 0.95456
1034006.741636 -35.26948 0.80391 65.60699 -0.01507 -0.29675 -0.00680 0.95481
1034006.742506 -35.27862 0.80740 65.62489 -0.01508 -0.29679 -0.00675 0.95480
1034006.751472 -35.30714 0.80274 65.66445 -0.01484 -0.29612 -0.00727 0.95501
1034006.756390 -35.32631 0.79994 65.69151 -0.01514 -0.29566 -0.00697 0.95515
1034006.761307 -35.36994 0.79500 65.77560 -0.01638 -0.29583 -0.00628 0.95508
1034006.763027 -35.37531 0.78920 65.80423 -0.01651 -0.29608 -0.00663 0.95500
1034006.766225 -35.37528 0.79496 65.80360 -0.01666 -0.29595 -0.00605 0.95504
1034006.771144 -35.40640 0.79376 65.84946 -0.01673 -0.29562 -0.00616 0.95514
1034006.776694 -35.43361 0.79174 65.89889 -0.01670 -0.29521 -0.00571 0.95527
1034006.780979 -35.41099 0.80078 65.84269 -0.01546 -0.29469 -0.00683 0.95544
1034006.785897 -35.42580 0.80463 65.85096 -0.01498 -0.29397 -0.00705 0.95567
1034006.790816 -35.44609 0.80441 65.88367 -0.01503 -0.29355 -0.00785 0.95579
1034006.795734 -35.46162 0.80846 65.89639 -0.01498 -0.29306 -0.00693 0.95595
1034006.800651 -35.48870 0.81280 65.94417 -0.01513 -0.29267 -0.00712 0.95607
1034006.805569 -35.54123 0.81099 66.02301 -0.01633 -0.29293 -0.00608 0.95597
1034006.810488 -35.55512 0.80278 66.06559 -0.01663 -0.29286 -0.00667 0.95599
1034006.817000 -35.58471 0.81376 66.10632 -0.01678 -0.29250 -0.00569 0.95610
1034006.820559 -35.59848 0.79731 66.13028 -0.01680 -0.29225 -0.00646 0.95617
1034006.830160 -35.57848 0.80884 66.09586 -0.01596 -0.29109 -0.00629 0.95654
1034006.835077 -35.60283 0.81064 66.11327 -0.01555 -0.29022 -0.00665 0.95681
1034006.839995 -35.62380 0.81634 66.14461 -0.01558 -0.28987 -0.00677 0.95692
1034006.844914 -35.63276 0.80484 66.15070 -0.01534 -0.28947 -0.00658 0.95704
1034006.849832 -35.66795 0.82081 66.21421 -0.01666 -0.28955 -0.00563 0.95700
1034006.854749 -35.71838 0.81549 66.30793 -0.01698 -0.28938 -0.00556 0.95705
1034006.859667 -35.71848 0.82267 66.31998 -0.01697 -0.28922 -0.00536 0.95710
1034006.864586 -35.74324 0.80679 66.36884 -0.01700 -0.28897 -0.00599 0.95717
1034006.869504 -35.78142 0.81512 66.42350 -0.01719 -0.28835 -0.00583 0.95735
1034006.874421 -35.76000 0.81741 66.37426 -0.01596 -0.28761 -0.00614 0.95759
1034006.879339 -35.76856 0.82557 66.35729 -0.01564 -0.28710 -0.00617 0.95775
1034006.884258 -35.78561 0.81995 66.39266 -0.01561 -0.28642 -0.00601 0.95796
1034006.889176 -35.80959 0.82756 66.43023 -0.01555 -0.28595 -0.00629 0.95810
1034006.894093 -35.83885 0.82122 66.49109 -0.01708 -0.28647 -0.00520 0.95792
1034006.899011 -35.86265 0.81417 66.54564 -0.01748 -0.28626 -0.00485 0.95798
1034006.903930 -35.88935 0.82032 66.58230 -0.01754 -0.28589 -0.00538 0.95809
1034006.908274 -35.90167 0.81647 66.61510 -0.01745 -0.28555 -0.00541 0.95819
1034006.913765 -35.92847 0.81985 66.65155 -0.01750 -0.28505 -0.00565 0.95834
1034006.918684 -35.90097 0.82174 66.59127 -0.01654 -0.28410 -0.00551 0.95864
1034006.920375 -35.90178 0.83294 66.59080 -0.01591 -0.28374 -0.00549 0.95875
1034006.926773 -35.93221 0.82086 66.62787 -0.01622 -0.28323 -0.00544 0.95890
1034006.928519 -35.95155 0.82564 66.65437 -0.01592 -0.28274 -0.00636 0.95904
1034006.933437 -35.99513 0.82870 66.72055 -0.01735 -0.28321 -0.00475 0.95889
1034006.941265 -36.02532 0.83008 66.78945 -0.01780 -0.28259 -0.00486 0.95906
1034006.948191 -36.05803 0.82573 66.84153 -0.01792 -0.28211 -0.00505 0.95920
1034006.948537 -36.06941 0.82897 66.86515 -0.01793 -0.28195 -0.00448 0.95925
1034006.953109 -36.03387 0.83043 66.81033 -0.01685 -0.28154 -0.00522 0.95939
1034006.960950 -36.05763 0.82764 66.85486 -0.01644 -0.28078 -0.00604 0.95961
1034006.967863 -36.07532 0.82862 66.88269 -0.01652 -0.27976 -0.00555 0.95991
1034006.972781 -36.09963 0.83239 66.90305 -0.01694 -0.27935 -0.00530 0.96003
1034006.977700 -36.14594 0.83236 66.98061 -0.01808 -0.27974 -0.00523 0.95989
1034006.980274 -36.15870 0.82450 67.01355 -0.01795 -0.27935 -0.00539 0.96001
1034006.987535 -36.18458 0.82409 67.05268 -0.01853 -0.27904 -0.00504 0.96009
1034006.992454 -36.20506 0.83471 67.08954 -0.01840 -0.27851 -0.00505 0.96024
1034006.994023 -36.17355 0.83927 67.05528 -0.01730 -0.27777 -0.00482 0.96048
1034006.997372 -36.17979 0.83963 67.04581 -0.01697 -0.27742 -0.00497 0.96059
1034007.002289 -36.18862 0.83145 67.06316 -0.01707 -0.27693 -0.00570 0.96072
1034007.007207 -36.20761 0.83933 67.09048 -0.01745 -0.27620 -0.00523 0.96093
1034007.012126 -36.23582 0.83612 67.15168 -0.01732 -0.27596 -0.00556 0.96100
1034007.017044 -36.27054 0.82752 67.18898 -0.01837 -0.27653 -0.00558 0.96081
1034007.021961 -36.29292 0.81711 67.22451 -0.01880 -0.27610 -0.00586 0.96093
1034007.024834 -36.30846 0.82418 67.24879 -0.01915 -0.27568 -0.00527 0.96104
1034007.031798 -36.31474 0.82064 67.27638 -0.01882 -0.27506 -0.00546 0.96123
1034007.036379 -36.29647 0.83528 67.24814 -0.01852 -0.27420 -0.00455 0.96148
1034007.041633 -36.31297 0.84095 67.27526 -0.01777 -0.27355 -0.00537 0.96168
1034007.042509 -36.32040 0.84806 67.28320 -0.01783 -0.27354 -0.00456 0.96169
1034007.048638 -36.33234 0.84496 67.31267 -0.01837 -0.27292 -0.00403 0.96185
1034007.051470 -36.38074 0.84368 67.36578 -0.01897 -0.27359 -0.00534 0.96165
1034007.061305 -36.41510 0.83140 67.41751 -0.01931 -0.27262 -0.00533 0.96191
1034007.066224 -36.43773 0.83343 67.44624 -0.01920 -0.27203 -0.00603 0.96208
1034007.071142 -36.47360 0.83066 67.51252 -0.01908 -0.27132 -0.00688 0.96228
1034007.076059 -36.44023 0.83904 67.47078 -0.01843 -0.27051 -0.00603 0.96252
1034007.080977 -36.45730 0.85077 67.49575 -0.01819 -0.26975 -0.00551 0.96274
1034007.085896 -36.45985 0.84996 67.50104 -0.01855 -0.26942 -0.00481 0.96283
1034007.093379 -36.47840 0.85429 67.53698 -0.01845 -0.26877 -0.00454 0.96302
1034007.095731 -36.52786 0.84692 67.60106 -0.01930 -0.26943 -0.00518 0.96281
1034007.101646 -36.54594 0.84938 67.64571 -0.01982 -0.26882 -0.00448 0.96298
1034007.105568 -36.56199 0.84318 67.66137 -0.02025 -0.26868 -0.00505 0.96300
1034007.110486 -36.57644 0.83746 67.68743 -0.02012 -0.26793 -0.00622 0.96321
1034007.115403 -36.54970 0.84299 67.65786 -0.01953 -0.26687 -0.00487 0.96352
1034007.120321 -36.56918 0.85415 67.69494 -0.01911 -0.26630 -0.00463 0.96369
1034007.122657 -36.56644 0.85609 67.69908 -0.01898 -0.26605 -0.00476 0.96376
1034007.130158 -36.58952 0.84986 67.73783 -0.01932 -0.26550 -0.00510 0.96390
1034007.135075 -36.64938 0.85166 67.80454 -0.01994 -0.26614 -0.00566 0.96371
1034007.139994 -36.67984 0.85148 67.85729 -0.02034 -0.26570 -0.00571 0.96382
1034007.144912 -36.70897 0.85824 67.89935 -0.02048 -0.26497 -0.00531 0.96402
1034007.149829 -36.69709 0.84979 67.88730 -0.02045 -0.26455 -0.00520 0.96414
1034007.154747 -36.71693 0.85297 67.93120 -0.02065 -0.26408 -0.00552 0.96426
1034007.159666 -36.69485 0.85000 67.91384 -0.01945 -0.26285 -0.00586 0.96462
1034007.164584 -36.70560 0.85232 67.93178 -0.01945 -0.26219 -0.00580 0.96480
1034007.169501 -36.72314 0.85639 67.95766 -0.01935 -0.26179 -0.00566 0.96491
1034007.174419 -36.73633 0.85480 67.98507 -0.01950 -0.26137 -0.00557 0.96503
1034007.179338 -36.77944 0.85574 68.03113 -0.02044 -0.26189 -0.00546 0.96486
1034007.184255 -36.79774 0.85297 68.06274 -0.02073 -0.26130 -0.00600 0.96502
1034007.189173 -36.81572 0.84671 68.10107 -0.02066 -0.26063 -0.00698 0.96519
1034007.194091 -36.82593 0.84909 68.10905 -0.02080 -0.26021 -0.00644 0.96531
1034007.199010 -36.81485 0.85441 68.12206 -0.02008 -0.25909 -0.00621 0.96562
1034007.203204 -36.82829 0.86120 68.14173 -0.01995 -0.25864 -0.00535 0.96575
1034007.208582 -36.83887 0.86160 68.16802 -0.01953 -0.25798 -0.00620 0.96593
1034007.212880 -36.85979 0.86941 68.19644 -0.01972 -0.25734 -0.00597 0.96610
1034007.218682 -36.89262 0.86573 68.24166 -0.02042 -0.25809 -0.00640 0.96588
1034007.223366 -36.92111 0.85915 68.29106 -0.02097 -0.25747 -0.00685 0.96603
1034007.228517 -36.93271 0.86151 68.31745 -0.02096 -0.25698 -0.00649 0.96617
1034007.231969 -36.93477 0.85751 68.32864 -0.02104 -0.25658 -0.00664 0.96627
1034007.238354 -36.96392 0.86371 68.36609 -0.02130 -0.25585 -0.00578 0.96647
1034007.243271 -36.95531 0.86493 68.37051 -0.02064 -0.25468 -0.00567 0.96679
1034007.248189 -36.95414 0.86640 68.37584 -0.02046 -0.25404 -0.00551 0.96696
1034007.253108 -36.97904 0.86779 68.39964 -0.02023 -0.25337 -0.00546 0.96714
1034007.258026 -36.99027 0.86964 68.42323 -0.02054 -0.25282 -0.00587 0.96728
1034007.262943 -37.00083 0.86904 68.46223 -0.02065 -0.25217 -0.00514 0.96745
1034007.267861 -37.02692 0.86202 68.49887 -0.02103 -0.25263 -0.00623 0.96731
1034007.269223 -37.03612 0.86318 68.52048 -0.02148 -0.25271 -0.00597 0.96729
1034007.277698 -37.05077 0.86797 68.54557 -0.02164 -0.25174 -0.00601 0.96753
1034007.282615 -37.06832 0.87056 68.57777 -0.02137 -0.25100 -0.00680 0.96773
1034007.288500 -37.07319 0.87112 68.57914 -0.02064 -0.24979 -0.00688 0.96805
1034007.297041 -37.10355 0.87758 68.62819 -0.02093 -0.24868 -0.00627 0.96834
1034007.297369 -37.11552 0.88094 68.64726 -0.02062 -0.24847 -0.00695 0.96839
1034007.306678 -37.13023 0.87927 68.68793 -0.02069 -0.24759 -0.00659 0.96862
1034007.312124 -37.16397 0.88206 68.74794 -0.02107 -0.24714 -0.00670 0.96873
1034007.317041 -37.17106 0.88193 68.76164 -0.02165 -0.24741 -0.00649 0.96865
1034007.321959 -37.18638 0.88625 68.79504 -0.02149 -0.24702 -0.00680 0.96875
1034007.326878 -37.19295 0.87979 68.82193 -0.02220 -0.24642 -0.00632 0.96889
1034007.331796 -37.19464 0.87030 68.81609 -0.02219 -0.24598 -0.00622 0.96900
1034007.336713 -37.22052 0.86788 68.88006 -0.02216 -0.24505 -0.00730 0.96923
1034007.344791 -37.22652 0.87708 68.90088 -0.02153 -0.24395 -0.00708 0.96952
1034007.346550 -37.23762 0.88935 68.91299 -0.02138 -0.24362 -0.00639 0.96961
1034007.352666 -37.27130 0.88951 68.97605 -0.02150 -0.24282 -0.00603 0.96981
1034007.356699 -37.28751 0.89515 68.99438 -0.02106 -0.24222 -0.00732 0.96997
1034007.361303 -37.29653 0.88839 68.99287 -0.02240 -0.24298 -0.00665 0.96975
1034007.369575 -37.29844 0.87402 69.01823 -0.02281 -0.24199 -0.00655 0.96999
1034007.371140 -37.31597 0.87886 69.03523 -0.02291 -0.24148 -0.00677 0.97011
1034007.377121 -37.33203 0.88274 69.07743 -0.02251 -0.24090 -0.00783 0.97026
1034007.380976 -37.34198 0.88196 69.11351 -0.02274 -0.24049 -0.00728 0.97036
1034007.388316 -37.35379 0.88557 69.15683 -0.02270 -0.23898 -0.00613 0.97074
1034007.394989 -37.37775 0.88545 69.20069 -0.02231 -0.23793 -0.00701 0.97100
1034007.395729 -37.38621 0.89365 69.21158 -0.02201 -0.23773 -0.00706 0.97106
1034007.400648 -37.39368 0.90410 69.23464 -0.02198 -0.23700 -0.00741 0.97123
1034007.405566 -37.39942 0.88763 69.21870 -0.02267 -0.23737 -0.00774 0.97112
1034007.410483 -37.41320 0.88309 69.23478 -0.02338 -0.23684 -0.00700 0.97124
1034007.415401 -37.40535 0.87147 69.24360 -0.02337 -0.23625 -0.00747 0.97138
1034007.424497 -37.40649 0.86255 69.27707 -0.02408 -0.23545 -0.00707 0.97156
1034007.425238 -37.43403 0.88825 69.33774 -0.02315 -0.23482 -0.00771 0.97173
1034007.434526 -37.44458 0.88536 69.36503 -0.02310 -0.23373 -0.00630 0.97201
1034007.439992 -37.46351 0.89356 69.40820 -0.02296 -0.23289 -0.00719 0.97221
1034007.444910 -37.50317 0.90776 69.47323 -0.02274 -0.23233 -0.00718 0.97234
1034007.449827 -37.51901 0.90712 69.50517 -0.02266 -0.23125 -0.00765 0.97260
1034007.454746 -37.53324 0.89528 69.50305 -0.02347 -0.23154 -0.00739 0.97251
1034007.459289 -37.52005 0.89090 69.48940 -0.02357 -0.23106 -0.00702 0.97263
1034007.464581 -37.52557 0.87800 69.51235 -0.02395 -0.23039 -0.00685 0.97278
1034007.469499 -37.54659 0.88061 69.55899 -0.02398 -0.22978 -0.00704 0.97292
1034007.474418 -37.57159 0.90406 69.61600 -0.02321 -0.22909 -0.00795 0.97310
1034007.479336 -37.58354 0.90512 69.63217 -0.02299 -0.22829 -0.00731 0.97329
1034007.484253 -37.59323 0.91350 69.67670 -0.02320 -0.22757 -0.00669 0.97346
1034007.489171 -37.61837 0.91542 69.73162 -0.02326 -0.22701 -0.00664 0.97359
1034007.494090 -37.62954 0.91718 69.76853 -0.02309 -0.22652 -0.00714 0.97371
1034007.499008 -37.63039 0.91702 69.73302 -0.02344 -0.22647 -0.00648 0.97371
1034007.503925 -37.63196 0.89683 69.73783 -0.02401 -0.22564 -0.00649 0.97389
1034007.508843 -37.63275 0.90105 69.73683 -0.02401 -0.22486 -0.00715 0.97407
1034007.513762 -37.64311 0.88275 69.75506 -0.02410 -0.22410 -0.00747 0.97424
1034007.520629 -37.67085 0.88804 69.80297 -0.02430 -0.22325 -0.00804 0.97442
1034007.523597 -37.68735 0.89781 69.87359 -0.02353 -0.22240 -0.00820 0.97464
1034007.530457 -37.69732 0.90294 69.91055 -0.02341 -0.22149 -0.00696 0.97486
1034007.533434 -37.72249 0.91092 69.95655 -0.02382 -0.22094 -0.00639 0.97497
1034007.539049 -37.73329 0.91781 69.99548 -0.02372 -0.21999 -0.00586 0.97520
1034007.543269 -37.73458 0.90686 69.94935 -0.02422 -0.22083 -0.00704 0.97499
1034007.548188 -37.73900 0.90563 69.97213 -0.02431 -0.21985 -0.00717 0.97520
1034007.553106 -37.75640 0.90508 70.01224 -0.02463 -0.21938 -0.00662 0.97531
1034007.558023 -37.76275 0.90592 70.03725 -0.02446 -0.21860 -0.00699 0.97548
1034007.563739 -37.78117 0.90408 70.07155 -0.02463 -0.21786 -0.00672 0.97565
1034007.567860 -37.79106 0.91333 70.13197 -0.02457 -0.21690 -0.00701 0.97586
1034007.572778 -37.81533 0.91857 70.18510 -0.02422 -0.21612 -0.00644 0.97605
1034007.577695 -37.83600 0.92735 70.22352 -0.02443 -0.21553 -0.00597 0.97617
1034007.582613 -37.85376 0.93569 70.28354 -0.02450 -0.21484 -0.00534 0.97633
1034007.587532 -37.86577 0.93010 70.30749 -0.02421 -0.21417 -0.00623 0.97648
1034007.592450 -37.85800 0.93129 70.24976 -0.02418 -0.21445 -0.00699 0.97641
1034007.597367 -37.86820 0.92496 70.27582 -0.02479 -0.21375 -0.00645 0.97655
1034007.602285 -37.88154 0.92288 70.31514 -0.02497 -0.21305 -0.00696 0.97670
1034007.607203 -37.89614 0.92779 70.35447 -0.02554 -0.21245 -0.00572 0.97682
1034007.611524 -37.90642 0.93192 70.38142 -0.02508 -0.21177 -0.00638 0.97698
1034007.612121 -37.90621 0.93488 70.38878 -0.02475 -0.21182 -0.00625 0.97698
1034007.617039 -37.91965 0.93129 70.45232 -0.02490 -0.21096 -0.00529 0.97716
1034007.621958 -37.93618 0.93178 70.49693 -0.02492 -0.21030 -0.00553 0.97730
1034007.626876 -37.95177 0.93844 70.53268 -0.02495 -0.20945 -0.00555 0.97749
1034007.631979 -37.97417 0.94518 70.58844 -0.02496 -0.20889 -0.00548 0.97760
1034007.636711 -37.98457 0.95083 70.61170 -0.02475 -0.20825 -0.00505 0.97775
1034007.641630 -37.96493 0.93702 70.55452 -0.02511 -0.20800 -0.00570 0.97779
1034007.646548 -37.96016 0.92719 70.55016 -0.02563 -0.20710 -0.00538 0.97797
1034007.651465 -37.95238 0.91659 70.57037 -0.02588 -0.20656 -0.00555 0.97808
1034007.656383 -37.93827 0.90631 70.58965 -0.02604 -0.20616 -0.00582 0.97815
1034007.661302 -37.97003 0.90626 70.66158 -0.02599 -0.20539 -0.00538 0.97832
1034007.666220 -38.00523 0.92690 70.72809 -0.02589 -0.20477 -0.00459 0.97846
1034007.667086 -38.02718 0.94059 70.77574 -0.02566 -0.20453 -0.00437 0.97851
1034007.676055 -38.04707 0.94319 70.81405 -0.02531 -0.20337 -0.00530 0.97876
1034007.680974 -38.04789 0.94115 70.83955 -0.02498 -0.20242 -0.00533 0.97897
1034007.685891 -38.05060 0.94095 70.86440 -0.02516 -0.20191 -0.00517 0.97907
1034007.690809 -38.04186 0.93036 70.81111 -0.02539 -0.20155 -0.00527 0.97913
1034007.695728 -38.03443 0.92619 70.81579 -0.02545 -0.20081 -0.00567 0.97928
1034007.700646 -38.04747 0.92692 70.86589 -0.02563 -0.20030 -0.00566 0.97938
1034007.705563 -38.04831 0.92909 70.87198 -0.02565 -0.19960 -0.00484 0.97953
1034007.710481 -38.09262 0.93891 70.97970 -0.02540 -0.19918 -0.00433 0.97962
1034007.715400 -38.10217 0.94491 71.01911 -0.02546 -0.19844 -0.00388 0.97977
1034007.720318 -38.11373 0.94388 71.05420 -0.02518 -0.19772 -0.00407 0.97993
1034007.725235 -38.11838 0.94853 71.08275 -0.02497 -0.19716 -0.00358 0.98005
1034007.730903 -38.11132 0.94527 71.04144 -0.02529 -0.19674 -0.00452 0.98012
1034007.735072 -38.10230 0.93713 71.05384 -0.02528 -0.19621 -0.00510 0.98022
1034007.744907 -38.09854 0.93051 71.07809 -0.02573 -0.19514 -0.00434 0.98043
1034007.749825 -38.11913 0.92751 71.13603 -0.02574 -0.19411 -0.00463 0.98063
1034007.754744 -38.14361 0.94017 71.20731 -0.02536 -0.19370 -0.00320 0.98073
1034007.759662 -38.16740 0.94644 71.24898 -0.02532 -0.19299 -0.00311 0.98087
1034007.767255 -38.18157 0.94517 71.29957 -0.02548 -0.19180 -0.00286 0.98110
1034007.774416 -38.19421 0.94535 71.34811 -0.02516 -0.19072 -0.00332 0.98132
1034007.779333 -38.19012 0.95368 71.29727 -0.02530 -0.19064 -0.00378 0.98133
1034007.784251 -38.19097 0.94754 71.31832 -0.02549 -0.18970 -0.00454 0.98150
1034007.789170 -38.19246 0.94926 71.34434 -0.02551 -0.18938 -0.00363 0.98157
1034007.794088 -38.21980 0.94553 71.42002 -0.02561 -0.18853 -0.00266 0.98173
1034007.799005 -38.24615 0.95617 71.48643 -0.02557 -0.18783 -0.00303 0.98186
1034007.803923 -38.25468 0.96476 71.51151 -0.02532 -0.18703 -0.00314 0.98202
1034007.808842 -38.26722 0.96453 71.54655 -0.02534 -0.18612 -0.00288 0.98220
1034007.813387 -38.25789 0.95788 71.53529 -0.02578 -0.18550 -0.00412 0.98230
1034007.818677 -38.27067 0.95663 71.51827 -0.02530 -0.18472 -0.00473 0.98245
1034007.823595 -38.26111 0.94755 71.52880 -0.02557 -0.18401 -0.00521 0.98258
1034007.828514 -38.27546 0.94073 71.55738 -0.02569 -0.18336 -0.00514 0.98270
1034007.833432 -38.29738 0.95031 71.62778 -0.02556 -0.18309 -0.00402 0.98276
1034007.838349 -38.32089 0.95656 71.68860 -0.02534 -0.18245 -0.00463 0.98288
1034007.843268 -38.33415 0.96256 71.72342 -0.02541 -0.18149 -0.00397 0.98306
1034007.848186 -38.34444 0.96246 71.76913 -0.02543 -0.18079 -0.00485 0.98318
1034007.853103 -38.35234 0.96910 71.79785 -0.02541 -0.17993 -0.00356 0.98334
1034007.858021 -38.33867 0.97038 71.76687 -0.02563 -0.17939 -0.00461 0.98343
1034007.862940 -38.33628 0.96327 71.77288 -0.02595 -0.17859 -0.00458 0.98357
1034007.867858 -38.35024 0.95746 71.79508 -0.02613 -0.17795 -0.00542 0.98368
1034007.872775 -38.35979 0.96124 71.84294 -0.02636 -0.17725 -0.00379 0.98381
1034007.881464 -38.39064 0.95994 71.91048 -0.02593 -0.17667 -0.00441 0.98392
1034007.882612 -38.41157 0.97416 71.97132 -0.02561 -0.17618 -0.00474 0.98401
1034007.892447 -38.42513 0.97102 72.03324 -0.02594 -0.17482 -0.00380 0.98425
1034007.897365 -38.44503 0.98522 72.09384 -0.02597 -0.17410 -0.00420 0.98438
1034007.902284 -38.45281 0.98792 72.12276 -0.02576 -0.17322 -0.00399 0.98454
1034007.906456 -38.43008 0.98403 72.05794 -0.02586 -0.17303 -0.00437 0.98457
1034007.907202 -38.42799 0.98055 72.05169 -0.02586 -0.17299 -0.00495 0.98457
1034007.917037 -38.43586 0.97501 72.08948 -0.02612 -0.17142 -0.00521 0.98484
1034007.921266 -38.45327 0.97518 72.12700 -0.02654 -0.17062 -0.00429 0.98497
1034007.926873 -38.46587 0.97191 72.15886 -0.02639 -0.16967 -0.00583 0.98513
1034007.931791 -38.49003 0.97039 72.23569 -0.02644 -0.16940 -0.00449 0.98518
1034007.933845 -38.48922 0.97692 72.26096 -0.02653 -0.16933 -0.00426 0.98519
1034007.936710 -38.50596 0.99213 72.30084 -0.02612 -0.16895 -0.00395 0.98527
1034007.941628 -38.49975 0.98982 72.33195 -0.02600 -0.16833 -0.00372 0.98538
1034007.946545 -38.51831 0.98993 72.35282 -0.02600 -0.16753 -0.00449 0.98551
1034007.954493 -38.50157 0.98497 72.33228 -0.02588 -0.16643 -0.00491 0.98570
1034007.956382 -38.50493 0.98010 72.32003 -0.02630 -0.16582 -0.00416 0.98580
1034007.966217 -38.50489 0.97578 72.34828 -0.02611 -0.16437 -0.00523 0.98604
1034007.966488 -38.53082 0.97827 72.36872 -0.02625 -0.16383 -0.00573 0.98612
1034007.976054 -38.53107 0.97325 72.38593 -0.02584 -0.16227 -0.00635 0.98639
1034007.980491 -38.56230 0.97321 72.48383 -0.02618 -0.16216 -0.00570 0.98640
1034007.985889 -38.57165 0.97793 72.53996 -0.02630 -0.16185 -0.00467 0.98645
1034007.990422 -38.59702 0.99005 72.62884 -0.02636 -0.16103 -0.00443 0.98659
1034007.995726 -38.59967 0.99765 72.65416 -0.02656 -0.16045 -0.00411 0.98668
1034008.000644 -38.57932 0.99733 72.62355 -0.02642 -0.15958 -0.00542 0.98682
1034008.005561 -38.60616 0.98903 72.61491 -0.02672 -0.15855 -0.00561 0.98697
1034008.010480 -38.60215 0.99345 72.63506 -0.02654 -0.15780 -0.00557 0.98710
1034008.015398 -38.61467 0.99648 72.66434 -0.02666 -0.15701 -0.00571 0.98722
1034008.020315 -38.62525 0.99670 72.70017 -0.02662 -0.15622 -0.00629 0.98734
1034008.025233 -38.64427 0.99325 72.77731 -0.02671 -0.15573 -0.00543 0.98742
1034008.030152 -38.65157 1.00071 72.81633 -0.02667 -0.15538 -0.00502 0.98748
1034008.035070 -38.67546 1.00007 72.86997 -0.02690 -0.15462 -0.00506 0.98760
1034008.039987 -38.66893 1.00221 72.89323 -0.02689 -0.15367 -0.00479 0.98775
1034008.044905 -38.65847 1.00328 72.84716 -0.02652 -0.15367 -0.00693 0.98774
1034008.053786 -38.66053 0.99991 72.87883 -0.02674 -0.15219 -0.00570 0.98797
1034008.054742 -38.66559 1.00506 72.89163 -0.02690 -0.15216 -0.00554 0.98797
1034008.064577 -38.68406 1.00323 72.95511 -0.02691 -0.15080 -0.00626 0.98818
1034008.068504 -38.70898 0.99997 73.03802 -0.02698 -0.15043 -0.00526 0.98824
1034008.074414 -38.72971 1.00592 73.08272 -0.02691 -0.14961 -0.00421 0.98837
1034008.078544 -38.74397 1.00994 73.13675 -0.02708 -0.14873 -0.00475 0.98850
1034008.079331 -38.74866 1.01285 73.13951 -0.02660 -0.14868 -0.00515 0.98851
1034008.088269 -38.75882 1.01427 73.19495 -0.02689 -0.14748 -0.00495 0.98869
1034008.089544 -38.73686 1.02077 73.11570 -0.02627 -0.14735 -0.00598 0.98872
1034008.094085 -38.73649 1.02533 73.12996 -0.02650 -0.14680 -0.00618 0.98879
1034008.103922 -38.73789 1.01698 73.18777 -0.02668 -0.14539 -0.00573 0.98900
1034008.108840 -38.74823 1.02439 73.22493 -0.02670 -0.14464 -0.00521 0.98911
1034008.113757 -38.76436 1.02638 73.26911 -0.02664 -0.14389 -0.00609 0.98922
1034008.118675 -38.79217 1.01046 73.33926 -0.02638 -0.14356 -0.00533 0.98928
1034008.123594 -38.80075 1.01473 73.39370 -0.02708 -0.14303 -0.00439 0.98934
1034008.128512 -38.80744 1.01291 73.41373 -0.02703 -0.14214 -0.00478 0.98947
1034008.133429 -38.81641 1.01509 73.45518 -0.02674 -0.14127 -0.00517 0.98960
1034008.138347 -38.82260 1.02345 73.51071 -0.02690 -0.14058 -0.00473 0.98969
1034008.143266 -38.79738 1.03599 73.43406 -0.02694 -0.14041 -0.00516 0.98971
1034008.148184 -38.79907 1.03861 73.46131 -0.02700 -0.13975 -0.00498 0.98981
1034008.149710 -38.80284 1.03839 73.47004 -0.02711 -0.13909 -0.00474 0.98990
1034008.158019 -38.80461 1.03793 73.51179 -0.02688 -0.13813 -0.00488 0.99004
1034008.162938 -38.83201 1.02346 73.57803 -0.02688 -0.13764 -0.00462 0.99011
1034008.165600 -38.84856 1.02851 73.63341 -0.02721 -0.13714 -0.00529 0.99016
1034008.172773 -38.84669 1.02071 73.64135 -0.02709 -0.13587 -0.00541 0.99034
1034008.177692 -38.85769 1.01900 73.68163 -0.02728 -0.13522 -0.00531 0.99043
1034008.182610 -38.84043 1.03892 73.64471 -0.02732 -0.13441 -0.00500 0.99054
1034008.187527 -38.85900 1.04425 73.68871 -0.02712 -0.13364 -0.00513 0.99065
1034008.192445 -38.85907 1.04439 73.71955 -0.02727 -0.13287 -0.00517 0.99075
1034008.197356 -38.86530 1.04251 73.75003 -0.02744 -0.13228 -0.00517 0.99082
1034008.202282 -38.88502 1.02495 73.80544 -0.02730 -0.13228 -0.00515 0.99082
1034008.202681 -38.87757 1.02598 73.81248 -0.02741 -0.13235 -0.00442 0.99081
1034008.210222 -38.89191 1.02834 73.86252 -0.02747 -0.13147 -0.00483 0.99093
1034008.217036 -38.89228 1.02225 73.90056 -0.02746 -0.13009 -0.00461 0.99111
1034008.220354 -38.87893 1.03908 73.85675 -0.02717 -0.12967 -0.00492 0.99117
1034008.221954 -38.88949 1.04847 73.88270 -0.02711 -0.12947 -0.00571 0.99120
1034008.226968 -38.90289 1.04711 73.91190 -0.02710 -0.12850 -0.00480 0.99133
1034008.231789 -38.89822 1.04925 73.92955 -0.02704 -0.12787 -0.00452 0.99141
1034008.236708 -38.89316 1.04085 73.95407 -0.02723 -0.12713 -0.00503 0.99150
1034008.241625 -38.91947 1.02634 74.03831 -0.02717 -0.12702 -0.00532 0.99151
1034008.246543 -38.93229 1.02306 74.07931 -0.02797 -0.12638 -0.00461 0.99158
1034008.250149 -38.95035 1.02607 74.11627 -0.02780 -0.12568 -0.00533 0.99167
1034008.251476 -38.95735 1.03533 74.13920 -0.02756 -0.12545 -0.00525 0.99170
1034008.260232 -38.95852 1.03278 74.18908 -0.02762 -0.12420 -0.00483 0.99186
1034008.266215 -38.93701 1.05240 74.11633 -0.02780 -0.12363 -0.00453 0.99193
1034008.271134 -38.94010 1.05426 74.15580 -0.02737 -0.12285 -0.00433 0.99204
1034008.276052 -38.95615 1.06029 74.19048 -0.02717 -0.12166 -0.00401 0.99219
1034008.280969 -38.96603 1.06953 74.23082 -0.02700 -0.12084 -0.00492 0.99229
1034008.285887 -38.98168 1.04429 74.29936 -0.02680 -0.12092 -0.00566 0.99228
1034008.290806 -38.97039 1.03928 74.33921 -0.02728 -0.12022 -0.00543 0.99236
1034008.295724 -38.99108 1.04270 74.37468 -0.02723 -0.11920 -0.00549 0.99248
1034008.300641 -38.99411 1.04268 74.41043 -0.02712 -0.11852 -0.00602 0.99256
1034008.305559 -38.98716 1.06000 74.35628 -0.02751 -0.11782 -0.00391 0.99265
1034008.309981 -38.98195 1.05302 74.36290 -0.02726 -0.11719 -0.00409 0.99273
1034008.315395 -38.99645 1.05899 74.40342 -0.02751 -0.11621 -0.00491 0.99283
1034008.320313 -38.99520 1.06250 74.44915 -0.02703 -0.11552 -0.00511 0.99292
1034008.325232 -39.00723 1.06555 74.48839 -0.02693 -0.11466 -0.00491 0.99303
1034008.330150 -39.02887 1.06578 74.57477 -0.02706 -0.11493 -0.00576 0.99299
1034008.335067 -39.03961 1.06059 74.62806 -0.02744 -0.11408 -0.00518 0.99308
1034008.339985 -39.03822 1.06130 74.65629 -0.02719 -0.11337 -0.00546 0.99317
1034008.344904 -39.04149 1.06130 74.68021 -0.02747 -0.11269 -0.00528 0.99324
1034008.349822 -39.03219 1.07316 74.63468 -0.02698 -0.11215 -0.00514 0.99331
1034008.354739 -39.02965 1.07008 74.65410 -0.02688 -0.11127 -0.00529 0.99341
1034008.359657 -39.04222 1.07549 74.69691 -0.02701 -0.11065 -0.00531 0.99348
1034008.364576 -39.04470 1.07584 74.72592 -0.02687 -0.10992 -0.00518 0.99356
1034008.373385 -39.05013 1.07911 74.78612 -0.02692 -0.10879 -0.00514 0.99369
1034008.374411 -39.07164 1.07279 74.84607 -0.02701 -0.10920 -0.00536 0.99364
1034008.379329 -39.07974 1.07473 74.88084 -0.02724 -0.10844 -0.00567 0.99371
1034008.388508 -39.07188 1.06970 74.91573 -0.02718 -0.10735 -0.00563 0.99383
1034008.389166 -39.09032 1.07530 74.94300 -0.02725 -0.10696 -0.00550 0.99388
1034008.399002 -39.10018 1.07245 74.99710 -0.02726 -0.10555 -0.00544 0.99403
1034008.401487 -39.09647 1.08177 74.93532 -0.02698 -0.10492 -0.00505 0.99410
1034008.407039 -39.08022 1.08492 74.95608 -0.02667 -0.10447 -0.00504 0.99416
1034008.408837 -39.09122 1.08754 74.97695 -0.02641 -0.10421 -0.00562 0.99419
1034008.416317 -39.08714 1.08485 75.00880 -0.02643 -0.10325 -0.00574 0.99429
1034008.418761 -39.11231 1.07475 75.08346 -0.02691 -0.10359 -0.00552 0.99424
1034008.428302 -39.10355 1.06720 75.11905 -0.02722 -0.10226 -0.00518 0.99437
1034008.428823 -39.10433 1.07285 75.15135 -0.02730 -0.10209 -0.00609 0.99438
1034008.438346 -39.10571 1.06777 75.19558 -0.02750 -0.10107 -0.00544 0.99448
1034008.443264 -39.11022 1.07790 75.15192 -0.02703 -0.10022 -0.00517 0.99458
1034008.448181 -39.10930 1.08143 75.17148 -0.02649 -0.09943 -0.00581 0.99467
1034008.453099 -39.11082 1.08070 75.20005 -0.02668 -0.09901 -0.00498 0.99472
1034008.458018 -39.10997 1.08196 75.22151 -0.02647 -0.09811 -0.00552 0.99481
1034008.462936 -39.12358 1.07095 75.28197 -0.02716 -0.09796 -0.00621 0.99480
1034008.467853 -39.11961 1.06521 75.33421 -0.02737 -0.09762 -0.00667 0.99483
1034008.474622 -39.13736 1.06804 75.37994 -0.02744 -0.09658 -0.00602 0.99493
1034008.477690 -39.13775 1.07345 75.40469 -0.02725 -0.09609 -0.00630 0.99498
1034008.487525 -39.14121 1.07046 75.46818 -0.02711 -0.09480 -0.00631 0.99511
1034008.492444 -39.13554 1.08127 75.43588 -0.02702 -0.09402 -0.00500 0.99519
1034008.497362 -39.13497 1.08163 75.44641 -0.02680 -0.09332 -0.00521 0.99526
1034008.502279 -39.13528 1.08039 75.47154 -0.02688 -0.09259 -0.00506 0.99533
1034008.507197 -39.14335 1.08398 75.50927 -0.02641 -0.09184 -0.00588 0.99541
1034008.512116 -39.16371 1.08022 75.59438 -0.02677 -0.09178 -0.00593 0.99540
1034008.517034 -39.17807 1.08505 75.63148 -0.02660 -0.09115 -0.00647 0.99546
1034008.521951 -39.17926 1.08923 75.67013 -0.02696 -0.09044 -0.00573 0.99552
1034008.526868 -39.18271 1.08752 75.68885 -0.02674 -0.08973 -0.00596 0.99559
1034008.531788 -39.17473 1.09632 75.66194 -0.02627 -0.08885 -0.00570 0.99568
1034008.536706 -39.16870 1.09020 75.66677 -0.02631 -0.08815 -0.00491 0.99575
1034008.541623 -39.18245 1.09879 75.71128 -0.02612 -0.08730 -0.00496 0.99583
1034008.542395 -39.18399 1.10346 75.72082 -0.02587 -0.08740 -0.00478 0.99583
1034008.552181 -39.17599 1.09901 75.76419 -0.02593 -0.08603 -0.00469 0.99594
1034008.556377 -39.19955 1.09241 75.83468 -0.02655 -0.08652 -0.00541 0.99588
1034008.566214 -39.19398 1.08587 75.89716 -0.02659 -0.08532 -0.00564 0.99598
1034008.571132 -39.20915 1.09156 75.95258 -0.02674 -0.08450 -0.00574 0.99605
1034008.576049 -39.20905 1.09693 75.97572 -0.02668 -0.08382 -0.00554 0.99611
1034008.580967 -39.20174 1.10588 75.93584 -0.02607 -0.08299 -0.00471 0.99620
1034008.585886 -39.20246 1.09821 75.95686 -0.02602 -0.08204 -0.00534 0.99628
1034008.590804 -39.21522 1.11141 76.00384 -0.02598 -0.08140 -0.00487 0.99633
1034008.595721 -39.21684 1.10269 76.02226 -0.02572 -0.08071 -0.00550 0.99639
1034008.600639 -39.22217 1.09931 76.05312 -0.02602 -0.08076 -0.00477 0.99638
1034008.610264 -39.22279 1.08929 76.10867 -0.02636 -0.07970 -0.00562 0.99645
1034008.615393 -39.19896 1.08735 76.15037 -0.02655 -0.07890 -0.00572 0.99651
1034008.620311 -39.20001 1.08086 76.17658 -0.02664 -0.07837 -0.00549 0.99655
1034008.625230 -39.20776 1.09583 76.16868 -0.02627 -0.07759 -0.00407 0.99663
1034008.630148 -39.21952 1.10391 76.20572 -0.02596 -0.07711 -0.00462 0.99667
1034008.635065 -39.23092 1.11446 76.24323 -0.02581 -0.07621 -0.00440 0.99675
1034008.639984 -39.23761 1.12413 76.28441 -0.02558 -0.07557 -0.00396 0.99680
1034008.643656 -39.23859 1.11923 76.30882 -0.02539 -0.07481 -0.00535 0.99686
1034008.644902 -39.24434 1.11122 76.31510 -0.02555 -0.07481 -0.00547 0.99686
1034008.649819 -39.22648 1.09686 76.34325 -0.02605 -0.07457 -0.00541 0.99686
1034008.654737 -39.21840 1.09118 76.35923 -0.02623 -0.07401 -0.00541 0.99690
1034008.659655 -39.22800 1.09329 76.40344 -0.02572 -0.07326 -0.00603 0.99696
1034008.664574 -39.23841 1.10062 76.45229 -0.02591 -0.07248 -0.00582 0.99702
1034008.669491 -39.23932 1.09957 76.49122 -0.02563 -0.07209 -0.00598 0.99705
1034008.674409 -39.25196 1.11824 76.48511 -0.02510 -0.07097 -0.00536 0.99715
1034008.676710 -39.25743 1.12349 76.48632 -0.02490 -0.07051 -0.00517 0.99719
1034008.684246 -39.26187 1.11922 76.53639 -0.02482 -0.06924 -0.00570 0.99728
1034008.686638 -39.27438 1.12711 76.58955 -0.02480 -0.06899 -0.00505 0.99730
1034008.689163 -39.26916 1.11886 76.61032 -0.02531 -0.06976 -0.00649 0.99722
1034008.699000 -39.25907 1.10864 76.65098 -0.02555 -0.06867 -0.00549 0.99730
1034008.699900 -39.25949 1.10752 76.66175 -0.02557 -0.06849 -0.00614 0.99731
1034008.703918 -39.26110 1.09986 76.69319 -0.02559 -0.06808 -0.00568 0.99734
1034008.708835 -39.26826 1.10003 76.69535 -0.02576 -0.06717 -0.00589 0.99739
1034008.713754 -39.26905 1.10973 76.69575 -0.02507 -0.06598 -0.00594 0.99749
1034008.718672 -39.28298 1.10838 76.73235 -0.02498 -0.06515 -0.00589 0.99755
1034008.723589 -39.28804 1.11739 76.76916 -0.02467 -0.06447 -0.00580 0.99760
1034008.728507 -39.28621 1.12057 76.81860 -0.02469 -0.06366 -0.00571 0.99765
1034008.733426 -39.29232 1.12878 76.86390 -0.02420 -0.06296 -0.00623 0.99770
1034008.738344 -39.28687 1.11422 76.85265 -0.02465 -0.06364 -0.00643 0.99765
1034008.743261 -39.28631 1.10812 76.88270 -0.02522 -0.06289 -0.00610 0.99768
1034008.748179 -39.28897 1.09947 76.88345 -0.02552 -0.06226 -0.00597 0.99772
1034008.753098 -39.29898 1.10638 76.93128 -0.02486 -0.06172 -0.00659 0.99776
1034008.758016 -39.29328 1.10904 76.96025 -0.02487 -0.06091 -0.00718 0.99781
1034008.762933 -39.29896 1.11921 76.99379 -0.02433 -0.05975 -0.00660 0.99790
1034008.767851 -39.31186 1.12789 77.03911 -0.02404 -0.05899 -0.00692 0.99795
1034008.772770 -39.31330 1.13631 77.07223 -0.02374 -0.05818 -0.00645 0.99800
1034008.777688 -39.31397 1.12964 77.09739 -0.02375 -0.05757 -0.00697 0.99803
1034008.787524 -39.31493 1.12971 77.13514 -0.02370 -0.05614 -0.00668 0.99812
1034008.792442 -39.32607 1.11434 77.12768 -0.02430 -0.05678 -0.00689 0.99807
1034008.797359 -39.32510 1.11083 77.15663 -0.02428 -0.05607 -0.00716 0.99811
1034008.802277 -39.32891 1.11278 77.19725 -0.02424 -0.05561 -0.00652 0.99814
1034008.807196 -39.32236 1.11598 77.23049 -0.02400 -0.05489 -0.00650 0.99818
1034008.812114 -39.32267 1.11607 77.26599 -0.02417 -0.05439 -0.00683 0.99820
1034008.817031 -39.32092 1.12363 77.29593 -0.02371 -0.05321 -0.00751 0.99827
1034008.821949 -39.32646 1.12969 77.32431 -0.02342 -0.05226 -0.00715 0.99833
1034008.826868 -39.32434 1.13711 77.36226 -0.02312 -0.05166 -0.00676 0.99837
1034008.833644 -39.32573 1.13605 77.40277 -0.02291 -0.05094 -0.00685 0.99842
1034008.836703 -39.33908 1.12542 77.38828 -0.02378 -0.05110 -0.00700 0.99839
1034008.842325 -39.34576 1.11894 77.41748 -0.02388 -0.05018 -0.00715 0.99843
1034008.846540 -39.34991 1.12090 77.45358 -0.02375 -0.04973 -0.00692 0.99846
1034008.851458 -39.34845 1.12062 77.47263 -0.02389 -0.04911 -0.00699 0.99848
1034008.856375 -39.34807 1.11718 77.48257 -0.02393 -0.04828 -0.00685 0.99852
1034008.866212 -39.33951 1.11439 77.54467 -0.02377 -0.04726 -0.00668 0.99858
1034008.871129 -39.33646 1.12493 77.58184 -0.02343 -0.04580 -0.00713 0.99865
1034008.876047 -39.34718 1.13856 77.63005 -0.02284 -0.04508 -0.00733 0.99870
1034008.880966 -39.35308 1.13139 77.65846 -0.02279 -0.04408 -0.00814 0.99873
1034008.888613 -39.35819 1.13281 77.70765 -0.02263 -0.04295 -0.00840 0.99879
1034008.891577 -39.35641 1.13523 77.68523 -0.02317 -0.04415 -0.00759 0.99873
1034008.900638 -39.35773 1.12513 77.73413 -0.02341 -0.04307 -0.00728 0.99877
1034008.905556 -39.35984 1.12922 77.77475 -0.02331 -0.04220 -0.00686 0.99881
1034008.907386 -39.36316 1.12908 77.78549 -0.02318 -0.04186 -0.00779 0.99882
1034008.915391 -39.35785 1.13192 77.83703 -0.02336 -0.04101 -0.00751 0.99886
1034008.920310 -39.35600 1.13037 77.86744 -0.02285 -0.03961 -0.00810 0.99892
1034008.928175 -39.35988 1.13462 77.91790 -0.02247 -0.03841 -0.00870 0.99897
1034008.930145 -39.36272 1.13948 77.93261 -0.02223 -0.03814 -0.00935 0.99898
1034008.939982 -39.36496 1.14084 77.99879 -0.02217 -0.03681 -0.00876 0.99904
1034008.943720 -39.36741 1.14113 78.03562 -0.02213 -0.03620 -0.00940 0.99906
1034008.949817 -39.36962 1.14130 78.04723 -0.02256 -0.03659 -0.00693 0.99905
1034008.954736 -39.36693 1.14445 78.09353 -0.02252 -0.03597 -0.00749 0.99907
1034008.959654 -39.36763 1.13644 78.11133 -0.02279 -0.03524 -0.00733 0.99909
1034008.964571 -39.37386 1.13562 78.15491 -0.02284 -0.03459 -0.00691 0.99912
1034008.969580 -39.36270 1.14340 78.14662 -0.02194 -0.03381 -0.00897 0.99915
1034008.978537 -39.35650 1.14050 78.19588 -0.02191 -0.03262 -0.00853 0.99919
1034008.984243 -39.36245 1.14456 78.24390 -0.02182 -0.03179 -0.00881 0.99922
1034008.989161 -39.35936 1.15070 78.28510 -0.02172 -0.03114 -0.00878 0.99924
1034008.994080 -39.36790 1.14207 78.29455 -0.02248 -0.03121 -0.00765 0.99923
1034008.998998 -39.37188 1.13805 78.32283 -0.02230 -0.03028 -0.00719 0.99927
1034009.003915 -39.36254 1.14159 78.35665 -0.02225 -0.02975 -0.00751 0.99928
1034009.008833 -39.37235 1.14099 78.39775 -0.02224 -0.02897 -0.00833 0.99930
1034009.013752 -39.37785 1.13758 78.42925 -0.02219 -0.02807 -0.00830 0.99933
1034009.018670 -39.36892 1.13746 78.41090 -0.02165 -0.02751 -0.00959 0.99934
1034009.023587 -39.37160 1.14765 78.44738 -0.02151 -0.02710 -0.00945 0.99936
1034009.028506 -39.37163 1.15692 78.47504 -0.02110 -0.02605 -0.00954 0.99939
1034009.033424 -39.36834 1.15891 78.51775 -0.02108 -0.02563 -0.00951 0.99940
1034009.038341 -39.36790 1.15598 78.55880 -0.02091 -0.02488 -0.00972 0.99942
1034009.043259 -39.36309 1.15501 78.57388 -0.02106 -0.02421 -0.01008 0.99943
1034009.048178 -39.37594 1.14691 78.60042 -0.02152 -0.02405 -0.00891 0.99944
1034009.053096 -39.37170 1.13888 78.62780 -0.02181 -0.02338 -0.00856 0.99945
1034009.062931 -39.36958 1.13908 78.68009 -0.02176 -0.02218 -0.00932 0.99947
1034009.067850 -39.37052 1.14219 78.73556 -0.02178 -0.02138 -0.01029 0.99948
1034009.068780 -39.36878 1.15631 78.72895 -0.02087 -0.02117 -0.01084 0.99950
1034009.077685 -39.36525 1.15440 78.77902 -0.02076 -0.02009 -0.01065 0.99953
1034009.082603 -39.36527 1.15596 78.81760 -0.02090 -0.01945 -0.01057 0.99954
1034009.086451 -39.36642 1.16440 78.85088 -0.02033 -0.01861 -0.01045 0.99957
1034009.087522 -39.37158 1.15584 78.82339 -0.02090 -0.01965 -0.00924 0.99955
1034009.093865 -39.36356 1.15049 78.85161 -0.02107 -0.01881 -0.00920 0.99956
1034009.101650 -39.36257 1.15348 78.89852 -0.02106 -0.01755 -0.00978 0.99958
1034009.107194 -39.36834 1.15253 78.95122 -0.02112 -0.01681 -0.00928 0.99959
1034009.112111 -39.36750 1.16109 78.95962 -0.02045 -0.01607 -0.01072 0.99960
1034009.117029 -39.36559 1.16838 79.00304 -0.02032 -0.01525 -0.01098 0.99962
1034009.121948 -39.36307 1.16137 79.04425 -0.02042 -0.01477 -0.01082 0.99962
1034009.126866 -39.35602 1.16342 79.06893 -0.02065 -0.01418 -0.01071 0.99963
1034009.134765 -39.36196 1.15794 79.08754 -0.02053 -0.01364 -0.01015 0.99964
1034009.141620 -39.36210 1.16139 79.14094 -0.02062 -0.01277 -0.01002 0.99966
1034009.146538 -39.36002 1.16318 79.16568 -0.02054 -0.01179 -0.00966 0.99967
1034009.151455 -39.35427 1.15528 79.19215 -0.02072 -0.01145 -0.01005 0.99967
1034009.156373 -39.35759 1.15949 79.21579 -0.02058 -0.01037 -0.01008 0.99968
1034009.161292 -39.35667 1.16825 79.26332 -0.02037 -0.00999 -0.01000 0.99969
1034009.166561 -39.34780 1.16311 79.30363 -0.02035 -0.00925 -0.01064 0.99969
1034009.171127 -39.34715 1.16512 79.31091 -0.02051 -0.00861 -0.01092 0.99969
1034009.180964 -39.33387 1.16336 79.36371 -0.02059 -0.00734 -0.01044 0.99971
1034009.185881 -39.34161 1.15907 79.39445 -0.02099 -0.00730 -0.00956 0.99971
1034009.189172 -39.34593 1.16352 79.40715 -0.02083 -0.00692 -0.00933 0.99972
1034009.195718 -39.34288 1.16030 79.45071 -0.02074 -0.00593 -0.00921 0.99972
1034009.200636 -39.33959 1.16392 79.48511 -0.02081 -0.00519 -0.00962 0.99972
1034009.205553 -39.33162 1.16439 79.49374 -0.02060 -0.00468 -0.01102 0.99972
1034009.210471 -39.32453 1.16636 79.51802 -0.02033 -0.00421 -0.01074 0.99973
1034009.215516 -39.32391 1.16719 79.55168 -0.02056 -0.00357 -0.01061 0.99973
1034009.225225 -39.31398 1.17304 79.58174 -0.02096 -0.00248 -0.01024 0.99972
1034009.230143 -39.31113 1.16715 79.60073 -0.02072 -0.00168 -0.01000 0.99973
1034009.235062 -39.32129 1.16201 79.65578 -0.02094 -0.00137 -0.00886 0.99974
1034009.239980 -39.31626 1.15475 79.67355 -0.02127 -0.00069 -0.00962 0.99973
1034009.244897 -39.31769 1.15634 79.72844 -0.02129 -0.00005 -0.00962 0.99973
1034009.249815 -39.31602 1.16020 79.75609 -0.02124 0.00058 -0.00957 0.99973
1034009.254734 -39.30623 1.16444 79.78727 -0.02128 0.00123 -0.00894 0.99973
1034009.259652 -39.29641 1.17247 79.78618 -0.02126 0.00172 -0.01011 0.99972
1034009.264569 -39.29454 1.18159 79.81978 -0.02103 0.00238 -0.00992 0.99973
1034009.269488 -39.29533 1.18236 79.84550 -0.02127 0.00295 -0.00982 0.99972
1034009.274406 -39.28667 1.19015 79.87726 -0.02112 0.00363 -0.00926 0.99973
1034009.279323 -39.30097 1.17736 79.92882 -0.02141 0.00397 -0.00965 0.99972
1034009.284241 -39.29996 1.18131 79.96236 -0.02108 0.00479 -0.00940 0.99972
1034009.289160 -39.30120 1.17142 79.99437 -0.02138 0.00546 -0.00939 0.99971
1034009.294078 -39.29279 1.16849 80.01737 -0.02190 0.00610 -0.00925 0.99970
1034009.298995 -39.29411 1.17149 80.05661 -0.02202 0.00673 -0.00905 0.99969
1034009.304168 -39.28762 1.17125 80.07822 -0.02187 0.00743 -0.00963 0.99969
1034009.308832 -39.27640 1.18273 80.06565 -0.02200 0.00791 -0.00927 0.99968
1034009.313750 -39.26542 1.18144 80.08278 -0.02176 0.00861 -0.00957 0.99968
1034009.322608 -39.25870 1.17799 80.12055 -0.02176 0.00970 -0.00969 0.99967
1034009.323585 -39.25664 1.18520 80.14869 -0.02179 0.00997 -0.00963 0.99967
1034009.328504 -39.25886 1.18611 80.19084 -0.02172 0.01083 -0.00966 0.99966
1034009.333422 -39.27227 1.17561 80.23363 -0.02219 0.01085 -0.00849 0.99966
1034009.343258 -39.26460 1.17649 80.30144 -0.02234 0.01176 -0.00893 0.99964
1034009.348176 -39.27012 1.17928 80.33507 -0.02179 0.01298 -0.00908 0.99964
1034009.353093 -39.27143 1.18444 80.40009 -0.02206 0.01375 -0.00859 0.99963
1034009.358011 -39.25664 1.19524 80.36891 -0.02200 0.01419 -0.00992 0.99961
1034009.362930 -39.24302 1.19595 80.39434 -0.02185 0.01443 -0.00930 0.99961
1034009.367848 -39.24036 1.19612 80.41586 -0.02191 0.01510 -0.00980 0.99960
1034009.372765 -39.23584 1.19217 80.44735 -0.02201 0.01593 -0.01005 0.99958
1034009.377683 -39.23255 1.18840 80.47350 -0.02202 0.01662 -0.00969 0.99957
1034009.382602 -39.24226 1.18654 80.53506 -0.02193 0.01678 -0.00912 0.99958
1034009.387520 -39.24144 1.19073 80.56043 -0.02179 0.01743 -0.00923 0.99957
1034009.392437 -39.24476 1.19227 80.59114 -0.02175 0.01832 -0.00959 0.99955
1034009.397355 -39.24232 1.19128 80.63206 -0.02193 0.01889 -0.00883 0.99954
1034009.402274 -39.23785 1.18834 80.65618 -0.02186 0.01996 -0.00912 0.99952
1034009.407192 -39.21692 1.20169 80.66547 -0.02218 0.02002 -0.00950 0.99951
1034009.412109 -39.21792 1.20956 80.71701 -0.02193 0.02070 -0.01007 0.99949
1034009.421946 -39.20650 1.20173 80.72768 -0.02192 0.02188 -0.01046 0.99947
1034009.426863 -39.20836 1.20165 80.76457 -0.02205 0.02268 -0.00996 0.99945
1034009.431781 -39.22196 1.19809 80.83052 -0.02233 0.02255 -0.00911 0.99945
1034009.436699 -39.22066 1.19753 80.85754 -0.02244 0.02328 -0.00872 0.99944
1034009.441618 -39.22365 1.19314 80.87353 -0.02250 0.02392 -0.00949 0.99942
1034009.446535 -39.22070 1.19657 80.90036 -0.02261 0.02461 -0.00925 0.99940
1034009.451453 -39.21599 1.18751 80.92846 -0.02270 0.02538 -0.00933 0.99938
1034009.456372 -39.18861 1.19819 80.93695 -0.02275 0.02592 -0.01030 0.99935
1034009.461290 -39.18403 1.20501 80.96349 -0.02239 0.02655 -0.01127 0.99933
1034009.466207 -39.18219 1.20777 80.98303 -0.02227 0.02726 -0.01078 0.99932
1034009.471643 -39.17108 1.21015 81.02763 -0.02258 0.02776 -0.01095 0.99930
1034009.480962 -39.18628 1.20078 81.06623 -0.02279 0.02804 -0.00924 0.99930
1034009.485879 -39.19008 1.19965 81.09711 -0.02321 0.02896 -0.00929 0.99927
1034009.490797 -39.18821 1.20208 81.14699 -0.02338 0.02960 -0.00931 0.99924
1034009.495716 -39.18556 1.20192 81.16948 -0.02332 0.03027 -0.00868 0.99923
1034009.500633 -39.16908 1.20493 81.16154 -0.02308 0.03113 -0.01135 0.99918
1034009.505551 -39.15697 1.20908 81.20648 -0.02336 0.03171 -0.01122 0.99916
1034009.510470 -39.15616 1.20958 81.24636 -0.02347 0.03239 -0.01155 0.99913
1034009.514153 -39.15191 1.21718 81.28928 -0.02331 0.03283 -0.01157 0.99912
1034009.520305 -39.14709 1.21468 81.30671 -0.02350 0.03349 -0.01127 0.99910
1034009.525223 -39.15674 1.19529 81.31388 -0.02411 0.03368 -0.00955 0.99910
1034009.528741 -39.16174 1.20191 81.32643 -0.02407 0.03418 -0.00880 0.99909
1034009.535060 -39.15244 1.19132 81.36258 -0.02452 0.03495 -0.00919 0.99905
1034009.539977 -39.14123 1.19951 81.41421 -0.02459 0.03537 -0.01013 0.99902
1034009.544895 -39.13504 1.20958 81.45565 -0.02419 0.03591 -0.01028 0.99901
1034009.549814 -39.13289 1.20588 81.46519 -0.02427 0.03698 -0.01154 0.99895
1034009.554732 -39.12310 1.21172 81.50498 -0.02409 0.03769 -0.01213 0.99893
1034009.559649 -39.11577 1.21142 81.53845 -0.02425 0.03820 -0.01226 0.99890
1034009.564567 -39.11284 1.21467 81.56348 -0.02423 0.03885 -0.01189 0.99888
1034009.569486 -39.10871 1.21512 81.58651 -0.02444 0.03946 -0.01329 0.99883
1034009.576555 -39.11898 1.21207 81.62575 -0.02486 0.03953 -0.01090 0.99885
1034009.584240 -39.10948 1.20610 81.65915 -0.02511 0.04051 -0.01063 0.99881
1034009.588317 -39.11121 1.20334 81.68245 -0.02523 0.04111 -0.01082 0.99878
1034009.594075 -39.09661 1.20933 81.73804 -0.02499 0.04164 -0.01074 0.99876
1034009.598993 -39.08477 1.21833 81.75113 -0.02477 0.04248 -0.01191 0.99872
1034009.603912 -39.08417 1.22720 81.80908 -0.02457 0.04308 -0.01203 0.99870
1034009.605379 -39.07827 1.22927 81.82358 -0.02447 0.04319 -0.01172 0.99870
1034009.613747 -39.06808 1.22617 81.86082 -0.02453 0.04425 -0.01230 0.99864
1034009.618351 -39.06041 1.23092 81.88617 -0.02427 0.04486 -0.01211 0.99863
1034009.623584 -39.07915 1.23852 81.89881 -0.02474 0.04482 -0.01096 0.99863
1034009.628502 -39.07181 1.22896 81.92790 -0.02460 0.04547 -0.01106 0.99860
1034009.633419 -39.06949 1.22939 81.94325 -0.02475 0.04607 -0.01045 0.99858
1034009.638337 -39.06687 1.22950 81.98720 -0.02459 0.04676 -0.01114 0.99854
1034009.643256 -39.05706 1.22580 81.98210 -0.02475 0.04753 -0.01161 0.99850
1034009.648174 -39.04699 1.23092 82.04067 -0.02484 0.04800 -0.01207 0.99847
1034009.653091 -39.03793 1.23377 82.08782 -0.02462 0.04855 -0.01278 0.99844
1034009.658010 -39.02880 1.24144 82.11795 -0.02439 0.04935 -0.01177 0.99841
1034009.662928 -39.02615 1.24708 82.15248 -0.02450 0.05011 -0.01138 0.99838
1034009.669147 -39.04528 1.23865 82.15618 -0.02462 0.05024 -0.01009 0.99838
1034009.677682 -39.03092 1.23525 82.20171 -0.02509 0.05111 -0.01069 0.99832
1034009.682600 -39.02047 1.22684 82.21025 -0.02519 0.05157 -0.01020 0.99830
1034009.687517 -39.00992 1.22188 82.21485 -0.02550 0.05227 -0.01085 0.99825
1034009.692435 -38.99415 1.22288 82.25077 -0.02505 0.05315 -0.01188 0.99820
1034009.697354 -38.99873 1.21669 82.27817 -0.02532 0.05405 -0.01222 0.99814
1034009.702272 -38.99031 1.22679 82.33407 -0.02545 0.05475 -0.01229 0.99810
1034009.707189 -38.98572 1.23199 82.40154 -0.02553 0.05529 -0.01198 0.99807
1034009.712107 -38.97193 1.24459 82.44757 -0.02509 0.05600 -0.01183 0.99805
1034009.717026 -38.98690 1.24255 82.39981 -0.02536 0.05543 -0.01031 0.99809
1034009.721944 -38.98310 1.22891 82.41754 -0.02574 0.05628 -0.01101 0.99802
1034009.727173 -38.97741 1.22991 82.44332 -0.02586 0.05680 -0.01094 0.99799
1034009.731780 -38.97729 1.22970 82.46618 -0.02616 0.05751 -0.01149 0.99794
1034009.736698 -38.96356 1.23199 82.51329 -0.02607 0.05803 -0.01075 0.99792
1034009.741615 -38.95222 1.23174 82.53990 -0.02582 0.05922 -0.01110 0.99785
1034009.746533 -38.93950 1.22428 82.58443 -0.02615 0.05979 -0.01195 0.99780
1034009.751452 -38.92922 1.22570 82.63827 -0.02624 0.06031 -0.01143 0.99777
1034009.756370 -38.92879 1.23843 82.68061 -0.02630 0.06105 -0.01157 0.99772
1034009.762973 -38.94229 1.23824 82.64576 -0.02670 0.06093 -0.01081 0.99773
1034009.771124 -38.92271 1.22990 82.67344 -0.02690 0.06177 -0.01006 0.99768
1034009.776042 -38.91894 1.22922 82.68241 -0.02692 0.06257 -0.01123 0.99761
1034009.780959 -38.91028 1.23349 82.73737 -0.02703 0.06331 -0.01059 0.99757
1034009.785877 -38.89861 1.23535 82.78120 -0.02690 0.06388 -0.01041 0.99754
1034009.791544 -38.87132 1.23160 82.84734 -0.02658 0.06468 -0.01011 0.99750
1034009.800631 -38.85050 1.22704 82.88477 -0.02659 0.06583 -0.01119 0.99741
1034009.805549 -38.83875 1.23083 82.93856 -0.02704 0.06637 -0.01113 0.99737
1034009.810468 -38.85467 1.24227 82.92125 -0.02731 0.06622 -0.00986 0.99738
1034009.815385 -38.85138 1.24490 82.95890 -0.02715 0.06687 -0.00972 0.99735
1034009.818352 -38.84866 1.24187 82.93450 -0.02735 0.06744 -0.00982 0.99730
1034009.825222 -38.83199 1.23227 82.98817 -0.02803 0.06815 -0.00954 0.99724
1034009.830140 -38.81865 1.23986 83.04271 -0.02706 0.06904 -0.01069 0.99719
1034009.835057 -38.81278 1.23649 83.05675 -0.02692 0.06983 -0.01019 0.99714
1034009.839975 -38.80241 1.24085 83.10563 -0.02690 0.07077 -0.01099 0.99707
1034009.844894 -38.79180 1.23773 83.15463 -0.02702 0.07134 -0.01135 0.99702
1034009.851296 -38.78851 1.23796 83.21051 -0.02742 0.07240 -0.01147 0.99693
1034009.859647 -38.79190 1.24649 83.23130 -0.02816 0.07260 -0.01030 0.99691
1034009.864566 -38.78439 1.23724 83.21876 -0.02833 0.07308 -0.01050 0.99687
1034009.869484 -38.77850 1.22845 83.24256 -0.02843 0.07379 -0.00988 0.99682
1034009.871817 -38.77718 1.23144 83.25672 -0.02836 0.07422 -0.01107 0.99678
1034009.879319 -38.75162 1.22563 83.30094 -0.02716 0.07545 -0.01096 0.99672
1034009.884238 -38.73689 1.22826 83.36751 -0.02727 0.07605 -0.01124 0.99667
1034009.884929 -38.74042 1.24190 83.39346 -0.02736 0.07638 -0.01147 0.99664
1034009.889156 -38.74125 1.24099 83.43934 -0.02699 0.07718 -0.01191 0.99658
1034009.898992 -38.72255 1.24316 83.47215 -0.02689 0.07847 -0.01151 0.99649
1034009.903910 -38.73711 1.24602 83.46812 -0.02766 0.07818 -0.01083 0.99650
1034009.908827 -38.73587 1.24488 83.48047 -0.02758 0.07894 -0.01086 0.99644
1034009.913745 -38.72617 1.24375 83.49569 -0.02754 0.07955 -0.01092 0.99639
1034009.918664 -38.70345 1.23097 83.54972 -0.02685 0.08034 -0.01199 0.99633
1034009.923582 -38.70090 1.23496 83.60367 -0.02690 0.08118 -0.01218 0.99626
1034009.928499 -38.68243 1.24148 83.66516 -0.02662 0.08177 -0.01172 0.99623
1034009.933417 -38.67847 1.24521 83.69312 -0.02649 0.08249 -0.01252 0.99616
1034009.938336 -38.67184 1.24325 83.71881 -0.02663 0.08343 -0.01270 0.99608
1034009.943254 -38.68738 1.24778 83.65517 -0.02752 0.08304 -0.01221 0.99609
1034009.948171 -38.67960 1.25334 83.67237 -0.02718 0.08358 -0.01091 0.99607
1034009.953089 -38.66769 1.24172 83.69575 -0.02745 0.08430 -0.01165 0.99599
1034009.958008 -38.65393 1.23742 83.73459 -0.02775 0.08507 -0.01153 0.99592
1034009.962926 -38.63040 1.23632 83.82081 -0.02652 0.08566 -0.01253 0.99589
1034009.967843 -38.62476 1.25158 83.86125 -0.02604 0.08658 -0.01279 0.99582
1034009.972762 -38.61823 1.25253 83.91584 -0.02605 0.08737 -0.01240 0.99576
1034009.977679 -38.61237 1.25830 83.95180 -0.02566 0.08811 -0.01244 0.99570
1034009.982597 -38.61040 1.26214 83.96853 -0.02581 0.08902 -0.01239 0.99562
1034009.988014 -38.63056 1.26201 83.91641 -0.02689 0.08894 -0.01192 0.99560
1034009.997352 -38.61155 1.25312 83.93540 -0.02683 0.09033 -0.01128 0.99549
1034010.001310 -38.59732 1.24524 83.96069 -0.02717 0.09072 -0.01090 0.99545
1034010.007187 -38.57621 1.24234 84.03143 -0.02613 0.09163 -0.01211 0.99538
1034010.012106 -38.55121 1.24590 84.09630 -0.02569 0.09221 -0.01268 0.99533
1034010.017024 -38.54223 1.25324 84.14565 -0.02558 0.09322 -0.01254 0.99524
1034010.021941 -38.53400 1.25890 84.19497 -0.02541 0.09392 -0.01197 0.99518
1034010.026859 -38.53100 1.26658 84.23742 -0.02496 0.09468 -0.01257 0.99512
1034010.031778 -38.52896 1.26836 84.28044 -0.02483 0.09555 -0.01197 0.99504
1034010.036696 -38.55391 1.27533 84.20625 -0.02594 0.09544 -0.01149 0.99503
1034010.041613 -38.54634 1.26241 84.19486 -0.02630 0.09606 -0.01160 0.99496
1034010.046531 -38.54597 1.26478 84.22438 -0.02634 0.09697 -0.01199 0.99487
1034010.052479 -38.53007 1.26526 84.26305 -0.02621 0.09773 -0.01161 0.99480
1034010.056904 -38.50711 1.26027 84.32660 -0.02480 0.09857 -0.01255 0.99474
1034010.066204 -38.48538 1.26495 84.36302 -0.02475 0.09992 -0.01270 0.99461
1034010.071122 -38.47290 1.26784 84.44966 -0.02457 0.10070 -0.01286 0.99453
1034010.076039 -38.45931 1.26617 84.50641 -0.02459 0.10161 -0.01258 0.99444
1034010.080957 -38.45100 1.27049 84.53921 -0.02437 0.10223 -0.01359 0.99437
1034010.085909 -38.47578 1.28615 84.48889 -0.02546 0.10195 -0.01273 0.99438
1034010.090794 -38.47374 1.28287 84.48673 -0.02534 0.10270 -0.01212 0.99432
1034010.095711 -38.46915 1.27037 84.50251 -0.02544 0.10356 -0.01207 0.99423
1034010.100629 -38.45547 1.26922 84.53145 -0.02543 0.10423 -0.01280 0.99415
1034010.105548 -38.41864 1.26372 84.62964 -0.02442 0.10508 -0.01299 0.99408
1034010.110466 -38.39984 1.27030 84.71585 -0.02396 0.10604 -0.01300 0.99399
1034010.115383 -38.38907 1.27675 84.76293 -0.02365 0.10667 -0.01287 0.99393
1034010.120301 -38.38175 1.28027 84.78718 -0.02354 0.10751 -0.01265 0.99384
1034010.125220 -38.37908 1.27844 84.80496 -0.02322 0.10821 -0.01257 0.99378
1034010.130137 -38.36738 1.27800 84.83636 -0.02342 0.10896 -0.01227 0.99369
1034010.135055 -38.39084 1.28734 84.75252 -0.02438 0.10862 -0.01187 0.99371
1034010.138181 -38.39154 1.28312 84.75777 -0.02429 0.10922 -0.01195 0.99365
1034010.144892 -38.37326 1.27602 84.79570 -0.02456 0.10975 -0.01131 0.99359
1034010.149809 -38.35854 1.27755 84.82589 -0.02449 0.11080 -0.01105 0.99348
1034010.154727 -38.35075 1.27598 84.87154 -0.02394 0.11150 -0.01148 0.99341
1034010.159646 -38.30950 1.27322 84.99415 -0.02303 0.11232 -0.01171 0.99334
1034010.164564 -38.29749 1.27840 85.03145 -0.02244 0.11323 -0.01163 0.99325
1034010.174399 -38.27400 1.28102 85.09619 -0.02264 0.11454 -0.01118 0.99310
1034010.176050 -38.27504 1.29608 85.10459 -0.02251 0.11476 -0.01109 0.99308
1034010.179318 -38.31066 1.30840 85.01828 -0.02363 0.11432 -0.01029 0.99311
1034010.187474 -38.28317 1.30324 85.05021 -0.02361 0.11546 -0.01030 0.99298
1034010.189153 -38.28798 1.28447 85.03937 -0.02399 0.11585 -0.01119 0.99291
1034010.198989 -38.25545 1.28893 85.09962 -0.02344 0.11712 -0.01006 0.99279
1034010.201842 -38.23017 1.27597 85.19871 -0.02250 0.11763 -0.01133 0.99274
1034010.203907 -38.23203 1.27056 85.24467 -0.02269 0.11841 -0.01153 0.99264
1034010.208825 -38.22194 1.28791 85.27966 -0.02204 0.11912 -0.01197 0.99256
1034010.213744 -38.21220 1.28644 85.32002 -0.02207 0.11990 -0.01181 0.99247
1034010.218662 -38.20074 1.28648 85.36733 -0.02186 0.12070 -0.01180 0.99238
1034010.223579 -38.22207 1.30229 85.29719 -0.02296 0.12055 -0.01086 0.99238
1034010.228497 -38.21468 1.29934 85.28095 -0.02309 0.12132 -0.01093 0.99228
1034010.238334 -38.18582 1.29645 85.33512 -0.02299 0.12261 -0.01070 0.99213
1034010.243251 -38.17731 1.29395 85.37590 -0.02276 0.12345 -0.01097 0.99203
1034010.248169 -38.15795 1.29726 85.39256 -0.02296 0.12420 -0.01034 0.99194
1034010.253088 -38.13273 1.29078 85.47804 -0.02155 0.12482 -0.01089 0.99189
1034010.258006 -38.12425 1.29421 85.55972 -0.02143 0.12562 -0.01173 0.99178
1034010.262923 -38.11281 1.30004 85.59590 -0.02123 0.12659 -0.01094 0.99167
1034010.267841 -38.09657 1.29682 85.65163 -0.02111 0.12746 -0.01122 0.99156
1034010.272760 -38.12023 1.31061 85.58091 -0.02257 0.12760 -0.01148 0.99150
1034010.277678 -38.11615 1.31035 85.57543 -0.02238 0.12841 -0.01085 0.99141
1034010.282595 -38.10598 1.31820 85.61361 -0.02206 0.12909 -0.01069 0.99133
1034010.288415 -38.08116 1.31240 85.65232 -0.02217 0.12994 -0.01045 0.99122
1034010.292558 -38.05851 1.29815 85.72456 -0.02111 0.13040 -0.01090 0.99118
1034010.302267 -38.03401 1.29679 85.79187 -0.02113 0.13171 -0.01069 0.99101
1034010.307186 -38.03186 1.30123 85.81639 -0.02098 0.13296 -0.01113 0.99084
1034010.312104 -38.02179 1.29451 85.84927 -0.02125 0.13384 -0.01162 0.99071
1034010.317021 -38.03615 1.31223 85.78626 -0.02230 0.13405 -0.01194 0.99065
1034010.319229 -38.04829 1.31710 85.80642 -0.02196 0.13454 -0.01118 0.99060
1034010.327086 -38.02413 1.32567 85.84899 -0.02194 0.13577 -0.01121 0.99043
1034010.331776 -38.01429 1.31992 85.87667 -0.02202 0.13651 -0.01182 0.99032
1034010.341611 -37.99067 1.31467 85.91633 -0.02085 0.13771 -0.01167 0.99018
1034010.345657 -37.96648 1.30338 85.99117 -0.02059 0.13845 -0.01252 0.99008
1034010.351448 -37.95279 1.30878 86.05631 -0.02054 0.13952 -0.01184 0.98994
1034010.356364 -37.93371 1.31524 86.10044 -0.02091 0.14031 -0.01168 0.98982
1034010.361283 -37.95747 1.32924 86.04792 -0.02173 0.14078 -0.01150 0.98974
1034010.366202 -37.94418 1.32062 86.05863 -0.02186 0.14138 -0.01152 0.98965
1034010.373807 -37.93232 1.32748 86.09019 -0.02191 0.14271 -0.01151 0.98945
1034010.376037 -37.91984 1.33148 86.12581 -0.02171 0.14298 -0.01229 0.98941
1034010.380956 -37.91036 1.32900 86.15148 -0.02170 0.14370 -0.01219 0.98931
1034010.385874 -37.89146 1.31593 86.22476 -0.02030 0.14424 -0.01161 0.98927
1034010.390791 -37.87112 1.32257 86.28203 -0.02011 0.14510 -0.01152 0.98915
1034010.395709 -37.85832 1.32072 86.31875 -0.02021 0.14570 -0.01196 0.98905
1034010.403288 -37.84202 1.32274 86.35907 -0.02018 0.14693 -0.01221 0.98887
1034010.407209 -37.86054 1.33672 86.30851 -0.02165 0.14701 -0.01256 0.98882
1034010.410463 -37.85250 1.33878 86.32726 -0.02144 0.14751 -0.01265 0.98875
1034010.420300 -37.82724 1.33403 86.36812 -0.02098 0.14895 -0.01225 0.98855
1034010.425218 -37.81126 1.34554 86.40326 -0.02137 0.14967 -0.01217 0.98843
1034010.430135 -37.79212 1.34431 86.43045 -0.02139 0.15047 -0.01228 0.98831
1034010.434649 -37.76136 1.33750 86.49199 -0.01992 0.15084 -0.01239 0.98828
1034010.437532 -37.76319 1.32135 86.53764 -0.02031 0.15148 -0.01215 0.98818
1034010.446170 -37.73785 1.32497 86.59153 -0.02059 0.15281 -0.01161 0.98797
1034010.449807 -37.72887 1.32243 86.63495 -0.02019 0.15345 -0.01173 0.98788
1034010.459644 -37.73591 1.34573 86.60062 -0.02184 0.15431 -0.01279 0.98770
1034010.464561 -37.71767 1.35173 86.62724 -0.02191 0.15488 -0.01219 0.98762
1034010.466859 -37.71281 1.36026 86.63695 -0.02138 0.15517 -0.01218 0.98758
1034010.469479 -37.70763 1.36262 86.66022 -0.02136 0.15569 -0.01194 0.98750
1034010.474398 -37.68620 1.34784 86.70168 -0.02008 0.15664 -0.01209 0.98738
1034010.479316 -37.67254 1.33497 86.75828 -0.02025 0.15733 -0.01111 0.98728
1034010.489151 -37.63923 1.33551 86.82513 -0.02034 0.15855 -0.01154 0.98707
1034010.494070 -37.62877 1.34167 86.86605 -0.02016 0.15960 -0.01078 0.98692
1034010.498988 -37.61649 1.34232 86.88584 -0.02007 0.16029 -0.01137 0.98680
1034010.503905 -37.62842 1.36127 86.86322 -0.02127 0.16052 -0.01213 0.98673
1034010.508823 -37.61524 1.36944 86.87856 -0.02141 0.16138 -0.01148 0.98659
1034010.513742 -37.59939 1.36645 86.91644 -0.02113 0.16222 -0.01214 0.98645
1034010.518660 -37.58552 1.36414 86.95007 -0.02136 0.16302 -0.01253 0.98631
1034010.523577 -37.56055 1.35181 87.01804 -0.02000 0.16338 -0.01080 0.98630
1034010.533414 -37.53354 1.34970 87.08661 -0.01964 0.16470 -0.01045 0.98609
1034010.538331 -37.52258 1.35655 87.13162 -0.01978 0.16575 -0.01070 0.98591
1034010.543249 -37.50562 1.35903 87.17760 -0.01970 0.16657 -0.01068 0.98577
1034010.548168 -37.49282 1.35027 87.20050 -0.01983 0.16752 -0.01036 0.98561
1034010.558003 -37.48381 1.36702 87.18999 -0.02115 0.16845 -0.01151 0.98542
1034010.562921 -37.47074 1.37072 87.21368 -0.02094 0.16929 -0.01122 0.98528
1034010.567840 -37.46233 1.37685 87.25037 -0.02091 0.17009 -0.01110 0.98514
1034010.572758 -37.44446 1.37860 87.28117 -0.02074 0.17082 -0.01098 0.98502
1034010.581195 -37.41352 1.36169 87.34931 -0.01940 0.17148 -0.00934 0.98495
1034010.585207 -37.38374 1.36523 87.43204 -0.01963 0.17219 -0.00938 0.98482
1034010.592430 -37.37222 1.36388 87.44121 -0.01928 0.17323 -0.00990 0.98464
1034010.597781 -37.35562 1.37262 87.48383 -0.01914 0.17414 -0.00999 0.98448
1034010.603264 -37.37150 1.39137 87.45456 -0.02013 0.17475 -0.01078 0.98435
1034010.612101 -37.35409 1.38349 87.48026 -0.02047 0.17607 -0.01058 0.98411
1034010.617019 -37.33216 1.37794 87.50255 -0.02037 0.17670 -0.01115 0.98399
1034010.619778 -37.32109 1.38011 87.52680 -0.02062 0.17733 -0.01140 0.98387
1034010.630050 -37.29238 1.37381 87.57282 -0.02082 0.17875 -0.01092 0.98361
1034010.635270 -37.26640 1.35052 87.63060 -0.01966 0.17988 -0.01034 0.98344
1034010.636691 -37.25336 1.35711 87.66753 -0.01954 0.18006 -0.00991 0.98341
1034010.643184 -37.23359 1.35916 87.69309 -0.01935 0.18100 -0.00988 0.98324
1034010.651445 -37.21032 1.34641 87.72787 -0.01958 0.18212 -0.01033 0.98303
1034010.656363 -37.18361 1.34797 87.75939 -0.01984 0.18315 -0.00998 0.98283
1034010.661282 -37.20488 1.36209 87.73779 -0.02119 0.18386 -0.01219 0.98265
1034010.666200 -37.18551 1.36981 87.78589 -0.02073 0.18467 -0.01192 0.98251
1034010.667680 -37.19634 1.37464 87.79015 -0.02061 0.18518 -0.01223 0.98241
1034010.676036 -37.16134 1.37703 87.84289 -0.02060 0.18623 -0.01188 0.98222
1034010.685871 -37.14922 1.35004 87.86202 -0.01951 0.18691 -0.01045 0.98213
1034010.690047 -37.11459 1.34694 87.90711 -0.01936 0.18761 -0.00993 0.98200
1034010.695708 -37.08820 1.33977 87.94933 -0.01960 0.18833 -0.01106 0.98185
1034010.697818 -37.08925 1.33688 87.93887 -0.01977 0.18880 -0.01096 0.98176
1034010.706050 -37.06700 1.33809 87.98196 -0.01985 0.19008 -0.01112 0.98150
1034010.710461 -37.04891 1.36696 88.01083 -0.02100 0.19095 -0.01243 0.98130
1034010.715380 -37.03390 1.36052 88.03972 -0.02081 0.19188 -0.01197 0.98112
1034010.720298 -37.02826 1.36427 88.08494 -0.02090 0.19286 -0.01206 0.98093
1034010.727533 -37.00031 1.37049 88.12393 -0.02075 0.19390 -0.01184 0.98073
1034010.735052 -36.98163 1.36795 88.14858 -0.02080 0.19512 -0.01246 0.98048
1034010.739970 -36.98801 1.34808 88.18945 -0.01919 0.19518 -0.01118 0.98052
1034010.744887 -36.96680 1.35674 88.21990 -0.01932 0.19599 -0.01135 0.98035
1034010.749805 -36.95198 1.35882 88.25266 -0.01924 0.19685 -0.01102 0.98018
1034010.754724 -36.92489 1.35641 88.30710 -0.01928 0.19758 -0.01137 0.98003
1034010.764559 -36.90020 1.36219 88.36688 -0.01939 0.19896 -0.01132 0.97975
1034010.769478 -36.87431 1.37424 88.36176 -0.02068 0.19993 -0.01182 0.97952
1034010.779313 -36.85901 1.38511 88.36847 -0.02047 0.20142 -0.01187 0.97922
1034010.782193 -36.84854 1.37559 88.43137 -0.02076 0.20220 -0.01239 0.97905
1034010.789150 -36.82720 1.37966 88.46196 -0.02050 0.20306 -0.01240 0.97887
1034010.794068 -36.83429 1.36034 88.47549 -0.01922 0.20294 -0.01107 0.97894
1034010.801079 -36.79896 1.35245 88.52758 -0.01958 0.20405 -0.01116 0.97870
1034010.808822 -36.76457 1.35445 88.56968 -0.01939 0.20515 -0.01170 0.97847
1034010.813740 -36.75001 1.34633 88.61650 -0.01940 0.20593 -0.01106 0.97831
1034010.818657 -36.75512 1.37393 88.57431 -0.02057 0.20669 -0.01162 0.97812
1034010.823575 -36.74336 1.38081 88.58558 -0.02037 0.20739 -0.01212 0.97797
1034010.829717 -36.71343 1.37473 88.63206 -0.02035 0.20841 -0.01198 0.97776
1034010.838329 -36.68724 1.37569 88.66444 -0.02051 0.20954 -0.01187 0.97751
1034010.843248 -36.67803 1.37120 88.69228 -0.02065 0.21035 -0.01218 0.97733
1034010.848166 -36.65443 1.36047 88.76202 -0.01926 0.21045 -0.01095 0.97735
1034010.849670 -36.63881 1.36761 88.79465 -0.01883 0.21070 -0.01164 0.97730
1034010.858001 -36.60977 1.34947 88.83552 -0.01926 0.21183 -0.01117 0.97705
1034010.862920 -36.60809 1.35352 88.85799 -0.01932 0.21290 -0.01100 0.97682
1034010.867838 -36.62758 1.36855 88.78555 -0.02022 0.21368 -0.01131 0.97663
1034010.872755 -36.61318 1.38454 88.81475 -0.02034 0.21434 -0.01163 0.97648
1034010.878396 -36.59535 1.37905 88.85142 -0.02001 0.21540 -0.01070 0.97626
1034010.887510 -36.55380 1.38284 88.87972 -0.02008 0.21635 -0.01108 0.97605
1034010.892427 -36.53540 1.35684 88.95270 -0.01928 0.21645 -0.01090 0.97604
1034010.902264 -36.51888 1.34637 88.96188 -0.01914 0.21767 -0.00984 0.97578
1034010.907182 -36.48650 1.34652 89.04113 -0.01931 0.21885 -0.01006 0.97552
1034010.912098 -36.45485 1.34304 89.08796 -0.01926 0.21973 -0.01079 0.97531
1034010.917018 -36.44127 1.34347 89.12406 -0.01925 0.22037 -0.01013 0.97517
1034010.921936 -36.47526 1.36071 89.05167 -0.02032 0.22127 -0.01062 0.97494
1034010.926853 -36.46617 1.37595 89.06486 -0.02046 0.22229 -0.01043 0.97471
1034010.936622 -36.40970 1.36018 89.12958 -0.01999 0.22333 -0.00993 0.97449
1034010.941608 -36.37217 1.36557 89.14816 -0.02024 0.22406 -0.00983 0.97431
1034010.946525 -36.37715 1.35643 89.15752 -0.02033 0.22501 -0.01002 0.97409
1034010.951443 -36.33753 1.33082 89.24266 -0.01911 0.22509 -0.00963 0.97410
1034010.961279 -36.29408 1.33037 89.29058 -0.01892 0.22619 -0.00930 0.97386
1034010.966197 -36.26007 1.31583 89.31462 -0.01885 0.22694 -0.00832 0.97369
1034010.971115 -36.22786 1.31777 89.34287 -0.01870 0.22735 -0.00864 0.97360
1034010.976034 -36.25662 1.35774 89.30997 -0.01950 0.22817 -0.00792 0.97339
1034010.983156 -36.23741 1.35862 89.34255 -0.01918 0.22958 -0.00797 0.97307
1034010.990788 -36.21571 1.36162 89.41400 -0.01928 0.23066 -0.00784 0.97281
1034010.995706 -36.20442 1.36797 89.42805 -0.01911 0.23180 -0.00815 0.97254
1034011.000623 -36.19821 1.36325 89.44701 -0.01908 0.23278 -0.00812 0.97231
1034011.005541 -36.16622 1.33212 89.52367 -0.01812 0.23248 -0.00810 0.97240
1034011.010460 -36.14841 1.32932 89.54914 -0.01781 0.23338 -0.00702 0.97220
1034011.020295 -36.12431 1.33983 89.58075 -0.01746 0.23474 -0.00645 0.97188
1034011.025213 -36.06512 1.34831 89.68475 -0.01756 0.23549 -0.00718 0.97169
1034011.030948 -36.09222 1.37629 89.61023 -0.01845 0.23628 -0.00734 0.97148
1034011.035050 -36.06742 1.36615 89.63556 -0.01879 0.23675 -0.00719 0.97136
1034011.039967 -36.05908 1.36958 89.65316 -0.01862 0.23790 -0.00696 0.97109
1034011.044885 -36.03373 1.37849 89.69579 -0.01875 0.23862 -0.00779 0.97090
1034011.049804 -36.02873 1.37780 89.70088 -0.01826 0.23944 -0.00716 0.97071
1034011.059639 -36.00664 1.34724 89.75528 -0.01716 0.23983 -0.00680 0.97064
1034011.064557 -35.99053 1.34858 89.79594 -0.01755 0.24082 -0.00712 0.97039
1034011.069476 -35.97735 1.34016 89.81655 -0.01739 0.24178 -0.00764 0.97014
1034011.074393 -35.97558 1.34386 89.82464 -0.01723 0.24253 -0.00706 0.96997
1034011.079311 -35.94820 1.37384 89.85035 -0.01829 0.24330 -0.00735 0.96975
1034011.084230 -35.92429 1.37715 89.87946 -0.01847 0.24403 -0.00830 0.96956
1034011.094065 -35.89611 1.38292 89.93067 -0.01822 0.24559 -0.00747 0.96917
1034011.098983 -35.87637 1.37178 89.95555 -0.01848 0.24650 -0.00804 0.96893
1034011.103902 -35.84328 1.37752 89.97620 -0.01849 0.24702 -0.00822 0.96880
1034011.110183 -35.82461 1.33811 90.01314 -0.01699 0.24696 -0.00739 0.96885
1034011.118655 -35.79978 1.34556 90.04190 -0.01725 0.24826 -0.00692 0.96852
1034011.122856 -35.77931 1.33453 90.06218 -0.01717 0.24899 -0.00754 0.96832
1034011.128492 -35.74097 1.35991 90.11977 -0.01686 0.24970 -0.00729 0.96815
1034011.133409 -35.76155 1.38617 90.07583 -0.01809 0.25080 -0.00714 0.96784
1034011.138692 -35.75541 1.37897 90.08546 -0.01818 0.25197 -0.00777 0.96753
1034011.143547 -35.72800 1.37519 90.11281 -0.01840 0.25274 -0.00758 0.96733
1034011.148328 -35.73129 1.36687 90.08639 -0.01840 0.25332 -0.00798 0.96718
1034011.158000 -35.70054 1.36399 90.13716 -0.01661 0.25344 -0.00593 0.96719
1034011.167335 -35.66384 1.34710 90.18079 -0.01683 0.25460 -0.00645 0.96688
1034011.168782 -35.63092 1.35562 90.18811 -0.01699 0.25448 -0.00607 0.96691
1034011.177672 -35.58637 1.34401 90.21128 -0.01713 0.25558 -0.00672 0.96661
1034011.182544 -35.56654 1.34803 90.22247 -0.01695 0.25624 -0.00652 0.96644
1034011.187435 -35.58131 1.35788 90.19588 -0.01843 0.25742 -0.00713 0.96610
1034011.189074 -35.55206 1.36970 90.23817 -0.01859 0.25796 -0.00745 0.96595
1034011.197344 -35.52923 1.36701 90.27572 -0.01853 0.25905 -0.00767 0.96565
1034011.202262 -35.51539 1.36686 90.31748 -0.01841 0.26013 -0.00708 0.96537
1034011.207178 -35.50311 1.35692 90.37225 -0.01880 0.26112 -0.00778 0.96509
1034011.212097 -35.50271 1.34336 90.36701 -0.01732 0.26058 -0.00671 0.96527
1034011.217016 -35.47766 1.34460 90.39010 -0.01705 0.26091 -0.00628 0.96519
1034011.221934 -35.43854 1.35020 90.41472 -0.01737 0.26159 -0.00640 0.96500
1034011.226851 -35.39967 1.34371 90.44437 -0.01720 0.26228 -0.00630 0.96482
1034011.231770 -35.39105 1.35146 90.43587 -0.01703 0.26268 -0.00601 0.96472
1034011.236688 -35.38955 1.36318 90.40936 -0.01841 0.26366 -0.00673 0.96442
1034011.241605 -35.36260 1.35332 90.44055 -0.01908 0.26455 -0.00711 0.96416
1034011.251442 -35.32517 1.34190 90.46664 -0.01964 0.26540 -0.00807 0.96390
1034011.256360 -35.28175 1.34732 90.52563 -0.01942 0.26606 -0.00728 0.96373
1034011.261277 -35.25659 1.35086 90.52695 -0.01928 0.26652 -0.00758 0.96361
1034011.270695 -35.22652 1.30584 90.58707 -0.01793 0.26673 -0.00566 0.96359
1034011.274231 -35.21869 1.31164 90.59984 -0.01808 0.26747 -0.00601 0.96338
1034011.280949 -35.18664 1.32410 90.61739 -0.01747 0.26801 -0.00595 0.96324
1034011.285867 -35.15433 1.33107 90.64441 -0.01756 0.26841 -0.00590 0.96313
1034011.291249 -35.13859 1.33189 90.64398 -0.01743 0.26924 -0.00586 0.96290
1034011.300621 -35.13412 1.35157 90.63082 -0.01873 0.27046 -0.00630 0.96253
1034011.305539 -35.10601 1.34872 90.64496 -0.01909 0.27112 -0.00626 0.96234
1034011.308164 -35.08241 1.33158 90.65528 -0.01943 0.27139 -0.00665 0.96225
1034011.315375 -35.05053 1.32453 90.71143 -0.01959 0.27212 -0.00654 0.96204
1034011.320293 -35.03514 1.31088 90.74589 -0.01819 0.27218 -0.00585 0.96206
1034011.325212 -35.03566 1.31316 90.74567 -0.01787 0.27292 -0.00571 0.96185
1034011.330130 -35.01536 1.31725 90.77040 -0.01796 0.27361 -0.00564 0.96166
1034011.335047 -34.97098 1.33268 90.82209 -0.01721 0.27410 -0.00491 0.96153
1034011.339965 -34.95798 1.32965 90.82891 -0.01672 0.27482 -0.00419 0.96134
1034011.344884 -34.97315 1.35469 90.80158 -0.01807 0.27560 -0.00451 0.96109
1034011.348432 -34.96553 1.34146 90.79468 -0.01870 0.27609 -0.00528 0.96094
1034011.354719 -34.93007 1.33378 90.82324 -0.01870 0.27668 -0.00464 0.96077
1034011.359637 -34.92554 1.34121 90.84132 -0.01850 0.27738 -0.00467 0.96057
1034011.367491 -34.89810 1.33652 90.87411 -0.01851 0.27860 -0.00433 0.96022
1034011.369534 -34.89187 1.30912 90.91486 -0.01746 0.27845 -0.00423 0.96028
1034011.379309 -34.82535 1.31699 90.97597 -0.01743 0.27954 -0.00368 0.95997
1034011.384228 -34.80392 1.31153 91.00206 -0.01736 0.28009 -0.00377 0.95981
1034011.389145 -34.76837 1.31753 91.00947 -0.01751 0.28048 -0.00432 0.95969
1034011.394063 -34.81069 1.32668 90.94059 -0.01820 0.28097 -0.00346 0.95954
1034011.398981 -34.79141 1.33170 90.96841 -0.01874 0.28184 -0.00420 0.95927
1034011.403900 -34.77883 1.31077 90.98286 -0.01902 0.28234 -0.00457 0.95911
1034011.408817 -34.75678 1.30212 91.02487 -0.01918 0.28309 -0.00431 0.95889
1034011.413735 -34.73382 1.30580 91.03696 -0.01910 0.28380 -0.00405 0.95869
1034011.418654 -34.73775 1.28753 91.06075 -0.01770 0.28440 -0.00374 0.95854
1034011.428489 -34.68415 1.29210 91.10432 -0.01738 0.28536 -0.00294 0.95826
1034011.433407 -34.63491 1.27701 91.14055 -0.01738 0.28585 -0.00266 0.95811
1034011.438325 -34.60415 1.29485 91.17986 -0.01713 0.28661 -0.00304 0.95789
1034011.443244 -34.58401 1.29879 91.21498 -0.01716 0.28745 -0.00226 0.95764
1034011.448161 -34.60629 1.31301 91.19968 -0.01843 0.28788 -0.00371 0.95748
1034011.453079 -34.59010 1.31824 91.21504 -0.01869 0.28853 -0.00358 0.95728
1034011.457998 -34.57881 1.30111 91.23330 -0.01901 0.28924 -0.00266 0.95706
1034011.462915 -34.56276 1.29356 91.24525 -0.01910 0.29023 -0.00284 0.95676
1034011.467833 -34.53379 1.29039 91.29790 -0.01767 0.29059 -0.00270 0.95668
1034011.477670 -34.48894 1.30159 91.35190 -0.01699 0.29194 -0.00223 0.95628
1034011.482587 -34.43540 1.29254 91.40996 -0.01741 0.29248 -0.00273 0.95611
1034011.487505 -34.42075 1.29559 91.40468 -0.01730 0.29322 -0.00277 0.95588
1034011.495141 -34.44740 1.31143 91.36538 -0.01835 0.29366 -0.00209 0.95573
1034011.502259 -34.40628 1.31480 91.40903 -0.01844 0.29437 -0.00258 0.95551
1034011.507177 -34.39410 1.31537 91.42297 -0.01848 0.29540 -0.00255 0.95519
1034011.509442 -34.39103 1.31151 91.45810 -0.01779 0.29589 -0.00100 0.95505
1034011.512096 -34.38457 1.31832 91.48715 -0.01798 0.29652 -0.00174 0.95486
1034011.517014 -34.36615 1.30949 91.51412 -0.01632 0.29720 -0.00174 0.95467
1034011.521931 -34.32924 1.31701 91.55472 -0.01610 0.29780 -0.00177 0.95449
1034011.531768 -34.27578 1.31328 91.61170 -0.01590 0.29901 -0.00188 0.95412
1034011.536275 -34.24877 1.31617 91.64894 -0.01609 0.29990 -0.00281 0.95383
1034011.541603 -34.22895 1.31025 91.65611 -0.01601 0.30036 -0.00233 0.95369
1034011.546522 -34.24448 1.33855 91.62805 -0.01718 0.30040 -0.00355 0.95365
1034011.553424 -34.22424 1.33513 91.65524 -0.01687 0.30155 -0.00269 0.95330
1034011.556357 -34.21805 1.33334 91.66161 -0.01716 0.30204 -0.00288 0.95314
1034011.566194 -34.18699 1.32483 91.67449 -0.01661 0.30330 -0.00214 0.95275
1034011.571112 -34.13814 1.30300 91.74571 -0.01530 0.30374 -0.00232 0.95263
1034011.574977 -34.12346 1.30327 91.77612 -0.01563 0.30442 -0.00329 0.95241
1034011.580947 -34.10427 1.29309 91.81202 -0.01561 0.30542 -0.00302 0.95209
1034011.585866 -34.08409 1.30091 91.84255 -0.01585 0.30637 -0.00354 0.95177
1034011.590784 -34.05591 1.29718 91.85792 -0.01536 0.30689 -0.00311 0.95162
1034011.595701 -34.06448 1.33603 91.83652 -0.01673 0.30676 -0.00301 0.95164
1034011.600619 -34.05337 1.33957 91.82838 -0.01657 0.30760 -0.00336 0.95137
1034011.607781 -34.03202 1.32497 91.85730 -0.01653 0.30859 -0.00363 0.95104
1034011.615373 -33.97735 1.33825 91.90756 -0.01652 0.30935 -0.00374 0.95080
1034011.620292 -33.94671 1.30551 91.96090 -0.01526 0.30992 -0.00389 0.95063
1034011.625210 -33.92410 1.29326 91.96694 -0.01566 0.31067 -0.00393 0.95038
1034011.630127 -33.90988 1.29005 91.99334 -0.01559 0.31149 -0.00420 0.95011
1034011.635045 -33.89392 1.29299 92.02136 -0.01550 0.31213 -0.00403 0.94991
1034011.639964 -33.86810 1.29082 92.06571 -0.01556 0.31319 -0.00443 0.94955
1034011.644882 -33.90617 1.31490 92.00216 -0.01693 0.31324 -0.00386 0.94951
1034011.649799 -33.87848 1.30969 92.03369 -0.01690 0.31371 -0.00470 0.94936
1034011.659636 -33.83101 1.30626 92.05096 -0.01656 0.31489 -0.00374 0.94898
1034011.664554 -33.81946 1.31178 92.07079 -0.01637 0.31577 -0.00346 0.94869
1034011.669471 -33.79854 1.30459 92.10509 -0.01675 0.31645 -0.00422 0.94845
1034011.674389 -33.74436 1.28949 92.18454 -0.01530 0.31686 -0.00387 0.94834
1034011.684226 -33.68081 1.29719 92.23419 -0.01552 0.31788 -0.00416 0.94799
1034011.689143 -33.67555 1.28441 92.24217 -0.01541 0.31887 -0.00374 0.94767
1034011.694824 -33.66268 1.27429 92.24873 -0.01540 0.31967 -0.00307 0.94740
1034011.698980 -33.68103 1.30396 92.21773 -0.01650 0.31977 -0.00346 0.94734
1034011.708815 -33.64882 1.30397 92.22050 -0.01642 0.32092 -0.00325 0.94696
1034011.713734 -33.62468 1.30110 92.25929 -0.01658 0.32167 -0.00342 0.94670
1034011.720488 -33.60180 1.30156 92.28486 -0.01699 0.32287 -0.00402 0.94628
1034011.728487 -33.55747 1.30002 92.31823 -0.01586 0.32353 -0.00458 0.94607
1034011.733406 -33.50738 1.30484 92.35584 -0.01573 0.32414 -0.00470 0.94587
1034011.738324 -33.48019 1.30580 92.38132 -0.01585 0.32490 -0.00506 0.94560
1034011.743241 -33.47561 1.30633 92.40160 -0.01567 0.32556 -0.00447 0.94538
1034011.748159 -33.44110 1.31178 92.43405 -0.01550 0.32611 -0.00452 0.94519
1034011.753078 -33.46219 1.32430 92.43864 -0.01653 0.32640 -0.00373 0.94508
1034011.757996 -33.45704 1.31131 92.43319 -0.01675 0.32730 -0.00341 0.94477
1034011.764520 -33.42298 1.29872 92.45989 -0.01725 0.32810 -0.00416 0.94448
1034011.772750 -33.39046 1.29771 92.48473 -0.01719 0.32923 -0.00349 0.94409
1034011.775656 -33.36566 1.28966 92.49983 -0.01646 0.32955 -0.00466 0.94398
1034011.782585 -33.32861 1.29186 92.53291 -0.01696 0.33045 -0.00473 0.94366
1034011.787504 -33.29818 1.29793 92.55930 -0.01672 0.33102 -0.00455 0.94347
1034011.790726 -33.26252 1.30489 92.58880 -0.01655 0.33144 -0.00469 0.94332
1034011.797339 -33.21532 1.31186 92.64669 -0.01662 0.33237 -0.00415 0.94299
1034011.802257 -33.26855 1.30037 92.59959 -0.01687 0.33290 -0.00280 0.94281
1034011.807176 -33.25694 1.28726 92.61465 -0.01783 0.33382 -0.00333 0.94246
1034011.812094 -33.22892 1.28314 92.64088 -0.01791 0.33468 -0.00305 0.94216
1034011.817011 -33.21277 1.29161 92.65469 -0.01821 0.33547 -0.00339 0.94187
1034011.821929 -33.19412 1.27640 92.67352 -0.01770 0.33570 -0.00454 0.94179
1034011.831271 -33.16659 1.27061 92.69265 -0.01762 0.33701 -0.00416 0.94133
1034011.834778 -33.14473 1.27309 92.71492 -0.01811 0.33754 -0.00508 0.94112
1034011.841601 -33.09530 1.27722 92.74973 -0.01790 0.33836 -0.00492 0.94083
1034011.846520 -33.09028 1.29167 92.77537 -0.01832 0.33857 -0.00416 0.94075
1034011.851438 -33.07053 1.29557 92.78168 -0.01846 0.33936 -0.00379 0.94047
1034011.855220 -33.05732 1.28298 92.78840 -0.01858 0.33999 -0.00370 0.94024
1034011.861274 -33.02587 1.28073 92.82334 -0.01885 0.34071 -0.00406 0.93997
1034011.871109 -33.01524 1.27572 92.83380 -0.01822 0.34200 -0.00487 0.93951
1034011.876026 -32.98719 1.28030 92.86042 -0.01827 0.34281 -0.00536 0.93921
1034011.880946 -32.94435 1.27441 92.90538 -0.01816 0.34342 -0.00473 0.93899
1034011.883293 -32.94438 1.28591 92.93796 -0.01805 0.34417 -0.00424 0.93873
1034011.890781 -32.91162 1.29244 92.97648 -0.01831 0.34523 -0.00517 0.93833
1034011.895699 -32.88914 1.29128 92.97720 -0.01927 0.34549 -0.00442 0.93821
1034011.900618 -32.86809 1.28529 92.99582 -0.01954 0.34624 -0.00444 0.93793
1034011.905536 -32.85501 1.28130 93.01519 -0.01958 0.34690 -0.00440 0.93769
1034011.910453 -32.82887 1.28923 93.02435 -0.01924 0.34745 -0.00400 0.93749
1034011.915371 -32.80318 1.28995 93.03712 -0.01959 0.34826 -0.00484 0.93718
1034011.920290 -32.74848 1.28836 93.08982 -0.01837 0.34856 -0.00516 0.93709
1034011.925208 -32.72591 1.30087 93.13236 -0.01832 0.34955 -0.00523 0.93672
1034011.930125 -32.71857 1.30464 93.16012 -0.01845 0.35050 -0.00512 0.93637
1034011.935044 -32.68387 1.30152 93.20190 -0.01784 0.35124 -0.00494 0.93610
1034011.939962 -32.64921 1.29882 93.22191 -0.01900 0.35192 -0.00597 0.93582
1034011.944879 -32.69916 1.29842 93.17442 -0.01930 0.35223 -0.00391 0.93571
1034011.949797 -32.67054 1.30546 93.17837 -0.01933 0.35284 -0.00382 0.93548
1034011.959634 -32.61898 1.29889 93.21952 -0.01962 0.35408 -0.00376 0.93500
1034011.964551 -32.59369 1.28854 93.24901 -0.01974 0.35516 -0.00394 0.93459
1034011.970293 -32.55354 1.28246 93.31370 -0.01898 0.35563 -0.00483 0.93442
1034011.974388 -32.53456 1.28358 93.35093 -0.01918 0.35649 -0.00554 0.93409
1034011.984089 -32.50050 1.28356 93.37273 -0.01912 0.35799 -0.00565 0.93351
1034011.989141 -32.45518 1.29372 93.43212 -0.01923 0.35879 -0.00553 0.93320
1034011.994060 -32.47769 1.30558 93.38326 -0.01991 0.35901 -0.00467 0.93311
1034011.998978 -32.46299 1.29875 93.38598 -0.01978 0.35957 -0.00381 0.93290
1034012.003895 -32.45746 1.29423 93.39250 -0.02009 0.36039 -0.00360 0.93258
1034012.008813 -32.42931 1.29219 93.39734 -0.01985 0.36091 -0.00399 0.93238
1034012.013732 -32.41051 1.29290 93.41438 -0.01962 0.36163 -0.00307 0.93211
1034012.018649 -32.38704 1.26854 93.44891 -0.01888 0.36245 -0.00459 0.93180
1034012.023567 -32.35825 1.26420 93.47895 -0.01934 0.36319 -0.00459 0.93150
1034012.028486 -32.31143 1.26724 93.52777 -0.01962 0.36414 -0.00566 0.93112
1034012.033404 -32.29797 1.26325 93.53838 -0.01949 0.36492 -0.00516 0.93082
1034012.043239 -32.30291 1.28243 93.51538 -0.01987 0.36585 -0.00386 0.93045
1034012.049541 -32.28928 1.27950 93.54291 -0.01967 0.36683 -0.00360 0.93007
1034012.072748 -32.26710 1.27245 93.50921 -0.01881 0.36893 -0.00236 0.92926
1034012.077665 -32.24993 1.26346 93.51239 -0.01860 0.37011 -0.00499 0.92879
1034012.082583 -32.20835 1.24026 93.54814 -0.01920 0.37115 -0.00581 0.92836
1034012.092419 -32.15167 1.24905 93.59328 -0.01941 0.37254 -0.00637 0.92779
1034012.097026 -32.06997 1.24638 93.64431 -0.01960 0.37345 -0.00680 0.92742
1034012.102256 -32.06115 1.25564 93.67387 -0.02048 0.37403 -0.00559 0.92717
1034012.107174 -32.03417 1.25730 93.69311 -0.02037 0.37491 -0.00547 0.92682
1034012.117009 -32.00848 1.25290 93.71294 -0.01988 0.37632 -0.00494 0.92626
1034012.121928 -31.99182 1.24318 93.74588 -0.02056 0.37741 -0.00615 0.92580
1034012.126846 -32.03139 1.24007 93.70554 -0.01984 0.37766 -0.00774 0.92570
1034012.131763 -31.99054 1.23651 93.72353 -0.01980 0.37819 -0.00752 0.92548
1034012.136681 -31.98428 1.23927 93.73531 -0.01961 0.37915 -0.00763 0.92510
1034012.141600 -31.94806 1.24070 93.78129 -0.01990 0.38010 -0.00851 0.92469
1034012.151435 -31.88664 1.22971 93.81587 -0.02010 0.38159 -0.00949 0.92406
1034012.156353 -31.84635 1.23834 93.83587 -0.02016 0.38207 -0.00647 0.92389
1034012.161272 -31.82036 1.24340 93.87008 -0.01995 0.38292 -0.00619 0.92355
1034012.166190 -31.80016 1.24657 93.90050 -0.02037 0.38386 -0.00760 0.92314
1034012.171514 -31.76486 1.23593 93.92079 -0.02037 0.38486 -0.00730 0.92272
1034012.177885 -31.77428 1.23761 93.93105 -0.02012 0.38542 -0.00999 0.92247
1034012.185861 -31.75598 1.23751 93.93876 -0.02014 0.38674 -0.01023 0.92191
1034012.190779 -31.72612 1.23314 93.96650 -0.01994 0.38748 -0.01052 0.92160
1034012.197072 -31.69470 1.23499 93.98540 -0.01965 0.38840 -0.00996 0.92123
1034012.200879 -31.65741 1.24991 94.02197 -0.02013 0.38870 -0.00778 0.92111
1034012.210451 -31.62598 1.24694 94.04774 -0.02016 0.39019 -0.00810 0.92048
1034012.215370 -31.58084 1.25014 94.08834 -0.02035 0.39105 -0.00862 0.92010
1034012.224330 -31.52628 1.25039 94.10883 -0.02066 0.39234 -0.00983 0.91954
1034012.230123 -31.49834 1.25035 94.15142 -0.02082 0.39354 -0.00958 0.91902
1034012.235042 -31.53180 1.23672 94.13190 -0.01990 0.39396 -0.01104 0.91885
1034012.239960 -31.56421 1.23828 94.10199 -0.02004 0.39496 -0.01127 0.91841
1034012.244877 -31.51478 1.23791 94.14820 -0.02017 0.39583 -0.01129 0.91803
1034012.249795 -31.48521 1.23285 94.17674 -0.02060 0.39677 -0.01206 0.91761
1034012.259631 -31.42969 1.23760 94.20908 -0.02082 0.39782 -0.00901 0.91718
1034012.264549 -31.39843 1.23074 94.25164 -0.02138 0.39869 -0.00925 0.91679
1034012.269468 -31.37165 1.23073 94.27252 -0.02130 0.39968 -0.00915 0.91636
1034012.274386 -31.32018 1.24044 94.32639 -0.02154 0.40054 -0.00978 0.91597
1034012.284221 -31.28590 1.24293 94.33171 -0.02169 0.40218 -0.01023 0.91525
1034012.289140 -31.31248 1.23621 94.33035 -0.02115 0.40233 -0.01236 0.91517
1034012.298887 -31.26824 1.23516 94.36217 -0.02070 0.40406 -0.01142 0.91443
1034012.300995 -31.24328 1.23632 94.37827 -0.02135 0.40447 -0.01202 0.91422
1034012.303893 -31.22112 1.24328 94.41708 -0.02106 0.40517 -0.01195 0.91392
1034012.313730 -31.16544 1.25589 94.45129 -0.02126 0.40623 -0.00879 0.91348
1034012.318647 -31.10054 1.24089 94.49123 -0.02164 0.40697 -0.00928 0.91314
1034012.328484 -31.05300 1.22770 94.51008 -0.02178 0.40824 -0.00946 0.91257
1034012.333401 -31.04061 1.22975 94.52496 -0.02166 0.40925 -0.00842 0.91213
1034012.338319 -31.01050 1.22833 94.53971 -0.02154 0.41010 -0.00801 0.91175
1034012.343238 -31.03054 1.22538 94.52520 -0.02106 0.41003 -0.01105 0.91176
1034012.348156 -31.00431 1.22115 94.54567 -0.02144 0.41102 -0.01166 0.91130
